{
"type": "FeatureCollection",
"name": "Documentos administrativos",
"features": [
{ "type": "Feature", "properties": { "fid": 14556, "numero_int": 10, "tipo": "Informe de intervención-Inventario materiales", "ruta": "./media/10/administrativos/Informe de intervención-Inventario materiales/privado/INT_27_InformeExcavacion_Mercadal_2000.pdf", "publico": 0, "url": null }, "geometry": null },
{ "type": "Feature", "properties": { "fid": 14557, "numero_int": 10, "tipo": "Resolución permiso Gobierno de Navarra", "ruta": "./media/10/administrativos/Resolución permiso Gobierno de Navarra/privado/resolucion permiso excavacion.pdf", "publico": 0, "url": null }, "geometry": null },
{ "type": "Feature", "properties": { "fid": 14558, "numero_int": 11, "tipo": "Informe de intervención-Inventario materiales", "ruta": "./media/11/administrativos/Informe de intervención-Inventario materiales/privado/informe_campo_de_trabajo_cerro_santa_barbara_1987.pdf", "publico": 0, "url": null }, "geometry": null },
{ "type": "Feature", "properties": { "fid": 14559, "numero_int": 11, "tipo": "Resolución permiso Gobierno de Navarra", "ruta": "./media/11/administrativos/Resolución permiso Gobierno de Navarra/privado/RESOLUCION concesion excavacion.pdf", "publico": 0, "url": null }, "geometry": null },
{ "type": "Feature", "properties": { "fid": 14560, "numero_int": 15, "tipo": "Informe de intervención-Inventario materiales", "ruta": "./media/15/administrativos/Informe de intervención-Inventario materiales/privado/Fotos_Informe_Excavacion_PlazaVieja_199320250523.jpg", "publico": 0, "url": null }, "geometry": null },
{ "type": "Feature", "properties": { "fid": 14561, "numero_int": 15, "tipo": "Informe de intervención-Inventario materiales", "ruta": "./media/15/administrativos/Informe de intervención-Inventario materiales/privado/Fotos_Informe_Excavacion_PlazaVieja_199320250523_0001.jpg", "publico": 0, "url": null }, "geometry": null },
{ "type": "Feature", "properties": { "fid": 14562, "numero_int": 15, "tipo": "Informe de intervención-Inventario materiales", "ruta": "./media/15/administrativos/Informe de intervención-Inventario materiales/privado/Fotos_Informe_Excavacion_PlazaVieja_199320250523_0002.jpg", "publico": 0, "url": null }, "geometry": null },
{ "type": "Feature", "properties": { "fid": 14563, "numero_int": 15, "tipo": "Informe de intervención-Inventario materiales", "ruta": "./media/15/administrativos/Informe de intervención-Inventario materiales/privado/Fotos_Informe_Excavacion_PlazaVieja_199320250523_0003.jpg", "publico": 0, "url": null }, "geometry": null },
{ "type": "Feature", "properties": { "fid": 14564, "numero_int": 15, "tipo": "Informe de intervención-Inventario materiales", "ruta": "./media/15/administrativos/Informe de intervención-Inventario materiales/privado/Fotos_Informe_Excavacion_PlazaVieja_199320250523_0004.jpg", "publico": 0, "url": null }, "geometry": null },
{ "type": "Feature", "properties": { "fid": 14565, "numero_int": 15, "tipo": "Informe de intervención-Inventario materiales", "ruta": "./media/15/administrativos/Informe de intervención-Inventario materiales/privado/Fotos_Informe_Excavacion_PlazaVieja_199320250523_0005.jpg", "publico": 0, "url": null }, "geometry": null },
{ "type": "Feature", "properties": { "fid": 14566, "numero_int": 15, "tipo": "Informe de intervención-Inventario materiales", "ruta": "./media/15/administrativos/Informe de intervención-Inventario materiales/privado/Fotos_Informe_Excavacion_PlazaVieja_199320250523_0006.jpg", "publico": 0, "url": null }, "geometry": null },
{ "type": "Feature", "properties": { "fid": 14567, "numero_int": 15, "tipo": "Informe de intervención-Inventario materiales", "ruta": "./media/15/administrativos/Informe de intervención-Inventario materiales/privado/Fotos_Informe_Excavacion_PlazaVieja_199320250523_0007.jpg", "publico": 0, "url": null }, "geometry": null },
{ "type": "Feature", "properties": { "fid": 14568, "numero_int": 15, "tipo": "Informe de intervención-Inventario materiales", "ruta": "./media/15/administrativos/Informe de intervención-Inventario materiales/privado/Fotos_Informe_Excavacion_PlazaVieja_199320250523_0008.jpg", "publico": 0, "url": null }, "geometry": null },
{ "type": "Feature", "properties": { "fid": 14569, "numero_int": 15, "tipo": "Informe de intervención-Inventario materiales", "ruta": "./media/15/administrativos/Informe de intervención-Inventario materiales/privado/Fotos_Informe_Excavacion_PlazaVieja_199320250523_0009.jpg", "publico": 0, "url": null }, "geometry": null },
{ "type": "Feature", "properties": { "fid": 14570, "numero_int": 15, "tipo": "Informe de intervención-Inventario materiales", "ruta": "./media/15/administrativos/Informe de intervención-Inventario materiales/privado/Fotos_Informe_Excavacion_PlazaVieja_199320250523_0010.jpg", "publico": 0, "url": null }, "geometry": null },
{ "type": "Feature", "properties": { "fid": 14571, "numero_int": 15, "tipo": "Informe de intervención-Inventario materiales", "ruta": "./media/15/administrativos/Informe de intervención-Inventario materiales/privado/Fotos_Informe_Excavacion_PlazaVieja_199320250523_0011.jpg", "publico": 0, "url": null }, "geometry": null },
{ "type": "Feature", "properties": { "fid": 14572, "numero_int": 15, "tipo": "Informe de intervención-Inventario materiales", "ruta": "./media/15/administrativos/Informe de intervención-Inventario materiales/privado/Fotos_Informe_Excavacion_PlazaVieja_199320250523_0012.jpg", "publico": 0, "url": null }, "geometry": null },
{ "type": "Feature", "properties": { "fid": 14573, "numero_int": 15, "tipo": "Informe de intervención-Inventario materiales", "ruta": "./media/15/administrativos/Informe de intervención-Inventario materiales/privado/Fotos_Informe_Excavacion_PlazaVieja_199320250523_0013.jpg", "publico": 0, "url": null }, "geometry": null },
{ "type": "Feature", "properties": { "fid": 14574, "numero_int": 15, "tipo": "Informe de intervención-Inventario materiales", "ruta": "./media/15/administrativos/Informe de intervención-Inventario materiales/privado/Fotos_Informe_Excavacion_PlazaVieja_199320250523_0014.jpg", "publico": 0, "url": null }, "geometry": null },
{ "type": "Feature", "properties": { "fid": 14575, "numero_int": 15, "tipo": "Informe de intervención-Inventario materiales", "ruta": "./media/15/administrativos/Informe de intervención-Inventario materiales/privado/Fotos_Informe_Excavacion_PlazaVieja_199320250523_0015.jpg", "publico": 0, "url": null }, "geometry": null },
{ "type": "Feature", "properties": { "fid": 14576, "numero_int": 15, "tipo": "Informe de intervención-Inventario materiales", "ruta": "./media/15/administrativos/Informe de intervención-Inventario materiales/privado/Fotos_Informe_Excavacion_PlazaVieja_199320250523_0016.jpg", "publico": 0, "url": null }, "geometry": null },
{ "type": "Feature", "properties": { "fid": 14577, "numero_int": 15, "tipo": "Informe de intervención-Inventario materiales", "ruta": "./media/15/administrativos/Informe de intervención-Inventario materiales/privado/Fotos_Informe_Excavacion_PlazaVieja_199320250523_0017.jpg", "publico": 0, "url": null }, "geometry": null },
{ "type": "Feature", "properties": { "fid": 14578, "numero_int": 15, "tipo": "Informe de intervención-Inventario materiales", "ruta": "./media/15/administrativos/Informe de intervención-Inventario materiales/privado/Informe_Excavacion_PlazaVieja_199320250523.jpg", "publico": 0, "url": null }, "geometry": null },
{ "type": "Feature", "properties": { "fid": 14579, "numero_int": 15, "tipo": "Informe de intervención-Inventario materiales", "ruta": "./media/15/administrativos/Informe de intervención-Inventario materiales/privado/Informe_Excavacion_PlazaVieja_199320250523_0001.jpg", "publico": 0, "url": null }, "geometry": null },
{ "type": "Feature", "properties": { "fid": 14580, "numero_int": 15, "tipo": "Informe de intervención-Inventario materiales", "ruta": "./media/15/administrativos/Informe de intervención-Inventario materiales/privado/Informe_Excavacion_PlazaVieja_199320250523_0002.jpg", "publico": 0, "url": null }, "geometry": null },
{ "type": "Feature", "properties": { "fid": 14581, "numero_int": 15, "tipo": "Informe de intervención-Inventario materiales", "ruta": "./media/15/administrativos/Informe de intervención-Inventario materiales/privado/Informe_Excavacion_PlazaVieja_199320250523_0003.jpg", "publico": 0, "url": null }, "geometry": null },
{ "type": "Feature", "properties": { "fid": 14582, "numero_int": 15, "tipo": "Informe de intervención-Inventario materiales", "ruta": "./media/15/administrativos/Informe de intervención-Inventario materiales/privado/Informe_Excavacion_PlazaVieja_199320250523_0004.jpg", "publico": 0, "url": null }, "geometry": null },
{ "type": "Feature", "properties": { "fid": 14583, "numero_int": 15, "tipo": "Informe de intervención-Inventario materiales", "ruta": "./media/15/administrativos/Informe de intervención-Inventario materiales/privado/Informe_Excavacion_PlazaVieja_199320250523_0005.jpg", "publico": 0, "url": null }, "geometry": null },
{ "type": "Feature", "properties": { "fid": 14584, "numero_int": 15, "tipo": "Informe de intervención-Inventario materiales", "ruta": "./media/15/administrativos/Informe de intervención-Inventario materiales/privado/Informe_Excavacion_PlazaVieja_199320250523_0006.jpg", "publico": 0, "url": null }, "geometry": null },
{ "type": "Feature", "properties": { "fid": 14585, "numero_int": 15, "tipo": "Informe de intervención-Inventario materiales", "ruta": "./media/15/administrativos/Informe de intervención-Inventario materiales/privado/Informe_Excavacion_PlazaVieja_199320250523_0007.jpg", "publico": 0, "url": null }, "geometry": null },
{ "type": "Feature", "properties": { "fid": 14586, "numero_int": 15, "tipo": "Informe de intervención-Inventario materiales", "ruta": "./media/15/administrativos/Informe de intervención-Inventario materiales/privado/Informe_Excavacion_PlazaVieja_199320250523_0008.jpg", "publico": 0, "url": null }, "geometry": null },
{ "type": "Feature", "properties": { "fid": 14587, "numero_int": 15, "tipo": "Informe de intervención-Inventario materiales", "ruta": "./media/15/administrativos/Informe de intervención-Inventario materiales/privado/Informe_Excavacion_PlazaVieja_199320250523_0009.jpg", "publico": 0, "url": null }, "geometry": null },
{ "type": "Feature", "properties": { "fid": 14588, "numero_int": 15, "tipo": "Informe de intervención-Inventario materiales", "ruta": "./media/15/administrativos/Informe de intervención-Inventario materiales/privado/Informe_Excavacion_PlazaVieja_199320250523_0010.jpg", "publico": 0, "url": null }, "geometry": null },
{ "type": "Feature", "properties": { "fid": 14589, "numero_int": 15, "tipo": "Informe de intervención-Inventario materiales", "ruta": "./media/15/administrativos/Informe de intervención-Inventario materiales/privado/Informe_Excavacion_PlazaVieja_199320250523_0011.jpg", "publico": 0, "url": null }, "geometry": null },
{ "type": "Feature", "properties": { "fid": 14590, "numero_int": 15, "tipo": "Informe de intervención-Inventario materiales", "ruta": "./media/15/administrativos/Informe de intervención-Inventario materiales/privado/Informe_Excavacion_PlazaVieja_199320250523_0012.jpg", "publico": 0, "url": null }, "geometry": null },
{ "type": "Feature", "properties": { "fid": 14591, "numero_int": 15, "tipo": "Informe de intervención-Inventario materiales", "ruta": "./media/15/administrativos/Informe de intervención-Inventario materiales/privado/Informe_Excavacion_PlazaVieja_199320250523_0013.jpg", "publico": 0, "url": null }, "geometry": null },
{ "type": "Feature", "properties": { "fid": 14592, "numero_int": 15, "tipo": "Informe de intervención-Inventario materiales", "ruta": "./media/15/administrativos/Informe de intervención-Inventario materiales/privado/Informe_Excavacion_PlazaVieja_199320250523_0014.jpg", "publico": 0, "url": null }, "geometry": null },
{ "type": "Feature", "properties": { "fid": 14593, "numero_int": 15, "tipo": "Informe de intervención-Inventario materiales", "ruta": "./media/15/administrativos/Informe de intervención-Inventario materiales/privado/Informe_Excavacion_PlazaVieja_199320250523_0015.jpg", "publico": 0, "url": null }, "geometry": null },
{ "type": "Feature", "properties": { "fid": 14594, "numero_int": 15, "tipo": "Informe de intervención-Inventario materiales", "ruta": "./media/15/administrativos/Informe de intervención-Inventario materiales/privado/Informe_Excavacion_PlazaVieja_199320250523_0016.jpg", "publico": 0, "url": null }, "geometry": null },
{ "type": "Feature", "properties": { "fid": 14595, "numero_int": 15, "tipo": "Informe de intervención-Inventario materiales", "ruta": "./media/15/administrativos/Informe de intervención-Inventario materiales/privado/Informe_Excavacion_PlazaVieja_199320250523_0017.jpg", "publico": 0, "url": null }, "geometry": null },
{ "type": "Feature", "properties": { "fid": 14596, "numero_int": 15, "tipo": "Informe de intervención-Inventario materiales", "ruta": "./media/15/administrativos/Informe de intervención-Inventario materiales/privado/Informe_Excavacion_PlazaVieja_199320250523_0018.jpg", "publico": 0, "url": null }, "geometry": null },
{ "type": "Feature", "properties": { "fid": 14597, "numero_int": 15, "tipo": "Informe de intervención-Inventario materiales", "ruta": "./media/15/administrativos/Informe de intervención-Inventario materiales/privado/Informe_Excavacion_PlazaVieja_199320250523_0019.jpg", "publico": 0, "url": null }, "geometry": null },
{ "type": "Feature", "properties": { "fid": 14598, "numero_int": 15, "tipo": "Informe de intervención-Inventario materiales", "ruta": "./media/15/administrativos/Informe de intervención-Inventario materiales/privado/Informe_Excavacion_PlazaVieja_199320250523_0020.jpg", "publico": 0, "url": null }, "geometry": null },
{ "type": "Feature", "properties": { "fid": 14599, "numero_int": 15, "tipo": "Informe de intervención-Inventario materiales", "ruta": "./media/15/administrativos/Informe de intervención-Inventario materiales/privado/Informe_Excavacion_PlazaVieja_199320250523_0021.jpg", "publico": 0, "url": null }, "geometry": null },
{ "type": "Feature", "properties": { "fid": 14600, "numero_int": 15, "tipo": "Informe de intervención-Inventario materiales", "ruta": "./media/15/administrativos/Informe de intervención-Inventario materiales/privado/Informe_Excavacion_PlazaVieja_199320250523_0022.jpg", "publico": 0, "url": null }, "geometry": null },
{ "type": "Feature", "properties": { "fid": 14601, "numero_int": 15, "tipo": "Informe de intervención-Inventario materiales", "ruta": "./media/15/administrativos/Informe de intervención-Inventario materiales/privado/Informe_Excavacion_PlazaVieja_199320250523_0023.jpg", "publico": 0, "url": null }, "geometry": null },
{ "type": "Feature", "properties": { "fid": 14602, "numero_int": 15, "tipo": "Informe de intervención-Inventario materiales", "ruta": "./media/15/administrativos/Informe de intervención-Inventario materiales/privado/Informe_Excavacion_PlazaVieja_199320250523_0024.jpg", "publico": 0, "url": null }, "geometry": null },
{ "type": "Feature", "properties": { "fid": 14603, "numero_int": 15, "tipo": "Informe de intervención-Inventario materiales", "ruta": "./media/15/administrativos/Informe de intervención-Inventario materiales/privado/Informe_Excavacion_PlazaVieja_199320250523_0025.jpg", "publico": 0, "url": null }, "geometry": null },
{ "type": "Feature", "properties": { "fid": 14604, "numero_int": 15, "tipo": "Informe de intervención-Inventario materiales", "ruta": "./media/15/administrativos/Informe de intervención-Inventario materiales/privado/Informe_Excavacion_PlazaVieja_199320250523_0026.jpg", "publico": 0, "url": null }, "geometry": null },
{ "type": "Feature", "properties": { "fid": 14605, "numero_int": 15, "tipo": "Informe de intervención-Inventario materiales", "ruta": "./media/15/administrativos/Informe de intervención-Inventario materiales/privado/Informe_Excavacion_PlazaVieja_199320250523_0027.jpg", "publico": 0, "url": null }, "geometry": null },
{ "type": "Feature", "properties": { "fid": 14606, "numero_int": 15, "tipo": "Informe de intervención-Inventario materiales", "ruta": "./media/15/administrativos/Informe de intervención-Inventario materiales/privado/Informe_Excavacion_PlazaVieja_199320250523_0028.jpg", "publico": 0, "url": null }, "geometry": null },
{ "type": "Feature", "properties": { "fid": 14607, "numero_int": 15, "tipo": "Informe de intervención-Inventario materiales", "ruta": "./media/15/administrativos/Informe de intervención-Inventario materiales/privado/Informe_Excavacion_PlazaVieja_199320250523_0029.jpg", "publico": 0, "url": null }, "geometry": null },
{ "type": "Feature", "properties": { "fid": 14608, "numero_int": 15, "tipo": "Informe de intervención-Inventario materiales", "ruta": "./media/15/administrativos/Informe de intervención-Inventario materiales/privado/Informe_Excavacion_PlazaVieja_199320250523_0030.jpg", "publico": 0, "url": null }, "geometry": null },
{ "type": "Feature", "properties": { "fid": 14609, "numero_int": 15, "tipo": "Informe de intervención-Inventario materiales", "ruta": "./media/15/administrativos/Informe de intervención-Inventario materiales/privado/Informe_Excavacion_PlazaVieja_199320250523_0031.jpg", "publico": 0, "url": null }, "geometry": null },
{ "type": "Feature", "properties": { "fid": 14610, "numero_int": 15, "tipo": "Informe de intervención-Inventario materiales", "ruta": "./media/15/administrativos/Informe de intervención-Inventario materiales/privado/Informe_Excavacion_PlazaVieja_199320250523_0032.jpg", "publico": 0, "url": null }, "geometry": null },
{ "type": "Feature", "properties": { "fid": 14611, "numero_int": 15, "tipo": "Informe de intervención-Inventario materiales", "ruta": "./media/15/administrativos/Informe de intervención-Inventario materiales/privado/Informe_Excavacion_PlazaVieja_199320250523_0033.jpg", "publico": 0, "url": null }, "geometry": null },
{ "type": "Feature", "properties": { "fid": 14612, "numero_int": 15, "tipo": "Informe de intervención-Inventario materiales", "ruta": "./media/15/administrativos/Informe de intervención-Inventario materiales/privado/Informe_Excavacion_PlazaVieja_199320250523_0034.jpg", "publico": 0, "url": null }, "geometry": null },
{ "type": "Feature", "properties": { "fid": 14613, "numero_int": 15, "tipo": "Informe de intervención-Inventario materiales", "ruta": "./media/15/administrativos/Informe de intervención-Inventario materiales/privado/Informe_Excavacion_PlazaVieja_199320250523_0035.jpg", "publico": 0, "url": null }, "geometry": null },
{ "type": "Feature", "properties": { "fid": 14614, "numero_int": 15, "tipo": "Informe de intervención-Inventario materiales", "ruta": "./media/15/administrativos/Informe de intervención-Inventario materiales/privado/Informe_Excavacion_PlazaVieja_199320250523_0036.jpg", "publico": 0, "url": null }, "geometry": null },
{ "type": "Feature", "properties": { "fid": 14615, "numero_int": 15, "tipo": "Informe de intervención-Inventario materiales", "ruta": "./media/15/administrativos/Informe de intervención-Inventario materiales/privado/Informe_Excavacion_PlazaVieja_199320250523_0037.jpg", "publico": 0, "url": null }, "geometry": null },
{ "type": "Feature", "properties": { "fid": 14616, "numero_int": 15, "tipo": "Informe de intervención-Inventario materiales", "ruta": "./media/15/administrativos/Informe de intervención-Inventario materiales/privado/Informe_Excavacion_PlazaVieja_199320250523_0038.jpg", "publico": 0, "url": null }, "geometry": null },
{ "type": "Feature", "properties": { "fid": 14617, "numero_int": 15, "tipo": "Informe de intervención-Inventario materiales", "ruta": "./media/15/administrativos/Informe de intervención-Inventario materiales/privado/Informe_Excavacion_PlazaVieja_199320250523_0039.jpg", "publico": 0, "url": null }, "geometry": null },
{ "type": "Feature", "properties": { "fid": 14618, "numero_int": 15, "tipo": "Informe de intervención-Inventario materiales", "ruta": "./media/15/administrativos/Informe de intervención-Inventario materiales/privado/Informe_Excavacion_PlazaVieja_199320250523_0040.jpg", "publico": 0, "url": null }, "geometry": null },
{ "type": "Feature", "properties": { "fid": 14619, "numero_int": 15, "tipo": "Informe de intervención-Inventario materiales", "ruta": "./media/15/administrativos/Informe de intervención-Inventario materiales/privado/Informe_Excavacion_PlazaVieja_199320250523_0041.jpg", "publico": 0, "url": null }, "geometry": null },
{ "type": "Feature", "properties": { "fid": 14620, "numero_int": 15, "tipo": "Informe de intervención-Inventario materiales", "ruta": "./media/15/administrativos/Informe de intervención-Inventario materiales/privado/Informe_Excavacion_PlazaVieja_199320250523_0042.jpg", "publico": 0, "url": null }, "geometry": null },
{ "type": "Feature", "properties": { "fid": 14621, "numero_int": 15, "tipo": "Informe de intervención-Inventario materiales", "ruta": "./media/15/administrativos/Informe de intervención-Inventario materiales/privado/Informe_Excavacion_PlazaVieja_199320250523_0043.jpg", "publico": 0, "url": null }, "geometry": null },
{ "type": "Feature", "properties": { "fid": 14622, "numero_int": 15, "tipo": "Informe de intervención-Inventario materiales", "ruta": "./media/15/administrativos/Informe de intervención-Inventario materiales/privado/Informe_Excavacion_PlazaVieja_199320250523_0044.jpg", "publico": 0, "url": null }, "geometry": null },
{ "type": "Feature", "properties": { "fid": 14623, "numero_int": 15, "tipo": "Informe de intervención-Inventario materiales", "ruta": "./media/15/administrativos/Informe de intervención-Inventario materiales/privado/Informe_Excavacion_PlazaVieja_199320250523_0045.jpg", "publico": 0, "url": null }, "geometry": null },
{ "type": "Feature", "properties": { "fid": 14624, "numero_int": 15, "tipo": "Informe de intervención-Inventario materiales", "ruta": "./media/15/administrativos/Informe de intervención-Inventario materiales/privado/Informe_Excavacion_PlazaVieja_199320250523_0046.jpg", "publico": 0, "url": null }, "geometry": null },
{ "type": "Feature", "properties": { "fid": 14625, "numero_int": 15, "tipo": "Informe de intervención-Inventario materiales", "ruta": "./media/15/administrativos/Informe de intervención-Inventario materiales/privado/Informe_Excavacion_PlazaVieja_199320250523_0047.jpg", "publico": 0, "url": null }, "geometry": null },
{ "type": "Feature", "properties": { "fid": 14626, "numero_int": 15, "tipo": "Informe de intervención-Inventario materiales", "ruta": "./media/15/administrativos/Informe de intervención-Inventario materiales/privado/Informe_Excavacion_PlazaVieja_199320250523_0048.jpg", "publico": 0, "url": null }, "geometry": null },
{ "type": "Feature", "properties": { "fid": 14627, "numero_int": 15, "tipo": "Informe de intervención-Inventario materiales", "ruta": "./media/15/administrativos/Informe de intervención-Inventario materiales/privado/Informe_Excavacion_PlazaVieja_199320250523_0049.jpg", "publico": 0, "url": null }, "geometry": null },
{ "type": "Feature", "properties": { "fid": 14628, "numero_int": 15, "tipo": "Informe de intervención-Inventario materiales", "ruta": "./media/15/administrativos/Informe de intervención-Inventario materiales/privado/Informe_Excavacion_PlazaVieja_199320250523_0050.jpg", "publico": 0, "url": null }, "geometry": null },
{ "type": "Feature", "properties": { "fid": 14629, "numero_int": 15, "tipo": "Informe de intervención-Inventario materiales", "ruta": "./media/15/administrativos/Informe de intervención-Inventario materiales/privado/Informe_Excavacion_PlazaVieja_199320250523_0051.jpg", "publico": 0, "url": null }, "geometry": null },
{ "type": "Feature", "properties": { "fid": 14630, "numero_int": 15, "tipo": "Informe de intervención-Inventario materiales", "ruta": "./media/15/administrativos/Informe de intervención-Inventario materiales/privado/Informe_Excavacion_PlazaVieja_199320250523_0052.jpg", "publico": 0, "url": null }, "geometry": null },
{ "type": "Feature", "properties": { "fid": 14631, "numero_int": 15, "tipo": "Informe de intervención-Inventario materiales", "ruta": "./media/15/administrativos/Informe de intervención-Inventario materiales/privado/Informe_Excavacion_PlazaVieja_199320250523_0053.jpg", "publico": 0, "url": null }, "geometry": null },
{ "type": "Feature", "properties": { "fid": 14632, "numero_int": 15, "tipo": "Informe de intervención-Inventario materiales", "ruta": "./media/15/administrativos/Informe de intervención-Inventario materiales/privado/Informe_Excavacion_PlazaVieja_199320250523_0054.jpg", "publico": 0, "url": null }, "geometry": null },
{ "type": "Feature", "properties": { "fid": 14633, "numero_int": 15, "tipo": "Informe de intervención-Inventario materiales", "ruta": "./media/15/administrativos/Informe de intervención-Inventario materiales/privado/Informe_Excavacion_PlazaVieja_199320250523_0055.jpg", "publico": 0, "url": null }, "geometry": null },
{ "type": "Feature", "properties": { "fid": 14634, "numero_int": 15, "tipo": "Informe de intervención-Inventario materiales", "ruta": "./media/15/administrativos/Informe de intervención-Inventario materiales/privado/Informe_Excavacion_PlazaVieja_199320250523_0056.jpg", "publico": 0, "url": null }, "geometry": null },
{ "type": "Feature", "properties": { "fid": 14635, "numero_int": 15, "tipo": "Informe de intervención-Inventario materiales", "ruta": "./media/15/administrativos/Informe de intervención-Inventario materiales/privado/Informe_Excavacion_PlazaVieja_199320250523_0057.jpg", "publico": 0, "url": null }, "geometry": null },
{ "type": "Feature", "properties": { "fid": 14636, "numero_int": 15, "tipo": "Informe de intervención-Inventario materiales", "ruta": "./media/15/administrativos/Informe de intervención-Inventario materiales/privado/Informe_Excavacion_PlazaVieja_199320250523_0058.jpg", "publico": 0, "url": null }, "geometry": null },
{ "type": "Feature", "properties": { "fid": 14637, "numero_int": 15, "tipo": "Informe de intervención-Inventario materiales", "ruta": "./media/15/administrativos/Informe de intervención-Inventario materiales/privado/Informe_Excavacion_PlazaVieja_199320250523_0059.jpg", "publico": 0, "url": null }, "geometry": null },
{ "type": "Feature", "properties": { "fid": 14638, "numero_int": 15, "tipo": "Informe de intervención-Inventario materiales", "ruta": "./media/15/administrativos/Informe de intervención-Inventario materiales/privado/Informe_Excavacion_PlazaVieja_199320250523_0060.jpg", "publico": 0, "url": null }, "geometry": null },
{ "type": "Feature", "properties": { "fid": 14639, "numero_int": 15, "tipo": "Informe de intervención-Inventario materiales", "ruta": "./media/15/administrativos/Informe de intervención-Inventario materiales/privado/Informe_Excavacion_PlazaVieja_199320250523_0061.jpg", "publico": 0, "url": null }, "geometry": null },
{ "type": "Feature", "properties": { "fid": 14640, "numero_int": 15, "tipo": "Informe de intervención-Inventario materiales", "ruta": "./media/15/administrativos/Informe de intervención-Inventario materiales/privado/Informe_Excavacion_PlazaVieja_199320250523_0062.jpg", "publico": 0, "url": null }, "geometry": null },
{ "type": "Feature", "properties": { "fid": 14641, "numero_int": 15, "tipo": "Informe de intervención-Inventario materiales", "ruta": "./media/15/administrativos/Informe de intervención-Inventario materiales/privado/Informe_Excavacion_PlazaVieja_199320250523_0063.jpg", "publico": 0, "url": null }, "geometry": null },
{ "type": "Feature", "properties": { "fid": 14642, "numero_int": 15, "tipo": "Informe de intervención-Inventario materiales", "ruta": "./media/15/administrativos/Informe de intervención-Inventario materiales/privado/Informe_Excavacion_PlazaVieja_199320250523_0064.jpg", "publico": 0, "url": null }, "geometry": null },
{ "type": "Feature", "properties": { "fid": 14643, "numero_int": 15, "tipo": "Informe de intervención-Inventario materiales", "ruta": "./media/15/administrativos/Informe de intervención-Inventario materiales/privado/Informe_Excavacion_PlazaVieja_199320250523_0065.jpg", "publico": 0, "url": null }, "geometry": null },
{ "type": "Feature", "properties": { "fid": 14644, "numero_int": 15, "tipo": "Informe de intervención-Inventario materiales", "ruta": "./media/15/administrativos/Informe de intervención-Inventario materiales/privado/Informe_Excavacion_PlazaVieja_199320250523_0066.jpg", "publico": 0, "url": null }, "geometry": null },
{ "type": "Feature", "properties": { "fid": 14645, "numero_int": 15, "tipo": "Informe de intervención-Inventario materiales", "ruta": "./media/15/administrativos/Informe de intervención-Inventario materiales/privado/Informe_Excavacion_PlazaVieja_199320250523_0067.jpg", "publico": 0, "url": null }, "geometry": null },
{ "type": "Feature", "properties": { "fid": 14646, "numero_int": 15, "tipo": "Informe de intervención-Inventario materiales", "ruta": "./media/15/administrativos/Informe de intervención-Inventario materiales/privado/Informe_Excavacion_PlazaVieja_199320250523_0068.jpg", "publico": 0, "url": null }, "geometry": null },
{ "type": "Feature", "properties": { "fid": 14647, "numero_int": 15, "tipo": "Informe de intervención-Inventario materiales", "ruta": "./media/15/administrativos/Informe de intervención-Inventario materiales/privado/Informe_Excavacion_PlazaVieja_199320250523_0069.jpg", "publico": 0, "url": null }, "geometry": null },
{ "type": "Feature", "properties": { "fid": 14648, "numero_int": 15, "tipo": "Informe de intervención-Inventario materiales", "ruta": "./media/15/administrativos/Informe de intervención-Inventario materiales/privado/Informe_Excavacion_PlazaVieja_199320250523_0070.jpg", "publico": 0, "url": null }, "geometry": null },
{ "type": "Feature", "properties": { "fid": 14649, "numero_int": 15, "tipo": "Informe de intervención-Inventario materiales", "ruta": "./media/15/administrativos/Informe de intervención-Inventario materiales/privado/Informe_Excavacion_PlazaVieja_199320250523_0071.jpg", "publico": 0, "url": null }, "geometry": null },
{ "type": "Feature", "properties": { "fid": 14650, "numero_int": 15, "tipo": "Informe de intervención-Inventario materiales", "ruta": "./media/15/administrativos/Informe de intervención-Inventario materiales/privado/Informe_Excavacion_PlazaVieja_199320250523_0072.jpg", "publico": 0, "url": null }, "geometry": null },
{ "type": "Feature", "properties": { "fid": 14651, "numero_int": 15, "tipo": "Informe de intervención-Inventario materiales", "ruta": "./media/15/administrativos/Informe de intervención-Inventario materiales/privado/Informe_Excavacion_PlazaVieja_199320250523_0073.jpg", "publico": 0, "url": null }, "geometry": null },
{ "type": "Feature", "properties": { "fid": 14652, "numero_int": 15, "tipo": "Informe de intervención-Inventario materiales", "ruta": "./media/15/administrativos/Informe de intervención-Inventario materiales/privado/Informe_Excavacion_PlazaVieja_199320250523_0074.jpg", "publico": 0, "url": null }, "geometry": null },
{ "type": "Feature", "properties": { "fid": 14653, "numero_int": 15, "tipo": "Informe de intervención-Inventario materiales", "ruta": "./media/15/administrativos/Informe de intervención-Inventario materiales/privado/Informe_Excavacion_PlazaVieja_199320250523_0075.jpg", "publico": 0, "url": null }, "geometry": null },
{ "type": "Feature", "properties": { "fid": 14654, "numero_int": 15, "tipo": "Informe de intervención-Inventario materiales", "ruta": "./media/15/administrativos/Informe de intervención-Inventario materiales/privado/Informe_Excavacion_PlazaVieja_199320250523_0076.jpg", "publico": 0, "url": null }, "geometry": null },
{ "type": "Feature", "properties": { "fid": 14655, "numero_int": 15, "tipo": "Informe de intervención-Inventario materiales", "ruta": "./media/15/administrativos/Informe de intervención-Inventario materiales/privado/Informe_Excavacion_PlazaVieja_199320250523_0077.jpg", "publico": 0, "url": null }, "geometry": null },
{ "type": "Feature", "properties": { "fid": 14656, "numero_int": 15, "tipo": "Informe de intervención-Inventario materiales", "ruta": "./media/15/administrativos/Informe de intervención-Inventario materiales/privado/Informe_Excavacion_PlazaVieja_199320250523_0078.jpg", "publico": 0, "url": null }, "geometry": null },
{ "type": "Feature", "properties": { "fid": 14657, "numero_int": 15, "tipo": "Informe de intervención-Inventario materiales", "ruta": "./media/15/administrativos/Informe de intervención-Inventario materiales/privado/Informe_Excavacion_PlazaVieja_199320250523_0079.jpg", "publico": 0, "url": null }, "geometry": null },
{ "type": "Feature", "properties": { "fid": 14658, "numero_int": 15, "tipo": "Informe de intervención-Inventario materiales", "ruta": "./media/15/administrativos/Informe de intervención-Inventario materiales/privado/Informe_Excavacion_PlazaVieja_199320250523_0080.jpg", "publico": 0, "url": null }, "geometry": null },
{ "type": "Feature", "properties": { "fid": 14659, "numero_int": 15, "tipo": "Informe de intervención-Inventario materiales", "ruta": "./media/15/administrativos/Informe de intervención-Inventario materiales/privado/Informe_Excavacion_PlazaVieja_199320250523_0081.jpg", "publico": 0, "url": null }, "geometry": null },
{ "type": "Feature", "properties": { "fid": 14660, "numero_int": 15, "tipo": "Informe de intervención-Inventario materiales", "ruta": "./media/15/administrativos/Informe de intervención-Inventario materiales/privado/Informe_Excavacion_PlazaVieja_199320250523_0082.jpg", "publico": 0, "url": null }, "geometry": null },
{ "type": "Feature", "properties": { "fid": 14661, "numero_int": 15, "tipo": "Informe de intervención-Inventario materiales", "ruta": "./media/15/administrativos/Informe de intervención-Inventario materiales/privado/Informe_Excavacion_PlazaVieja_199320250523_0083.jpg", "publico": 0, "url": null }, "geometry": null },
{ "type": "Feature", "properties": { "fid": 14662, "numero_int": 15, "tipo": "Informe de intervención-Inventario materiales", "ruta": "./media/15/administrativos/Informe de intervención-Inventario materiales/privado/Informe_Excavacion_PlazaVieja_199320250523_0084.jpg", "publico": 0, "url": null }, "geometry": null },
{ "type": "Feature", "properties": { "fid": 14663, "numero_int": 15, "tipo": "Informe de intervención-Inventario materiales", "ruta": "./media/15/administrativos/Informe de intervención-Inventario materiales/privado/Informe_Excavacion_PlazaVieja_199320250523_0085.jpg", "publico": 0, "url": null }, "geometry": null },
{ "type": "Feature", "properties": { "fid": 14664, "numero_int": 15, "tipo": "Informe de intervención-Inventario materiales", "ruta": "./media/15/administrativos/Informe de intervención-Inventario materiales/privado/Informe_Excavacion_PlazaVieja_199320250523_0086.jpg", "publico": 0, "url": null }, "geometry": null },
{ "type": "Feature", "properties": { "fid": 14665, "numero_int": 15, "tipo": "Informes-Resoluciones parciales", "ruta": "./media/15/administrativos/Informes-Resoluciones parciales/privado/Avance_Publicacion_PlazaVieja20250523.pdf", "publico": 0, "url": null }, "geometry": null },
{ "type": "Feature", "properties": { "fid": 14666, "numero_int": 15, "tipo": "Informes-Resoluciones parciales", "ruta": "./media/15/administrativos/Informes-Resoluciones parciales/privado/Comunicaciones_Necesidades_LuisNavas_MediosExcavacion20250523.pdf", "publico": 0, "url": null }, "geometry": null },
{ "type": "Feature", "properties": { "fid": 14667, "numero_int": 15, "tipo": "Informes-Resoluciones parciales", "ruta": "./media/15/administrativos/Informes-Resoluciones parciales/privado/Comunicacion_Financiacion_Excavacion_PlazaVieja_20250523.pdf", "publico": 0, "url": null }, "geometry": null },
{ "type": "Feature", "properties": { "fid": 14668, "numero_int": 15, "tipo": "Informes-Resoluciones parciales", "ruta": "./media/15/administrativos/Informes-Resoluciones parciales/privado/Escrito_CentrodeEstudios20250523.pdf", "publico": 0, "url": null }, "geometry": null },
{ "type": "Feature", "properties": { "fid": 14669, "numero_int": 15, "tipo": "Informes-Resoluciones parciales", "ruta": "./media/15/administrativos/Informes-Resoluciones parciales/privado/Escrito_LuisNavas_20250523.pdf", "publico": 0, "url": null }, "geometry": null },
{ "type": "Feature", "properties": { "fid": 14670, "numero_int": 15, "tipo": "Informes-Resoluciones parciales", "ruta": "./media/15/administrativos/Informes-Resoluciones parciales/privado/Informe_Excavacion20250523.pdf", "publico": 0, "url": null }, "geometry": null },
{ "type": "Feature", "properties": { "fid": 14671, "numero_int": 15, "tipo": "Informes-Resoluciones parciales", "ruta": "./media/15/administrativos/Informes-Resoluciones parciales/privado/Informe_InesTabar_Excavacion_Necesidades20250523.pdf", "publico": 0, "url": null }, "geometry": null },
{ "type": "Feature", "properties": { "fid": 14672, "numero_int": 15, "tipo": "Informes-Resoluciones parciales", "ruta": "./media/15/administrativos/Informes-Resoluciones parciales/privado/Inventario_Excavacion20250523.pdf", "publico": 0, "url": null }, "geometry": null },
{ "type": "Feature", "properties": { "fid": 14673, "numero_int": 15, "tipo": "Informes-Resoluciones parciales", "ruta": "./media/15/administrativos/Informes-Resoluciones parciales/privado/Inventario_Excavacion_20250523.pdf", "publico": 0, "url": null }, "geometry": null },
{ "type": "Feature", "properties": { "fid": 14674, "numero_int": 15, "tipo": "Informes-Resoluciones parciales", "ruta": "./media/15/administrativos/Informes-Resoluciones parciales/privado/Notificacion_Seccion_Necesidad_Seguimiento_PlazaVieja20250523.pdf", "publico": 0, "url": null }, "geometry": null },
{ "type": "Feature", "properties": { "fid": 14675, "numero_int": 15, "tipo": "Informes-Resoluciones parciales", "ruta": "./media/15/administrativos/Informes-Resoluciones parciales/privado/Notificacion_Seccion_Necesidad_Seguimiento_PlazaVieja_220250523.pdf", "publico": 0, "url": null }, "geometry": null },
{ "type": "Feature", "properties": { "fid": 14676, "numero_int": 15, "tipo": "Informes-Resoluciones parciales", "ruta": "./media/15/administrativos/Informes-Resoluciones parciales/privado/Notiicas_Prensa_20250523.pdf", "publico": 0, "url": null }, "geometry": null },
{ "type": "Feature", "properties": { "fid": 14677, "numero_int": 15, "tipo": "Informes-Resoluciones parciales", "ruta": "./media/15/administrativos/Informes-Resoluciones parciales/privado/Seguimiento_Arqueologico_PlazaVieja20250523.pdf", "publico": 0, "url": null }, "geometry": null },
{ "type": "Feature", "properties": { "fid": 14678, "numero_int": 16, "tipo": "Informe de intervención-Inventario materiales", "ruta": "./media/16/administrativos/Informe de intervención-Inventario materiales/privado/diario_excavacion_manzana_rua.pdf", "publico": 0, "url": null }, "geometry": null },
{ "type": "Feature", "properties": { "fid": 14679, "numero_int": 16, "tipo": "Informe de intervención-Inventario materiales", "ruta": "./media/16/administrativos/Informe de intervención-Inventario materiales/privado/informe manzana de la Rua.pdf", "publico": 0, "url": null }, "geometry": null },
{ "type": "Feature", "properties": { "fid": 14680, "numero_int": 16, "tipo": "Informe de intervención-Inventario materiales", "ruta": "./media/16/administrativos/Informe de intervención-Inventario materiales/privado/informe previo001.pdf", "publico": 0, "url": null }, "geometry": null },
{ "type": "Feature", "properties": { "fid": 14681, "numero_int": 16, "tipo": "Resolución permiso Gobierno de Navarra", "ruta": "./media/16/administrativos/Resolución permiso Gobierno de Navarra/privado/resolucion_permiso001.pdf", "publico": 0, "url": null }, "geometry": null },
{ "type": "Feature", "properties": { "fid": 14682, "numero_int": 17, "tipo": "Expediente obra municipal", "ruta": "./media/17/administrativos/Expediente obra municipal/privado/RESOLUCION_AYTO.pdf", "publico": 0, "url": null }, "geometry": null },
{ "type": "Feature", "properties": { "fid": 14683, "numero_int": 17, "tipo": "Expediente obra municipal", "ruta": "./media/17/administrativos/Expediente obra municipal/privado/RESOLUCION_AYTO_II.pdf", "publico": 0, "url": null }, "geometry": null },
{ "type": "Feature", "properties": { "fid": 14684, "numero_int": 17, "tipo": "Informe de intervención-Inventario materiales", "ruta": "./media/17/administrativos/Informe de intervención-Inventario materiales/privado/ESTUDIO DEL SOLAR PLAZA DE LA JUDERIA FASE II.pdf", "publico": 0, "url": null }, "geometry": null },
{ "type": "Feature", "properties": { "fid": 14685, "numero_int": 17, "tipo": "Informe de intervención-Inventario materiales", "ruta": "./media/17/administrativos/Informe de intervención-Inventario materiales/privado/INFORME PRELIMINAR transcrpcion.pdf", "publico": 0, "url": null }, "geometry": null },
{ "type": "Feature", "properties": { "fid": 14686, "numero_int": 17, "tipo": "Informe de intervención-Inventario materiales", "ruta": "./media/17/administrativos/Informe de intervención-Inventario materiales/privado/INFORME PRELIMNAR SOBRE LOS SONDEOS ARQUEOLOGICOS.pdf", "publico": 0, "url": null }, "geometry": null },
{ "type": "Feature", "properties": { "fid": 14687, "numero_int": 17, "tipo": "Informe de intervención-Inventario materiales", "ruta": "./media/17/administrativos/Informe de intervención-Inventario materiales/privado/INVENTARIO DE MATERIALES.pdf", "publico": 0, "url": null }, "geometry": null },
{ "type": "Feature", "properties": { "fid": 14688, "numero_int": 17, "tipo": "Informe de intervención-Inventario materiales", "ruta": "./media/17/administrativos/Informe de intervención-Inventario materiales/privado/memoria excavacion.pdf", "publico": 0, "url": null }, "geometry": null },
{ "type": "Feature", "properties": { "fid": 14689, "numero_int": 17, "tipo": "Informes-Resoluciones parciales", "ruta": "./media/17/administrativos/Informes-Resoluciones parciales/privado/ADJUDICACION_EXCAVACION.pdf", "publico": 0, "url": null }, "geometry": null },
{ "type": "Feature", "properties": { "fid": 14690, "numero_int": 17, "tipo": "Informes-Resoluciones parciales", "ruta": "./media/17/administrativos/Informes-Resoluciones parciales/privado/RESOLUCION_LEVANTAMINTO_RESTOS.pdf", "publico": 0, "url": null }, "geometry": null },
{ "type": "Feature", "properties": { "fid": 14691, "numero_int": 17, "tipo": "Informes-Resoluciones parciales", "ruta": "./media/17/administrativos/Informes-Resoluciones parciales/privado/RESUMEN_ESTRUCTURAS_ENCONTRADAS.pdf", "publico": 0, "url": null }, "geometry": null },
{ "type": "Feature", "properties": { "fid": 14692, "numero_int": 17, "tipo": "Resolución permiso Gobierno de Navarra", "ruta": "./media/17/administrativos/Resolución permiso Gobierno de Navarra/privado/AUTORIZACION_PERMISO_II.pdf", "publico": 0, "url": null }, "geometry": null },
{ "type": "Feature", "properties": { "fid": 14693, "numero_int": 17, "tipo": "Resolución permiso Gobierno de Navarra", "ruta": "./media/17/administrativos/Resolución permiso Gobierno de Navarra/privado/RESOLUCION_AUTORIZACION_PERMISO.pdf", "publico": 0, "url": null }, "geometry": null },
{ "type": "Feature", "properties": { "fid": 14694, "numero_int": 17, "tipo": "Solicitud", "ruta": "./media/17/administrativos/Solicitud/privado/SOLICITUD_PERMISO.pdf", "publico": 0, "url": null }, "geometry": null },
{ "type": "Feature", "properties": { "fid": 14695, "numero_int": 18, "tipo": "Informe de intervención-Inventario materiales", "ruta": "./media/18/administrativos/Informe de intervención-Inventario materiales/privado/INT_CARNICERIAS_INFORME.pdf", "publico": 0, "url": null }, "geometry": null },
{ "type": "Feature", "properties": { "fid": 14696, "numero_int": 18, "tipo": "Resolución permiso Gobierno de Navarra", "ruta": "./media/18/administrativos/Resolución permiso Gobierno de Navarra/privado/resolucion_permiso001.pdf", "publico": 0, "url": null }, "geometry": null },
{ "type": "Feature", "properties": { "fid": 14697, "numero_int": 19, "tipo": "Informe de intervención-Inventario materiales", "ruta": "./media/19/administrativos/Informe de intervención-Inventario materiales/privado/INT_LICEO_INFORME.pdf", "publico": 0, "url": null }, "geometry": null },
{ "type": "Feature", "properties": { "fid": 14698, "numero_int": 19, "tipo": "Resolución permiso Gobierno de Navarra", "ruta": "./media/19/administrativos/Resolución permiso Gobierno de Navarra/privado/resolucion_permiso001.pdf", "publico": 0, "url": null }, "geometry": null },
{ "type": "Feature", "properties": { "fid": 14699, "numero_int": 20, "tipo": "Informe de intervención-Inventario materiales", "ruta": "./media/20/administrativos/Informe de intervención-Inventario materiales/privado/diario_excavacion.pdf", "publico": 0, "url": null }, "geometry": null },
{ "type": "Feature", "properties": { "fid": 14700, "numero_int": 20, "tipo": "Informe de intervención-Inventario materiales", "ruta": "./media/20/administrativos/Informe de intervención-Inventario materiales/privado/fichas_ue.pdf", "publico": 0, "url": null }, "geometry": null },
{ "type": "Feature", "properties": { "fid": 14701, "numero_int": 20, "tipo": "Resolución permiso Gobierno de Navarra", "ruta": "./media/20/administrativos/Resolución permiso Gobierno de Navarra/privado/resolucion_permiso002.pdf", "publico": 0, "url": null }, "geometry": null },
{ "type": "Feature", "properties": { "fid": 14702, "numero_int": 21, "tipo": "Informe de intervención-Inventario materiales", "ruta": "./media/21/administrativos/Informe de intervención-Inventario materiales/privado/INFORME_ACTUACION.pdf", "publico": 0, "url": null }, "geometry": null },
{ "type": "Feature", "properties": { "fid": 14703, "numero_int": 21, "tipo": "Solicitud", "ruta": "./media/21/administrativos/Solicitud/privado/SOLICITUD_PERMISO.pdf", "publico": 0, "url": null }, "geometry": null },
{ "type": "Feature", "properties": { "fid": 14704, "numero_int": 22, "tipo": "Informe de intervención-Inventario materiales", "ruta": "./media/22/administrativos/Informe de intervención-Inventario materiales/privado/informe excavacion palenque 1998.pdf", "publico": 0, "url": null }, "geometry": null },
{ "type": "Feature", "properties": { "fid": 14705, "numero_int": 22, "tipo": "Informe de intervención-Inventario materiales", "ruta": "./media/22/administrativos/Informe de intervención-Inventario materiales/privado/INFORME PALENQUE 1984.pdf", "publico": 0, "url": null }, "geometry": null },
{ "type": "Feature", "properties": { "fid": 14706, "numero_int": 22, "tipo": "Informe de intervención-Inventario materiales", "ruta": "./media/22/administrativos/Informe de intervención-Inventario materiales/privado/INFORME SEGUIMIENTO PINOS 1997.pdf", "publico": 0, "url": null }, "geometry": null },
{ "type": "Feature", "properties": { "fid": 14707, "numero_int": 22, "tipo": "Resolución permiso Gobierno de Navarra", "ruta": "./media/22/administrativos/Resolución permiso Gobierno de Navarra/privado/resolucion_permiso001.pdf", "publico": 0, "url": null }, "geometry": null },
{ "type": "Feature", "properties": { "fid": 14708, "numero_int": 23, "tipo": "Informe de intervención-Inventario materiales", "ruta": "./media/23/administrativos/Informe de intervención-Inventario materiales/privado/memoria_excavacion.pdf", "publico": 0, "url": null }, "geometry": null },
{ "type": "Feature", "properties": { "fid": 14709, "numero_int": 23, "tipo": "Informes-Resoluciones parciales", "ruta": "./media/23/administrativos/Informes-Resoluciones parciales/privado/RESOLUCION_DESMONTE.pdf", "publico": 0, "url": null }, "geometry": null },
{ "type": "Feature", "properties": { "fid": 14710, "numero_int": 23, "tipo": "Resolución permiso Gobierno de Navarra", "ruta": "./media/23/administrativos/Resolución permiso Gobierno de Navarra/privado/RESOLUCION_PERMISO.pdf", "publico": 0, "url": null }, "geometry": null },
{ "type": "Feature", "properties": { "fid": 14711, "numero_int": 23, "tipo": "Solicitud", "ruta": "./media/23/administrativos/Solicitud/privado/SOLICITUD_PERMISO_EXCAVACION.pdf", "publico": 0, "url": null }, "geometry": null },
{ "type": "Feature", "properties": { "fid": 14712, "numero_int": 24, "tipo": "Informe de intervención-Inventario materiales", "ruta": "./media/24/administrativos/Informe de intervención-Inventario materiales/privado/memoria_excavacion.pdf", "publico": 0, "url": null }, "geometry": null },
{ "type": "Feature", "properties": { "fid": 14713, "numero_int": 24, "tipo": "Resolución permiso Gobierno de Navarra", "ruta": "./media/24/administrativos/Resolución permiso Gobierno de Navarra/privado/RESOLUCION_PERMISO.pdf", "publico": 0, "url": null }, "geometry": null },
{ "type": "Feature", "properties": { "fid": 14714, "numero_int": 24, "tipo": "Solicitud", "ruta": "./media/24/administrativos/Solicitud/privado/SOLICITUD_PERMISO.pdf", "publico": 0, "url": null }, "geometry": null },
{ "type": "Feature", "properties": { "fid": 14715, "numero_int": 25, "tipo": "Informe de intervención-Inventario materiales", "ruta": "./media/25/administrativos/Informe de intervención-Inventario materiales/privado/informe_intervencion.pdf", "publico": 0, "url": null }, "geometry": null },
{ "type": "Feature", "properties": { "fid": 14716, "numero_int": 25, "tipo": "Informe de intervención-Inventario materiales", "ruta": "./media/25/administrativos/Informe de intervención-Inventario materiales/privado/INFORME_PARCIAL_LIENZO_DE_MURALLA.pdf", "publico": 0, "url": null }, "geometry": null },
{ "type": "Feature", "properties": { "fid": 14717, "numero_int": 25, "tipo": "Resolución permiso Gobierno de Navarra", "ruta": "./media/25/administrativos/Resolución permiso Gobierno de Navarra/privado/RESOLUCION_AUTORIZACION.pdf", "publico": 0, "url": null }, "geometry": null },
{ "type": "Feature", "properties": { "fid": 14718, "numero_int": 25, "tipo": "Solicitud", "ruta": "./media/25/administrativos/Solicitud/privado/SOLICITUD_PERMISO.pdf", "publico": 0, "url": null }, "geometry": null },
{ "type": "Feature", "properties": { "fid": 14719, "numero_int": 26, "tipo": "Informe de intervención-Inventario materiales", "ruta": "./media/26/administrativos/Informe de intervención-Inventario materiales/privado/INFORME_INTERVENCION.pdf", "publico": 0, "url": null }, "geometry": null },
{ "type": "Feature", "properties": { "fid": 14720, "numero_int": 26, "tipo": "Resolución permiso Gobierno de Navarra", "ruta": "./media/26/administrativos/Resolución permiso Gobierno de Navarra/privado/RESOLUCION_PERMISO_EXCAVACION.pdf", "publico": 0, "url": null }, "geometry": null },
{ "type": "Feature", "properties": { "fid": 14721, "numero_int": 26, "tipo": "Solicitud", "ruta": "./media/26/administrativos/Solicitud/privado/SOLICITUD_PERMISO_EXCAVACION.pdf", "publico": 0, "url": null }, "geometry": null },
{ "type": "Feature", "properties": { "fid": 14722, "numero_int": 27, "tipo": "Informe de intervención-Inventario materiales", "ruta": "./media/27/administrativos/Informe de intervención-Inventario materiales/privado/diario_excavacion.pdf", "publico": 0, "url": null }, "geometry": null },
{ "type": "Feature", "properties": { "fid": 14723, "numero_int": 27, "tipo": "Informe de intervención-Inventario materiales", "ruta": "./media/27/administrativos/Informe de intervención-Inventario materiales/privado/INT_27_InformeExcavacion_Mercadal_2000.pdf", "publico": 0, "url": null }, "geometry": null },
{ "type": "Feature", "properties": { "fid": 14724, "numero_int": 27, "tipo": "Resolución permiso Gobierno de Navarra", "ruta": "./media/27/administrativos/Resolución permiso Gobierno de Navarra/privado/resolucion permiso excavacion.pdf", "publico": 0, "url": null }, "geometry": null },
{ "type": "Feature", "properties": { "fid": 14725, "numero_int": 27, "tipo": "Solicitud", "ruta": "./media/27/administrativos/Solicitud/privado/solicitud_Permiso.pdf", "publico": 0, "url": null }, "geometry": null },
{ "type": "Feature", "properties": { "fid": 14726, "numero_int": 28, "tipo": "Informe de intervención-Inventario materiales", "ruta": "./media/28/administrativos/Informe de intervención-Inventario materiales/privado/INFORME PLAZAZ SAN FRANCISCO.pdf", "publico": 0, "url": null }, "geometry": null },
{ "type": "Feature", "properties": { "fid": 14727, "numero_int": 28, "tipo": "Resolución permiso Gobierno de Navarra", "ruta": "./media/28/administrativos/Resolución permiso Gobierno de Navarra/privado/resolucion ayuntamiento.pdf", "publico": 0, "url": null }, "geometry": null },
{ "type": "Feature", "properties": { "fid": 14728, "numero_int": 28, "tipo": "Resolución permiso Gobierno de Navarra", "ruta": "./media/28/administrativos/Resolución permiso Gobierno de Navarra/privado/resolucion_gob_navarra.pdf", "publico": 0, "url": null }, "geometry": null },
{ "type": "Feature", "properties": { "fid": 14729, "numero_int": 28, "tipo": "Solicitud", "ruta": "./media/28/administrativos/Solicitud/privado/solicitud permiso001.pdf", "publico": 0, "url": null }, "geometry": null },
{ "type": "Feature", "properties": { "fid": 14730, "numero_int": 29, "tipo": "Informe de intervención-Inventario materiales", "ruta": "./media/29/administrativos/Informe de intervención-Inventario materiales/privado/Caldereros_Inventario.pdf", "publico": 0, "url": null }, "geometry": null },
{ "type": "Feature", "properties": { "fid": 14731, "numero_int": 29, "tipo": "Informe de intervención-Inventario materiales", "ruta": "./media/29/administrativos/Informe de intervención-Inventario materiales/privado/Informe.pdf", "publico": 0, "url": null }, "geometry": null },
{ "type": "Feature", "properties": { "fid": 14732, "numero_int": 3, "tipo": "Informe de intervención-Inventario materiales", "ruta": "./media/3/administrativos/Informe de intervención-Inventario materiales/privado/informe excavacion liceo 1980.pdf", "publico": 0, "url": null }, "geometry": null },
{ "type": "Feature", "properties": { "fid": 14733, "numero_int": 31, "tipo": "Informe de intervención-Inventario materiales", "ruta": "./media/31/administrativos/Informe de intervención-Inventario materiales/privado/INFORME_INTERVENCION_ARQUEOLOGICA.pdf", "publico": 0, "url": null }, "geometry": null },
{ "type": "Feature", "properties": { "fid": 14734, "numero_int": 31, "tipo": "Resolución permiso Gobierno de Navarra", "ruta": "./media/31/administrativos/Resolución permiso Gobierno de Navarra/privado/RESOLUCION_PERMISO_EXCAVACION.pdf", "publico": 0, "url": null }, "geometry": null },
{ "type": "Feature", "properties": { "fid": 14735, "numero_int": 31, "tipo": "Solicitud", "ruta": "./media/31/administrativos/Solicitud/privado/SOLICITUD_PERMISO_EXCAVACION.pdf", "publico": 0, "url": null }, "geometry": null },
{ "type": "Feature", "properties": { "fid": 14736, "numero_int": 32, "tipo": "Informe de intervención-Inventario materiales", "ruta": "./media/32/administrativos/Informe de intervención-Inventario materiales/privado/INFORME CALLE CALAHORRA 13.pdf", "publico": 0, "url": null }, "geometry": null },
{ "type": "Feature", "properties": { "fid": 14737, "numero_int": 32, "tipo": "Resolución permiso Gobierno de Navarra", "ruta": "./media/32/administrativos/Resolución permiso Gobierno de Navarra/privado/resolucion_permiso.pdf", "publico": 0, "url": null }, "geometry": null },
{ "type": "Feature", "properties": { "fid": 14738, "numero_int": 32, "tipo": "Solicitud", "ruta": "./media/32/administrativos/Solicitud/privado/solicitud permiso.pdf", "publico": 0, "url": null }, "geometry": null },
{ "type": "Feature", "properties": { "fid": 14739, "numero_int": 33, "tipo": "Informe de intervención-Inventario materiales", "ruta": "./media/33/administrativos/Informe de intervención-Inventario materiales/privado/diario_excavacion.pdf", "publico": 0, "url": null }, "geometry": null },
{ "type": "Feature", "properties": { "fid": 14740, "numero_int": 33, "tipo": "Informe de intervención-Inventario materiales", "ruta": "./media/33/administrativos/Informe de intervención-Inventario materiales/privado/informe_excavacion_san_miguel.pdf", "publico": 0, "url": null }, "geometry": null },
{ "type": "Feature", "properties": { "fid": 14741, "numero_int": 33, "tipo": "Resolución permiso Gobierno de Navarra", "ruta": "./media/33/administrativos/Resolución permiso Gobierno de Navarra/privado/resolucion_permiso001.pdf", "publico": 0, "url": null }, "geometry": null },
{ "type": "Feature", "properties": { "fid": 14742, "numero_int": 34, "tipo": "Informe de intervención-Inventario materiales", "ruta": "./media/34/administrativos/Informe de intervención-Inventario materiales/privado/informe excavacion fortin cerro santa barbara.pdf", "publico": 0, "url": null }, "geometry": null },
{ "type": "Feature", "properties": { "fid": 14743, "numero_int": 34, "tipo": "Resolución permiso Gobierno de Navarra", "ruta": "./media/34/administrativos/Resolución permiso Gobierno de Navarra/privado/resolución permiso excavacion.pdf", "publico": 0, "url": null }, "geometry": null },
{ "type": "Feature", "properties": { "fid": 14744, "numero_int": 34, "tipo": "Solicitud", "ruta": "./media/34/administrativos/Solicitud/privado/Permiso Fortin.pdf", "publico": 0, "url": null }, "geometry": null },
{ "type": "Feature", "properties": { "fid": 14745, "numero_int": 35, "tipo": "Informe de intervención-Inventario materiales", "ruta": "./media/35/administrativos/Informe de intervención-Inventario materiales/privado/CSB Informe 2018.pdf", "publico": 0, "url": null }, "geometry": null },
{ "type": "Feature", "properties": { "fid": 14746, "numero_int": 35, "tipo": "Informe de intervención-Inventario materiales", "ruta": "./media/35/administrativos/Informe de intervención-Inventario materiales/privado/diario_excavacion.pdf", "publico": 0, "url": null }, "geometry": null },
{ "type": "Feature", "properties": { "fid": 14747, "numero_int": 35, "tipo": "Resolución permiso Gobierno de Navarra", "ruta": "./media/35/administrativos/Resolución permiso Gobierno de Navarra/privado/resolucion_permiso2004.pdf", "publico": 0, "url": null }, "geometry": null },
{ "type": "Feature", "properties": { "fid": 14748, "numero_int": 35, "tipo": "Resolución permiso Gobierno de Navarra", "ruta": "./media/35/administrativos/Resolución permiso Gobierno de Navarra/privado/resolucion_permiso_2001.pdf", "publico": 0, "url": null }, "geometry": null },
{ "type": "Feature", "properties": { "fid": 14749, "numero_int": 35, "tipo": "Solicitud", "ruta": "./media/35/administrativos/Solicitud/privado/CSB Permiso 2001.pdf", "publico": 0, "url": null }, "geometry": null },
{ "type": "Feature", "properties": { "fid": 14750, "numero_int": 36, "tipo": "Informe de intervención-Inventario materiales", "ruta": "./media/36/administrativos/Informe de intervención-Inventario materiales/privado/diario_excavacion.pdf", "publico": 0, "url": null }, "geometry": null },
{ "type": "Feature", "properties": { "fid": 14751, "numero_int": 36, "tipo": "Resolución permiso Gobierno de Navarra", "ruta": "./media/36/administrativos/Resolución permiso Gobierno de Navarra/privado/resolucion_permiso001.pdf", "publico": 0, "url": null }, "geometry": null },
{ "type": "Feature", "properties": { "fid": 14752, "numero_int": 36, "tipo": "Solicitud", "ruta": "./media/36/administrativos/Solicitud/privado/CSB Permiso 2001.pdf", "publico": 0, "url": null }, "geometry": null },
{ "type": "Feature", "properties": { "fid": 14753, "numero_int": 37, "tipo": "Informe de intervención-Inventario materiales", "ruta": "./media/37/administrativos/Informe de intervención-Inventario materiales/privado/Informe.pdf", "publico": 0, "url": null }, "geometry": null },
{ "type": "Feature", "properties": { "fid": 14754, "numero_int": 37, "tipo": "Solicitud", "ruta": "./media/37/administrativos/Solicitud/privado/solicitud_permiso.pdf", "publico": 0, "url": null }, "geometry": null },
{ "type": "Feature", "properties": { "fid": 14755, "numero_int": 39, "tipo": "Informe de intervención-Inventario materiales", "ruta": "./media/39/administrativos/Informe de intervención-Inventario materiales/privado/fichas_ue001.pdf", "publico": 0, "url": null }, "geometry": null },
{ "type": "Feature", "properties": { "fid": 14756, "numero_int": 39, "tipo": "Informe de intervención-Inventario materiales", "ruta": "./media/39/administrativos/Informe de intervención-Inventario materiales/privado/relato001.pdf", "publico": 0, "url": null }, "geometry": null },
{ "type": "Feature", "properties": { "fid": 14757, "numero_int": 39, "tipo": "Resolución permiso Gobierno de Navarra", "ruta": "./media/39/administrativos/Resolución permiso Gobierno de Navarra/privado/resolucion_permiso001.pdf", "publico": 0, "url": null }, "geometry": null },
{ "type": "Feature", "properties": { "fid": 14758, "numero_int": 39, "tipo": "Solicitud", "ruta": "./media/39/administrativos/Solicitud/privado/instancia_restauracion.pdf", "publico": 0, "url": null }, "geometry": null },
{ "type": "Feature", "properties": { "fid": 14759, "numero_int": 39, "tipo": "Solicitud", "ruta": "./media/39/administrativos/Solicitud/privado/solicitud_permiso.pdf", "publico": 0, "url": null }, "geometry": null },
{ "type": "Feature", "properties": { "fid": 14760, "numero_int": 40, "tipo": "Informe de intervención-Inventario materiales", "ruta": "./media/40/administrativos/Informe de intervención-Inventario materiales/privado/Informe.pdf", "publico": 0, "url": null }, "geometry": null },
{ "type": "Feature", "properties": { "fid": 14761, "numero_int": 40, "tipo": "Solicitud", "ruta": "./media/40/administrativos/Solicitud/privado/solicitud_permiso.pdf", "publico": 0, "url": null }, "geometry": null },
{ "type": "Feature", "properties": { "fid": 14762, "numero_int": 41, "tipo": "Resolución permiso Gobierno de Navarra", "ruta": "./media/41/administrativos/Resolución permiso Gobierno de Navarra/privado/resolucion_permiso001.pdf", "publico": 0, "url": null }, "geometry": null },
{ "type": "Feature", "properties": { "fid": 14763, "numero_int": 41, "tipo": "Solicitud", "ruta": "./media/41/administrativos/Solicitud/privado/solicitud permiso excavacion.pdf", "publico": 0, "url": null }, "geometry": null },
{ "type": "Feature", "properties": { "fid": 14764, "numero_int": 42, "tipo": "Informe de intervención-Inventario materiales", "ruta": "./media/42/administrativos/Informe de intervención-Inventario materiales/privado/Informe.pdf", "publico": 0, "url": null }, "geometry": null },
{ "type": "Feature", "properties": { "fid": 14765, "numero_int": 42, "tipo": "Solicitud", "ruta": "./media/42/administrativos/Solicitud/privado/solicitud_permiso.pdf", "publico": 0, "url": null }, "geometry": null },
{ "type": "Feature", "properties": { "fid": 14766, "numero_int": 43, "tipo": "Informe de intervención-Inventario materiales", "ruta": "./media/43/administrativos/Informe de intervención-Inventario materiales/privado/INFORME CALLE CALAHORRA 12.pdf", "publico": 0, "url": null }, "geometry": null },
{ "type": "Feature", "properties": { "fid": 14767, "numero_int": 43, "tipo": "Resolución permiso Gobierno de Navarra", "ruta": "./media/43/administrativos/Resolución permiso Gobierno de Navarra/privado/resolucion permiso excavacion.pdf", "publico": 0, "url": null }, "geometry": null },
{ "type": "Feature", "properties": { "fid": 14768, "numero_int": 43, "tipo": "Solicitud", "ruta": "./media/43/administrativos/Solicitud/privado/solicitud permiso.pdf", "publico": 0, "url": null }, "geometry": null },
{ "type": "Feature", "properties": { "fid": 14769, "numero_int": 45, "tipo": "Informe de intervención-Inventario materiales", "ruta": "./media/45/administrativos/Informe de intervención-Inventario materiales/privado/CSB Fichas UE 2002-7.pdf", "publico": 0, "url": null }, "geometry": null },
{ "type": "Feature", "properties": { "fid": 14770, "numero_int": 45, "tipo": "Informe de intervención-Inventario materiales", "ruta": "./media/45/administrativos/Informe de intervención-Inventario materiales/privado/CSB Fichas UE 2003-7.pdf", "publico": 0, "url": null }, "geometry": null },
{ "type": "Feature", "properties": { "fid": 14771, "numero_int": 45, "tipo": "Resolución permiso Gobierno de Navarra", "ruta": "./media/45/administrativos/Resolución permiso Gobierno de Navarra/privado/resolucion_permiso_2002.pdf", "publico": 0, "url": null }, "geometry": null },
{ "type": "Feature", "properties": { "fid": 14772, "numero_int": 45, "tipo": "Resolución permiso Gobierno de Navarra", "ruta": "./media/45/administrativos/Resolución permiso Gobierno de Navarra/privado/resolucion_permiso_2003.pdf", "publico": 0, "url": null }, "geometry": null },
{ "type": "Feature", "properties": { "fid": 14773, "numero_int": 45, "tipo": "Solicitud", "ruta": "./media/45/administrativos/Solicitud/privado/CSB Permiso 2003-7.pdf", "publico": 0, "url": null }, "geometry": null },
{ "type": "Feature", "properties": { "fid": 14774, "numero_int": 45, "tipo": "Solicitud", "ruta": "./media/45/administrativos/Solicitud/privado/CSB_Permiso_2002_7_3.pdf", "publico": 0, "url": null }, "geometry": null },
{ "type": "Feature", "properties": { "fid": 14775, "numero_int": 46, "tipo": "Informe de intervención-Inventario materiales", "ruta": "./media/46/administrativos/Informe de intervención-Inventario materiales/privado/CSB Fichas UE 2002-3.pdf", "publico": 0, "url": null }, "geometry": null },
{ "type": "Feature", "properties": { "fid": 14776, "numero_int": 46, "tipo": "Resolución permiso Gobierno de Navarra", "ruta": "./media/46/administrativos/Resolución permiso Gobierno de Navarra/privado/resolucion_permiso_2002.pdf", "publico": 0, "url": null }, "geometry": null },
{ "type": "Feature", "properties": { "fid": 14777, "numero_int": 46, "tipo": "Resolución permiso Gobierno de Navarra", "ruta": "./media/46/administrativos/Resolución permiso Gobierno de Navarra/privado/resolucion_permiso_2003.pdf", "publico": 0, "url": null }, "geometry": null },
{ "type": "Feature", "properties": { "fid": 14778, "numero_int": 47, "tipo": "Informe de intervención-Inventario materiales", "ruta": "./media/47/administrativos/Informe de intervención-Inventario materiales/privado/diario_excavacion.pdf", "publico": 0, "url": null }, "geometry": null },
{ "type": "Feature", "properties": { "fid": 14779, "numero_int": 47, "tipo": "Resolución permiso Gobierno de Navarra", "ruta": "./media/47/administrativos/Resolución permiso Gobierno de Navarra/privado/resolucion_permiso.pdf", "publico": 0, "url": null }, "geometry": null },
{ "type": "Feature", "properties": { "fid": 14780, "numero_int": 47, "tipo": "Solicitud", "ruta": "./media/47/administrativos/Solicitud/privado/Permiso-2.pdf", "publico": 0, "url": null }, "geometry": null },
{ "type": "Feature", "properties": { "fid": 14781, "numero_int": 48, "tipo": "Resolución permiso Gobierno de Navarra", "ruta": "./media/48/administrativos/Resolución permiso Gobierno de Navarra/privado/RESOLUCION EXCAVACION MAGALLON001.pdf", "publico": 0, "url": null }, "geometry": null },
{ "type": "Feature", "properties": { "fid": 14782, "numero_int": 48, "tipo": "Solicitud", "ruta": "./media/48/administrativos/Solicitud/privado/Magallon 9 Permiso.pdf", "publico": 0, "url": null }, "geometry": null },
{ "type": "Feature", "properties": { "fid": 14783, "numero_int": 49, "tipo": "Resolución permiso Gobierno de Navarra", "ruta": "./media/49/administrativos/Resolución permiso Gobierno de Navarra/privado/resolucion_permiso.pdf", "publico": 0, "url": null }, "geometry": null },
{ "type": "Feature", "properties": { "fid": 14784, "numero_int": 49, "tipo": "Solicitud", "ruta": "./media/49/administrativos/Solicitud/privado/solicitud Permiso-1.pdf", "publico": 0, "url": null }, "geometry": null },
{ "type": "Feature", "properties": { "fid": 14785, "numero_int": 50, "tipo": "Informe de intervención-Inventario materiales", "ruta": "./media/50/administrativos/Informe de intervención-Inventario materiales/privado/diario_excavacion.pdf", "publico": 0, "url": null }, "geometry": null },
{ "type": "Feature", "properties": { "fid": 14786, "numero_int": 50, "tipo": "Resolución permiso Gobierno de Navarra", "ruta": "./media/50/administrativos/Resolución permiso Gobierno de Navarra/privado/resolucion_permiso.pdf", "publico": 0, "url": null }, "geometry": null },
{ "type": "Feature", "properties": { "fid": 14787, "numero_int": 50, "tipo": "Solicitud", "ruta": "./media/50/administrativos/Solicitud/privado/CSB Permiso 2004-1-2.pdf", "publico": 0, "url": null }, "geometry": null },
{ "type": "Feature", "properties": { "fid": 14788, "numero_int": 51, "tipo": "Informe de intervención-Inventario materiales", "ruta": "./media/51/administrativos/Informe de intervención-Inventario materiales/privado/INFORME_INTERVENCION.pdf", "publico": 0, "url": null }, "geometry": null },
{ "type": "Feature", "properties": { "fid": 14789, "numero_int": 51, "tipo": "Resolución permiso Gobierno de Navarra", "ruta": "./media/51/administrativos/Resolución permiso Gobierno de Navarra/privado/RESOLUCION_PERMISO.pdf", "publico": 0, "url": null }, "geometry": null },
{ "type": "Feature", "properties": { "fid": 14790, "numero_int": 51, "tipo": "Solicitud", "ruta": "./media/51/administrativos/Solicitud/privado/SOLICITUD_PERMISO.pdf", "publico": 0, "url": null }, "geometry": null },
{ "type": "Feature", "properties": { "fid": 14791, "numero_int": 52, "tipo": "Informe de intervención-Inventario materiales", "ruta": "./media/52/administrativos/Informe de intervención-Inventario materiales/privado/diario_excavacion.pdf", "publico": 0, "url": null }, "geometry": null },
{ "type": "Feature", "properties": { "fid": 14792, "numero_int": 52, "tipo": "Informe de intervención-Inventario materiales", "ruta": "./media/52/administrativos/Informe de intervención-Inventario materiales/privado/informe calle muro 17.pdf", "publico": 0, "url": null }, "geometry": null },
{ "type": "Feature", "properties": { "fid": 14793, "numero_int": 52, "tipo": "Resolución permiso Gobierno de Navarra", "ruta": "./media/52/administrativos/Resolución permiso Gobierno de Navarra/privado/resolucion_permiso001.pdf", "publico": 0, "url": null }, "geometry": null },
{ "type": "Feature", "properties": { "fid": 14794, "numero_int": 52, "tipo": "Solicitud", "ruta": "./media/52/administrativos/Solicitud/privado/Permiso.pdf", "publico": 0, "url": null }, "geometry": null },
{ "type": "Feature", "properties": { "fid": 14795, "numero_int": 53, "tipo": "Informe de intervención-Inventario materiales", "ruta": "./media/53/administrativos/Informe de intervención-Inventario materiales/privado/informe_intervencion.pdf", "publico": 0, "url": null }, "geometry": null },
{ "type": "Feature", "properties": { "fid": 14796, "numero_int": 53, "tipo": "Resolución permiso Gobierno de Navarra", "ruta": "./media/53/administrativos/Resolución permiso Gobierno de Navarra/privado/RESOLUCION_PERMISO.pdf", "publico": 0, "url": null }, "geometry": null },
{ "type": "Feature", "properties": { "fid": 14797, "numero_int": 53, "tipo": "Solicitud", "ruta": "./media/53/administrativos/Solicitud/privado/SOLICITUD_PERMISO.pdf", "publico": 0, "url": null }, "geometry": null },
{ "type": "Feature", "properties": { "fid": 14798, "numero_int": 54, "tipo": "Informe de intervención-Inventario materiales", "ruta": "./media/54/administrativos/Informe de intervención-Inventario materiales/privado/informe_intervencion.pdf", "publico": 0, "url": null }, "geometry": null },
{ "type": "Feature", "properties": { "fid": 14799, "numero_int": 54, "tipo": "Informe de intervención-Inventario materiales", "ruta": "./media/54/administrativos/Informe de intervención-Inventario materiales/privado/INVENTARIO.pdf", "publico": 0, "url": null }, "geometry": null },
{ "type": "Feature", "properties": { "fid": 14800, "numero_int": 54, "tipo": "Resolución permiso Gobierno de Navarra", "ruta": "./media/54/administrativos/Resolución permiso Gobierno de Navarra/privado/RESOLUCION_PERMISO.pdf", "publico": 0, "url": null }, "geometry": null },
{ "type": "Feature", "properties": { "fid": 14801, "numero_int": 54, "tipo": "Solicitud", "ruta": "./media/54/administrativos/Solicitud/privado/SOLICITUD_PERMISO.pdf", "publico": 0, "url": null }, "geometry": null },
{ "type": "Feature", "properties": { "fid": 14802, "numero_int": 56, "tipo": "Informe de intervención-Inventario materiales", "ruta": "./media/56/administrativos/Informe de intervención-Inventario materiales/privado/informe Gaztambide.Carrera 13.pdf", "publico": 0, "url": null }, "geometry": null },
{ "type": "Feature", "properties": { "fid": 14803, "numero_int": 56, "tipo": "Informe de intervención-Inventario materiales", "ruta": "./media/56/administrativos/Informe de intervención-Inventario materiales/privado/InformeCarrera15.pdf", "publico": 0, "url": null }, "geometry": null },
{ "type": "Feature", "properties": { "fid": 14804, "numero_int": 56, "tipo": "Informes-Resoluciones parciales", "ruta": "./media/56/administrativos/Informes-Resoluciones parciales/privado/informe_parcial.pdf", "publico": 0, "url": null }, "geometry": null },
{ "type": "Feature", "properties": { "fid": 14805, "numero_int": 56, "tipo": "Informes-Resoluciones parciales", "ruta": "./media/56/administrativos/Informes-Resoluciones parciales/privado/informe_sondeo.pdf", "publico": 0, "url": null }, "geometry": null },
{ "type": "Feature", "properties": { "fid": 14806, "numero_int": 56, "tipo": "Informes-Resoluciones parciales", "ruta": "./media/56/administrativos/Informes-Resoluciones parciales/privado/resolucion_parcial_1.pdf", "publico": 0, "url": null }, "geometry": null },
{ "type": "Feature", "properties": { "fid": 14807, "numero_int": 56, "tipo": "Informes-Resoluciones parciales", "ruta": "./media/56/administrativos/Informes-Resoluciones parciales/privado/resolucion_parcial_2.pdf", "publico": 0, "url": null }, "geometry": null },
{ "type": "Feature", "properties": { "fid": 14808, "numero_int": 56, "tipo": "Informes-Resoluciones parciales", "ruta": "./media/56/administrativos/Informes-Resoluciones parciales/privado/resolucion_parcial_3.pdf", "publico": 0, "url": null }, "geometry": null },
{ "type": "Feature", "properties": { "fid": 14809, "numero_int": 56, "tipo": "Informes-Resoluciones parciales", "ruta": "./media/56/administrativos/Informes-Resoluciones parciales/privado/resolucion_parcial_4.pdf", "publico": 0, "url": null }, "geometry": null },
{ "type": "Feature", "properties": { "fid": 14810, "numero_int": 56, "tipo": "Resolución permiso Gobierno de Navarra", "ruta": "./media/56/administrativos/Resolución permiso Gobierno de Navarra/privado/resolucion_permiso_4.pdf", "publico": 0, "url": null }, "geometry": null },
{ "type": "Feature", "properties": { "fid": 14811, "numero_int": 56, "tipo": "Solicitud", "ruta": "./media/56/administrativos/Solicitud/privado/solicitud_permiso_1.pdf", "publico": 0, "url": null }, "geometry": null },
{ "type": "Feature", "properties": { "fid": 14812, "numero_int": 57, "tipo": "Informe de intervención-Inventario materiales", "ruta": "./media/57/administrativos/Informe de intervención-Inventario materiales/privado/Informe portal 21.pdf", "publico": 0, "url": null }, "geometry": null },
{ "type": "Feature", "properties": { "fid": 14813, "numero_int": 58, "tipo": "Informe de intervención-Inventario materiales", "ruta": "./media/58/administrativos/Informe de intervención-Inventario materiales/privado/fichas_enterramientos.pdf", "publico": 0, "url": null }, "geometry": null },
{ "type": "Feature", "properties": { "fid": 14814, "numero_int": 58, "tipo": "Informe de intervención-Inventario materiales", "ruta": "./media/58/administrativos/Informe de intervención-Inventario materiales/privado/Herrerias 23 Inventario.pdf", "publico": 0, "url": null }, "geometry": null },
{ "type": "Feature", "properties": { "fid": 14815, "numero_int": 58, "tipo": "Resolución permiso Gobierno de Navarra", "ruta": "./media/58/administrativos/Resolución permiso Gobierno de Navarra/privado/resolucion_permiso.pdf", "publico": 0, "url": null }, "geometry": null },
{ "type": "Feature", "properties": { "fid": 14816, "numero_int": 58, "tipo": "Solicitud", "ruta": "./media/58/administrativos/Solicitud/privado/Herrerias 23 Permiso.pdf", "publico": 0, "url": null }, "geometry": null },
{ "type": "Feature", "properties": { "fid": 14817, "numero_int": 59, "tipo": "Informe de intervención-Inventario materiales", "ruta": "./media/59/administrativos/Informe de intervención-Inventario materiales/privado/diario_calle_herrerias.pdf", "publico": 0, "url": null }, "geometry": null },
{ "type": "Feature", "properties": { "fid": 14818, "numero_int": 59, "tipo": "Informe de intervención-Inventario materiales", "ruta": "./media/59/administrativos/Informe de intervención-Inventario materiales/privado/fichas_enterramientos.pdf", "publico": 0, "url": null }, "geometry": null },
{ "type": "Feature", "properties": { "fid": 14819, "numero_int": 59, "tipo": "Resolución permiso Gobierno de Navarra", "ruta": "./media/59/administrativos/Resolución permiso Gobierno de Navarra/privado/resolucion_permiso.pdf", "publico": 0, "url": null }, "geometry": null },
{ "type": "Feature", "properties": { "fid": 14820, "numero_int": 59, "tipo": "Solicitud", "ruta": "./media/59/administrativos/Solicitud/privado/Herrerias calle Permiso.pdf", "publico": 0, "url": null }, "geometry": null },
{ "type": "Feature", "properties": { "fid": 14821, "numero_int": 6, "tipo": "Informe de intervención-Inventario materiales", "ruta": "./media/6/administrativos/Informe de intervención-Inventario materiales/privado/informe torre monreal 1985.pdf", "publico": 0, "url": null }, "geometry": null },
{ "type": "Feature", "properties": { "fid": 14822, "numero_int": 60, "tipo": "Informe de intervención-Inventario materiales", "ruta": "./media/60/administrativos/Informe de intervención-Inventario materiales/privado/fichas_UE.pdf", "publico": 0, "url": null }, "geometry": null },
{ "type": "Feature", "properties": { "fid": 14823, "numero_int": 60, "tipo": "Informe de intervención-Inventario materiales", "ruta": "./media/60/administrativos/Informe de intervención-Inventario materiales/privado/img20250324_11310893.pdf", "publico": 0, "url": null }, "geometry": null },
{ "type": "Feature", "properties": { "fid": 14824, "numero_int": 60, "tipo": "Informe de intervención-Inventario materiales", "ruta": "./media/60/administrativos/Informe de intervención-Inventario materiales/privado/img20250324_11464089.pdf", "publico": 0, "url": null }, "geometry": null },
{ "type": "Feature", "properties": { "fid": 14825, "numero_int": 60, "tipo": "Informe de intervención-Inventario materiales", "ruta": "./media/60/administrativos/Informe de intervención-Inventario materiales/privado/img20250324_11494082.pdf", "publico": 0, "url": null }, "geometry": null },
{ "type": "Feature", "properties": { "fid": 14826, "numero_int": 60, "tipo": "Informe de intervención-Inventario materiales", "ruta": "./media/60/administrativos/Informe de intervención-Inventario materiales/privado/Informe Descalzos 4.pdf", "publico": 0, "url": null }, "geometry": null },
{ "type": "Feature", "properties": { "fid": 14827, "numero_int": 60, "tipo": "Informe de intervención-Inventario materiales", "ruta": "./media/60/administrativos/Informe de intervención-Inventario materiales/privado/Inventario_mateaiales_Excavacion_Descalzos.pdf", "publico": 0, "url": null }, "geometry": null },
{ "type": "Feature", "properties": { "fid": 14828, "numero_int": 60, "tipo": "Resolución permiso Gobierno de Navarra", "ruta": "./media/60/administrativos/Resolución permiso Gobierno de Navarra/privado/resolucion_permiso.pdf", "publico": 0, "url": null }, "geometry": null },
{ "type": "Feature", "properties": { "fid": 14829, "numero_int": 60, "tipo": "Solicitud", "ruta": "./media/60/administrativos/Solicitud/privado/solicitud_permiso.pdf", "publico": 0, "url": null }, "geometry": null },
{ "type": "Feature", "properties": { "fid": 14830, "numero_int": 61, "tipo": "Informe de intervención-Inventario materiales", "ruta": "./media/61/administrativos/Informe de intervención-Inventario materiales/privado/informe_intervencion.pdf", "publico": 0, "url": null }, "geometry": null },
{ "type": "Feature", "properties": { "fid": 14831, "numero_int": 61, "tipo": "Resolución permiso Gobierno de Navarra", "ruta": "./media/61/administrativos/Resolución permiso Gobierno de Navarra/privado/RESOLUCION_PERMISO.pdf", "publico": 0, "url": null }, "geometry": null },
{ "type": "Feature", "properties": { "fid": 14832, "numero_int": 61, "tipo": "Solicitud", "ruta": "./media/61/administrativos/Solicitud/privado/SOLICITUD_PERMISO.pdf", "publico": 0, "url": null }, "geometry": null },
{ "type": "Feature", "properties": { "fid": 14833, "numero_int": 62, "tipo": "Informe de intervención-Inventario materiales", "ruta": "./media/62/administrativos/Informe de intervención-Inventario materiales/privado/INFORME_INTERVENCION.pdf", "publico": 0, "url": null }, "geometry": null },
{ "type": "Feature", "properties": { "fid": 14834, "numero_int": 62, "tipo": "Resolución permiso Gobierno de Navarra", "ruta": "./media/62/administrativos/Resolución permiso Gobierno de Navarra/privado/RESOLUCION_PERMISO.pdf", "publico": 0, "url": null }, "geometry": null },
{ "type": "Feature", "properties": { "fid": 14835, "numero_int": 62, "tipo": "Solicitud", "ruta": "./media/62/administrativos/Solicitud/privado/SOLICITUD_PERMISO.pdf", "publico": 0, "url": null }, "geometry": null },
{ "type": "Feature", "properties": { "fid": 14836, "numero_int": 63, "tipo": "Informe de intervención-Inventario materiales", "ruta": "./media/63/administrativos/Informe de intervención-Inventario materiales/privado/informe_intervencion.pdf", "publico": 0, "url": null }, "geometry": null },
{ "type": "Feature", "properties": { "fid": 14837, "numero_int": 63, "tipo": "Resolución permiso Gobierno de Navarra", "ruta": "./media/63/administrativos/Resolución permiso Gobierno de Navarra/privado/RESOLUCION_PERMISO.pdf", "publico": 0, "url": null }, "geometry": null },
{ "type": "Feature", "properties": { "fid": 14838, "numero_int": 63, "tipo": "Solicitud", "ruta": "./media/63/administrativos/Solicitud/privado/SOLICIITUD_PERMISO.pdf", "publico": 0, "url": null }, "geometry": null },
{ "type": "Feature", "properties": { "fid": 14839, "numero_int": 64, "tipo": "Informe de intervención-Inventario materiales", "ruta": "./media/64/administrativos/Informe de intervención-Inventario materiales/privado/inventario_materiales.pdf", "publico": 0, "url": null }, "geometry": null },
{ "type": "Feature", "properties": { "fid": 14840, "numero_int": 64, "tipo": "Resolución permiso Gobierno de Navarra", "ruta": "./media/64/administrativos/Resolución permiso Gobierno de Navarra/privado/RESOLUCION_PERMISO.pdf", "publico": 0, "url": null }, "geometry": null },
{ "type": "Feature", "properties": { "fid": 14841, "numero_int": 64, "tipo": "Solicitud", "ruta": "./media/64/administrativos/Solicitud/privado/SOLICITUD_PERMISO.pdf", "publico": 0, "url": null }, "geometry": null },
{ "type": "Feature", "properties": { "fid": 14842, "numero_int": 65, "tipo": "Informe de intervención-Inventario materiales", "ruta": "./media/65/administrativos/Informe de intervención-Inventario materiales/privado/Inventario_Materiales_Intervencion_La_Parra_9.pdf", "publico": 0, "url": null }, "geometry": null },
{ "type": "Feature", "properties": { "fid": 14843, "numero_int": 65, "tipo": "Informes-Resoluciones parciales", "ruta": "./media/65/administrativos/Informes-Resoluciones parciales/privado/Informe parra 9.pdf", "publico": 0, "url": null }, "geometry": null },
{ "type": "Feature", "properties": { "fid": 14844, "numero_int": 65, "tipo": "Resolución permiso Gobierno de Navarra", "ruta": "./media/65/administrativos/Resolución permiso Gobierno de Navarra/privado/Resolucion_Permiso_La_Parra_9.pdf", "publico": 0, "url": null }, "geometry": null },
{ "type": "Feature", "properties": { "fid": 14845, "numero_int": 65, "tipo": "Solicitud", "ruta": "./media/65/administrativos/Solicitud/privado/Solicitud_Permiso_La_Parra_9.pdf", "publico": 0, "url": null }, "geometry": null },
{ "type": "Feature", "properties": { "fid": 14846, "numero_int": 66, "tipo": "Informe de intervención-Inventario materiales", "ruta": "./media/66/administrativos/Informe de intervención-Inventario materiales/privado/INFORME_INTERVENCION.pdf", "publico": 0, "url": null }, "geometry": null },
{ "type": "Feature", "properties": { "fid": 14847, "numero_int": 66, "tipo": "Resolución permiso Gobierno de Navarra", "ruta": "./media/66/administrativos/Resolución permiso Gobierno de Navarra/privado/RESOLUCION_PERMISO.pdf", "publico": 0, "url": null }, "geometry": null },
{ "type": "Feature", "properties": { "fid": 14848, "numero_int": 66, "tipo": "Solicitud", "ruta": "./media/66/administrativos/Solicitud/privado/SOLICITUD_PERMISO.pdf", "publico": 0, "url": null }, "geometry": null },
{ "type": "Feature", "properties": { "fid": 14849, "numero_int": 67, "tipo": "Informe de intervención-Inventario materiales", "ruta": "./media/67/administrativos/Informe de intervención-Inventario materiales/privado/Herrerías 12.pdf", "publico": 0, "url": null }, "geometry": null },
{ "type": "Feature", "properties": { "fid": 14850, "numero_int": 67, "tipo": "Informe de intervención-Inventario materiales", "ruta": "./media/67/administrativos/Informe de intervención-Inventario materiales/privado/informe calle herrerias 12.pdf", "publico": 0, "url": null }, "geometry": null },
{ "type": "Feature", "properties": { "fid": 14851, "numero_int": 67, "tipo": "Informe de intervención-Inventario materiales", "ruta": "./media/67/administrativos/Informe de intervención-Inventario materiales/privado/Inventario numismático Herrerías, 12 Tudela.pdf", "publico": 0, "url": null }, "geometry": null },
{ "type": "Feature", "properties": { "fid": 14852, "numero_int": 67, "tipo": "Informe de intervención-Inventario materiales", "ruta": "./media/67/administrativos/Informe de intervención-Inventario materiales/privado/Memoria de intervención arqueológica pdf.pdf", "publico": 0, "url": null }, "geometry": null },
{ "type": "Feature", "properties": { "fid": 14853, "numero_int": 67, "tipo": "Informes-Resoluciones parciales", "ruta": "./media/67/administrativos/Informes-Resoluciones parciales/privado/RESOLUCION_PARCIAL.pdf", "publico": 0, "url": null }, "geometry": null },
{ "type": "Feature", "properties": { "fid": 14854, "numero_int": 67, "tipo": "Resolución permiso Gobierno de Navarra", "ruta": "./media/67/administrativos/Resolución permiso Gobierno de Navarra/privado/resolucion_permiso001.pdf", "publico": 0, "url": null }, "geometry": null },
{ "type": "Feature", "properties": { "fid": 14855, "numero_int": 67, "tipo": "Resolución permiso Gobierno de Navarra", "ruta": "./media/67/administrativos/Resolución permiso Gobierno de Navarra/privado/RESOLUCION_PERMISO_TRAMA.pdf", "publico": 0, "url": null }, "geometry": null },
{ "type": "Feature", "properties": { "fid": 14856, "numero_int": 67, "tipo": "Solicitud", "ruta": "./media/67/administrativos/Solicitud/privado/SOLICITUD Permiso.pdf", "publico": 0, "url": null }, "geometry": null },
{ "type": "Feature", "properties": { "fid": 14857, "numero_int": 67, "tipo": "Solicitud", "ruta": "./media/67/administrativos/Solicitud/privado/SOLICITUD_PERMISO_TRAMA.pdf", "publico": 0, "url": null }, "geometry": null },
{ "type": "Feature", "properties": { "fid": 14858, "numero_int": 68, "tipo": "Informe de intervención-Inventario materiales", "ruta": "./media/68/administrativos/Informe de intervención-Inventario materiales/privado/FichasUEs_Sondeo_1.pdf", "publico": 0, "url": null }, "geometry": null },
{ "type": "Feature", "properties": { "fid": 14859, "numero_int": 68, "tipo": "Informe de intervención-Inventario materiales", "ruta": "./media/68/administrativos/Informe de intervención-Inventario materiales/privado/FichasUEs_Sondeo_2.pdf", "publico": 0, "url": null }, "geometry": null },
{ "type": "Feature", "properties": { "fid": 14860, "numero_int": 68, "tipo": "Informe de intervención-Inventario materiales", "ruta": "./media/68/administrativos/Informe de intervención-Inventario materiales/privado/Informe_Arqueológico_YanguasyMiranda_2_.pdf", "publico": 0, "url": null }, "geometry": null },
{ "type": "Feature", "properties": { "fid": 14861, "numero_int": 68, "tipo": "Solicitud", "ruta": "./media/68/administrativos/Solicitud/privado/SolicitudPermiso_YanguasMiranda.pdf", "publico": 0, "url": null }, "geometry": null },
{ "type": "Feature", "properties": { "fid": 14862, "numero_int": 69, "tipo": "Informe de intervención-Inventario materiales", "ruta": "./media/69/administrativos/Informe de intervención-Inventario materiales/privado/diario_excavacion.pdf", "publico": 0, "url": null }, "geometry": null },
{ "type": "Feature", "properties": { "fid": 14863, "numero_int": 69, "tipo": "Informe de intervención-Inventario materiales", "ruta": "./media/69/administrativos/Informe de intervención-Inventario materiales/privado/ficha_enterramiento001.pdf", "publico": 0, "url": null }, "geometry": null },
{ "type": "Feature", "properties": { "fid": 14864, "numero_int": 69, "tipo": "Informe de intervención-Inventario materiales", "ruta": "./media/69/administrativos/Informe de intervención-Inventario materiales/privado/Inventario.pdf", "publico": 0, "url": null }, "geometry": null },
{ "type": "Feature", "properties": { "fid": 14865, "numero_int": 69, "tipo": "Solicitud", "ruta": "./media/69/administrativos/Solicitud/privado/Portal 18 Permiso.pdf", "publico": 0, "url": null }, "geometry": null },
{ "type": "Feature", "properties": { "fid": 14866, "numero_int": 7, "tipo": "Informe de intervención-Inventario materiales", "ruta": "./media/7/administrativos/Informe de intervención-Inventario materiales/privado/bodega magdalena 1985.pdf", "publico": 0, "url": null }, "geometry": null },
{ "type": "Feature", "properties": { "fid": 14867, "numero_int": 7, "tipo": "Informe de intervención-Inventario materiales", "ruta": "./media/7/administrativos/Informe de intervención-Inventario materiales/privado/diario_excavacion_magdalena.pdf", "publico": 0, "url": null }, "geometry": null },
{ "type": "Feature", "properties": { "fid": 14868, "numero_int": 7, "tipo": "Informe de intervención-Inventario materiales", "ruta": "./media/7/administrativos/Informe de intervención-Inventario materiales/privado/INFORME EXCAVACION MAGDALENA.pdf", "publico": 0, "url": null }, "geometry": null },
{ "type": "Feature", "properties": { "fid": 14869, "numero_int": 7, "tipo": "Informes-Resoluciones parciales", "ruta": "./media/7/administrativos/Informes-Resoluciones parciales/privado/magdalena Julio Segura.pdf", "publico": 0, "url": null }, "geometry": null },
{ "type": "Feature", "properties": { "fid": 14870, "numero_int": 70, "tipo": "Informe de intervención-Inventario materiales", "ruta": "./media/70/administrativos/Informe de intervención-Inventario materiales/privado/diario_excavacion.pdf", "publico": 0, "url": null }, "geometry": null },
{ "type": "Feature", "properties": { "fid": 14871, "numero_int": 70, "tipo": "Resolución permiso Gobierno de Navarra", "ruta": "./media/70/administrativos/Resolución permiso Gobierno de Navarra/privado/resolucion_permiso.pdf", "publico": 0, "url": null }, "geometry": null },
{ "type": "Feature", "properties": { "fid": 14872, "numero_int": 70, "tipo": "Solicitud", "ruta": "./media/70/administrativos/Solicitud/privado/Solicitud_Permiso_Intervencion_Magallon_5.pdf", "publico": 0, "url": null }, "geometry": null },
{ "type": "Feature", "properties": { "fid": 14873, "numero_int": 71, "tipo": "Informe de intervención-Inventario materiales", "ruta": "./media/71/administrativos/Informe de intervención-Inventario materiales/privado/Diario_campo_DiazBravo_30.pdf", "publico": 0, "url": null }, "geometry": null },
{ "type": "Feature", "properties": { "fid": 14874, "numero_int": 71, "tipo": "Informe de intervención-Inventario materiales", "ruta": "./media/71/administrativos/Informe de intervención-Inventario materiales/privado/Informe_Muralla_Diaz_Bravo_2024.pdf", "publico": 0, "url": null }, "geometry": null },
{ "type": "Feature", "properties": { "fid": 14875, "numero_int": 71, "tipo": "Informe de intervención-Inventario materiales", "ruta": "./media/71/administrativos/Informe de intervención-Inventario materiales/privado/InvenDiazBravo_30.pdf", "publico": 0, "url": null }, "geometry": null },
{ "type": "Feature", "properties": { "fid": 14876, "numero_int": 71, "tipo": "Informe de intervención-Inventario materiales", "ruta": "./media/71/administrativos/Informe de intervención-Inventario materiales/privado/Memoria excavación_DiazBravo_30.pdf", "publico": 0, "url": null }, "geometry": null },
{ "type": "Feature", "properties": { "fid": 14877, "numero_int": 71, "tipo": "Informes-Resoluciones parciales", "ruta": "./media/71/administrativos/Informes-Resoluciones parciales/privado/Informe preliminar_DiazBravo_30.pdf", "publico": 0, "url": null }, "geometry": null },
{ "type": "Feature", "properties": { "fid": 14878, "numero_int": 71, "tipo": "Informes-Resoluciones parciales", "ruta": "./media/71/administrativos/Informes-Resoluciones parciales/privado/resolucion_desmonte.pdf", "publico": 0, "url": null }, "geometry": null },
{ "type": "Feature", "properties": { "fid": 14879, "numero_int": 71, "tipo": "Solicitud", "ruta": "./media/71/administrativos/Solicitud/privado/Diaz Bravo Permiso.pdf", "publico": 0, "url": null }, "geometry": null },
{ "type": "Feature", "properties": { "fid": 14880, "numero_int": 72, "tipo": "Informe de intervención-Inventario materiales", "ruta": "./media/72/administrativos/Informe de intervención-Inventario materiales/privado/informe_excavacion.pdf", "publico": 0, "url": null }, "geometry": null },
{ "type": "Feature", "properties": { "fid": 14881, "numero_int": 72, "tipo": "Resolución permiso Gobierno de Navarra", "ruta": "./media/72/administrativos/Resolución permiso Gobierno de Navarra/privado/RESOLUCION_PERMISO.pdf", "publico": 0, "url": null }, "geometry": null },
{ "type": "Feature", "properties": { "fid": 14882, "numero_int": 72, "tipo": "Solicitud", "ruta": "./media/72/administrativos/Solicitud/privado/SOLICITUD_PERMISO.pdf", "publico": 0, "url": null }, "geometry": null },
{ "type": "Feature", "properties": { "fid": 14883, "numero_int": 73, "tipo": "Expediente obra municipal", "ruta": "./media/73/administrativos/Expediente obra municipal/privado/Acuerdo_Ayuntamiento_adjudicacion_obra_2009.pdf", "publico": 0, "url": null }, "geometry": null },
{ "type": "Feature", "properties": { "fid": 14884, "numero_int": 73, "tipo": "Informe de intervención-Inventario materiales", "ruta": "./media/73/administrativos/Informe de intervención-Inventario materiales/privado/diario_excavacion_2008.pdf", "publico": 0, "url": null }, "geometry": null },
{ "type": "Feature", "properties": { "fid": 14885, "numero_int": 73, "tipo": "Informe de intervención-Inventario materiales", "ruta": "./media/73/administrativos/Informe de intervención-Inventario materiales/privado/diario_excavacion_2009.pdf", "publico": 0, "url": null }, "geometry": null },
{ "type": "Feature", "properties": { "fid": 14886, "numero_int": 73, "tipo": "Informe de intervención-Inventario materiales", "ruta": "./media/73/administrativos/Informe de intervención-Inventario materiales/privado/INFORME SEMENTALES 2008.pdf", "publico": 0, "url": null }, "geometry": null },
{ "type": "Feature", "properties": { "fid": 14887, "numero_int": 73, "tipo": "Informe de intervención-Inventario materiales", "ruta": "./media/73/administrativos/Informe de intervención-Inventario materiales/privado/INFORME_SEMENTALES_2009.pdf", "publico": 0, "url": null }, "geometry": null },
{ "type": "Feature", "properties": { "fid": 14888, "numero_int": 73, "tipo": "Resolución permiso Gobierno de Navarra", "ruta": "./media/73/administrativos/Resolución permiso Gobierno de Navarra/privado/Resolucion.pdf", "publico": 0, "url": null }, "geometry": null },
{ "type": "Feature", "properties": { "fid": 14889, "numero_int": 73, "tipo": "Solicitud", "ruta": "./media/73/administrativos/Solicitud/privado/solicitud_Permiso.pdf", "publico": 0, "url": null }, "geometry": null },
{ "type": "Feature", "properties": { "fid": 14890, "numero_int": 74, "tipo": "Informe de intervención-Inventario materiales", "ruta": "./media/74/administrativos/Informe de intervención-Inventario materiales/privado/informe_intervencion_calle_granados.pdf", "publico": 0, "url": null }, "geometry": null },
{ "type": "Feature", "properties": { "fid": 14891, "numero_int": 74, "tipo": "Informe de intervención-Inventario materiales", "ruta": "./media/74/administrativos/Informe de intervención-Inventario materiales/privado/Inventario_Materiales_Granados_14-16.pdf", "publico": 0, "url": null }, "geometry": null },
{ "type": "Feature", "properties": { "fid": 14892, "numero_int": 74, "tipo": "Informes-Resoluciones parciales", "ruta": "./media/74/administrativos/Informes-Resoluciones parciales/privado/Autorizacion_permiso_Granados_14-16.pdf", "publico": 0, "url": null }, "geometry": null },
{ "type": "Feature", "properties": { "fid": 14893, "numero_int": 74, "tipo": "Resolución permiso Gobierno de Navarra", "ruta": "./media/74/administrativos/Resolución permiso Gobierno de Navarra/privado/Resolucion_permiso_b_Granados_14-16.pdf", "publico": 0, "url": null }, "geometry": null },
{ "type": "Feature", "properties": { "fid": 14894, "numero_int": 74, "tipo": "Solicitud", "ruta": "./media/74/administrativos/Solicitud/privado/Solicitud_permiso_Granados_14-16.pdf", "publico": 0, "url": null }, "geometry": null },
{ "type": "Feature", "properties": { "fid": 14895, "numero_int": 75, "tipo": "Informe de intervención-Inventario materiales", "ruta": "./media/75/administrativos/Informe de intervención-Inventario materiales/privado/diario_excavacion.pdf", "publico": 0, "url": null }, "geometry": null },
{ "type": "Feature", "properties": { "fid": 14896, "numero_int": 75, "tipo": "Solicitud", "ruta": "./media/75/administrativos/Solicitud/privado/Calles 2008 Permiso.pdf", "publico": 0, "url": null }, "geometry": null },
{ "type": "Feature", "properties": { "fid": 14897, "numero_int": 76, "tipo": "Informe de intervención-Inventario materiales", "ruta": "./media/76/administrativos/Informe de intervención-Inventario materiales/privado/diario_excavacion.jpg", "publico": 0, "url": null }, "geometry": null },
{ "type": "Feature", "properties": { "fid": 14898, "numero_int": 76, "tipo": "Informe de intervención-Inventario materiales", "ruta": "./media/76/administrativos/Informe de intervención-Inventario materiales/privado/Inventario.pdf", "publico": 0, "url": null }, "geometry": null },
{ "type": "Feature", "properties": { "fid": 14899, "numero_int": 76, "tipo": "Solicitud", "ruta": "./media/76/administrativos/Solicitud/privado/Fuente Matadero Permiso.pdf", "publico": 0, "url": null }, "geometry": null },
{ "type": "Feature", "properties": { "fid": 14900, "numero_int": 77, "tipo": "Solicitud", "ruta": "./media/77/administrativos/Solicitud/privado/Permiso.pdf", "publico": 0, "url": null }, "geometry": null },
{ "type": "Feature", "properties": { "fid": 14901, "numero_int": 78, "tipo": "Informe de intervención-Inventario materiales", "ruta": "./media/78/administrativos/Informe de intervención-Inventario materiales/privado/diario_excavacion.pdf", "publico": 0, "url": null }, "geometry": null },
{ "type": "Feature", "properties": { "fid": 14902, "numero_int": 78, "tipo": "Solicitud", "ruta": "./media/78/administrativos/Solicitud/privado/San Nicolas Permiso 2024.pdf", "publico": 0, "url": null }, "geometry": null },
{ "type": "Feature", "properties": { "fid": 14903, "numero_int": 79, "tipo": "Informe de intervención-Inventario materiales", "ruta": "./media/79/administrativos/Informe de intervención-Inventario materiales/privado/informe_solares_pasaje_san_jorge.pdf", "publico": 0, "url": null }, "geometry": null },
{ "type": "Feature", "properties": { "fid": 14904, "numero_int": 79, "tipo": "Solicitud", "ruta": "./media/79/administrativos/Solicitud/privado/solicitud_permiso.pdf", "publico": 0, "url": null }, "geometry": null },
{ "type": "Feature", "properties": { "fid": 14905, "numero_int": 80, "tipo": "Informe de intervención-Inventario materiales", "ruta": "./media/80/administrativos/Informe de intervención-Inventario materiales/privado/memoria_pasaje_3.pdf", "publico": 0, "url": null }, "geometry": null },
{ "type": "Feature", "properties": { "fid": 14906, "numero_int": 80, "tipo": "Solicitud", "ruta": "./media/80/administrativos/Solicitud/privado/solicitud_excavacion_pasaje_3.pdf", "publico": 0, "url": null }, "geometry": null },
{ "type": "Feature", "properties": { "fid": 14907, "numero_int": 81, "tipo": "Informe de intervención-Inventario materiales", "ruta": "./media/81/administrativos/Informe de intervención-Inventario materiales/privado/FASE I MEMORIA_Sondeos_2010_SolaresCoscolin.pdf", "publico": 0, "url": null }, "geometry": null },
{ "type": "Feature", "properties": { "fid": 14908, "numero_int": 81, "tipo": "Informe de intervención-Inventario materiales", "ruta": "./media/81/administrativos/Informe de intervención-Inventario materiales/privado/FASE II MEMORIA_Sondeos_2011_SolaresCoscolin.pdf", "publico": 0, "url": null }, "geometry": null },
{ "type": "Feature", "properties": { "fid": 14909, "numero_int": 81, "tipo": "Informe de intervención-Inventario materiales", "ruta": "./media/81/administrativos/Informe de intervención-Inventario materiales/privado/INFORME_EXCAVACION_COSCOLIN_2022_2023.pdf", "publico": 0, "url": null }, "geometry": null },
{ "type": "Feature", "properties": { "fid": 14910, "numero_int": 81, "tipo": "Informe de intervención-Inventario materiales", "ruta": "./media/81/administrativos/Informe de intervención-Inventario materiales/privado/INT_27_InformeExcavacion_Mercadal_2000.pdf", "publico": 0, "url": null }, "geometry": null },
{ "type": "Feature", "properties": { "fid": 14911, "numero_int": 81, "tipo": "Informes-Resoluciones parciales", "ruta": "./media/81/administrativos/Informes-Resoluciones parciales/privado/052_R_20230312_Autorización continuación obras horno Coscolín.pdf", "publico": 0, "url": null }, "geometry": null },
{ "type": "Feature", "properties": { "fid": 14912, "numero_int": 81, "tipo": "Informes-Resoluciones parciales", "ruta": "./media/81/administrativos/Informes-Resoluciones parciales/privado/INFORME_EVALUACIÓN_RESULTADOS_AFECCIONES_COSOCOLÍN_FASE I_6marzo2023.pdf", "publico": 0, "url": null }, "geometry": null },
{ "type": "Feature", "properties": { "fid": 14913, "numero_int": 81, "tipo": "Resolución permiso Gobierno de Navarra", "ruta": "./media/81/administrativos/Resolución permiso Gobierno de Navarra/privado/resolucion permiso excavacion.pdf", "publico": 0, "url": null }, "geometry": null },
{ "type": "Feature", "properties": { "fid": 14914, "numero_int": 81, "tipo": "Resolución permiso Gobierno de Navarra", "ruta": "./media/81/administrativos/Resolución permiso Gobierno de Navarra/privado/resolucion_permiso2011.pdf", "publico": 0, "url": null }, "geometry": null },
{ "type": "Feature", "properties": { "fid": 14915, "numero_int": 81, "tipo": "Resolución permiso Gobierno de Navarra", "ruta": "./media/81/administrativos/Resolución permiso Gobierno de Navarra/privado/resolucion_permiso_2022.pdf", "publico": 0, "url": null }, "geometry": null },
{ "type": "Feature", "properties": { "fid": 14916, "numero_int": 81, "tipo": "Solicitud", "ruta": "./media/81/administrativos/Solicitud/privado/solicitud_permiso_2022.pdf", "publico": 0, "url": null }, "geometry": null },
{ "type": "Feature", "properties": { "fid": 14917, "numero_int": 82, "tipo": "Informe de intervención-Inventario materiales", "ruta": "./media/82/administrativos/Informe de intervención-Inventario materiales/privado/Inventario 2011.pdf", "publico": 0, "url": null }, "geometry": null },
{ "type": "Feature", "properties": { "fid": 14918, "numero_int": 82, "tipo": "Informe de intervención-Inventario materiales", "ruta": "./media/82/administrativos/Informe de intervención-Inventario materiales/privado/Inventario 2012.pdf", "publico": 0, "url": null }, "geometry": null },
{ "type": "Feature", "properties": { "fid": 14919, "numero_int": 82, "tipo": "Resolución permiso Gobierno de Navarra", "ruta": "./media/82/administrativos/Resolución permiso Gobierno de Navarra/privado/resolucion_permiso_2011.pdf", "publico": 0, "url": null }, "geometry": null },
{ "type": "Feature", "properties": { "fid": 14920, "numero_int": 82, "tipo": "Resolución permiso Gobierno de Navarra", "ruta": "./media/82/administrativos/Resolución permiso Gobierno de Navarra/privado/resolucion_permiso_2012.pdf", "publico": 0, "url": null }, "geometry": null },
{ "type": "Feature", "properties": { "fid": 14921, "numero_int": 82, "tipo": "Solicitud", "ruta": "./media/82/administrativos/Solicitud/privado/solicitud_permiso_2011.pdf", "publico": 0, "url": null }, "geometry": null },
{ "type": "Feature", "properties": { "fid": 14922, "numero_int": 82, "tipo": "Solicitud", "ruta": "./media/82/administrativos/Solicitud/privado/solicitud_permiso_2012.pdf", "publico": 0, "url": null }, "geometry": null },
{ "type": "Feature", "properties": { "fid": 14923, "numero_int": 83, "tipo": "Informe de intervención-Inventario materiales", "ruta": "./media/83/administrativos/Informe de intervención-Inventario materiales/privado/Informe exhumación Tudela.pdf", "publico": 0, "url": null }, "geometry": null },
{ "type": "Feature", "properties": { "fid": 14924, "numero_int": 83, "tipo": "Resolución permiso Gobierno de Navarra", "ruta": "./media/83/administrativos/Resolución permiso Gobierno de Navarra/privado/resolucion_permiso.pdf", "publico": 0, "url": null }, "geometry": null },
{ "type": "Feature", "properties": { "fid": 14925, "numero_int": 83, "tipo": "Solicitud", "ruta": "./media/83/administrativos/Solicitud/privado/solicitud_permiso.pdf", "publico": 0, "url": null }, "geometry": null },
{ "type": "Feature", "properties": { "fid": 14926, "numero_int": 84, "tipo": "Informes-Resoluciones parciales", "ruta": "./media/84/administrativos/Informes-Resoluciones parciales/privado/Informe sobre suspensión de la excavación San Nicolás. Tudela.pdf", "publico": 0, "url": null }, "geometry": null },
{ "type": "Feature", "properties": { "fid": 14927, "numero_int": 84, "tipo": "Resolución permiso Gobierno de Navarra", "ruta": "./media/84/administrativos/Resolución permiso Gobierno de Navarra/privado/resolucion_permiso_2014.pdf", "publico": 0, "url": null }, "geometry": null },
{ "type": "Feature", "properties": { "fid": 14928, "numero_int": 84, "tipo": "Resolución permiso Gobierno de Navarra", "ruta": "./media/84/administrativos/Resolución permiso Gobierno de Navarra/privado/resolucion_permiso_2016.pdf", "publico": 0, "url": null }, "geometry": null },
{ "type": "Feature", "properties": { "fid": 14929, "numero_int": 84, "tipo": "Resolución permiso Gobierno de Navarra", "ruta": "./media/84/administrativos/Resolución permiso Gobierno de Navarra/privado/resolucion_permiso_2017.pdf", "publico": 0, "url": null }, "geometry": null },
{ "type": "Feature", "properties": { "fid": 14930, "numero_int": 84, "tipo": "Solicitud", "ruta": "./media/84/administrativos/Solicitud/privado/Solicitud_Permiso_2016_San_Nicolas.pdf", "publico": 0, "url": null }, "geometry": null },
{ "type": "Feature", "properties": { "fid": 14931, "numero_int": 84, "tipo": "Solicitud", "ruta": "./media/84/administrativos/Solicitud/privado/Solicitud_Permiso_2017_San_Nicolas.pdf", "publico": 0, "url": null }, "geometry": null },
{ "type": "Feature", "properties": { "fid": 14932, "numero_int": 84, "tipo": "Solicitud", "ruta": "./media/84/administrativos/Solicitud/privado/Solicitud_Permiso_XII_Taller_San_Nicolas.pdf", "publico": 0, "url": null }, "geometry": null },
{ "type": "Feature", "properties": { "fid": 14933, "numero_int": 84, "tipo": "Solicitud", "ruta": "./media/84/administrativos/Solicitud/privado/Solicitud_Permiso_X_Taller_San_Nicolas.pdf", "publico": 0, "url": null }, "geometry": null },
{ "type": "Feature", "properties": { "fid": 14934, "numero_int": 85, "tipo": "Informe de intervención-Inventario materiales", "ruta": "./media/85/administrativos/Informe de intervención-Inventario materiales/privado/Informe.pdf", "publico": 0, "url": null }, "geometry": null },
{ "type": "Feature", "properties": { "fid": 14935, "numero_int": 85, "tipo": "Resolución permiso Gobierno de Navarra", "ruta": "./media/85/administrativos/Resolución permiso Gobierno de Navarra/privado/resolucion_permiso.pdf", "publico": 0, "url": null }, "geometry": null },
{ "type": "Feature", "properties": { "fid": 14936, "numero_int": 85, "tipo": "Solicitud", "ruta": "./media/85/administrativos/Solicitud/privado/solicitud permiso.pdf", "publico": 0, "url": null }, "geometry": null },
{ "type": "Feature", "properties": { "fid": 14937, "numero_int": 86, "tipo": "Informe de intervención-Inventario materiales", "ruta": "./media/86/administrativos/Informe de intervención-Inventario materiales/privado/informe_mercadal_2.pdf", "publico": 0, "url": null }, "geometry": null },
{ "type": "Feature", "properties": { "fid": 14938, "numero_int": 86, "tipo": "Resolución permiso Gobierno de Navarra", "ruta": "./media/86/administrativos/Resolución permiso Gobierno de Navarra/privado/Resolución permiso Principe de Viana. Intervención Calle Mercadal nº 2, Tudela..pdf", "publico": 0, "url": null }, "geometry": null },
{ "type": "Feature", "properties": { "fid": 14939, "numero_int": 87, "tipo": "Informe de intervención-Inventario materiales", "ruta": "./media/87/administrativos/Informe de intervención-Inventario materiales/privado/Informe_Intervencion_LA-PARRA-15_Papel.pdf", "publico": 0, "url": null }, "geometry": null },
{ "type": "Feature", "properties": { "fid": 14940, "numero_int": 87, "tipo": "Informe de intervención-Inventario materiales", "ruta": "./media/87/administrativos/Informe de intervención-Inventario materiales/privado/Inventario La Parra 15.pdf", "publico": 0, "url": null }, "geometry": null },
{ "type": "Feature", "properties": { "fid": 14941, "numero_int": 87, "tipo": "Resolución permiso Gobierno de Navarra", "ruta": "./media/87/administrativos/Resolución permiso Gobierno de Navarra/privado/Permiso_Intervencion_LA-PARRA-15.pdf", "publico": 0, "url": null }, "geometry": null },
{ "type": "Feature", "properties": { "fid": 14942, "numero_int": 87, "tipo": "Solicitud", "ruta": "./media/87/administrativos/Solicitud/privado/Solicitud_Intervencion_LA-PARRA-15.pdf", "publico": 0, "url": null }, "geometry": null },
{ "type": "Feature", "properties": { "fid": 14943, "numero_int": 88, "tipo": "Resolución permiso Gobierno de Navarra", "ruta": "./media/88/administrativos/Resolución permiso Gobierno de Navarra/privado/resolucion.pdf", "publico": 0, "url": null }, "geometry": null },
{ "type": "Feature", "properties": { "fid": 14944, "numero_int": 88, "tipo": "Solicitud", "ruta": "./media/88/administrativos/Solicitud/privado/solicitud Permiso.pdf", "publico": 0, "url": null }, "geometry": null },
{ "type": "Feature", "properties": { "fid": 14945, "numero_int": 89, "tipo": "Informe de intervención-Inventario materiales", "ruta": "./media/89/administrativos/Informe de intervención-Inventario materiales/privado/Informe_Intervencion_Pasaje_1.pdf", "publico": 0, "url": null }, "geometry": null },
{ "type": "Feature", "properties": { "fid": 14946, "numero_int": 89, "tipo": "Resolución permiso Gobierno de Navarra", "ruta": "./media/89/administrativos/Resolución permiso Gobierno de Navarra/privado/Resolucion_Autorizacion_Intervencion_Pasaje_1.pdf", "publico": 0, "url": null }, "geometry": null },
{ "type": "Feature", "properties": { "fid": 14947, "numero_int": 89, "tipo": "Solicitud", "ruta": "./media/89/administrativos/Solicitud/privado/Solicitud_Permiso_Intervencion_Pasaje_1.pdf", "publico": 0, "url": null }, "geometry": null },
{ "type": "Feature", "properties": { "fid": 14948, "numero_int": 9, "tipo": "Informe de intervención-Inventario materiales", "ruta": "./media/9/administrativos/Informe de intervención-Inventario materiales/privado/1er informe 2007.doc", "publico": 0, "url": null }, "geometry": null },
{ "type": "Feature", "properties": { "fid": 14949, "numero_int": 9, "tipo": "Informe de intervención-Inventario materiales", "ruta": "./media/9/administrativos/Informe de intervención-Inventario materiales/privado/diario_excavacion001.pdf", "publico": 0, "url": null }, "geometry": null },
{ "type": "Feature", "properties": { "fid": 14950, "numero_int": 9, "tipo": "Informe de intervención-Inventario materiales", "ruta": "./media/9/administrativos/Informe de intervención-Inventario materiales/privado/inventario materiales mercado tudela.mdb", "publico": 0, "url": null }, "geometry": null },
{ "type": "Feature", "properties": { "fid": 14951, "numero_int": 9, "tipo": "Informe de intervención-Inventario materiales", "ruta": "./media/9/administrativos/Informe de intervención-Inventario materiales/privado/inventario_mercado_abastos_1986.pdf", "publico": 0, "url": null }, "geometry": null },
{ "type": "Feature", "properties": { "fid": 14952, "numero_int": 9, "tipo": "Informe de intervención-Inventario materiales", "ruta": "./media/9/administrativos/Informe de intervención-Inventario materiales/privado/listado UE. Orificio 11.mdb", "publico": 0, "url": null }, "geometry": null },
{ "type": "Feature", "properties": { "fid": 14953, "numero_int": 9, "tipo": "Informe de intervención-Inventario materiales", "ruta": "./media/9/administrativos/Informe de intervención-Inventario materiales/privado/listado UE. Orificio 4.mdb", "publico": 0, "url": null }, "geometry": null },
{ "type": "Feature", "properties": { "fid": 14954, "numero_int": 9, "tipo": "Informe de intervención-Inventario materiales", "ruta": "./media/9/administrativos/Informe de intervención-Inventario materiales/privado/listado UE. Orificio 8.mdb", "publico": 0, "url": null }, "geometry": null },
{ "type": "Feature", "properties": { "fid": 14955, "numero_int": 9, "tipo": "Informe de intervención-Inventario materiales", "ruta": "./media/9/administrativos/Informe de intervención-Inventario materiales/privado/mercado,informe 2007.pdf", "publico": 0, "url": null }, "geometry": null },
{ "type": "Feature", "properties": { "fid": 14956, "numero_int": 9, "tipo": "Resolución permiso Gobierno de Navarra", "ruta": "./media/9/administrativos/Resolución permiso Gobierno de Navarra/privado/Resolucion_Intervencion_MercadoAbastos_2007.pdf", "publico": 0, "url": null }, "geometry": null },
{ "type": "Feature", "properties": { "fid": 14957, "numero_int": 9, "tipo": "Solicitud", "ruta": "./media/9/administrativos/Solicitud/privado/solicitud_permiso.pdf", "publico": 0, "url": null }, "geometry": null },
{ "type": "Feature", "properties": { "fid": 14958, "numero_int": 9, "tipo": "Solicitud", "ruta": "./media/9/administrativos/Solicitud/privado/solicitud_permiso_2007.pdf", "publico": 0, "url": null }, "geometry": null },
{ "type": "Feature", "properties": { "fid": 14959, "numero_int": 90, "tipo": "Informe de intervención-Inventario materiales", "ruta": "./media/90/administrativos/Informe de intervención-Inventario materiales/privado/INFORME TORRE MONREAL 2019.pdf", "publico": 0, "url": null }, "geometry": null },
{ "type": "Feature", "properties": { "fid": 14960, "numero_int": 91, "tipo": "Informe de intervención-Inventario materiales", "ruta": "./media/91/administrativos/Informe de intervención-Inventario materiales/privado/Trujal 2017 informe 2.pdf", "publico": 0, "url": null }, "geometry": null },
{ "type": "Feature", "properties": { "fid": 14961, "numero_int": 91, "tipo": "Informe de intervención-Inventario materiales", "ruta": "./media/91/administrativos/Informe de intervención-Inventario materiales/privado/Trujal 2017 Informe.pdf", "publico": 0, "url": null }, "geometry": null },
{ "type": "Feature", "properties": { "fid": 14962, "numero_int": 91, "tipo": "Informes-Resoluciones parciales", "ruta": "./media/91/administrativos/Informes-Resoluciones parciales/privado/resolucion_continuacion_obras.pdf", "publico": 0, "url": null }, "geometry": null },
{ "type": "Feature", "properties": { "fid": 14963, "numero_int": 91, "tipo": "Resolución permiso Gobierno de Navarra", "ruta": "./media/91/administrativos/Resolución permiso Gobierno de Navarra/privado/resolucion_permiso.pdf", "publico": 0, "url": null }, "geometry": null },
{ "type": "Feature", "properties": { "fid": 14964, "numero_int": 91, "tipo": "Solicitud", "ruta": "./media/91/administrativos/Solicitud/privado/Trujal 2017Permiso.pdf", "publico": 0, "url": null }, "geometry": null },
{ "type": "Feature", "properties": { "fid": 14965, "numero_int": 92, "tipo": "Informe de intervención-Inventario materiales", "ruta": "./media/92/administrativos/Informe de intervención-Inventario materiales/privado/fichas UE.pdf", "publico": 0, "url": null }, "geometry": null },
{ "type": "Feature", "properties": { "fid": 14966, "numero_int": 92, "tipo": "Informe de intervención-Inventario materiales", "ruta": "./media/92/administrativos/Informe de intervención-Inventario materiales/privado/informe final.pdf", "publico": 0, "url": null }, "geometry": null },
{ "type": "Feature", "properties": { "fid": 14967, "numero_int": 92, "tipo": "Informes-Resoluciones parciales", "ruta": "./media/92/administrativos/Informes-Resoluciones parciales/privado/alzado y ubicación muralla.pdf", "publico": 0, "url": null }, "geometry": null },
{ "type": "Feature", "properties": { "fid": 14968, "numero_int": 92, "tipo": "Informes-Resoluciones parciales", "ruta": "./media/92/administrativos/Informes-Resoluciones parciales/privado/Anexo_JMGarquitectura_Herrerias_8.pdf", "publico": 0, "url": null }, "geometry": null },
{ "type": "Feature", "properties": { "fid": 14969, "numero_int": 92, "tipo": "Informes-Resoluciones parciales", "ruta": "./media/92/administrativos/Informes-Resoluciones parciales/privado/autorizacion_modificacion_proyecto.pdf", "publico": 0, "url": null }, "geometry": null },
{ "type": "Feature", "properties": { "fid": 14970, "numero_int": 92, "tipo": "Informes-Resoluciones parciales", "ruta": "./media/92/administrativos/Informes-Resoluciones parciales/privado/Informe_Seguimiento_Cimentaciones_Herrerias_8.pdf", "publico": 0, "url": null }, "geometry": null },
{ "type": "Feature", "properties": { "fid": 14971, "numero_int": 92, "tipo": "Informes-Resoluciones parciales", "ruta": "./media/92/administrativos/Informes-Resoluciones parciales/privado/Resolucion_Autorizacion_ModificacionProyecto_Herrerias_8.pdf", "publico": 0, "url": null }, "geometry": null },
{ "type": "Feature", "properties": { "fid": 14972, "numero_int": 92, "tipo": "Informes-Resoluciones parciales", "ruta": "./media/92/administrativos/Informes-Resoluciones parciales/privado/Resolucion_Conservacion_Restos_Herrerias_8.pdf", "publico": 0, "url": null }, "geometry": null },
{ "type": "Feature", "properties": { "fid": 14973, "numero_int": 92, "tipo": "Informes-Resoluciones parciales", "ruta": "./media/92/administrativos/Informes-Resoluciones parciales/privado/Resolucion_Desmonte_Restos_Herrerias_8.pdf", "publico": 0, "url": null }, "geometry": null },
{ "type": "Feature", "properties": { "fid": 14974, "numero_int": 92, "tipo": "Informes-Resoluciones parciales", "ruta": "./media/92/administrativos/Informes-Resoluciones parciales/privado/Resolucion_Parcial_Intervencion_Herrerias_8.pdf", "publico": 0, "url": null }, "geometry": null },
{ "type": "Feature", "properties": { "fid": 14975, "numero_int": 92, "tipo": "Resolución permiso Gobierno de Navarra", "ruta": "./media/92/administrativos/Resolución permiso Gobierno de Navarra/privado/Res. TUDELA. Herrerías, 8.pdf", "publico": 0, "url": null }, "geometry": null },
{ "type": "Feature", "properties": { "fid": 14976, "numero_int": 93, "tipo": "Informe de intervención-Inventario materiales", "ruta": "./media/93/administrativos/Informe de intervención-Inventario materiales/privado/INFORME_ARQUEOLOGIA_AVDABARRIO46_2021.pdf", "publico": 0, "url": null }, "geometry": null },
{ "type": "Feature", "properties": { "fid": 14977, "numero_int": 93, "tipo": "Informe de intervención-Inventario materiales", "ruta": "./media/93/administrativos/Informe de intervención-Inventario materiales/privado/INFORME_SONDEOS_SOLAR_RESIDENCIA_TUDELA_2020.pdf", "publico": 0, "url": null }, "geometry": null },
{ "type": "Feature", "properties": { "fid": 14978, "numero_int": 93, "tipo": "Informe de intervención-Inventario materiales", "ruta": "./media/93/administrativos/Informe de intervención-Inventario materiales/privado/Inventario_Avda_46_2021.pdf", "publico": 0, "url": null }, "geometry": null },
{ "type": "Feature", "properties": { "fid": 14979, "numero_int": 93, "tipo": "Resolución permiso Gobierno de Navarra", "ruta": "./media/93/administrativos/Resolución permiso Gobierno de Navarra/privado/Traslado Resol 148-2021, 17 mayo - Tudela. Avda del Barrio, 46 - Apartamentos tutelados.pdf", "publico": 0, "url": null }, "geometry": null },
{ "type": "Feature", "properties": { "fid": 14980, "numero_int": 93, "tipo": "Solicitud", "ruta": "./media/93/administrativos/Solicitud/privado/SOLICITUD_Permiso_Arqueologia_Solar_Residencia_Tudela.pdf", "publico": 0, "url": null }, "geometry": null },
{ "type": "Feature", "properties": { "fid": 14981, "numero_int": 94, "tipo": "Resolución permiso Gobierno de Navarra", "ruta": "./media/94/administrativos/Resolución permiso Gobierno de Navarra/privado/resolucion_permiso.pdf", "publico": 0, "url": null }, "geometry": null },
{ "type": "Feature", "properties": { "fid": 14982, "numero_int": 95, "tipo": "Resolución permiso Gobierno de Navarra", "ruta": "./media/95/administrativos/Resolución permiso Gobierno de Navarra/privado/Info. TUDELA. Chapinerías, 12.pdf", "publico": 0, "url": null }, "geometry": null },
{ "type": "Feature", "properties": { "fid": 14983, "numero_int": 95, "tipo": "Solicitud", "ruta": "./media/95/administrativos/Solicitud/privado/Solicitud permiso.pdf", "publico": 0, "url": null }, "geometry": null }
]
}
