{
"type": "FeatureCollection",
"name": "Intervenciones",
"crs": { "type": "name", "properties": { "name": "urn:ogc:def:crs:OGC:1.3:CRS84" } },
"features": [
{ "type": "Feature", "properties": { "fid": 98, "numero_int": 95, "denominacion": "Chapinerias", "n_sigla": null, "direccion": null, "fecha": null, "z_pepri": null, "director": null, "promotor": null, "descrip_restos": null, "ubi_mat_dep_perm": null, "ubi_mat_falta_depos": null, "ubi_mat_dep_tempo": null, "bibliografia": null, "colaboradores": null }, "geometry": { "type": "MultiPolygon", "coordinates": [ [ [ [ -1.607017286488049, 42.064166106706288 ], [ -1.60706305159593, 42.06416032184022 ], [ -1.607057991032257, 42.064144121138312 ], [ -1.607054250362111, 42.064138311704099 ], [ -1.607049324985098, 42.064098236969635 ], [ -1.60704899580006, 42.064095603137012 ], [ -1.607054421709147, 42.064095092601299 ], [ -1.60704229505406, 42.064048833189652 ], [ -1.607039201735905, 42.064048795638612 ], [ -1.607036864521435, 42.064014174108117 ], [ -1.60703511126743, 42.063988223716926 ], [ -1.607037355034958, 42.063978470124525 ], [ -1.606935673243776, 42.063958493631745 ], [ -1.606933994187861, 42.063978350128544 ], [ -1.606934326539261, 42.063998528251986 ], [ -1.606945127945291, 42.063999812189167 ], [ -1.606946437861586, 42.064036087413392 ], [ -1.606946754082285, 42.064045394749407 ], [ -1.606947100450096, 42.064054981646379 ], [ -1.606947521190942, 42.064066694930524 ], [ -1.606995543030752, 42.064063828507237 ], [ -1.606998641348859, 42.064099017667814 ], [ -1.607000188009129, 42.064099036443892 ], [ -1.607006392055158, 42.064133695910591 ], [ -1.607017286488049, 42.064166106706288 ] ] ] ] } },
{ "type": "Feature", "properties": { "fid": 99, "numero_int": 94, "denominacion": "SanNicolas", "n_sigla": "_1", "direccion": null, "fecha": null, "z_pepri": null, "director": null, "promotor": null, "descrip_restos": null, "ubi_mat_dep_perm": null, "ubi_mat_falta_depos": null, "ubi_mat_dep_tempo": null, "bibliografia": null, "colaboradores": null }, "geometry": { "type": "MultiPolygon", "coordinates": [ [ [ [ -1.607216774702542, 42.064920238140097 ], [ -1.607105453475465, 42.064838010410547 ], [ -1.607020230986366, 42.064794322092226 ], [ -1.607017425405532, 42.064833087123752 ], [ -1.607017181234337, 42.064836515555449 ], [ -1.607016488439288, 42.064846089835939 ], [ -1.60701259605739, 42.064861038053714 ], [ -1.607010617590119, 42.064868606336738 ], [ -1.606997287304579, 42.06488236823192 ], [ -1.606993767210707, 42.064881947234468 ], [ -1.60697197695249, 42.064904522648845 ], [ -1.606967030182967, 42.064909650216769 ], [ -1.606945462526223, 42.064931994164873 ], [ -1.606923251749619, 42.064955005772646 ], [ -1.606896485995607, 42.065011105215433 ], [ -1.607001239750016, 42.065030515615923 ], [ -1.607028062538952, 42.065038694718979 ], [ -1.607030694361126, 42.065034412656146 ], [ -1.607038425911318, 42.065036803116733 ], [ -1.607092666432782, 42.065053591816792 ], [ -1.607126002514329, 42.065006551352866 ], [ -1.607149133135796, 42.064979056733627 ], [ -1.607174785337231, 42.064956744314046 ], [ -1.607216774702542, 42.064920238140097 ] ] ] ] } },
{ "type": "Feature", "properties": { "fid": 100, "numero_int": 91, "denominacion": "Trujal Pasaje", "n_sigla": "_1_1", "direccion": null, "fecha": null, "z_pepri": null, "director": null, "promotor": null, "descrip_restos": null, "ubi_mat_dep_perm": null, "ubi_mat_falta_depos": null, "ubi_mat_dep_tempo": null, "bibliografia": null, "colaboradores": null }, "geometry": { "type": "MultiPolygon", "coordinates": [ [ [ [ -1.606357114047775, 42.063250301594096 ], [ -1.606362382074131, 42.063265847389069 ], [ -1.606373389478286, 42.063293071998054 ], [ -1.606394630695392, 42.063351393528393 ], [ -1.606400208112901, 42.063376003407001 ], [ -1.606401079180349, 42.063379832653119 ], [ -1.606454709658711, 42.063376917489308 ], [ -1.606474105603962, 42.063370407330027 ], [ -1.606523360339048, 42.063354803168252 ], [ -1.606526768036037, 42.063353727770881 ], [ -1.606552108154967, 42.063347875192257 ], [ -1.606592511305066, 42.06333854896976 ], [ -1.60659042561185, 42.063334993176753 ], [ -1.60657386983821, 42.063306692507808 ], [ -1.606583033237142, 42.063305497870552 ], [ -1.606651989184297, 42.063296500337792 ], [ -1.606657746588598, 42.063295750676019 ], [ -1.606644298967257, 42.063249673315724 ], [ -1.606641402178689, 42.063205831543229 ], [ -1.606640876121769, 42.063185119693301 ], [ -1.60664046989813, 42.063168876418587 ], [ -1.606635287036037, 42.063152196877454 ], [ -1.606630307101577, 42.063136186265709 ], [ -1.60656124401027, 42.063144011667255 ], [ -1.606512681829107, 42.063149510192304 ], [ -1.606472049265272, 42.063157725827459 ], [ -1.606471544713655, 42.0631559274482 ], [ -1.606457700730104, 42.063159478919481 ], [ -1.606440587091301, 42.063163873296958 ], [ -1.606460753018657, 42.063224388298536 ], [ -1.606416484761192, 42.063232496716246 ], [ -1.606414253028955, 42.063228434794119 ], [ -1.606353220244912, 42.0632387892948 ], [ -1.606354661844323, 42.06324305777261 ], [ -1.606357114047775, 42.063250301594096 ] ] ] ] } },
{ "type": "Feature", "properties": { "fid": 101, "numero_int": 90, "denominacion": "NecropolisTorreMonreal", "n_sigla": "_1_2", "direccion": null, "fecha": null, "z_pepri": null, "director": null, "promotor": null, "descrip_restos": null, "ubi_mat_dep_perm": null, "ubi_mat_falta_depos": null, "ubi_mat_dep_tempo": null, "bibliografia": null, "colaboradores": null }, "geometry": { "type": "MultiPolygon", "coordinates": [ [ [ [ -1.60370722921637, 42.05750394300189 ], [ -1.60370759362181, 42.057504003047093 ], [ -1.603711063279491, 42.057507415346201 ], [ -1.60371721111693, 42.057511315649798 ], [ -1.6037229524868, 42.057517032671903 ], [ -1.60372625407024, 42.057522537839802 ], [ -1.603727043554719, 42.057525553193003 ], [ -1.60372417535287, 42.0575281597065 ], [ -1.60371736119439, 42.057532357703401 ], [ -1.603711314085231, 42.057535016618402 ], [ -1.60370697363008, 42.057537878466604 ], [ -1.60370101678697, 42.057541995811199 ], [ -1.603694797609091, 42.057546929712508 ], [ -1.603686120685571, 42.057552471289299 ], [ -1.60367110837581, 42.057562672101703 ], [ -1.60366054673896, 42.057570558906491 ], [ -1.603647545310231, 42.057578233854699 ], [ -1.6036367532564, 42.057585480270802 ], [ -1.60362995105742, 42.057589131908507 ], [ -1.60362067913938, 42.057593937573991 ], [ -1.60361165359324, 42.05759865515369 ], [ -1.603599615698339, 42.057606979404298 ], [ -1.603585967394451, 42.057616285971797 ], [ -1.60357199242557, 42.057623766897599 ], [ -1.603556415028061, 42.057631865903595 ], [ -1.603541060055909, 42.057640969529899 ], [ -1.60353288383493, 42.057645970688903 ], [ -1.603532236972781, 42.057647602315001 ], [ -1.60353451267248, 42.057649724923998 ], [ -1.603541027079721, 42.057653629698002 ], [ -1.60354295417073, 42.057654928315195 ], [ -1.60354504335795, 42.057654407240399 ], [ -1.603546297174759, 42.057652965167193 ], [ -1.60355602992873, 42.057649440281189 ], [ -1.60356140026381, 42.0576497788851 ], [ -1.603563193194061, 42.057651622368802 ], [ -1.60356705934888, 42.057653673248794 ], [ -1.60357054696468, 42.05765626602151 ], [ -1.603573285483471, 42.057659578344001 ], [ -1.60357203765306, 42.057660747240703 ], [ -1.603567028373091, 42.057666242357996 ], [ -1.603566878249471, 42.057667515696302 ], [ -1.60356900981339, 42.057670638466092 ], [ -1.6035726295959, 42.057672777430994 ], [ -1.60358370738439, 42.057680381065296 ], [ -1.6035885390833, 42.05768299019401 ], [ -1.60359161376568, 42.057682116778103 ], [ -1.603595401630241, 42.057682162873284 ], [ -1.603599401948781, 42.057683668885595 ], [ -1.603602296579021, 42.057685434692097 ], [ -1.603607380638529, 42.057687682558104 ], [ -1.603612382414341, 42.057688107757791 ], [ -1.60361587354551, 42.057684962328302 ], [ -1.603620846908449, 42.057681106269996 ], [ -1.60362608659673, 42.05767625153679 ], [ -1.60363189732546, 42.057673225416998 ], [ -1.6036431432003, 42.057678736176591 ], [ -1.603646644787051, 42.057680691534394 ], [ -1.60365182709459, 42.057684033592707 ], [ -1.603656400451901, 42.057687277157484 ], [ -1.603660256635989, 42.057689783329195 ], [ -1.60365653309946, 42.057692379432709 ], [ -1.60365366488707, 42.057694985944089 ], [ -1.60364954285906, 42.057699034530003 ], [ -1.60364263689736, 42.0577074212338 ], [ -1.603641447409551, 42.057711505504699 ], [ -1.603642755577301, 42.057713160921601 ], [ -1.60364637735994, 42.057715208825286 ], [ -1.603658524457611, 42.057718635635794 ], [ -1.6036700546248, 42.057722328187495 ], [ -1.60367294327326, 42.057724367169186 ], [ -1.603679886598911, 42.057731009651583 ], [ -1.60367906368085, 42.057735098383382 ], [ -1.60367924820449, 42.057737833125707 ], [ -1.60367971501486, 42.057738840721598 ], [ -1.60369889970583, 42.057750186322096 ], [ -1.6037005505022, 42.05775293890639 ], [ -1.60370604751308, 42.057758652955698 ], [ -1.60371109966021, 42.057762357760495 ], [ -1.60371608548177, 42.057763511427403 ], [ -1.603720698750159, 42.057764933810702 ], [ -1.60372918816128, 42.057767951773599 ], [ -1.603739236108641, 42.05777235494859 ], [ -1.6037486711155, 42.057776841747803 ], [ -1.60375158969491, 42.057777514843195 ], [ -1.60376269345872, 42.057783934694186 ], [ -1.603780608403579, 42.057797450828602 ], [ -1.603793861708289, 42.057806173912098 ], [ -1.603801351668049, 42.05781018162449 ], [ -1.603807904012921, 42.05781235626349 ], [ -1.603822414631889, 42.057813899066502 ], [ -1.60383120429207, 42.057814370344602 ], [ -1.603837163645681, 42.057815718017892 ], [ -1.60385621722004, 42.057816314175405 ], [ -1.6038710041385, 42.057816403002299 ], [ -1.603889543022411, 42.057818176974187 ], [ -1.60391136506416, 42.057820719553199 ], [ -1.60391528111143, 42.057820493947808 ], [ -1.603935314198821, 42.057821010926098 ], [ -1.603942172767141, 42.057820365702803 ], [ -1.60397271813832, 42.057820828401695 ], [ -1.603982804011331, 42.057823501435394 ], [ -1.60399000122176, 42.057824135494393 ], [ -1.603991571732381, 42.057824974349892 ], [ -1.603997748567161, 42.057838711980196 ], [ -1.604000499596321, 42.057847034022394 ], [ -1.6040037418913, 42.057860827035 ], [ -1.60400861157668, 42.057884021418396 ], [ -1.604006870032091, 42.0578965697174 ], [ -1.604006086056739, 42.057910040498093 ], [ -1.604006812240551, 42.057921525819594 ], [ -1.604010054027601, 42.057929762748607 ], [ -1.60401157022766, 42.057949819504707 ], [ -1.60401620249489, 42.057961534512195 ], [ -1.604023502991601, 42.057974192812104 ], [ -1.60403499783737, 42.057985080472605 ], [ -1.604035511562051, 42.057995105877609 ], [ -1.604033757021941, 42.05799708836399 ], [ -1.60402556084536, 42.058003000147409 ], [ -1.60400687229981, 42.058008055618899 ], [ -1.60399758587308, 42.058007942643599 ], [ -1.603987361822671, 42.058005996596002 ], [ -1.60397577123307, 42.057999479760909 ], [ -1.60396181265155, 42.057989472952983 ], [ -1.60394938817467, 42.057976387977604 ], [ -1.603922965238701, 42.05795511736769 ], [ -1.60389652736688, 42.057945687389797 ], [ -1.60389190809677, 42.057944538190284 ], [ -1.60387931208223, 42.057939284278099 ], [ -1.60385595838999, 42.057922969489702 ], [ -1.60384249658243, 42.057912604378494 ], [ -1.60383437521307, 42.0579039437416 ], [ -1.60382064110421, 42.05789485047999 ], [ -1.603806398291019, 42.057886661859406 ], [ -1.60379193903256, 42.057877195438188 ], [ -1.60377137429126, 42.0578674725596 ], [ -1.603751803033041, 42.0578570330999 ], [ -1.603754257812821, 42.0578454043157 ], [ -1.603753131680991, 42.057841018618085 ], [ -1.60374271914857, 42.057836519924798 ], [ -1.603730540102261, 42.05783455006619 ], [ -1.60371699852912, 42.057827827298901 ], [ -1.603711181317811, 42.057825570516698 ], [ -1.60369872899219, 42.057813760340494 ], [ -1.60368618090354, 42.05780632099259 ], [ -1.603652749986521, 42.057770209560793 ], [ -1.603643535423671, 42.057766818434999 ], [ -1.60363438470919, 42.057760513422103 ], [ -1.60361609126669, 42.057747539158285 ], [ -1.603603503295301, 42.05774192098071 ], [ -1.60359130735617, 42.057729567413404 ], [ -1.603568394683921, 42.05771544393069 ], [ -1.60355336692922, 42.057709613890403 ], [ -1.60354855917399, 42.057705912052903 ], [ -1.603544752877281, 42.057701129403689 ], [ -1.60352202259003, 42.0576884469438 ], [ -1.60351581561668, 42.057691669237101 ], [ -1.60349439516072, 42.057677076493199 ], [ -1.6034918600386, 42.057678291906505 ], [ -1.603464700415271, 42.057696655356992 ], [ -1.60343583842339, 42.057678233238498 ], [ -1.60343083643697, 42.057677549228494 ], [ -1.60341676955274, 42.057670801197496 ], [ -1.60340309879389, 42.057652439590406 ], [ -1.60339581195713, 42.057643320507594 ], [ -1.60337428976034, 42.057625140972391 ], [ -1.60334567357796, 42.057595505429802 ], [ -1.60331195987381, 42.0575695466326 ], [ -1.6033021743728, 42.057558211133397 ], [ -1.60331893409453, 42.057556545727984 ], [ -1.603333172348251, 42.057555472763191 ], [ -1.60334768226352, 42.057553292797209 ], [ -1.60335407091459, 42.057551029762983 ], [ -1.60337426984077, 42.057549741642504 ], [ -1.603430386905971, 42.057545439571193 ], [ -1.603468195238841, 42.057537175853803 ], [ -1.603489175594961, 42.057533692390891 ], [ -1.60352265406318, 42.057532230423085 ], [ -1.603584531985659, 42.057526828752302 ], [ -1.603601130436011, 42.057525642727697 ], [ -1.60362236272305, 42.057522850553895 ], [ -1.60363517979722, 42.0575158932606 ], [ -1.60366244452139, 42.057509461657411 ], [ -1.603682598263811, 42.057505541583417 ], [ -1.60370722921637, 42.05750394300189 ] ] ] ] } },
{ "type": "Feature", "properties": { "fid": 102, "numero_int": 93, "denominacion": "AvBarrio46", "n_sigla": "_1_3", "direccion": null, "fecha": null, "z_pepri": null, "director": null, "promotor": null, "descrip_restos": null, "ubi_mat_dep_perm": null, "ubi_mat_falta_depos": null, "ubi_mat_dep_tempo": null, "bibliografia": null, "colaboradores": null }, "geometry": { "type": "MultiPolygon", "coordinates": [ [ [ [ -1.60473441200597, 42.057457655441155 ], [ -1.604746837962934, 42.057449268559743 ], [ -1.604821550899305, 42.057398940147543 ], [ -1.604862936871359, 42.057371055477347 ], [ -1.604875374679471, 42.057362677732186 ], [ -1.604887309632459, 42.057354636111334 ], [ -1.604902286645182, 42.05734454201265 ], [ -1.604919336454785, 42.057333059123394 ], [ -1.604875199069772, 42.057296173088318 ], [ -1.604842929842716, 42.057269203167237 ], [ -1.604809295855927, 42.057241090856195 ], [ -1.60473585653196, 42.05717971161328 ], [ -1.604709391018456, 42.057157585561214 ], [ -1.604692507212921, 42.057169214538959 ], [ -1.604677660548444, 42.057179427277433 ], [ -1.604665844451227, 42.057187560384968 ], [ -1.604653525302064, 42.057196038619843 ], [ -1.604649905529409, 42.05719853437985 ], [ -1.604626751611678, 42.057214482177024 ], [ -1.604607732984349, 42.057227571221574 ], [ -1.604586051751508, 42.057242492188088 ], [ -1.604555805591667, 42.057263325201987 ], [ -1.604538553947625, 42.057275192853552 ], [ -1.60453376863393, 42.057278485002627 ], [ -1.604526234764639, 42.057283671074131 ], [ -1.604521449252514, 42.057286972226564 ], [ -1.604514418431666, 42.057291813169243 ], [ -1.60450963311548, 42.057295105317259 ], [ -1.604504467539684, 42.057298654023306 ], [ -1.604499583792153, 42.057302026030541 ], [ -1.604494786392453, 42.057305318030984 ], [ -1.604484270655422, 42.05731256630375 ], [ -1.604477902508733, 42.057316946975689 ], [ -1.604570422655817, 42.05739109518646 ], [ -1.604590280716639, 42.057407007631021 ], [ -1.604690437977069, 42.05748727382899 ], [ -1.60470748806002, 42.057475781968712 ], [ -1.604722477211601, 42.057465688041475 ], [ -1.60473441200597, 42.057457655441155 ] ] ] ] } },
{ "type": "Feature", "properties": { "fid": 103, "numero_int": 92, "denominacion": "Herrerias", "n_sigla": "_1_3_1", "direccion": null, "fecha": null, "z_pepri": null, "director": null, "promotor": null, "descrip_restos": null, "ubi_mat_dep_perm": null, "ubi_mat_falta_depos": null, "ubi_mat_dep_tempo": null, "bibliografia": null, "colaboradores": null }, "geometry": { "type": "MultiPolygon", "coordinates": [ [ [ [ -1.607238276685844, 42.062327065812376 ], [ -1.607216767723073, 42.062332947034172 ], [ -1.607166892094288, 42.062346589597112 ], [ -1.607154806257117, 42.062349892305626 ], [ -1.60713772322669, 42.062354557348755 ], [ -1.607135558880066, 42.062355152510989 ], [ -1.607129767832228, 42.062356892480871 ], [ -1.607096153520456, 42.0623669677706 ], [ -1.607080788032642, 42.062371572597563 ], [ -1.607093497431805, 42.062393927385813 ], [ -1.607096314038531, 42.062398879011624 ], [ -1.607110746380043, 42.062424244801328 ], [ -1.607111770512109, 42.062426049485076 ], [ -1.607089263101021, 42.062432819192068 ], [ -1.607050063882669, 42.062444600912706 ], [ -1.607073066493719, 42.062489263151228 ], [ -1.607086673089754, 42.062484952194623 ], [ -1.607112486695845, 42.062476772608285 ], [ -1.607133724030064, 42.062470050524027 ], [ -1.607136158142605, 42.062469278510562 ], [ -1.607140621921417, 42.062467990756588 ], [ -1.60717031151288, 42.062459425903604 ], [ -1.607210886997138, 42.062447714884549 ], [ -1.607253670698061, 42.062436165747627 ], [ -1.60726909924079, 42.062431993964914 ], [ -1.607294193175683, 42.062425219590416 ], [ -1.607238788064111, 42.062327999667367 ], [ -1.607238276685844, 42.062327065812376 ] ] ] ] } },
{ "type": "Feature", "properties": { "fid": 104, "numero_int": 7, "denominacion": "Magdalena 1985-1988", "n_sigla": "_1_3_2", "direccion": null, "fecha": null, "z_pepri": null, "director": null, "promotor": null, "descrip_restos": null, "ubi_mat_dep_perm": null, "ubi_mat_falta_depos": null, "ubi_mat_dep_tempo": null, "bibliografia": null, "colaboradores": null }, "geometry": { "type": "MultiPolygon", "coordinates": [ [ [ [ -1.604108865512252, 42.065106584969286 ], [ -1.604139127072617, 42.065100675715605 ], [ -1.6042307773894, 42.065066053635654 ], [ -1.604191059709194, 42.06497561571129 ], [ -1.604156167370301, 42.06491319198566 ], [ -1.604103967993895, 42.064840794894167 ], [ -1.604031258678113, 42.064717604978874 ], [ -1.603985886929381, 42.064741261892344 ], [ -1.603943455047564, 42.064774717370739 ], [ -1.603849480732392, 42.064915405007937 ], [ -1.603855355834092, 42.064917565950267 ], [ -1.603877682431047, 42.064963229286604 ], [ -1.603857764583235, 42.064967598162909 ], [ -1.603852881324257, 42.064958784636403 ], [ -1.603837413036314, 42.064964180326911 ], [ -1.603843602583368, 42.064974054477361 ], [ -1.603786392138128, 42.064992451693499 ], [ -1.603776183872697, 42.065011528884163 ], [ -1.603807831327279, 42.065068680588404 ], [ -1.603854883097329, 42.065153696031089 ], [ -1.603859440877987, 42.065155300567831 ], [ -1.604108865512252, 42.065106584969286 ] ] ] ] } },
{ "type": "Feature", "properties": { "fid": 105, "numero_int": 6, "denominacion": "TorreMonreal 1985-2002", "n_sigla": "_1_3_3", "direccion": null, "fecha": null, "z_pepri": null, "director": null, "promotor": null, "descrip_restos": null, "ubi_mat_dep_perm": null, "ubi_mat_falta_depos": null, "ubi_mat_dep_tempo": null, "bibliografia": null, "colaboradores": null }, "geometry": { "type": "MultiPolygon", "coordinates": [ [ [ [ -1.606059560778802, 42.058949271347714 ], [ -1.606119756281067, 42.058979218997827 ], [ -1.60620201299234, 42.058994015805176 ], [ -1.606279116664802, 42.058995762885992 ], [ -1.606355499852815, 42.058981271817892 ], [ -1.606396688127354, 42.058962444536029 ], [ -1.606412570244521, 42.058955180206404 ], [ -1.606467767420346, 42.058915268170807 ], [ -1.606494958774398, 42.058864469636724 ], [ -1.606481970260163, 42.058812363583122 ], [ -1.60644613480486, 42.058761610208123 ], [ -1.606403591937039, 42.05871970060258 ], [ -1.606350027485441, 42.058684961229346 ], [ -1.606275672749697, 42.058656453851313 ], [ -1.606206346655913, 42.05864668656573 ], [ -1.606139892454655, 42.058654804604252 ], [ -1.606070784056106, 42.058684811689105 ], [ -1.606004695080476, 42.058725401786376 ], [ -1.605960146628377, 42.05877518778086 ], [ -1.605960049052704, 42.058775781011043 ], [ -1.605950181548457, 42.058833499572494 ], [ -1.605978369150451, 42.05888579033126 ], [ -1.606059560778802, 42.058949271347714 ] ] ] ] } },
{ "type": "Feature", "properties": { "fid": 106, "numero_int": 9, "denominacion": "MercadoAbastos 1986", "n_sigla": "_1_3_4", "direccion": null, "fecha": null, "z_pepri": null, "director": null, "promotor": null, "descrip_restos": null, "ubi_mat_dep_perm": null, "ubi_mat_falta_depos": null, "ubi_mat_dep_tempo": null, "bibliografia": null, "colaboradores": null }, "geometry": { "type": "MultiPolygon", "coordinates": [ [ [ [ -1.605541574005889, 42.062943384249117 ], [ -1.605599344055329, 42.062921399434977 ], [ -1.605600531931084, 42.062922899907903 ], [ -1.605721160524966, 42.062876155038701 ], [ -1.605719823251718, 42.062874301506376 ], [ -1.605732804526258, 42.062868749251109 ], [ -1.60581637818327, 42.062832974006099 ], [ -1.605870520306561, 42.062812178836815 ], [ -1.60590404106717, 42.062801427299831 ], [ -1.605905976256352, 42.062800811364276 ], [ -1.605939569107794, 42.062788421547758 ], [ -1.605971789743417, 42.062781851127276 ], [ -1.606039786732618, 42.062760314559611 ], [ -1.606032594632041, 42.06272996605135 ], [ -1.60601785877583, 42.062689763079646 ], [ -1.605939817010321, 42.062477131111962 ], [ -1.605903830717609, 42.062379065711873 ], [ -1.605537189152486, 42.062564427301467 ], [ -1.605505475028854, 42.062580991732567 ], [ -1.605418340727807, 42.062626495304478 ], [ -1.605323479322366, 42.062675489395843 ], [ -1.605517021996504, 42.062913230026787 ], [ -1.605541574005889, 42.062943384249117 ] ] ] ] } },
{ "type": "Feature", "properties": { "fid": 107, "numero_int": 8, "denominacion": "BodegaRoso", "n_sigla": "_1_3_5", "direccion": null, "fecha": null, "z_pepri": null, "director": null, "promotor": null, "descrip_restos": null, "ubi_mat_dep_perm": null, "ubi_mat_falta_depos": null, "ubi_mat_dep_tempo": null, "bibliografia": null, "colaboradores": null }, "geometry": { "type": "MultiPolygon", "coordinates": [ [ [ [ -1.605991947209147, 42.063557015248961 ], [ -1.605967860983287, 42.063564107791883 ], [ -1.60594818632761, 42.063530320338444 ], [ -1.605895025304251, 42.063550992365677 ], [ -1.605857193403756, 42.063564870738894 ], [ -1.605856291762175, 42.06356520202322 ], [ -1.605866620373794, 42.063582565550938 ], [ -1.605820194543628, 42.063599779901132 ], [ -1.60576932108791, 42.063618642380497 ], [ -1.605800734735075, 42.063667198709915 ], [ -1.605803926464247, 42.063672127905235 ], [ -1.605922949682514, 42.063850169320069 ], [ -1.606024000617887, 42.063811120831417 ], [ -1.606026944203016, 42.063814687056272 ], [ -1.60608964844227, 42.063788177740314 ], [ -1.606287169206923, 42.06370952038364 ], [ -1.60623668568596, 42.063630444405497 ], [ -1.606195917677646, 42.06356361788923 ], [ -1.606123960265453, 42.063584385932479 ], [ -1.606111368134303, 42.063561095811835 ], [ -1.606012125252897, 42.063590997942249 ], [ -1.606002963943151, 42.063575521916718 ], [ -1.605997189877223, 42.063566535543835 ], [ -1.605993592823407, 42.063559692096234 ], [ -1.605991947209147, 42.063557015248961 ] ] ] ] } },
{ "type": "Feature", "properties": { "fid": 108, "numero_int": 3, "denominacion": " Liceo", "n_sigla": "_1_3_6", "direccion": "Calle Olmos", "fecha": "17 de mayo de 2021", "z_pepri": null, "director": null, "promotor": null, "descrip_restos": "", "ubi_mat_dep_perm": null, "ubi_mat_falta_depos": null, "ubi_mat_dep_tempo": null, "bibliografia": null, "colaboradores": null }, "geometry": { "type": "MultiPolygon", "coordinates": [ [ [ [ -1.607602240814829, 42.064794198972571 ], [ -1.607639323740423, 42.06476151481489 ], [ -1.607670774519032, 42.064733796820335 ], [ -1.607741637698727, 42.064671324425191 ], [ -1.607767727637966, 42.064648323697924 ], [ -1.607972810864422, 42.064467524818497 ], [ -1.608057014180184, 42.064510848823566 ], [ -1.608105070386395, 42.064540170831258 ], [ -1.608147364255223, 42.064496327879766 ], [ -1.608036881765623, 42.06444484068011 ], [ -1.607981542687747, 42.064417492734044 ], [ -1.607973903717199, 42.064411419887669 ], [ -1.607945153631871, 42.064388564391557 ], [ -1.607911592047893, 42.064361885887088 ], [ -1.607853701051733, 42.064355086291116 ], [ -1.607850385807036, 42.064354694824132 ], [ -1.60780650908255, 42.064353153783188 ], [ -1.607805035702573, 42.064353099881892 ], [ -1.607731034943755, 42.064341250377183 ], [ -1.607683025315268, 42.064343549859736 ], [ -1.60763660013001, 42.064344139340655 ], [ -1.607612651984059, 42.064342695940994 ], [ -1.607618674937244, 42.064350262258635 ], [ -1.60759587046323, 42.06436727761362 ], [ -1.607589287382626, 42.064373727290217 ], [ -1.607598893505172, 42.064383804812508 ], [ -1.607565454810188, 42.064402942691579 ], [ -1.607556469349571, 42.064393223943497 ], [ -1.607548537017912, 42.064397810955363 ], [ -1.607541220757722, 42.06439024695235 ], [ -1.607473845017057, 42.06442920109702 ], [ -1.607470229457027, 42.064425959987162 ], [ -1.607429744925654, 42.064464420873065 ], [ -1.607385506706821, 42.064506510753922 ], [ -1.607349302533781, 42.064547653395138 ], [ -1.607292316504761, 42.064611140570676 ], [ -1.607282129082856, 42.064622680067025 ], [ -1.607277968216283, 42.064626691401379 ], [ -1.607271386777931, 42.064629745708388 ], [ -1.607262976930856, 42.06463239955859 ], [ -1.607130708382886, 42.06466192881377 ], [ -1.607134504349413, 42.064700593857111 ], [ -1.607210426823617, 42.064700848960285 ], [ -1.607265223582022, 42.064701027728063 ], [ -1.607296422575078, 42.064765008810809 ], [ -1.607303824952078, 42.064779139458551 ], [ -1.607334932044802, 42.064838481176253 ], [ -1.607422581612232, 42.064893348501563 ], [ -1.607352522858531, 42.064955488219873 ], [ -1.607392335750203, 42.064980396464854 ], [ -1.607602240814829, 42.064794198972571 ] ] ] ] } },
{ "type": "Feature", "properties": { "fid": 109, "numero_int": 5, "denominacion": "ZonaPozos RA23 Cerro", "n_sigla": "_1_3_7", "direccion": null, "fecha": null, "z_pepri": null, "director": null, "promotor": null, "descrip_restos": null, "ubi_mat_dep_perm": null, "ubi_mat_falta_depos": null, "ubi_mat_dep_tempo": null, "bibliografia": null, "colaboradores": null }, "geometry": { "type": "MultiPolygon", "coordinates": [ [ [ [ -1.606468648185549, 42.066835411216395 ], [ -1.606489490501514, 42.066827960031574 ], [ -1.606558235395255, 42.066825217873806 ], [ -1.606710928122321, 42.066867519620459 ], [ -1.606705248292953, 42.066890838715253 ], [ -1.606684384105468, 42.066916174661948 ], [ -1.606665357582197, 42.066925023699227 ], [ -1.606529382105269, 42.066895031668466 ], [ -1.606492630835332, 42.066870096679637 ], [ -1.606468648185549, 42.066835411216395 ] ] ] ] } },
{ "type": "Feature", "properties": { "fid": 110, "numero_int": 4, "denominacion": "TorreonCarlista RA11 Cerro", "n_sigla": "_1_3_8", "direccion": null, "fecha": null, "z_pepri": null, "director": null, "promotor": null, "descrip_restos": null, "ubi_mat_dep_perm": null, "ubi_mat_falta_depos": null, "ubi_mat_dep_tempo": null, "bibliografia": null, "colaboradores": null }, "geometry": { "type": "MultiPolygon", "coordinates": [ [ [ [ -1.607740013707653, 42.067073993912949 ], [ -1.607729926770258, 42.067045530695154 ], [ -1.607835482403126, 42.067014343274685 ], [ -1.607848629525357, 42.066987262568858 ], [ -1.607880478414245, 42.066966186983798 ], [ -1.607924571754875, 42.066993136677844 ], [ -1.607939719056392, 42.067026614036045 ], [ -1.607925161374501, 42.067050650949177 ], [ -1.6078850257538, 42.067062270785641 ], [ -1.607854891476047, 42.067055576652997 ], [ -1.607740013707653, 42.067073993912949 ] ] ] ] } },
{ "type": "Feature", "properties": { "fid": 111, "numero_int": 14, "denominacion": "Solar Carrera y Claras", "n_sigla": "_1_3_9", "direccion": "Calle Alameda", "fecha": null, "z_pepri": null, "director": null, "promotor": null, "descrip_restos": null, "ubi_mat_dep_perm": null, "ubi_mat_falta_depos": null, "ubi_mat_dep_tempo": null, "bibliografia": null, "colaboradores": null }, "geometry": { "type": "MultiPolygon", "coordinates": [ [ [ [ -1.603717071058522, 42.061626129006001 ], [ -1.603777058526739, 42.061617096114247 ], [ -1.603820287975335, 42.061610579191267 ], [ -1.603892316833867, 42.061599720372733 ], [ -1.603899689410189, 42.061598612235969 ], [ -1.603948484366325, 42.061591271355319 ], [ -1.604040387692314, 42.061577420981038 ], [ -1.604042648029425, 42.061588994545339 ], [ -1.604045142674554, 42.06160035480903 ], [ -1.604049480482473, 42.061623022379187 ], [ -1.604067641198903, 42.061717016820381 ], [ -1.604075385789129, 42.061716030279804 ], [ -1.604077778510821, 42.061730388397812 ], [ -1.604079797056149, 42.061742517409783 ], [ -1.60404268588655, 42.061747802949725 ], [ -1.604005308099944, 42.061753121259187 ], [ -1.604028986536133, 42.061836888640357 ], [ -1.604076761277122, 42.061828679696681 ], [ -1.604095408737921, 42.061825430115789 ], [ -1.60410589636551, 42.061876326162853 ], [ -1.604111215987555, 42.061902175888044 ], [ -1.603848276612474, 42.061965371347398 ], [ -1.603823004421953, 42.061951590442291 ], [ -1.603789298995094, 42.06186487304074 ], [ -1.603772643882214, 42.061821323104972 ], [ -1.603764126066123, 42.061791408636637 ], [ -1.603717071058522, 42.061626129006001 ] ] ] ] } },
{ "type": "Feature", "properties": { "fid": 112, "numero_int": 15, "denominacion": "PlazaVieja ", "n_sigla": "_1_3_10", "direccion": null, "fecha": null, "z_pepri": null, "director": null, "promotor": null, "descrip_restos": null, "ubi_mat_dep_perm": null, "ubi_mat_falta_depos": null, "ubi_mat_dep_tempo": null, "bibliografia": null, "colaboradores": null }, "geometry": { "type": "MultiPolygon", "coordinates": [ [ [ [ -1.604988867517446, 42.063951906974388 ], [ -1.605125068261937, 42.06390325409685 ], [ -1.605147962682785, 42.063931477210225 ], [ -1.605208883872756, 42.063904571918698 ], [ -1.605213202612701, 42.063910125675029 ], [ -1.605220762728949, 42.063906908841339 ], [ -1.605228313916959, 42.063916318886122 ], [ -1.605235213842629, 42.06391332324592 ], [ -1.605239570232689, 42.063918379156313 ], [ -1.605274228056335, 42.063902894601952 ], [ -1.605271101387412, 42.063894206064965 ], [ -1.605279364637144, 42.063890638995993 ], [ -1.605276175724089, 42.063886015851686 ], [ -1.605363399833863, 42.06384828099872 ], [ -1.605366776810325, 42.063846794406665 ], [ -1.60537389838273, 42.06385546505463 ], [ -1.605391753826614, 42.06384627411407 ], [ -1.605396927289315, 42.063834776370861 ], [ -1.605433811329348, 42.063819418485153 ], [ -1.605505433902647, 42.063830814732789 ], [ -1.60556244239064, 42.063805966200043 ], [ -1.605579127322845, 42.063756146021511 ], [ -1.605530937510002, 42.063696136155457 ], [ -1.605584099978959, 42.06367306447499 ], [ -1.60560798909784, 42.063702694832941 ], [ -1.605611980322992, 42.063707672715417 ], [ -1.605653461846734, 42.063716649651937 ], [ -1.605692995431804, 42.063702609621856 ], [ -1.605734386995812, 42.063688655149257 ], [ -1.605817938758511, 42.063834244535023 ], [ -1.605819885848931, 42.063849576048234 ], [ -1.605807074580493, 42.06386132650028 ], [ -1.605139584865827, 42.064062421811315 ], [ -1.605121384929872, 42.06405964926266 ], [ -1.605073537975784, 42.064055665872949 ], [ -1.605034050223671, 42.064034775357847 ], [ -1.604988867517446, 42.063951906974388 ] ] ] ] } },
{ "type": "Feature", "properties": { "fid": 113, "numero_int": 17, "denominacion": "Juderia II", "n_sigla": "_1_3_11", "direccion": null, "fecha": null, "z_pepri": null, "director": null, "promotor": null, "descrip_restos": null, "ubi_mat_dep_perm": null, "ubi_mat_falta_depos": null, "ubi_mat_dep_tempo": null, "bibliografia": null, "colaboradores": null }, "geometry": { "type": "MultiPolygon", "coordinates": [ [ [ [ -1.603250803224227, 42.062840266391127 ], [ -1.603257309325118, 42.062843957107972 ], [ -1.603278641400552, 42.06285664544712 ], [ -1.603324295679112, 42.062880149175236 ], [ -1.60336670864622, 42.062907062842932 ], [ -1.603405759024269, 42.062872890936852 ], [ -1.603438524659458, 42.06284422642694 ], [ -1.603509355141981, 42.062782233568456 ], [ -1.603501988289691, 42.062770390704188 ], [ -1.603424653936948, 42.062646072336094 ], [ -1.603391730492612, 42.062593164952723 ], [ -1.603317121529588, 42.062618014840936 ], [ -1.60316746508876, 42.062667862239842 ], [ -1.603095157011348, 42.062691947438289 ], [ -1.603030543769348, 42.062713460408652 ], [ -1.603084082164403, 42.062745598178601 ], [ -1.603149977770145, 42.062783019937072 ], [ -1.603159157885246, 42.062788229248788 ], [ -1.60319879089084, 42.062810732080742 ], [ -1.603228229174464, 42.062827445846978 ], [ -1.603250803224227, 42.062840266391127 ] ] ] ] } },
{ "type": "Feature", "properties": { "fid": 114, "numero_int": 16, "denominacion": "Plaza Yehuda ha Leví", "n_sigla": "_1_3_12", "direccion": null, "fecha": null, "z_pepri": null, "director": null, "promotor": null, "descrip_restos": null, "ubi_mat_dep_perm": null, "ubi_mat_falta_depos": null, "ubi_mat_dep_tempo": null, "bibliografia": null, "colaboradores": null }, "geometry": { "type": "MultiPolygon", "coordinates": [ [ [ [ -1.606137524236084, 42.064585211590639 ], [ -1.606096343437257, 42.064507281453722 ], [ -1.606060160224321, 42.064432794269962 ], [ -1.606017041442048, 42.064366389837559 ], [ -1.606009879475152, 42.064359769216189 ], [ -1.605972167945305, 42.064246606213473 ], [ -1.605918330279035, 42.064027257517523 ], [ -1.606213212195106, 42.063992374391376 ], [ -1.606229943990718, 42.064068282083269 ], [ -1.606200292822498, 42.064072490294741 ], [ -1.60621702983055, 42.064118132583637 ], [ -1.606216264304732, 42.064123099547913 ], [ -1.606215952845892, 42.064172368924169 ], [ -1.606200207039916, 42.064176501303209 ], [ -1.606218087427437, 42.06423994150046 ], [ -1.606207939581436, 42.064243407673736 ], [ -1.606210145862082, 42.064252652795396 ], [ -1.606231448231589, 42.064289784836717 ], [ -1.606248962631454, 42.06430990262421 ], [ -1.60626396270716, 42.06432203714575 ], [ -1.606365790809275, 42.064406866639608 ], [ -1.606455281065919, 42.064511811106406 ], [ -1.606137524236084, 42.064585211590639 ] ] ] ] } },
{ "type": "Feature", "properties": { "fid": 115, "numero_int": 11, "denominacion": "Cata RA18 Cerro", "n_sigla": "_1_3_13", "direccion": null, "fecha": null, "z_pepri": null, "director": null, "promotor": null, "descrip_restos": null, "ubi_mat_dep_perm": null, "ubi_mat_falta_depos": null, "ubi_mat_dep_tempo": null, "bibliografia": null, "colaboradores": null }, "geometry": { "type": "MultiPolygon", "coordinates": [ [ [ [ -1.607610380773526, 42.067471158862205 ], [ -1.60748888545815, 42.067409821021933 ], [ -1.607522762058702, 42.067378816171818 ], [ -1.607641199972905, 42.067443332683872 ], [ -1.607610380773526, 42.067471158862205 ] ] ] ] } },
{ "type": "Feature", "properties": { "fid": 116, "numero_int": 10, "denominacion": "Cortapelaires 1", "n_sigla": "_2", "direccion": "Calle Cortapelaires", "fecha": "17 de mayo de 2024", "z_pepri": null, "director": null, "promotor": null, "descrip_restos": "\nWhere does it come from?\nContrary to popular belief, Lorem Ipsum is not simply random text. It has roots in a piece of classical Latin literature from 45 BC, making it over 2000 years old. Richard McClintock, a Latin professor at Hampden-Sydney College in Virginia, looked up one of the more obscure Latin words, consectetur, from a Lorem Ipsum passage, and going through the cites of the word in classical literature, discovered the undoubtable source. Lorem Ipsum comes from sections 1.10.32 and 1.10.33 of \"de Finibus Bonorum et Malorum\" (The Extremes of Good and Evil) by Cicero, written in 45 BC. This book is a treatise on the theory of ethics, very popular during the Renaissance. The first line of Lorem Ipsum, \"Lorem ipsum dolor sit amet..\", comes from a line in section 1.10.32.\n\nThe standard chunk of Lorem Ipsum used since the 1500s is reproduced below for those interested. Sections 1.10.32 and 1.10.33 from \"de Finibus Bonorum et Malorum\" by Cicero are also reproduced in their exact original form, accompanied by English versions from the 1914 translation by H. Rackham.\n\nWhere can I get some?\nThere are many variations of passages of Lorem Ipsum available, but the majority have suffered alteration in some form, by injected humour, or randomised words which don't look even slightly believable. If you are going to use a passage of Lorem Ipsum, you need to be sure there isn't anything embarrassing hidden in the middle of text. All the Lorem Ipsum generators on the Internet tend to repeat predefined chunks as necessary, making this the first true generator on the Internet. It uses a dictionary of over 200 Latin words, combined with a handful of model sentence structures, to generate Lorem Ipsum which looks reasonable. The generated Lorem Ipsum is therefore always free from repetition, injected humour, or non-characteristic words etc.", "ubi_mat_dep_perm": null, "ubi_mat_falta_depos": null, "ubi_mat_dep_tempo": null, "bibliografia": null, "colaboradores": "Miguel Álvarez Muñoz" }, "geometry": { "type": "MultiPolygon", "coordinates": [ [ [ [ -1.606751764451372, 42.065362988995531 ], [ -1.606710817088941, 42.065336346553757 ], [ -1.606697613055147, 42.065327747333832 ], [ -1.606675697417737, 42.065314593224848 ], [ -1.606631377244653, 42.065287981850112 ], [ -1.606557152222996, 42.065343820120532 ], [ -1.606555840381606, 42.065344668793529 ], [ -1.606556448370027, 42.065345054440833 ], [ -1.606620388534129, 42.065392519485727 ], [ -1.606621922622747, 42.065393114516738 ], [ -1.606635679010919, 42.065400774792359 ], [ -1.606636918566118, 42.065401573391249 ], [ -1.606639596150548, 42.065398516748537 ], [ -1.606662479635479, 42.065408314265184 ], [ -1.606675615742702, 42.06541394058943 ], [ -1.606693512350746, 42.065417985572324 ], [ -1.606724109706607, 42.065424904667196 ], [ -1.606733641576725, 42.065403558422155 ], [ -1.606738229380889, 42.065393292922479 ], [ -1.606751764451372, 42.065362988995531 ] ] ] ] } },
{ "type": "Feature", "properties": { "fid": 117, "numero_int": 13, "denominacion": "CerroSantaBarbara RA 17", "n_sigla": "_3", "direccion": null, "fecha": null, "z_pepri": null, "director": null, "promotor": null, "descrip_restos": null, "ubi_mat_dep_perm": null, "ubi_mat_falta_depos": null, "ubi_mat_dep_tempo": null, "bibliografia": null, "colaboradores": null }, "geometry": { "type": "MultiPolygon", "coordinates": [ [ [ [ -1.60731776684666, 42.067635377117853 ], [ -1.607188154263597, 42.067714729328905 ], [ -1.607057346448141, 42.067768614535893 ], [ -1.607032337964608, 42.067750690089639 ], [ -1.607177412818425, 42.067685230853435 ], [ -1.607276363626251, 42.067606159125091 ], [ -1.60731776684666, 42.067635377117853 ] ] ] ] } },
{ "type": "Feature", "properties": { "fid": 118, "numero_int": 12, "denominacion": "Murallas RA10 Cerro", "n_sigla": "_4", "direccion": null, "fecha": null, "z_pepri": null, "director": null, "promotor": null, "descrip_restos": null, "ubi_mat_dep_perm": null, "ubi_mat_falta_depos": null, "ubi_mat_dep_tempo": null, "bibliografia": null, "colaboradores": null }, "geometry": { "type": "MultiPolygon", "coordinates": [ [ [ [ -1.606403831149899, 42.0674700550341 ], [ -1.606307295955483, 42.067330108136815 ], [ -1.606316219168736, 42.067286432071732 ], [ -1.606384559767274, 42.067258319845699 ], [ -1.60640049096947, 42.067258513333201 ], [ -1.606397184971589, 42.067318584030765 ], [ -1.606420302788328, 42.06735448604168 ], [ -1.606494515548449, 42.067422177159962 ], [ -1.606403831149899, 42.0674700550341 ] ] ], [ [ [ -1.606360684084142, 42.067166008318651 ], [ -1.606319535829906, 42.067180350731846 ], [ -1.606277305092104, 42.067153121863512 ], [ -1.606270021206846, 42.067121864802665 ], [ -1.606301293609301, 42.067103691909189 ], [ -1.606360684084142, 42.067166008318651 ] ] ] ] } },
{ "type": "Feature", "properties": { "fid": 119, "numero_int": 23, "denominacion": "Muro 5-7", "n_sigla": "_5", "direccion": null, "fecha": null, "z_pepri": null, "director": null, "promotor": null, "descrip_restos": null, "ubi_mat_dep_perm": null, "ubi_mat_falta_depos": null, "ubi_mat_dep_tempo": null, "bibliografia": null, "colaboradores": null }, "geometry": { "type": "MultiPolygon", "coordinates": [ [ [ [ -1.605066505456091, 42.062199454426462 ], [ -1.605084035763175, 42.062229019036764 ], [ -1.60509717186455, 42.062251172087151 ], [ -1.60509991082435, 42.062255798591266 ], [ -1.60512143935172, 42.062292094467132 ], [ -1.605148620575819, 42.062337942676891 ], [ -1.605236261846691, 42.062309575435584 ], [ -1.6052780634364, 42.062293764128952 ], [ -1.605325550645157, 42.062266673984517 ], [ -1.605290654280275, 42.062224325552123 ], [ -1.605278962850884, 42.062205189178236 ], [ -1.605273547976894, 42.062200232945713 ], [ -1.605237765727797, 42.062167438410924 ], [ -1.605234140099609, 42.062164116051072 ], [ -1.605216528656482, 42.062139359836728 ], [ -1.60518630116004, 42.06209685197215 ], [ -1.605040350585074, 42.062155311856465 ], [ -1.605066505456091, 42.062199454426462 ] ] ] ] } },
{ "type": "Feature", "properties": { "fid": 120, "numero_int": 22, "denominacion": "Necropolis Palenque", "n_sigla": "_6", "direccion": null, "fecha": null, "z_pepri": null, "director": null, "promotor": null, "descrip_restos": null, "ubi_mat_dep_perm": null, "ubi_mat_falta_depos": null, "ubi_mat_dep_tempo": null, "bibliografia": null, "colaboradores": null }, "geometry": { "type": "MultiPolygon", "coordinates": [ [ [ [ -1.607730153498113, 42.069211522138218 ], [ -1.608484676299093, 42.069531391478115 ], [ -1.609132806433945, 42.069741890897269 ], [ -1.609868714571443, 42.069876896726107 ], [ -1.610208071247615, 42.07004312060414 ], [ -1.610524871604501, 42.070204567198871 ], [ -1.610848911124117, 42.070488007808642 ], [ -1.611171559319708, 42.071212395556117 ], [ -1.610177904856257, 42.071218074891867 ], [ -1.609125118553137, 42.070993670761943 ], [ -1.608061213383439, 42.070832511408327 ], [ -1.607849796874324, 42.070550760865551 ], [ -1.607775065592055, 42.069991110429918 ], [ -1.607536053695505, 42.069421198925966 ], [ -1.607730153498113, 42.069211522138218 ] ] ] ] } },
{ "type": "Feature", "properties": { "fid": 121, "numero_int": 25, "denominacion": "Solar Herrerías 26 y 28", "n_sigla": "_7", "direccion": null, "fecha": null, "z_pepri": null, "director": null, "promotor": null, "descrip_restos": null, "ubi_mat_dep_perm": null, "ubi_mat_falta_depos": null, "ubi_mat_dep_tempo": null, "bibliografia": null, "colaboradores": null }, "geometry": { "type": "MultiPolygon", "coordinates": [ [ [ [ -1.607654203537537, 42.063432970434974 ], [ -1.607632343525385, 42.063399039668312 ], [ -1.607648323962183, 42.063392298733483 ], [ -1.607680272349097, 42.063378834718165 ], [ -1.607703571922033, 42.063369012369968 ], [ -1.607722874931273, 42.063361771361926 ], [ -1.607768304946692, 42.063344742295094 ], [ -1.60779037424775, 42.063379053839775 ], [ -1.607791162374241, 42.063380045087676 ], [ -1.607853873653405, 42.063459367810303 ], [ -1.607933643451864, 42.063464910768637 ], [ -1.607928763470924, 42.063470309378751 ], [ -1.607885478474467, 42.06349924382944 ], [ -1.607854589669242, 42.063515656807503 ], [ -1.607852718712443, 42.063516651819349 ], [ -1.607823887160942, 42.063530180716391 ], [ -1.607792894248917, 42.063544719106147 ], [ -1.607760497000728, 42.063559915920287 ], [ -1.607742520239971, 42.063534669323516 ], [ -1.60773648096845, 42.063526193178213 ], [ -1.607695127602862, 42.063541947771661 ], [ -1.607663158940039, 42.063554123644963 ], [ -1.607637362215106, 42.063566491482668 ], [ -1.607566729103274, 42.063595814464954 ], [ -1.607564619144079, 42.063593366168888 ], [ -1.607504783240005, 42.063521850612872 ], [ -1.607503859366926, 42.063520434420035 ], [ -1.607604275302117, 42.063487699242799 ], [ -1.607614788867993, 42.06348390007615 ], [ -1.607678345415916, 42.06346093069557 ], [ -1.60767687153583, 42.063458688257981 ], [ -1.607658881248812, 42.063431297986568 ], [ -1.607654203537537, 42.063432970434974 ] ] ] ] } },
{ "type": "Feature", "properties": { "fid": 122, "numero_int": 24, "denominacion": "SanMiguel 14", "n_sigla": "_8", "direccion": null, "fecha": null, "z_pepri": null, "director": null, "promotor": null, "descrip_restos": null, "ubi_mat_dep_perm": null, "ubi_mat_falta_depos": null, "ubi_mat_dep_tempo": null, "bibliografia": null, "colaboradores": null }, "geometry": { "type": "MultiPolygon", "coordinates": [ [ [ [ -1.60602601715522, 42.065480082584088 ], [ -1.60603191753078, 42.065426404742638 ], [ -1.605911278333127, 42.065418184407847 ], [ -1.605912930297367, 42.065528837706786 ], [ -1.605999710870264, 42.065533917807372 ], [ -1.606026806385813, 42.065527978599533 ], [ -1.60601607048091, 42.065528109358283 ], [ -1.606020187569726, 42.065480254934059 ], [ -1.60602601715522, 42.065480082584088 ] ] ] ] } },
{ "type": "Feature", "properties": { "fid": 123, "numero_int": 19, "denominacion": "Solares El Liceo", "n_sigla": "_9", "direccion": null, "fecha": null, "z_pepri": null, "director": null, "promotor": null, "descrip_restos": null, "ubi_mat_dep_perm": null, "ubi_mat_falta_depos": null, "ubi_mat_dep_tempo": null, "bibliografia": null, "colaboradores": null }, "geometry": { "type": "MultiPolygon", "coordinates": [ [ [ [ -1.607621520947299, 42.064821208622519 ], [ -1.607622206131905, 42.064825251754094 ], [ -1.607721475432915, 42.064897623973579 ], [ -1.607529850706227, 42.065066436224278 ], [ -1.607392335750203, 42.064980396464854 ], [ -1.607602240814829, 42.064794198972571 ], [ -1.607605301905675, 42.064798478079396 ], [ -1.607621520947299, 42.064821208622519 ] ] ], [ [ [ -1.607422581612232, 42.064893348501563 ], [ -1.607352522858531, 42.064955488219873 ], [ -1.607242349196942, 42.064886549819704 ], [ -1.607239348774615, 42.06488391959045 ], [ -1.607287164790274, 42.064861191683022 ], [ -1.607334932044802, 42.064838481176253 ], [ -1.607422581612232, 42.064893348501563 ] ] ] ] } },
{ "type": "Feature", "properties": { "fid": 124, "numero_int": 18, "denominacion": "Carnicerias 15", "n_sigla": "_10", "direccion": null, "fecha": null, "z_pepri": null, "director": null, "promotor": null, "descrip_restos": null, "ubi_mat_dep_perm": null, "ubi_mat_falta_depos": null, "ubi_mat_dep_tempo": null, "bibliografia": null, "colaboradores": null }, "geometry": { "type": "MultiPolygon", "coordinates": [ [ [ [ -1.606474050587546, 42.06223507360361 ], [ -1.606460448590266, 42.062238069624961 ], [ -1.606423832469474, 42.062246135884635 ], [ -1.606408032232511, 42.062249618561403 ], [ -1.606407354322364, 42.062247457824526 ], [ -1.606378183624919, 42.062253849259676 ], [ -1.606340463212032, 42.062262118231921 ], [ -1.606359268553265, 42.062308566919135 ], [ -1.606373018105625, 42.062344137643372 ], [ -1.60647458305503, 42.062327331517864 ], [ -1.606481946355512, 42.062415070170928 ], [ -1.606520965266659, 42.06240987906056 ], [ -1.606555390355774, 42.062405289610894 ], [ -1.606545141989288, 42.06236380826693 ], [ -1.606571486926468, 42.062372783234132 ], [ -1.606603878362771, 42.062383813003144 ], [ -1.606602903691657, 42.06238748474091 ], [ -1.606660455457365, 42.062408051465994 ], [ -1.606729905147718, 42.06231065411653 ], [ -1.606622076009567, 42.06225080390233 ], [ -1.606608717363024, 42.062241013961632 ], [ -1.606585318645564, 42.062223879054052 ], [ -1.606484114097357, 42.062262899171152 ], [ -1.606474050587546, 42.06223507360361 ] ] ] ] } },
{ "type": "Feature", "properties": { "fid": 125, "numero_int": 21, "denominacion": "SubidaMonumento 1 1997", "n_sigla": "_11", "direccion": null, "fecha": null, "z_pepri": null, "director": null, "promotor": null, "descrip_restos": null, "ubi_mat_dep_perm": null, "ubi_mat_falta_depos": null, "ubi_mat_dep_tempo": null, "bibliografia": null, "colaboradores": null }, "geometry": { "type": "MultiPolygon", "coordinates": [ [ [ [ -1.609154415417718, 42.066511717378603 ], [ -1.609165810769331, 42.06636456668771 ], [ -1.609046547218157, 42.066358563854017 ], [ -1.608853054912535, 42.066348824012806 ], [ -1.608717624701822, 42.066342012408846 ], [ -1.608701845607642, 42.066480085600844 ], [ -1.608732414100396, 42.066476736644155 ], [ -1.60879231558591, 42.066470158821112 ], [ -1.608798879797106, 42.066536533682317 ], [ -1.608868302301868, 42.066533439605124 ], [ -1.608879904974896, 42.066532922811511 ], [ -1.608899892109704, 42.066532030331203 ], [ -1.609033201805177, 42.066521388851157 ], [ -1.609075555696661, 42.066518011547224 ], [ -1.609136326123356, 42.066513155272141 ], [ -1.609154415417718, 42.066511717378603 ] ] ] ] } },
{ "type": "Feature", "properties": { "fid": 126, "numero_int": 20, "denominacion": "Muralla", "n_sigla": "_12", "direccion": null, "fecha": null, "z_pepri": null, "director": null, "promotor": null, "descrip_restos": null, "ubi_mat_dep_perm": null, "ubi_mat_falta_depos": null, "ubi_mat_dep_tempo": null, "bibliografia": null, "colaboradores": null }, "geometry": { "type": "MultiPolygon", "coordinates": [ [ [ [ -1.605453691689562, 42.066454798376938 ], [ -1.605231837864961, 42.066491444096854 ], [ -1.605185382501417, 42.066407021057088 ], [ -1.605252492198857, 42.066321381064888 ], [ -1.605290059219584, 42.066300279028603 ], [ -1.605381776026113, 42.066409137992068 ], [ -1.605428258433736, 42.06641631075 ], [ -1.605453691689562, 42.066454798376938 ] ] ] ] } },
{ "type": "Feature", "properties": { "fid": 127, "numero_int": 31, "denominacion": "Zurradores 12", "n_sigla": "_13", "direccion": null, "fecha": null, "z_pepri": null, "director": null, "promotor": null, "descrip_restos": null, "ubi_mat_dep_perm": null, "ubi_mat_falta_depos": null, "ubi_mat_dep_tempo": null, "bibliografia": null, "colaboradores": null }, "geometry": { "type": "MultiPolygon", "coordinates": [ [ [ [ -1.608187241784319, 42.061593534463512 ], [ -1.608165149858946, 42.061564149154442 ], [ -1.608159818790119, 42.061555348386321 ], [ -1.60815385983572, 42.061545414215232 ], [ -1.608148297537749, 42.06153613330828 ], [ -1.608141382609056, 42.06152459342691 ], [ -1.608092766537596, 42.061548113566204 ], [ -1.60801932888642, 42.061583662198387 ], [ -1.608030040586808, 42.061601759694646 ], [ -1.608043037409561, 42.061624243955755 ], [ -1.608043934152362, 42.061625794909943 ], [ -1.608063496712722, 42.06165478030178 ], [ -1.608083035839209, 42.061646110093044 ], [ -1.608081136725945, 42.061643970577421 ], [ -1.608090014954235, 42.061639773263757 ], [ -1.6081257837585, 42.061622888036901 ], [ -1.608187241784319, 42.061593534463512 ] ] ] ] } },
{ "type": "Feature", "properties": { "fid": 128, "numero_int": 30, "denominacion": "SainzAlcaine 7", "n_sigla": "_14", "direccion": null, "fecha": null, "z_pepri": null, "director": null, "promotor": null, "descrip_restos": null, "ubi_mat_dep_perm": null, "ubi_mat_falta_depos": null, "ubi_mat_dep_tempo": null, "bibliografia": null, "colaboradores": null }, "geometry": { "type": "MultiPolygon", "coordinates": [ [ [ [ -1.607459657889549, 42.065404563064249 ], [ -1.607320858298005, 42.065378921809817 ], [ -1.607276009160266, 42.065447266559836 ], [ -1.607429167197761, 42.065483448361704 ], [ -1.607459657889549, 42.065404563064249 ] ] ] ] } },
{ "type": "Feature", "properties": { "fid": 129, "numero_int": 33, "denominacion": "SanMiguel 2000", "n_sigla": "_15", "direccion": null, "fecha": null, "z_pepri": null, "director": null, "promotor": null, "descrip_restos": null, "ubi_mat_dep_perm": null, "ubi_mat_falta_depos": null, "ubi_mat_dep_tempo": null, "bibliografia": null, "colaboradores": null }, "geometry": { "type": "MultiPolygon", "coordinates": [ [ [ [ -1.607872469511961, 42.065654231035502 ], [ -1.606976278924767, 42.065550237089376 ], [ -1.607200266724405, 42.065445517779054 ], [ -1.607275681841431, 42.065448798912371 ], [ -1.607428175964301, 42.065484423014503 ], [ -1.607636588512708, 42.065536654672528 ], [ -1.607862921255299, 42.065614439550089 ], [ -1.607872469511961, 42.065654231035502 ] ] ] ] } },
{ "type": "Feature", "properties": { "fid": 130, "numero_int": 32, "denominacion": "Calahorra 13", "n_sigla": "_16", "direccion": null, "fecha": null, "z_pepri": null, "director": null, "promotor": null, "descrip_restos": null, "ubi_mat_dep_perm": null, "ubi_mat_falta_depos": null, "ubi_mat_dep_tempo": null, "bibliografia": null, "colaboradores": null }, "geometry": { "type": "MultiPolygon", "coordinates": [ [ [ [ -1.608390949413324, 42.065270823996507 ], [ -1.608381282499703, 42.065266284671317 ], [ -1.608362187790096, 42.065257326000207 ], [ -1.608338510927592, 42.065246213287871 ], [ -1.608311451002445, 42.065278758050049 ], [ -1.6083044377577, 42.065287192939152 ], [ -1.608231270336693, 42.065360526329243 ], [ -1.60830085302093, 42.065395414050862 ], [ -1.608339359013164, 42.065351254906098 ], [ -1.608334216285179, 42.06534931022005 ], [ -1.608355837298862, 42.065324507941817 ], [ -1.608368316548071, 42.065305430864186 ], [ -1.608390949413324, 42.065270823996507 ] ] ] ] } },
{ "type": "Feature", "properties": { "fid": 131, "numero_int": 27, "denominacion": "PlazaMercadal", "n_sigla": "_17", "direccion": "Plaza Mercadal", "fecha": "4 de abril de 2025", "z_pepri": null, "director": "Miguel Pérez Gil", "promotor": "Ayuntamiento de Tudela", "descrip_restos": "There are many variations of passages of Lorem Ipsum available, but the majority have suffered alteration in some form, by injected humour, or randomised words which don't look even slightly believable. If you are going to use a passage of Lorem Ipsum, you need to be sure there isn't anything embarrassing hidden in the middle of text. All the Lorem Ipsum generators on the Internet tend to repeat predefined chunks as necessary, making this the first true generator on the Internet. It uses a dictionary of over 200 Latin words, combined with a handful of model sentence structures, to generate Lorem Ipsum which looks reasonable. The generated Lorem Ipsum is therefore always free from repetition, injected humour, or non-characteristic words etc.", "ubi_mat_dep_perm": null, "ubi_mat_falta_depos": null, "ubi_mat_dep_tempo": null, "bibliografia": null, "colaboradores": null }, "geometry": { "type": "MultiPolygon", "coordinates": [ [ [ [ -1.607530230486099, 42.063955920139634 ], [ -1.607499512228219, 42.063946827457407 ], [ -1.607333002219929, 42.063497253962581 ], [ -1.607281680259967, 42.063349261715402 ], [ -1.607212890590412, 42.063198153593255 ], [ -1.607123096122389, 42.062994034311856 ], [ -1.607100109780641, 42.062978770531103 ], [ -1.606998219932596, 42.062898212873193 ], [ -1.606995019329239, 42.062881123956814 ], [ -1.606854826836778, 42.062776517500986 ], [ -1.606820767425201, 42.062790128288448 ], [ -1.60678989699479, 42.062761275244974 ], [ -1.606707950263904, 42.062671974338166 ], [ -1.606597625511212, 42.062578922068845 ], [ -1.606605523514584, 42.062544454334009 ], [ -1.606775921405957, 42.062687170909399 ], [ -1.606788231616727, 42.062691837443708 ], [ -1.606890560532624, 42.062762798632797 ], [ -1.606994850742498, 42.062817503272065 ], [ -1.607019519738639, 42.062803162602997 ], [ -1.607063119107693, 42.062784453998312 ], [ -1.607095333488699, 42.062855746893739 ], [ -1.607109079114398, 42.06287315523879 ], [ -1.607166456498455, 42.062955794161155 ], [ -1.607206419331668, 42.063016170722065 ], [ -1.607289358703659, 42.063149483144421 ], [ -1.607461743477328, 42.063101756454756 ], [ -1.607550300887107, 42.06307833006278 ], [ -1.60761500484474, 42.06305978660513 ], [ -1.60762174572646, 42.063061171490794 ], [ -1.607649067720675, 42.063118611672621 ], [ -1.607323143450077, 42.063196539736801 ], [ -1.607321218764731, 42.063210309567935 ], [ -1.607339193579473, 42.063247188574778 ], [ -1.60735066050385, 42.063267331905344 ], [ -1.607360225326347, 42.063285354939389 ], [ -1.607371468776346, 42.06330581820329 ], [ -1.607393303988315, 42.06334486546173 ], [ -1.607416024717259, 42.063383020048875 ], [ -1.60742497945916, 42.063397260694835 ], [ -1.607461697781512, 42.063460622610812 ], [ -1.607503837638577, 42.063522028381186 ], [ -1.607564324490889, 42.063593382253302 ], [ -1.607621858092624, 42.063662116526352 ], [ -1.607682188646018, 42.063725531949935 ], [ -1.607797350841061, 42.063854656915588 ], [ -1.607530230486099, 42.063955920139634 ] ] ] ] } },
{ "type": "Feature", "properties": { "fid": 132, "numero_int": 26, "denominacion": "PaseoCastillo 14", "n_sigla": "_18", "direccion": null, "fecha": null, "z_pepri": null, "director": null, "promotor": null, "descrip_restos": null, "ubi_mat_dep_perm": null, "ubi_mat_falta_depos": null, "ubi_mat_dep_tempo": null, "bibliografia": null, "colaboradores": null }, "geometry": { "type": "MultiPolygon", "coordinates": [ [ [ [ -1.606765122140682, 42.065926665556169 ], [ -1.606716402433927, 42.065923795406164 ], [ -1.606688348832193, 42.065922139849306 ], [ -1.606695245267158, 42.065890872705772 ], [ -1.606692485278639, 42.065891064349771 ], [ -1.606693316825349, 42.06588620204576 ], [ -1.606699766673533, 42.065848273833211 ], [ -1.606563956001071, 42.065840680528886 ], [ -1.606558206378821, 42.065883615726008 ], [ -1.60656281004092, 42.065883680637647 ], [ -1.606553858211931, 42.065929341877677 ], [ -1.606552069129887, 42.065945378360368 ], [ -1.606546555439944, 42.065994656846861 ], [ -1.60679234727898, 42.066002684949709 ], [ -1.606798442727539, 42.065945587051374 ], [ -1.606799609823656, 42.065928696421828 ], [ -1.606765122140682, 42.065926665556169 ] ] ] ] } },
{ "type": "Feature", "properties": { "fid": 133, "numero_int": 29, "denominacion": "Caldereros 19", "n_sigla": "_19", "direccion": null, "fecha": null, "z_pepri": null, "director": null, "promotor": null, "descrip_restos": null, "ubi_mat_dep_perm": null, "ubi_mat_falta_depos": null, "ubi_mat_dep_tempo": null, "bibliografia": null, "colaboradores": null }, "geometry": { "type": "MultiPolygon", "coordinates": [ [ [ [ -1.605550919170758, 42.064958961203502 ], [ -1.605548742653798, 42.064935257223475 ], [ -1.605510547329864, 42.064941953048994 ], [ -1.605501636916975, 42.064912250101337 ], [ -1.605499090720187, 42.064903780266235 ], [ -1.605509207747059, 42.064897130488525 ], [ -1.605508253749797, 42.064867272057526 ], [ -1.605449638081501, 42.064880870689109 ], [ -1.605448635256694, 42.064876436414238 ], [ -1.605353643486041, 42.064887611517236 ], [ -1.605284922604984, 42.064907868978253 ], [ -1.605297822737376, 42.064938620134065 ], [ -1.605313311503542, 42.064935043765182 ], [ -1.605330008348598, 42.064986708632368 ], [ -1.605337938276443, 42.065024757510393 ], [ -1.605381456329221, 42.065021719943424 ], [ -1.605512446651896, 42.065012558406259 ], [ -1.605555770960477, 42.065009536431134 ], [ -1.605552538573552, 42.064976642213033 ], [ -1.605550919170758, 42.064958961203502 ] ] ] ] } },
{ "type": "Feature", "properties": { "fid": 134, "numero_int": 28, "denominacion": "SanFrancisco 2", "n_sigla": "_20", "direccion": null, "fecha": null, "z_pepri": null, "director": null, "promotor": null, "descrip_restos": null, "ubi_mat_dep_perm": null, "ubi_mat_falta_depos": null, "ubi_mat_dep_tempo": null, "bibliografia": null, "colaboradores": null }, "geometry": { "type": "MultiPolygon", "coordinates": [ [ [ [ -1.603273921707997, 42.063192144332916 ], [ -1.603290111161614, 42.063175886902648 ], [ -1.603251345298092, 42.063150755815322 ], [ -1.603247252307742, 42.063153317817608 ], [ -1.603201526238454, 42.063123157537703 ], [ -1.603155795536774, 42.063163777610853 ], [ -1.603196542094451, 42.063190076639856 ], [ -1.603228672221179, 42.063210812959007 ], [ -1.603245164049751, 42.063221010687357 ], [ -1.603273921707997, 42.063192144332916 ] ] ] ] } },
{ "type": "Feature", "properties": { "fid": 135, "numero_int": 39, "denominacion": "Humilladero", "n_sigla": "_20_1", "direccion": null, "fecha": null, "z_pepri": null, "director": null, "promotor": null, "descrip_restos": null, "ubi_mat_dep_perm": null, "ubi_mat_falta_depos": null, "ubi_mat_dep_tempo": null, "bibliografia": null, "colaboradores": null }, "geometry": { "type": "MultiPolygon", "coordinates": [ [ [ [ -1.600147077656485, 42.06718500214636 ], [ -1.600202998223749, 42.067163285719758 ], [ -1.60020574122155, 42.067162220415526 ], [ -1.600307157776635, 42.0671223348794 ], [ -1.600258800636937, 42.06707267877136 ], [ -1.600212215293455, 42.06702160325181 ], [ -1.600200672130532, 42.06700895270923 ], [ -1.600168207593674, 42.066954987296654 ], [ -1.599808556246858, 42.067110703864735 ], [ -1.599684373210605, 42.067175618779125 ], [ -1.599620312746206, 42.067209114897167 ], [ -1.599622244619238, 42.067211408057204 ], [ -1.599637713077726, 42.067229690456777 ], [ -1.599598862902471, 42.067247940379389 ], [ -1.599665248935191, 42.067326402724575 ], [ -1.599841094273428, 42.06724380847335 ], [ -1.599812089318172, 42.067209527878326 ], [ -1.599815154815514, 42.067208088254958 ], [ -1.599902075425315, 42.067167278668663 ], [ -1.60003031190871, 42.067318869954576 ], [ -1.600054432767877, 42.067307546138878 ], [ -1.600054725309392, 42.067305784476758 ], [ -1.600068215384495, 42.067243589564811 ], [ -1.600074833348009, 42.06721304894711 ], [ -1.600147077656485, 42.06718500214636 ] ] ] ] } },
{ "type": "Feature", "properties": { "fid": 136, "numero_int": 38, "denominacion": "Herrerias 10", "n_sigla": "_11_1", "direccion": null, "fecha": null, "z_pepri": null, "director": null, "promotor": null, "descrip_restos": null, "ubi_mat_dep_perm": null, "ubi_mat_falta_depos": null, "ubi_mat_dep_tempo": null, "bibliografia": null, "colaboradores": null }, "geometry": { "type": "MultiPolygon", "coordinates": [ [ [ [ -1.606932676626831, 42.062536102777152 ], [ -1.606973831771821, 42.062606788435779 ], [ -1.607021357926217, 42.062591163071325 ], [ -1.607033579999616, 42.062587159540222 ], [ -1.60706506106236, 42.062576815203897 ], [ -1.607093717799549, 42.062567400247978 ], [ -1.607127779726461, 42.06255620460653 ], [ -1.607141304508014, 42.062551766562336 ], [ -1.60714896749625, 42.062548986571919 ], [ -1.607175014283442, 42.062539539914944 ], [ -1.607185040459957, 42.062535914996538 ], [ -1.607214621878929, 42.062528429574279 ], [ -1.607219325155182, 42.062527243793447 ], [ -1.607220540539145, 42.06252693431901 ], [ -1.60728902453358, 42.062509626869925 ], [ -1.607312893864544, 42.062503585150495 ], [ -1.607314157776357, 42.062503267257753 ], [ -1.607322166906543, 42.062501238979031 ], [ -1.607332472905268, 42.062498635154846 ], [ -1.607294193175683, 42.062425219590416 ], [ -1.60726909924079, 42.062431993964914 ], [ -1.607253670698061, 42.062436165747627 ], [ -1.607210886997138, 42.062447714884549 ], [ -1.60717031151288, 42.062459425903604 ], [ -1.607140621921417, 42.062467990756588 ], [ -1.607136158142605, 42.062469278510562 ], [ -1.607133724030064, 42.062470050524027 ], [ -1.607112486695845, 42.062476772608285 ], [ -1.607086673089754, 42.062484952194623 ], [ -1.607073066493719, 42.062489263151228 ], [ -1.607046610162902, 42.06249643522807 ], [ -1.606978420558344, 42.062520176598447 ], [ -1.606932676626831, 42.062536102777152 ] ] ] ] } },
{ "type": "Feature", "properties": { "fid": 137, "numero_int": 41, "denominacion": "Zurradores 7-9", "n_sigla": "_11_1_1", "direccion": null, "fecha": null, "z_pepri": null, "director": null, "promotor": null, "descrip_restos": null, "ubi_mat_dep_perm": null, "ubi_mat_falta_depos": null, "ubi_mat_dep_tempo": null, "bibliografia": null, "colaboradores": null }, "geometry": { "type": "MultiPolygon", "coordinates": [ [ [ [ -1.607718361235176, 42.061470350204743 ], [ -1.607717697190168, 42.061469765744839 ], [ -1.607668662425339, 42.061426156717999 ], [ -1.607613391339717, 42.061376464798954 ], [ -1.6075134643667, 42.06139638097649 ], [ -1.607307660827048, 42.061438014168814 ], [ -1.60732263680143, 42.061481633284032 ], [ -1.607349292999218, 42.061559302850341 ], [ -1.607378099281502, 42.0615988748646 ], [ -1.607429032401468, 42.061578292181551 ], [ -1.607446562659945, 42.061602371603193 ], [ -1.607465054993541, 42.061627777616273 ], [ -1.607482397463341, 42.061651602577179 ], [ -1.60755176747055, 42.061746902395555 ], [ -1.607633062774812, 42.06170742359803 ], [ -1.607850770560576, 42.061601674347955 ], [ -1.607816794774271, 42.061566362753403 ], [ -1.607788967012493, 42.061537862448994 ], [ -1.607764994624355, 42.061514344363893 ], [ -1.607742814573277, 42.061492874436532 ], [ -1.607732279656723, 42.061482731615612 ], [ -1.607718361235176, 42.061470350204743 ] ] ] ] } },
{ "type": "Feature", "properties": { "fid": 138, "numero_int": 40, "denominacion": "Dominicas 17", "n_sigla": "_11_1_2", "direccion": null, "fecha": null, "z_pepri": null, "director": null, "promotor": null, "descrip_restos": null, "ubi_mat_dep_perm": null, "ubi_mat_falta_depos": null, "ubi_mat_dep_tempo": null, "bibliografia": null, "colaboradores": null }, "geometry": { "type": "MultiPolygon", "coordinates": [ [ [ [ -1.610173992982591, 42.062933740846155 ], [ -1.610165205798315, 42.062892205469943 ], [ -1.610065475952245, 42.062904119655158 ], [ -1.610082602025721, 42.062924627284801 ], [ -1.610077021230272, 42.062926703182988 ], [ -1.610094445273357, 42.062948511326191 ], [ -1.610098821743927, 42.062953995131423 ], [ -1.610104790415698, 42.062971260440023 ], [ -1.610117625374445, 42.06300841375333 ], [ -1.610135735175997, 42.063060842583582 ], [ -1.610136142961319, 42.063061541007322 ], [ -1.610151399504708, 42.063087970134717 ], [ -1.610224978180456, 42.063068146841957 ], [ -1.610235762078265, 42.06306524233127 ], [ -1.610215164482273, 42.063027679792711 ], [ -1.610193206805136, 42.062987642059333 ], [ -1.610168973587344, 42.062994301404714 ], [ -1.610158745371625, 42.062965636578859 ], [ -1.610148790464392, 42.062937740597214 ], [ -1.610173992982591, 42.062933740846155 ] ] ] ] } },
{ "type": "Feature", "properties": { "fid": 139, "numero_int": 35, "denominacion": "MuroBarbacana RA5 Cerro", "n_sigla": "_11_1_3", "direccion": null, "fecha": null, "z_pepri": null, "director": null, "promotor": null, "descrip_restos": null, "ubi_mat_dep_perm": null, "ubi_mat_falta_depos": null, "ubi_mat_dep_tempo": null, "bibliografia": null, "colaboradores": null }, "geometry": { "type": "MultiPolygon", "coordinates": [ [ [ [ -1.606456609773941, 42.06627024631819 ], [ -1.606345952085823, 42.066293990238037 ], [ -1.606062192961448, 42.066222083367329 ], [ -1.60602952484731, 42.066150249875186 ], [ -1.606010245243785, 42.066118549522194 ], [ -1.606008911954122, 42.066075161081876 ], [ -1.606022461507951, 42.065977525530954 ], [ -1.606101117535964, 42.065981882790638 ], [ -1.606094612710059, 42.06609661265162 ], [ -1.606104537783284, 42.066112466286945 ], [ -1.606376049306231, 42.066222493928947 ], [ -1.606433791969985, 42.066217667381018 ], [ -1.606466351687222, 42.06624230023705 ], [ -1.606456609773941, 42.06627024631819 ] ] ] ] } },
{ "type": "Feature", "properties": { "fid": 140, "numero_int": 34, "denominacion": "Muralla RA21 Cerro", "n_sigla": "_11_1_4", "direccion": null, "fecha": null, "z_pepri": null, "director": null, "promotor": null, "descrip_restos": null, "ubi_mat_dep_perm": null, "ubi_mat_falta_depos": null, "ubi_mat_dep_tempo": null, "bibliografia": null, "colaboradores": null }, "geometry": { "type": "MultiPolygon", "coordinates": [ [ [ [ -1.60697079721956, 42.067321508832478 ], [ -1.60673608504458, 42.067245437703484 ], [ -1.606830823524001, 42.067082994129414 ], [ -1.607075213269372, 42.067161821154713 ], [ -1.60697079721956, 42.067321508832478 ] ] ] ] } },
{ "type": "Feature", "properties": { "fid": 141, "numero_int": 37, "denominacion": "Herrerias 1", "n_sigla": "_11_1_5", "direccion": null, "fecha": null, "z_pepri": null, "director": null, "promotor": null, "descrip_restos": null, "ubi_mat_dep_perm": null, "ubi_mat_falta_depos": null, "ubi_mat_dep_tempo": null, "bibliografia": null, "colaboradores": null }, "geometry": { "type": "MultiPolygon", "coordinates": [ [ [ [ -1.607106984903648, 42.061987592105865 ], [ -1.607235032036228, 42.061947456236545 ], [ -1.607217635824388, 42.061887938648987 ], [ -1.60720858839202, 42.061857297500424 ], [ -1.607194455311803, 42.061809950992455 ], [ -1.60718772062145, 42.061787407552316 ], [ -1.607178430498504, 42.061756259102751 ], [ -1.607343082631229, 42.061724006617467 ], [ -1.60734723141259, 42.061722751057275 ], [ -1.607400885879513, 42.061706506423526 ], [ -1.607405010296194, 42.061705259571852 ], [ -1.60728029975703, 42.061527519861748 ], [ -1.607253372168673, 42.061449000393694 ], [ -1.606964326474638, 42.061507473064758 ], [ -1.606999788134884, 42.061626273273518 ], [ -1.607022973661933, 42.06170401786185 ], [ -1.607106984903648, 42.061987592105865 ] ] ] ] } },
{ "type": "Feature", "properties": { "fid": 142, "numero_int": 36, "denominacion": "MuroBarbacana RA9 Cerro", "n_sigla": "_11_1_6", "direccion": null, "fecha": null, "z_pepri": null, "director": null, "promotor": null, "descrip_restos": null, "ubi_mat_dep_perm": null, "ubi_mat_falta_depos": null, "ubi_mat_dep_tempo": null, "bibliografia": null, "colaboradores": null }, "geometry": { "type": "MultiPolygon", "coordinates": [ [ [ [ -1.608226004450984, 42.067084327723983 ], [ -1.608019563182582, 42.067071299424583 ], [ -1.608022924684876, 42.067034984060648 ], [ -1.608228924015702, 42.06704864482046 ], [ -1.608226004450984, 42.067084327723983 ] ] ] ] } },
{ "type": "Feature", "properties": { "fid": 143, "numero_int": 47, "denominacion": "SanSalvador 21", "n_sigla": "_11_1_7", "direccion": null, "fecha": null, "z_pepri": null, "director": null, "promotor": null, "descrip_restos": null, "ubi_mat_dep_perm": null, "ubi_mat_falta_depos": null, "ubi_mat_dep_tempo": null, "bibliografia": null, "colaboradores": null }, "geometry": { "type": "MultiPolygon", "coordinates": [ [ [ [ -1.607529917589342, 42.065275734163386 ], [ -1.607562901418043, 42.065288491050687 ], [ -1.60761615240279, 42.065309095167862 ], [ -1.607633446717156, 42.065283736172098 ], [ -1.607637117924489, 42.065278349927929 ], [ -1.607550613405744, 42.0652440580186 ], [ -1.607583358781874, 42.065198595361011 ], [ -1.607594116247629, 42.065183649373225 ], [ -1.607607030072534, 42.065165712444262 ], [ -1.607490987235575, 42.065127486556513 ], [ -1.607487220102685, 42.065128413519439 ], [ -1.607449386128748, 42.065188809864935 ], [ -1.607423098883016, 42.065230775364633 ], [ -1.607398722459183, 42.065262181660088 ], [ -1.607411236715992, 42.065268610919226 ], [ -1.607483457327683, 42.065285086272716 ], [ -1.607517360556572, 42.065292828821939 ], [ -1.607529917589342, 42.065275734163386 ] ] ] ] } },
{ "type": "Feature", "properties": { "fid": 144, "numero_int": 46, "denominacion": "MurallaAndalusi RA7 Cerro", "n_sigla": "_11_1_8", "direccion": null, "fecha": null, "z_pepri": null, "director": null, "promotor": null, "descrip_restos": null, "ubi_mat_dep_perm": null, "ubi_mat_falta_depos": null, "ubi_mat_dep_tempo": null, "bibliografia": null, "colaboradores": null }, "geometry": { "type": "MultiPolygon", "coordinates": [ [ [ [ -1.608299874841026, 42.06780416104948 ], [ -1.608266624116381, 42.067776260330312 ], [ -1.608244017907172, 42.067713904313109 ], [ -1.608300326550959, 42.067661576760138 ], [ -1.608390391897512, 42.067683646510531 ], [ -1.608407022091898, 42.067688667334181 ], [ -1.608299874841026, 42.06780416104948 ] ] ] ] } },
{ "type": "Feature", "properties": { "fid": 145, "numero_int": 49, "denominacion": "Ugarte 17", "n_sigla": "_11_1_8_1", "direccion": null, "fecha": null, "z_pepri": null, "director": null, "promotor": null, "descrip_restos": null, "ubi_mat_dep_perm": null, "ubi_mat_falta_depos": null, "ubi_mat_dep_tempo": null, "bibliografia": null, "colaboradores": null }, "geometry": { "type": "MultiPolygon", "coordinates": [ [ [ [ -1.606902625651127, 42.060729751037613 ], [ -1.606919048102825, 42.060697788935421 ], [ -1.606927038919882, 42.060682214993953 ], [ -1.606930055798478, 42.060676343490428 ], [ -1.606946466139406, 42.060644381236926 ], [ -1.60695531517328, 42.060627142541335 ], [ -1.606971725488294, 42.060595180283592 ], [ -1.606975184146315, 42.06058844953764 ], [ -1.606991534421558, 42.060556468535324 ], [ -1.607000287360109, 42.060539201650506 ], [ -1.607016505291406, 42.060507192018811 ], [ -1.607020345116463, 42.060499610300525 ], [ -1.607036563027145, 42.06046760066549 ], [ -1.607043471971348, 42.060453967947957 ], [ -1.607036694316286, 42.060451643104834 ], [ -1.60699012647527, 42.06043566802451 ], [ -1.606981201590733, 42.060432605614096 ], [ -1.606921642429163, 42.060412167784669 ], [ -1.606911470017456, 42.060408675933928 ], [ -1.606878937482263, 42.060397509443433 ], [ -1.606840611199785, 42.060384345254882 ], [ -1.606798721803302, 42.060369975980535 ], [ -1.606716226846878, 42.060341667263991 ], [ -1.606682710501413, 42.060330173552067 ], [ -1.606623187782323, 42.060309736010353 ], [ -1.60659929218365, 42.060301538319422 ], [ -1.606576559260259, 42.060341313262242 ], [ -1.606566618797164, 42.06035871880151 ], [ -1.606555823832212, 42.060377618014428 ], [ -1.606520624695254, 42.060439207914307 ], [ -1.606524452727932, 42.060441010628509 ], [ -1.606540536113606, 42.060431190940399 ], [ -1.60655187429466, 42.060441613814824 ], [ -1.606628658454368, 42.0605122189139 ], [ -1.606626001878201, 42.060513771763311 ], [ -1.606693885513186, 42.060574127652444 ], [ -1.606733826212146, 42.060609638096025 ], [ -1.606785693028042, 42.060653561105283 ], [ -1.606801142706539, 42.060666645699897 ], [ -1.606801660492822, 42.060675577224281 ], [ -1.606865634609653, 42.060719629182934 ], [ -1.606896806146163, 42.060741091360882 ], [ -1.606902625651127, 42.060729751037613 ] ] ] ] } },
{ "type": "Feature", "properties": { "fid": 146, "numero_int": 48, "denominacion": "Solar Adarbe Magallon", "n_sigla": "_11_1_8_2", "direccion": null, "fecha": null, "z_pepri": null, "director": null, "promotor": null, "descrip_restos": null, "ubi_mat_dep_perm": null, "ubi_mat_falta_depos": null, "ubi_mat_dep_tempo": null, "bibliografia": null, "colaboradores": null }, "geometry": { "type": "MultiPolygon", "coordinates": [ [ [ [ -1.603963988482454, 42.063578346721691 ], [ -1.603926872967431, 42.063549030004403 ], [ -1.603921752325137, 42.063544986924114 ], [ -1.603869235836674, 42.063500361250711 ], [ -1.603843253946321, 42.063521146860467 ], [ -1.603824976133997, 42.063535082354427 ], [ -1.603812614633901, 42.063545982662767 ], [ -1.603800391718622, 42.063556074089995 ], [ -1.603776093984004, 42.063575565258205 ], [ -1.603815071791359, 42.063618071877777 ], [ -1.603749728133967, 42.063670125692255 ], [ -1.603717744960175, 42.06369561158143 ], [ -1.603762105467158, 42.063732410685738 ], [ -1.603860661360332, 42.063665522326161 ], [ -1.603943220262543, 42.063593413746808 ], [ -1.603963988482454, 42.063578346721691 ] ] ] ] } },
{ "type": "Feature", "properties": { "fid": 147, "numero_int": 43, "denominacion": "Calahorra 12", "n_sigla": "_11_1_8_3", "direccion": null, "fecha": null, "z_pepri": null, "director": null, "promotor": null, "descrip_restos": null, "ubi_mat_dep_perm": null, "ubi_mat_falta_depos": null, "ubi_mat_dep_tempo": null, "bibliografia": null, "colaboradores": null }, "geometry": { "type": "MultiPolygon", "coordinates": [ [ [ [ -1.608416847549593, 42.065690443824742 ], [ -1.608423133963538, 42.065695365445642 ], [ -1.608453420353399, 42.065666732491273 ], [ -1.608456715502888, 42.065663620251343 ], [ -1.608510696663648, 42.065615956141443 ], [ -1.608547325688818, 42.065639474432373 ], [ -1.608569869259064, 42.065622239577678 ], [ -1.608454924278923, 42.065555820283478 ], [ -1.608389675393398, 42.065610255539156 ], [ -1.608358995909526, 42.065635857596874 ], [ -1.608348986885135, 42.065644211123896 ], [ -1.608390869969302, 42.065672323348693 ], [ -1.608410786988163, 42.065685696062005 ], [ -1.608416847549593, 42.065690443824742 ] ] ] ] } },
{ "type": "Feature", "properties": { "fid": 148, "numero_int": 42, "denominacion": "Gayarre 11", "n_sigla": "_11_1_8_4", "direccion": null, "fecha": null, "z_pepri": null, "director": null, "promotor": null, "descrip_restos": null, "ubi_mat_dep_perm": null, "ubi_mat_falta_depos": null, "ubi_mat_dep_tempo": null, "bibliografia": null, "colaboradores": null }, "geometry": { "type": "MultiPolygon", "coordinates": [ [ [ [ -1.608799665978906, 42.061877436310425 ], [ -1.608779644769057, 42.06188383121021 ], [ -1.60872354883664, 42.06190174907659 ], [ -1.608700290367679, 42.061909167454409 ], [ -1.608724062531802, 42.061955162624294 ], [ -1.608737143326969, 42.061980457787953 ], [ -1.608756543712132, 42.062017997073319 ], [ -1.608748408836232, 42.062020807475577 ], [ -1.60871566155708, 42.062032154635034 ], [ -1.608767810209919, 42.062131369795104 ], [ -1.608771360925211, 42.062138131539463 ], [ -1.608767939281039, 42.062139296897868 ], [ -1.608731103968105, 42.062151882396769 ], [ -1.608706031576826, 42.062160449600199 ], [ -1.608697103426179, 42.062163610632091 ], [ -1.608650136535919, 42.062180225161221 ], [ -1.608664107567127, 42.062204603478548 ], [ -1.608684749297346, 42.062240644769091 ], [ -1.608695670422959, 42.06225968139578 ], [ -1.608986586564864, 42.062167102203873 ], [ -1.608867962128216, 42.061982719301547 ], [ -1.608799665978906, 42.061877436310425 ] ] ] ] } },
{ "type": "Feature", "properties": { "fid": 149, "numero_int": 45, "denominacion": "Sondeo RA12 Cerro", "n_sigla": "_11_1_8_5", "direccion": null, "fecha": null, "z_pepri": null, "director": null, "promotor": null, "descrip_restos": null, "ubi_mat_dep_perm": null, "ubi_mat_falta_depos": null, "ubi_mat_dep_tempo": null, "bibliografia": null, "colaboradores": null }, "geometry": { "type": "MultiPolygon", "coordinates": [ [ [ [ -1.60729627914119, 42.066814833482837 ], [ -1.607227990695158, 42.066819107242075 ], [ -1.607211818755929, 42.066710480346721 ], [ -1.607282389154998, 42.066706234293719 ], [ -1.60729627914119, 42.066814833482837 ] ] ] ] } },
{ "type": "Feature", "properties": { "fid": 150, "numero_int": 44, "denominacion": "Catedral ", "n_sigla": "_11_1_8_6", "direccion": null, "fecha": null, "z_pepri": null, "director": null, "promotor": null, "descrip_restos": null, "ubi_mat_dep_perm": null, "ubi_mat_falta_depos": null, "ubi_mat_dep_tempo": null, "bibliografia": null, "colaboradores": null }, "geometry": { "type": "MultiPolygon", "coordinates": [ [ [ [ -1.604759671525358, 42.063650663149623 ], [ -1.604931126671279, 42.063533756697076 ], [ -1.60505083094974, 42.063478517379863 ], [ -1.605011310966216, 42.063429826271246 ], [ -1.605016439922674, 42.063416379189803 ], [ -1.605075706885513, 42.063386775507198 ], [ -1.605100709920778, 42.063376452032209 ], [ -1.605139283177528, 42.063360551120375 ], [ -1.605180549786243, 42.063405451511954 ], [ -1.605360443820487, 42.063329047827509 ], [ -1.605413759470133, 42.063396288322046 ], [ -1.605499435480354, 42.063360583896021 ], [ -1.605517060207518, 42.063378126186464 ], [ -1.60554972123728, 42.063419375631021 ], [ -1.605565494247875, 42.063412182151843 ], [ -1.605599360150125, 42.06345581487831 ], [ -1.605585301435023, 42.063461993471002 ], [ -1.605634889995818, 42.063523379513477 ], [ -1.605642124863954, 42.063521945365792 ], [ -1.605658561773728, 42.063541301477173 ], [ -1.605638967362568, 42.063550799174486 ], [ -1.605650959589534, 42.063566147515616 ], [ -1.605634253639998, 42.063575653292283 ], [ -1.605705915002516, 42.063670045384633 ], [ -1.605695470029998, 42.063701080228689 ], [ -1.605653461846734, 42.063716649651937 ], [ -1.605612027678883, 42.063707604544696 ], [ -1.605583994098808, 42.063673048987916 ], [ -1.605531153622958, 42.063696183457679 ], [ -1.605579071088395, 42.06375606317647 ], [ -1.605562509334511, 42.063805918870543 ], [ -1.605505433902647, 42.063830814732789 ], [ -1.605433811329348, 42.063819418485153 ], [ -1.605396927289315, 42.063834776370861 ], [ -1.605391753826614, 42.06384627411407 ], [ -1.60537376251039, 42.063855294091525 ], [ -1.605366818665711, 42.063846743784538 ], [ -1.605276157290522, 42.0638859900263 ], [ -1.60527931884955, 42.063890639674291 ], [ -1.605271101387412, 42.063894206064965 ], [ -1.605274215924429, 42.063902898252749 ], [ -1.605239552628248, 42.063918327990706 ], [ -1.605235213842629, 42.06391332324592 ], [ -1.605228236169003, 42.063916281104163 ], [ -1.605220587054037, 42.063906821586841 ], [ -1.605213202612701, 42.063910125675029 ], [ -1.605208883872756, 42.063904571918698 ], [ -1.605148012723962, 42.063931445213768 ], [ -1.605125061474296, 42.063903246722688 ], [ -1.604988867517446, 42.063951906974388 ], [ -1.604921336343937, 42.063845651550572 ], [ -1.604861631933379, 42.063773775973388 ], [ -1.604759671525358, 42.063650663149623 ] ] ], [ [ [ -1.605312678677958, 42.063236821172623 ], [ -1.605346677710714, 42.06322241639964 ], [ -1.605367768307949, 42.063250796708246 ], [ -1.60533376595565, 42.063265352651193 ], [ -1.605312678677958, 42.063236821172623 ] ] ] ] } },
{ "type": "Feature", "properties": { "fid": 151, "numero_int": 55, "denominacion": "Calahorra 11", "n_sigla": "_11_1_8_7", "direccion": null, "fecha": null, "z_pepri": null, "director": null, "promotor": null, "descrip_restos": null, "ubi_mat_dep_perm": null, "ubi_mat_falta_depos": null, "ubi_mat_dep_tempo": null, "bibliografia": null, "colaboradores": null }, "geometry": { "type": "MultiPolygon", "coordinates": [ [ [ [ -1.608236356372415, 42.065261599905561 ], [ -1.608218601722271, 42.065254927048841 ], [ -1.608205758084301, 42.06527740406738 ], [ -1.608195088874661, 42.065296061773871 ], [ -1.608172595684359, 42.065290520264369 ], [ -1.608146186535361, 42.065321487773971 ], [ -1.608183126043533, 42.065334652716366 ], [ -1.608231270336693, 42.065360526329243 ], [ -1.6083044377577, 42.065287192939152 ], [ -1.608277943640825, 42.065277234875467 ], [ -1.608236356372415, 42.065261599905561 ] ] ] ] } },
{ "type": "Feature", "properties": { "fid": 152, "numero_int": 54, "denominacion": "SanMiguel 50", "n_sigla": "_11_1_8_8", "direccion": null, "fecha": null, "z_pepri": null, "director": null, "promotor": null, "descrip_restos": null, "ubi_mat_dep_perm": null, "ubi_mat_falta_depos": null, "ubi_mat_dep_tempo": null, "bibliografia": null, "colaboradores": null }, "geometry": { "type": "MultiPolygon", "coordinates": [ [ [ [ -1.608144899588252, 42.065768229065746 ], [ -1.608051547138766, 42.065734205715003 ], [ -1.608010551745308, 42.065808748792392 ], [ -1.608012908920082, 42.065809290745683 ], [ -1.608103649432041, 42.065827881693153 ], [ -1.608144899588252, 42.065768229065746 ] ] ] ] } },
{ "type": "Feature", "properties": { "fid": 153, "numero_int": 57, "denominacion": "Arguedicas Portal 30", "n_sigla": "_11_1_8_9", "direccion": null, "fecha": null, "z_pepri": null, "director": null, "promotor": null, "descrip_restos": null, "ubi_mat_dep_perm": null, "ubi_mat_falta_depos": null, "ubi_mat_dep_tempo": null, "bibliografia": null, "colaboradores": null }, "geometry": { "type": "MultiPolygon", "coordinates": [ [ [ [ -1.60385915028605, 42.064385889920082 ], [ -1.603824790763803, 42.064363712666072 ], [ -1.60377578430444, 42.064332071697805 ], [ -1.603767012533484, 42.064326417090335 ], [ -1.603751185511847, 42.064316200508401 ], [ -1.603761490484337, 42.064296566104375 ], [ -1.603775970236834, 42.064268984914008 ], [ -1.603820025162019, 42.06428334561236 ], [ -1.603867510752222, 42.064206784526931 ], [ -1.603878875886004, 42.064190063035639 ], [ -1.60389224654897, 42.064194890972601 ], [ -1.603937394862587, 42.064211201281005 ], [ -1.604020949278641, 42.064237111192782 ], [ -1.604090851213726, 42.064262782910049 ], [ -1.604207073116022, 42.064110054083997 ], [ -1.604238072975258, 42.064069317459385 ], [ -1.604071104505499, 42.063989039726991 ], [ -1.604068091481103, 42.063983130972581 ], [ -1.60403244784135, 42.064028395257964 ], [ -1.60402463998892, 42.064038324269148 ], [ -1.603999650721507, 42.064070064628197 ], [ -1.603970745114706, 42.064106782843602 ], [ -1.603897547092461, 42.06407709917719 ], [ -1.603837018372171, 42.064043435730156 ], [ -1.603806805981168, 42.064030576400107 ], [ -1.603785610604478, 42.064021555382865 ], [ -1.603737271594022, 42.064006349988311 ], [ -1.603744722401069, 42.06398789670348 ], [ -1.603686070048226, 42.063974511151002 ], [ -1.603681875178284, 42.063976756708527 ], [ -1.603570184502673, 42.063916631494529 ], [ -1.603553135862088, 42.063887711969997 ], [ -1.603482884541612, 42.063915506006772 ], [ -1.603482151474695, 42.063913659802232 ], [ -1.603424081129394, 42.063931073698768 ], [ -1.603375171622661, 42.06394355554459 ], [ -1.603295716652408, 42.063978226324352 ], [ -1.603231722901618, 42.063998990412301 ], [ -1.603195806505819, 42.064010909837563 ], [ -1.603135242518978, 42.064041721607516 ], [ -1.603137345566725, 42.064043926730548 ], [ -1.603133460100281, 42.064046392185332 ], [ -1.603174300742791, 42.064096541015694 ], [ -1.603139948674981, 42.06410987544043 ], [ -1.603120632957624, 42.064123726134717 ], [ -1.603006054099746, 42.064189824362352 ], [ -1.602905356730336, 42.064247913779447 ], [ -1.603086080941044, 42.064421260519971 ], [ -1.603113934796246, 42.064447979022262 ], [ -1.603128442687971, 42.064447795383941 ], [ -1.603154544547236, 42.06444141245494 ], [ -1.603188229035542, 42.064433176465556 ], [ -1.603323097654782, 42.064395370603954 ], [ -1.603502048954305, 42.064364585616715 ], [ -1.603532512329858, 42.064364343932603 ], [ -1.603608412256675, 42.064375534777803 ], [ -1.603608386997478, 42.064376687275242 ], [ -1.603682484689434, 42.06441992752972 ], [ -1.603684048069909, 42.064420838176481 ], [ -1.603733692759243, 42.064449830094873 ], [ -1.603741395939579, 42.064454057714855 ], [ -1.60378671925036, 42.064478935191154 ], [ -1.60387593759456, 42.064522170172552 ], [ -1.603894144295515, 42.064496048301223 ], [ -1.603909717023151, 42.064463265752359 ], [ -1.60396462226034, 42.064478893199613 ], [ -1.604014518757742, 42.064493090729641 ], [ -1.604026145597179, 42.064465528838092 ], [ -1.604032112395158, 42.06442819831539 ], [ -1.603948598948732, 42.064409232758145 ], [ -1.603899784901385, 42.064395282532914 ], [ -1.60385915028605, 42.064385889920082 ] ] ] ] } },
{ "type": "Feature", "properties": { "fid": 154, "numero_int": 56, "denominacion": "Carrera 15-13", "n_sigla": "_11_1_8_10", "direccion": null, "fecha": null, "z_pepri": null, "director": null, "promotor": null, "descrip_restos": null, "ubi_mat_dep_perm": null, "ubi_mat_falta_depos": null, "ubi_mat_dep_tempo": null, "bibliografia": null, "colaboradores": null }, "geometry": { "type": "MultiPolygon", "coordinates": [ [ [ [ -1.604250405335905, 42.062080662522568 ], [ -1.604266680114408, 42.062115660791612 ], [ -1.60428151259115, 42.062147534344476 ], [ -1.604180539036095, 42.062183123838537 ], [ -1.604017567970212, 42.062242230971989 ], [ -1.603961611689683, 42.062262525863424 ], [ -1.603951878088816, 42.062243413174777 ], [ -1.603950139826631, 42.062240005661209 ], [ -1.60392569557727, 42.062191740757484 ], [ -1.603913751619048, 42.062168152065368 ], [ -1.603897757011446, 42.062123133153825 ], [ -1.603897065083617, 42.062120512910909 ], [ -1.603896841772918, 42.062119672608873 ], [ -1.603891116725821, 42.062097987854941 ], [ -1.603884096205955, 42.062071441954195 ], [ -1.604104972798968, 42.06202992623443 ], [ -1.604216654635458, 42.062008120598591 ], [ -1.604236507817164, 42.062050799734727 ], [ -1.604250405335905, 42.062080662522568 ] ] ] ] } },
{ "type": "Feature", "properties": { "fid": 155, "numero_int": 51, "denominacion": "Dominicas 1", "n_sigla": "_11_1_8_11", "direccion": null, "fecha": null, "z_pepri": null, "director": null, "promotor": null, "descrip_restos": null, "ubi_mat_dep_perm": null, "ubi_mat_falta_depos": null, "ubi_mat_dep_tempo": null, "bibliografia": null, "colaboradores": null }, "geometry": { "type": "MultiPolygon", "coordinates": [ [ [ [ -1.60961302862334, 42.063373152774545 ], [ -1.609541499930602, 42.063287383732138 ], [ -1.609507141151322, 42.063333782085664 ], [ -1.609462659069976, 42.06338603792954 ], [ -1.609506891765943, 42.063433820949193 ], [ -1.60961302862334, 42.063373152774545 ] ] ] ] } },
{ "type": "Feature", "properties": { "fid": 156, "numero_int": 50, "denominacion": "BodegaJudia", "n_sigla": "_11_1_8_12", "direccion": null, "fecha": null, "z_pepri": null, "director": null, "promotor": null, "descrip_restos": null, "ubi_mat_dep_perm": null, "ubi_mat_falta_depos": null, "ubi_mat_dep_tempo": null, "bibliografia": null, "colaboradores": null }, "geometry": { "type": "MultiPolygon", "coordinates": [ [ [ [ -1.606114207417468, 42.066898563863418 ], [ -1.605905540173564, 42.066941668933048 ], [ -1.605828499416515, 42.06695037118115 ], [ -1.605811809769953, 42.066913316172005 ], [ -1.605862495095547, 42.066857236265065 ], [ -1.605924561728539, 42.066820004202604 ], [ -1.606102240884603, 42.066836903625237 ], [ -1.606114207417468, 42.066898563863418 ] ] ] ] } },
{ "type": "Feature", "properties": { "fid": 157, "numero_int": 53, "denominacion": "Gayarre 8", "n_sigla": "_11_1_8_13", "direccion": null, "fecha": null, "z_pepri": null, "director": null, "promotor": null, "descrip_restos": null, "ubi_mat_dep_perm": null, "ubi_mat_falta_depos": null, "ubi_mat_dep_tempo": null, "bibliografia": null, "colaboradores": null }, "geometry": { "type": "MultiPolygon", "coordinates": [ [ [ [ -1.608498973670704, 42.062432666828009 ], [ -1.608520557112618, 42.06247152052341 ], [ -1.608551060205188, 42.062526423513617 ], [ -1.608574849800592, 42.062570518593787 ], [ -1.608575402168432, 42.062571236788877 ], [ -1.608705684776774, 42.062530027621854 ], [ -1.608766544119017, 42.062505980197777 ], [ -1.608779828814709, 42.062499800834651 ], [ -1.608812572106122, 42.062488093358326 ], [ -1.60886017185224, 42.062469072750027 ], [ -1.608942871989238, 42.062437220377866 ], [ -1.60901249475721, 42.062412567561793 ], [ -1.609026282953042, 42.062407682173259 ], [ -1.609045936012585, 42.062402102341352 ], [ -1.609069091764525, 42.062395520234574 ], [ -1.609076939922057, 42.062393111617553 ], [ -1.60912124220087, 42.062379526755642 ], [ -1.609058537372958, 42.062284380731995 ], [ -1.609044074247721, 42.062277000378529 ], [ -1.609015727530504, 42.062268911348063 ], [ -1.608975083504508, 42.062281567837083 ], [ -1.608705011015071, 42.062367708048654 ], [ -1.608498973670704, 42.062432666828009 ] ] ] ] } },
{ "type": "Feature", "properties": { "fid": 158, "numero_int": 52, "denominacion": "Muro 17bis", "n_sigla": "_11_1_8_14", "direccion": null, "fecha": null, "z_pepri": null, "director": null, "promotor": null, "descrip_restos": null, "ubi_mat_dep_perm": null, "ubi_mat_falta_depos": null, "ubi_mat_dep_tempo": null, "bibliografia": null, "colaboradores": null }, "geometry": { "type": "MultiPolygon", "coordinates": [ [ [ [ -1.604929697625685, 42.062406133770587 ], [ -1.604909210800738, 42.062378568614342 ], [ -1.60487114899912, 42.062327346398895 ], [ -1.604866429660552, 42.0623209846161 ], [ -1.604845778854505, 42.06229318329099 ], [ -1.604843055065675, 42.062289520638501 ], [ -1.604818752952472, 42.062256811516725 ], [ -1.604799734001692, 42.062231209546887 ], [ -1.604725741657979, 42.062254437714323 ], [ -1.604747367002662, 42.062284646584217 ], [ -1.604751753130803, 42.062290770156757 ], [ -1.604774750602749, 42.062322896032889 ], [ -1.604803436010955, 42.062362962561593 ], [ -1.604830702396676, 42.06240104845817 ], [ -1.604836566042227, 42.062409243426302 ], [ -1.604851929242242, 42.062430694072674 ], [ -1.604929697625685, 42.062406133770587 ] ] ] ] } },
{ "type": "Feature", "properties": { "fid": 159, "numero_int": 63, "denominacion": "Muro 25", "n_sigla": "_11_1_8_15", "direccion": null, "fecha": null, "z_pepri": null, "director": null, "promotor": null, "descrip_restos": null, "ubi_mat_dep_perm": null, "ubi_mat_falta_depos": null, "ubi_mat_dep_tempo": null, "bibliografia": null, "colaboradores": null }, "geometry": { "type": "MultiPolygon", "coordinates": [ [ [ [ -1.604583501116341, 42.062493896523605 ], [ -1.604579989608998, 42.062488675203724 ], [ -1.604577882704866, 42.06248554241175 ], [ -1.604553174977723, 42.062448730439996 ], [ -1.604542125583418, 42.062432294680995 ], [ -1.604538356934254, 42.062426673955876 ], [ -1.604520495931549, 42.062400077318024 ], [ -1.604510336658634, 42.062384940280523 ], [ -1.604504004475754, 42.062375514742158 ], [ -1.604498105559718, 42.06236672491297 ], [ -1.60447587845605, 42.062333644677786 ], [ -1.60435612092635, 42.062371527639755 ], [ -1.604376863013325, 42.062405085182206 ], [ -1.604401234732983, 42.062444540954729 ], [ -1.604406708964003, 42.062453406680248 ], [ -1.604413890367199, 42.062451098349044 ], [ -1.604414764049328, 42.06245259501295 ], [ -1.604427750822992, 42.062474935454617 ], [ -1.604437686248613, 42.062492015135547 ], [ -1.604454730155028, 42.062514531005043 ], [ -1.604460462570391, 42.062522093955778 ], [ -1.604491038385234, 42.062562480759375 ], [ -1.604602157981799, 42.062521682653653 ], [ -1.604583501116341, 42.062493896523605 ] ] ] ] } },
{ "type": "Feature", "properties": { "fid": 160, "numero_int": 62, "denominacion": "PaseoCastillo 7", "n_sigla": "_11_1_8_16", "direccion": null, "fecha": null, "z_pepri": null, "director": null, "promotor": null, "descrip_restos": null, "ubi_mat_dep_perm": null, "ubi_mat_falta_depos": null, "ubi_mat_dep_tempo": null, "bibliografia": null, "colaboradores": null }, "geometry": { "type": "MultiPolygon", "coordinates": [ [ [ [ -1.605049669947306, 42.065561945882692 ], [ -1.605041580319357, 42.06553561222568 ], [ -1.605038172449937, 42.065525096485317 ], [ -1.60502505129972, 42.065479599325265 ], [ -1.604974078148606, 42.065488030949368 ], [ -1.604966961314455, 42.065489583570503 ], [ -1.604947080607092, 42.065493908055451 ], [ -1.604954502379351, 42.06551596461982 ], [ -1.60495918117133, 42.065543508689174 ], [ -1.604915298013692, 42.065546091341339 ], [ -1.60491918532226, 42.065597636548773 ], [ -1.605052911107602, 42.065584491994692 ], [ -1.605056451137002, 42.065584003659168 ], [ -1.605049669947306, 42.065561945882692 ] ] ] ] } },
{ "type": "Feature", "properties": { "fid": 161, "numero_int": 65, "denominacion": "LaParra 9", "n_sigla": "_11_1_8_17", "direccion": null, "fecha": null, "z_pepri": null, "director": null, "promotor": null, "descrip_restos": null, "ubi_mat_dep_perm": null, "ubi_mat_falta_depos": null, "ubi_mat_dep_tempo": null, "bibliografia": null, "colaboradores": null }, "geometry": { "type": "MultiPolygon", "coordinates": [ [ [ [ -1.603420309047046, 42.06334939266101 ], [ -1.60346102185903, 42.063386615813798 ], [ -1.603467344593518, 42.06338047842555 ], [ -1.603476921985011, 42.063373633125636 ], [ -1.603509067722679, 42.063350653028884 ], [ -1.603537256017109, 42.063331218270655 ], [ -1.603559529457232, 42.063315854416423 ], [ -1.603495878504909, 42.063258700413776 ], [ -1.603478351417672, 42.063279741945529 ], [ -1.603468148140188, 42.063291983401868 ], [ -1.603467639115449, 42.063292598640743 ], [ -1.603454097062355, 42.063308834278637 ], [ -1.603441051155022, 42.063324490544566 ], [ -1.603420309047046, 42.06334939266101 ] ] ] ] } },
{ "type": "Feature", "properties": { "fid": 162, "numero_int": 64, "denominacion": "Aldehuela 6", "n_sigla": "_11_1_8_18", "direccion": null, "fecha": null, "z_pepri": null, "director": null, "promotor": null, "descrip_restos": null, "ubi_mat_dep_perm": null, "ubi_mat_falta_depos": null, "ubi_mat_dep_tempo": null, "bibliografia": null, "colaboradores": null }, "geometry": { "type": "MultiPolygon", "coordinates": [ [ [ [ -1.606053305001003, 42.065165383161592 ], [ -1.60608744627938, 42.065163339190356 ], [ -1.606099803015093, 42.065162597673925 ], [ -1.606100588965249, 42.065162030818968 ], [ -1.606167022280211, 42.065157389004327 ], [ -1.60615355126375, 42.065086967320973 ], [ -1.606153323315703, 42.065085784728367 ], [ -1.606152813699725, 42.065083112676845 ], [ -1.606151262727941, 42.065077212731062 ], [ -1.606139428738528, 42.065032514875597 ], [ -1.606044512287587, 42.06503858490003 ], [ -1.606044562719032, 42.06503627990304 ], [ -1.606006618568129, 42.065038124555876 ], [ -1.605998872220014, 42.065039174247929 ], [ -1.606023069355228, 42.065099405048819 ], [ -1.606030815710339, 42.065098355355246 ], [ -1.606037994379971, 42.065123804268985 ], [ -1.606044330443591, 42.065157934013499 ], [ -1.606045605984266, 42.065164821306276 ], [ -1.606051780118464, 42.065165472712664 ], [ -1.606053305001003, 42.065165383161592 ] ] ] ] } },
{ "type": "Feature", "properties": { "fid": 163, "numero_int": 59, "denominacion": "CALLE HERRERIAS ", "n_sigla": "_11_1_8_19", "direccion": null, "fecha": null, "z_pepri": null, "director": null, "promotor": null, "descrip_restos": null, "ubi_mat_dep_perm": null, "ubi_mat_falta_depos": null, "ubi_mat_dep_tempo": null, "bibliografia": null, "colaboradores": null }, "geometry": { "type": "MultiPolygon", "coordinates": [ [ [ [ -1.60793205400308, 42.063460825227764 ], [ -1.607855731277978, 42.063456242610606 ], [ -1.607795088703079, 42.063378071405744 ], [ -1.607728000948264, 42.063271213866827 ], [ -1.607670523987754, 42.063147265024163 ], [ -1.607569125260901, 42.062952768616533 ], [ -1.607535982874649, 42.062884287760127 ], [ -1.607433642614597, 42.062699889431173 ], [ -1.607418586354891, 42.062655772837324 ], [ -1.607297026945641, 42.062422959067085 ], [ -1.607237912564381, 42.06231951858669 ], [ -1.607172068542849, 42.06219712149344 ], [ -1.607055907165092, 42.062192807616626 ], [ -1.60699338064993, 42.062014719166292 ], [ -1.607107179252727, 42.061989693888421 ], [ -1.607236650585747, 42.061949613619056 ], [ -1.607357322923251, 42.061927666097581 ], [ -1.607477060505119, 42.062149084377168 ], [ -1.607739725514407, 42.062609148485102 ], [ -1.607760980785297, 42.062661856807786 ], [ -1.607828416122909, 42.062788285796351 ], [ -1.60785171957576, 42.06283148067596 ], [ -1.60786984269149, 42.062873967406702 ], [ -1.607893054584808, 42.062921355587555 ], [ -1.607924204498177, 42.062981961074023 ], [ -1.607975730999483, 42.063123173820522 ], [ -1.607994517645855, 42.063159194841049 ], [ -1.608011709767911, 42.063191453074907 ], [ -1.608048855735953, 42.063248474588427 ], [ -1.608076793272962, 42.063290972789211 ], [ -1.608168791119811, 42.063399407543699 ], [ -1.60826092787236, 42.063528341267897 ], [ -1.608462696865322, 42.063594062113538 ], [ -1.608463041523462, 42.063652626856893 ], [ -1.608591257411019, 42.063670152720576 ], [ -1.608582825842616, 42.06372909501502 ], [ -1.608676042194702, 42.063743292546782 ], [ -1.608724797737979, 42.063830514619148 ], [ -1.608584983071436, 42.063838498752922 ], [ -1.608456711585537, 42.06367481278712 ], [ -1.608321512601252, 42.063699497644201 ], [ -1.608212612347783, 42.063610387932741 ], [ -1.608148568643282, 42.06356895750379 ], [ -1.607963627253122, 42.063472339604623 ], [ -1.60793205400308, 42.063460825227764 ] ] ] ] } },
{ "type": "Feature", "properties": { "fid": 164, "numero_int": 58, "denominacion": "Herrerias 1", "n_sigla": "_11_1_8_20", "direccion": null, "fecha": null, "z_pepri": null, "director": null, "promotor": null, "descrip_restos": null, "ubi_mat_dep_perm": null, "ubi_mat_falta_depos": null, "ubi_mat_dep_tempo": null, "bibliografia": null, "colaboradores": null }, "geometry": { "type": "MultiPolygon", "coordinates": [ [ [ [ -1.60778860626835, 42.062515752337077 ], [ -1.607756986254472, 42.062525824997856 ], [ -1.607704663536744, 42.062542491236314 ], [ -1.607740707784138, 42.062608719538176 ], [ -1.60783289300958, 42.062577019078795 ], [ -1.607804289001795, 42.062539773260561 ], [ -1.607791027179359, 42.062519456276689 ], [ -1.60778860626835, 42.062515752337077 ] ] ] ] } },
{ "type": "Feature", "properties": { "fid": 165, "numero_int": 61, "denominacion": "Parra 8", "n_sigla": "_11_1_8_21", "direccion": null, "fecha": null, "z_pepri": null, "director": null, "promotor": null, "descrip_restos": null, "ubi_mat_dep_perm": null, "ubi_mat_falta_depos": null, "ubi_mat_dep_tempo": null, "bibliografia": null, "colaboradores": null }, "geometry": { "type": "MultiPolygon", "coordinates": [ [ [ [ -1.603424902442236, 42.063080277598779 ], [ -1.603440209924015, 42.06306841348804 ], [ -1.60342832080879, 42.063058866221688 ], [ -1.603346914428194, 42.062993489443464 ], [ -1.603312650110194, 42.063023801847955 ], [ -1.603302471538763, 42.063032711263709 ], [ -1.603392455703106, 42.063105415519196 ], [ -1.603424902442236, 42.063080277598779 ] ] ] ] } },
{ "type": "Feature", "properties": { "fid": 166, "numero_int": 60, "denominacion": "Descalzos 4", "n_sigla": "_20_2", "direccion": null, "fecha": null, "z_pepri": null, "director": null, "promotor": null, "descrip_restos": null, "ubi_mat_dep_perm": null, "ubi_mat_falta_depos": null, "ubi_mat_dep_tempo": null, "bibliografia": null, "colaboradores": null }, "geometry": { "type": "MultiPolygon", "coordinates": [ [ [ [ -1.60871944037169, 42.063420007024334 ], [ -1.608677796051335, 42.063415890567363 ], [ -1.608664167834594, 42.063414545498851 ], [ -1.608661333600155, 42.063414267963239 ], [ -1.608660453298878, 42.063414176232754 ], [ -1.608649189360823, 42.063412490571991 ], [ -1.608634178964241, 42.063410237117658 ], [ -1.608603892934768, 42.063405699968101 ], [ -1.608580781122394, 42.063403609453204 ], [ -1.608558525839536, 42.063401592364109 ], [ -1.608514726041806, 42.063396558087547 ], [ -1.608503498143635, 42.063395989629612 ], [ -1.608495303079634, 42.06350392971725 ], [ -1.608543929250289, 42.063508788363826 ], [ -1.608539941121087, 42.063541423832163 ], [ -1.608598416427535, 42.063544681687432 ], [ -1.608633476311499, 42.063546466761238 ], [ -1.608638498591625, 42.063546725797174 ], [ -1.608639426244334, 42.063546863133467 ], [ -1.608640076770229, 42.063546961084278 ], [ -1.60869774813148, 42.063555486827198 ], [ -1.608709196810344, 42.063483953577808 ], [ -1.60871944037169, 42.063420007024334 ] ] ] ] } },
{ "type": "Feature", "properties": { "fid": 167, "numero_int": 71, "denominacion": "DiazBRavo 30", "n_sigla": "_20_3", "direccion": null, "fecha": null, "z_pepri": null, "director": null, "promotor": null, "descrip_restos": null, "ubi_mat_dep_perm": null, "ubi_mat_falta_depos": null, "ubi_mat_dep_tempo": null, "bibliografia": null, "colaboradores": null }, "geometry": { "type": "MultiPolygon", "coordinates": [ [ [ [ -1.610665565126851, 42.062735890336683 ], [ -1.610683559991533, 42.062734297947685 ], [ -1.610801834210596, 42.062723841595798 ], [ -1.610802593803617, 42.062725589006398 ], [ -1.610810462876854, 42.062723883014876 ], [ -1.610800714671544, 42.062699799252378 ], [ -1.610935635647031, 42.06266753291581 ], [ -1.611037892801279, 42.062647218673455 ], [ -1.611017133034369, 42.062603773202902 ], [ -1.610998245949709, 42.062564241115595 ], [ -1.610995649295761, 42.062560273933329 ], [ -1.610936454715462, 42.062573967445019 ], [ -1.610788170748458, 42.062608260532244 ], [ -1.6107787004382, 42.062581964583742 ], [ -1.610715575319735, 42.062574706788723 ], [ -1.610694342215621, 42.062514179597152 ], [ -1.610668669977151, 42.062520884670398 ], [ -1.610650132864075, 42.062525730769963 ], [ -1.610617532848996, 42.062585200878942 ], [ -1.610587955526507, 42.06259362388392 ], [ -1.610552114139305, 42.062585021188028 ], [ -1.610516224626351, 42.062576408891907 ], [ -1.610494486533199, 42.062571192201176 ], [ -1.610451659698652, 42.062560910771438 ], [ -1.610409157548596, 42.06255070530802 ], [ -1.610378161508933, 42.062543269008827 ], [ -1.610369192162596, 42.062541115958965 ], [ -1.610356322454816, 42.062538249207719 ], [ -1.610350729937739, 42.062551393711658 ], [ -1.610343698005445, 42.062567916155658 ], [ -1.610342169494775, 42.062571500161752 ], [ -1.610333309050677, 42.062593170072894 ], [ -1.610324079144303, 42.062615709119207 ], [ -1.610310892225668, 42.062641793752896 ], [ -1.61030327585163, 42.062656850096602 ], [ -1.610295072957078, 42.062686606612587 ], [ -1.610287827527087, 42.062712916307291 ], [ -1.610313574608678, 42.062712759801087 ], [ -1.610315476127112, 42.062737514109934 ], [ -1.61036676402122, 42.062737792996735 ], [ -1.610370281417878, 42.062759946042299 ], [ -1.610394896522193, 42.062757938525564 ], [ -1.610393221234484, 42.062752181229158 ], [ -1.610406384959758, 42.062750989698813 ], [ -1.610432918213437, 42.062748591113227 ], [ -1.610450319488951, 42.062789735437981 ], [ -1.610501926799746, 42.062783128318543 ], [ -1.610487047324785, 42.062750489460271 ], [ -1.61052596323519, 42.062747799489493 ], [ -1.610526159614912, 42.062748216156912 ], [ -1.610575009626868, 42.062743899239912 ], [ -1.610598526537018, 42.062741815337858 ], [ -1.610665565126851, 42.062735890336683 ] ] ] ] } },
{ "type": "Feature", "properties": { "fid": 168, "numero_int": 70, "denominacion": "Magallon 5", "n_sigla": "_20_4", "direccion": null, "fecha": null, "z_pepri": null, "director": null, "promotor": null, "descrip_restos": null, "ubi_mat_dep_perm": null, "ubi_mat_falta_depos": null, "ubi_mat_dep_tempo": null, "bibliografia": null, "colaboradores": null }, "geometry": { "type": "MultiPolygon", "coordinates": [ [ [ [ -1.604174379836666, 42.063595838621104 ], [ -1.604140016541491, 42.063626258141454 ], [ -1.604139239915145, 42.063626951184588 ], [ -1.604135843463735, 42.063630269213562 ], [ -1.604125308282434, 42.063640561331923 ], [ -1.604088656341325, 42.063676140617957 ], [ -1.604082086645697, 42.063682518205702 ], [ -1.604198025474512, 42.063726933593628 ], [ -1.604199985618864, 42.063727939122643 ], [ -1.604240249919718, 42.063748702053047 ], [ -1.604235910393143, 42.063754242173154 ], [ -1.60425217327887, 42.06376166303486 ], [ -1.604299789046899, 42.063783397981517 ], [ -1.604319293896792, 42.063760344960116 ], [ -1.604327048654303, 42.063751180816944 ], [ -1.6043396435358, 42.063730727619486 ], [ -1.604347150392348, 42.06371853434662 ], [ -1.604359469766344, 42.063698519104015 ], [ -1.604364859018302, 42.063689749482656 ], [ -1.604365184817623, 42.06368922207421 ], [ -1.604368707272717, 42.063686220791105 ], [ -1.604380272505076, 42.063676355467734 ], [ -1.604403453972475, 42.063651536884443 ], [ -1.604410013666562, 42.063644510703696 ], [ -1.604414852972602, 42.06363932790056 ], [ -1.604449407852786, 42.063602363055466 ], [ -1.604393603192817, 42.063574854611552 ], [ -1.604312807874427, 42.06353502778795 ], [ -1.604302811476006, 42.063530105847533 ], [ -1.604268039914119, 42.063512958227967 ], [ -1.604228857514505, 42.063547642176822 ], [ -1.604213007112979, 42.063561670303542 ], [ -1.604178311494346, 42.063592364988196 ], [ -1.604174379836666, 42.063595838621104 ] ] ] ] } },
{ "type": "Feature", "properties": { "fid": 169, "numero_int": 73, "denominacion": "ConventoSanFrancisco-Sementales", "n_sigla": "_20_5", "direccion": null, "fecha": null, "z_pepri": null, "director": null, "promotor": null, "descrip_restos": null, "ubi_mat_dep_perm": null, "ubi_mat_falta_depos": null, "ubi_mat_dep_tempo": null, "bibliografia": null, "colaboradores": null }, "geometry": { "type": "MultiPolygon", "coordinates": [ [ [ [ -1.603097228870806, 42.062993818460249 ], [ -1.60312965661293, 42.062955215988943 ], [ -1.603081400937092, 42.062939561018005 ], [ -1.603041378383329, 42.062913324799531 ], [ -1.603027602750154, 42.06290548373233 ], [ -1.60300905253772, 42.062894909667413 ], [ -1.602956322441268, 42.06286559166638 ], [ -1.602900428101115, 42.06283451491371 ], [ -1.602874171423272, 42.062846885085925 ], [ -1.602833737759895, 42.062798065021276 ], [ -1.602752744157093, 42.062831302712716 ], [ -1.60273636482074, 42.062838029101371 ], [ -1.602716778027862, 42.062846067373762 ], [ -1.602483609617205, 42.062945827481819 ], [ -1.602294670322798, 42.063100956151771 ], [ -1.602283359182473, 42.063110247957709 ], [ -1.602306119308421, 42.063119540488209 ], [ -1.602357880549706, 42.063140678281783 ], [ -1.602360384187379, 42.063141699468325 ], [ -1.602638406023427, 42.06324473106649 ], [ -1.602754989500582, 42.063291083107416 ], [ -1.602879306513271, 42.063260354301057 ], [ -1.603055340836569, 42.063042744041255 ], [ -1.603097228870806, 42.062993818460249 ] ] ] ] } },
{ "type": "Feature", "properties": { "fid": 170, "numero_int": 72, "denominacion": "Corte", "n_sigla": "_20_6", "direccion": null, "fecha": null, "z_pepri": null, "director": null, "promotor": null, "descrip_restos": null, "ubi_mat_dep_perm": null, "ubi_mat_falta_depos": null, "ubi_mat_dep_tempo": null, "bibliografia": null, "colaboradores": null }, "geometry": { "type": "MultiPolygon", "coordinates": [ [ [ [ -1.603296475548498, 42.063265991237373 ], [ -1.60326460284192, 42.063247293492005 ], [ -1.603248714943289, 42.063259717909872 ], [ -1.60324663677786, 42.063261340764456 ], [ -1.603220284654939, 42.063285778280338 ], [ -1.603221522306779, 42.06328610856599 ], [ -1.603159326533177, 42.063339010930648 ], [ -1.603271371362179, 42.063393944228601 ], [ -1.603359058889093, 42.06332111494698 ], [ -1.603363609421664, 42.063318081176398 ], [ -1.603308826436407, 42.063290863835633 ], [ -1.603313013315189, 42.063285673137578 ], [ -1.603295309638774, 42.063276172165239 ], [ -1.603303317850811, 42.063269785112929 ], [ -1.603296475548498, 42.063265991237373 ] ] ] ] } },
{ "type": "Feature", "properties": { "fid": 171, "numero_int": 67, "denominacion": "Herrerias 12", "n_sigla": "_20_7", "direccion": null, "fecha": null, "z_pepri": null, "director": null, "promotor": null, "descrip_restos": null, "ubi_mat_dep_perm": null, "ubi_mat_falta_depos": null, "ubi_mat_dep_tempo": null, "bibliografia": null, "colaboradores": null }, "geometry": { "type": "MultiPolygon", "coordinates": [ [ [ [ -1.607150673627702, 42.062732456435761 ], [ -1.607232732613845, 42.062712296691615 ], [ -1.607233571065868, 42.062712090717476 ], [ -1.607240716229196, 42.062710331153099 ], [ -1.607337312416839, 42.062679225009603 ], [ -1.607338047944484, 42.062680963144523 ], [ -1.607340555544883, 42.062680146987205 ], [ -1.607394273838877, 42.062662678280375 ], [ -1.60739599013831, 42.06266212270716 ], [ -1.607410938279769, 42.062657260597184 ], [ -1.607332472905268, 42.062498635154846 ], [ -1.607322166906543, 42.062501238979031 ], [ -1.607314157776357, 42.062503267257753 ], [ -1.607312893864544, 42.062503585150495 ], [ -1.60728902453358, 42.062509626869925 ], [ -1.607220540539145, 42.06252693431901 ], [ -1.607219325155182, 42.062527243793447 ], [ -1.607214621878929, 42.062528429574279 ], [ -1.607185040459957, 42.062535914996538 ], [ -1.607175014283442, 42.062539539914944 ], [ -1.60714896749625, 42.062548986571919 ], [ -1.607141304508014, 42.062551766562336 ], [ -1.607127779726461, 42.06255620460653 ], [ -1.607093717799549, 42.062567400247978 ], [ -1.60706506106236, 42.062576815203897 ], [ -1.607033579999616, 42.062587159540222 ], [ -1.607021357926217, 42.062591163071325 ], [ -1.606973831771821, 42.062606788435779 ], [ -1.607033637090135, 42.062711149849285 ], [ -1.607055988871936, 42.062755732138498 ], [ -1.607104412749436, 42.062743828230012 ], [ -1.607135423417621, 42.062736207071111 ], [ -1.607150673627702, 42.062732456435761 ] ] ] ] } },
{ "type": "Feature", "properties": { "fid": 172, "numero_int": 66, "denominacion": "Ugarte 4", "n_sigla": "_20_8", "direccion": "Paseo el Queiles", "fecha": "Del 25 de septiembre de 2024 al 30 de septiembre de 2024", "z_pepri": null, "director": "Miguel Pérez Lahoz", "promotor": "Ayuntamiento de Zaragoza", "descrip_restos": null, "ubi_mat_dep_perm": null, "ubi_mat_falta_depos": null, "ubi_mat_dep_tempo": null, "bibliografia": null, "colaboradores": null }, "geometry": { "type": "MultiPolygon", "coordinates": [ [ [ [ -1.606424295839515, 42.061208139260536 ], [ -1.606355063191139, 42.061250888892793 ], [ -1.606386795607878, 42.061280418652302 ], [ -1.606405676235106, 42.061297994076732 ], [ -1.606430751700434, 42.061321336709419 ], [ -1.606459588476073, 42.061352299307998 ], [ -1.606462446144143, 42.061355369133331 ], [ -1.606540239655677, 42.061311885812287 ], [ -1.60653642265094, 42.061308471106145 ], [ -1.606514492710381, 42.061288850269278 ], [ -1.606491116649525, 42.061267932972775 ], [ -1.606476097665721, 42.061254493316184 ], [ -1.606456775751531, 42.061237200745452 ], [ -1.606445384194395, 42.061227002371758 ], [ -1.606424295839515, 42.061208139260536 ] ] ] ] } },
{ "type": "Feature", "properties": { "fid": 173, "numero_int": 69, "denominacion": "LaParra 18", "n_sigla": "_20_9", "direccion": null, "fecha": null, "z_pepri": null, "director": null, "promotor": null, "descrip_restos": null, "ubi_mat_dep_perm": null, "ubi_mat_falta_depos": null, "ubi_mat_dep_tempo": null, "bibliografia": null, "colaboradores": null }, "geometry": { "type": "MultiPolygon", "coordinates": [ [ [ [ -1.604341116448509, 42.063805290587133 ], [ -1.604356945257557, 42.063813768896431 ], [ -1.60435803240484, 42.063814349515368 ], [ -1.604360629652204, 42.063813858740339 ], [ -1.604429824214184, 42.063844772314603 ], [ -1.604431585983373, 42.063842695276229 ], [ -1.604460343271916, 42.063816593552708 ], [ -1.604496375960162, 42.063783897636014 ], [ -1.604512111046635, 42.06376961589212 ], [ -1.604467252860237, 42.063742826017425 ], [ -1.604447758580531, 42.0637311869679 ], [ -1.60446132264877, 42.063718905241942 ], [ -1.604427859908973, 42.063699936305724 ], [ -1.604419670235555, 42.063695297531595 ], [ -1.604380272505076, 42.063676355467734 ], [ -1.604368707272717, 42.063686220791105 ], [ -1.604365184817623, 42.06368922207421 ], [ -1.604364859018302, 42.063689749482656 ], [ -1.604359469766344, 42.063698519104015 ], [ -1.604347150392348, 42.06371853434662 ], [ -1.6043396435358, 42.063730727619486 ], [ -1.604327048654303, 42.063751180816944 ], [ -1.604319293896792, 42.063760344960116 ], [ -1.604299789046899, 42.063783397981517 ], [ -1.604307439857004, 42.063787255669006 ], [ -1.604341116448509, 42.063805290587133 ] ] ] ] } },
{ "type": "Feature", "properties": { "fid": 174, "numero_int": 68, "denominacion": "YanguasMiranda 2", "n_sigla": "_20_10", "direccion": null, "fecha": null, "z_pepri": null, "director": null, "promotor": null, "descrip_restos": null, "ubi_mat_dep_perm": null, "ubi_mat_falta_depos": null, "ubi_mat_dep_tempo": null, "bibliografia": null, "colaboradores": null }, "geometry": { "type": "MultiPolygon", "coordinates": [ [ [ [ -1.606287534460963, 42.061805315684232 ], [ -1.606291454839933, 42.061808425440056 ], [ -1.606411592167073, 42.061797284742902 ], [ -1.606451246577098, 42.061835412633663 ], [ -1.606511507245346, 42.061843169358745 ], [ -1.60662160993554, 42.061848757354873 ], [ -1.606695339764829, 42.061848535849698 ], [ -1.606707818751825, 42.061791875678772 ], [ -1.606632460065008, 42.061783683548384 ], [ -1.606540388163208, 42.061771541792204 ], [ -1.606427111944984, 42.061756332481693 ], [ -1.606295282773686, 42.061738402977269 ], [ -1.606287534460963, 42.061805315684232 ] ] ] ] } },
{ "type": "Feature", "properties": { "fid": 175, "numero_int": 79, "denominacion": "Pasaje", "n_sigla": "_20_11", "direccion": null, "fecha": null, "z_pepri": null, "director": null, "promotor": null, "descrip_restos": null, "ubi_mat_dep_perm": null, "ubi_mat_falta_depos": null, "ubi_mat_dep_tempo": null, "bibliografia": null, "colaboradores": null }, "geometry": { "type": "MultiPolygon", "coordinates": [ [ [ [ -1.60637244875387, 42.063465936313591 ], [ -1.606458246626816, 42.063446191796736 ], [ -1.606460360321001, 42.063445704107842 ], [ -1.60661487753642, 42.063415626210904 ], [ -1.606592511305066, 42.06333854896976 ], [ -1.606552108154967, 42.063347875192257 ], [ -1.606526768036037, 42.063353727770881 ], [ -1.606523360339048, 42.063354803168252 ], [ -1.606474105603962, 42.063370407330027 ], [ -1.606454709658711, 42.063376917489308 ], [ -1.606457848677681, 42.063387574027225 ], [ -1.606461954575947, 42.063401547615769 ], [ -1.606429754279615, 42.063406623375379 ], [ -1.606426103663374, 42.063407200473684 ], [ -1.606405763534463, 42.063400513948885 ], [ -1.606406117714165, 42.063403661445662 ], [ -1.606352469546356, 42.063415672724908 ], [ -1.606329319515275, 42.063420858374798 ], [ -1.606346446372672, 42.063463936330123 ], [ -1.606350825527387, 42.063463205969526 ], [ -1.606354798374352, 42.063469999932522 ], [ -1.60637244875387, 42.063465936313591 ] ] ] ] } },
{ "type": "Feature", "properties": { "fid": 176, "numero_int": 78, "denominacion": "SanNicolas", "n_sigla": "_20_12", "direccion": null, "fecha": null, "z_pepri": null, "director": null, "promotor": null, "descrip_restos": null, "ubi_mat_dep_perm": null, "ubi_mat_falta_depos": null, "ubi_mat_dep_tempo": null, "bibliografia": null, "colaboradores": null }, "geometry": { "type": "MultiPolygon", "coordinates": [ [ [ [ -1.606736560892599, 42.064579185286178 ], [ -1.606702397581959, 42.064540799954713 ], [ -1.606668870835014, 42.064551236426965 ], [ -1.606663564877596, 42.064552892199494 ], [ -1.606626795818665, 42.064561812257551 ], [ -1.606616398624362, 42.064539278357586 ], [ -1.606551401750143, 42.064565588996274 ], [ -1.606540292581337, 42.064570083321698 ], [ -1.606542960100495, 42.064575222281071 ], [ -1.606550684277979, 42.064590104407152 ], [ -1.606556701076037, 42.064616737017914 ], [ -1.606641314389549, 42.064603696678397 ], [ -1.606680731594135, 42.064596934255235 ], [ -1.606736560892599, 42.064579185286178 ] ] ] ] } },
{ "type": "Feature", "properties": { "fid": 177, "numero_int": 81, "denominacion": "Coscolin", "n_sigla": "_20_13", "direccion": "Calle Mayor", "fecha": "6 de junio de 2024", "z_pepri": 3, "director": "Juan Roble Díaz", "promotor": "Ayuntamiento de Tudela", "descrip_restos": "En este espacio se encuentran almacenados restos de utensilios de elaboración casera con cerámica que servían para el uso doméstico. Además hay una zona amplia donde se podía almacenar los alimentos y las bebidas.", "ubi_mat_dep_perm": null, "ubi_mat_falta_depos": null, "ubi_mat_dep_tempo": null, "bibliografia": null, "colaboradores": null }, "geometry": { "type": "MultiPolygon", "coordinates": [ [ [ [ -1.605179665306605, 42.064567308789606 ], [ -1.605157429105053, 42.064375215646479 ], [ -1.605121901635099, 42.064289938346441 ], [ -1.605175107811907, 42.064281101479438 ], [ -1.605210713219043, 42.064269283753745 ], [ -1.6052533693613, 42.064260818526336 ], [ -1.605235261625813, 42.064234153397926 ], [ -1.605216696065831, 42.064176764815848 ], [ -1.605373339520984, 42.0641380486868 ], [ -1.605393957045905, 42.064133680753457 ], [ -1.605384791675865, 42.064102380581446 ], [ -1.605441210153512, 42.064091394118677 ], [ -1.605440531965397, 42.064087326964085 ], [ -1.605483471502213, 42.064081359863714 ], [ -1.60547908087855, 42.064049579549419 ], [ -1.605500339234447, 42.064045469149974 ], [ -1.605483694013745, 42.063995867367446 ], [ -1.605556888453368, 42.063976042409756 ], [ -1.605575017449864, 42.06402763451878 ], [ -1.605570768555122, 42.064028109275277 ], [ -1.605581092055997, 42.064079017237837 ], [ -1.60561481684023, 42.064237910724309 ], [ -1.605614781099888, 42.064308870436896 ], [ -1.605761769267467, 42.064284097376344 ], [ -1.605771328405721, 42.06431674423937 ], [ -1.605794141884571, 42.064362305050807 ], [ -1.605716728797797, 42.064383790091867 ], [ -1.605645047806224, 42.064394086874138 ], [ -1.605664642528594, 42.064486207133399 ], [ -1.605539965680955, 42.064494671032229 ], [ -1.605451456898922, 42.064468665988635 ], [ -1.605449361240168, 42.064476325797614 ], [ -1.605370697464587, 42.064502457024403 ], [ -1.605481872102885, 42.064519212679237 ], [ -1.605446490192413, 42.064569939383333 ], [ -1.605426906562411, 42.064613394923697 ], [ -1.605378733016337, 42.064598517154401 ], [ -1.605179665306605, 42.064567308789606 ] ] ] ] } },
{ "type": "Feature", "properties": { "fid": 178, "numero_int": 80, "denominacion": "AbsideSanJorge Pasaje", "n_sigla": "_20_14", "direccion": null, "fecha": null, "z_pepri": null, "director": null, "promotor": null, "descrip_restos": null, "ubi_mat_dep_perm": null, "ubi_mat_falta_depos": null, "ubi_mat_dep_tempo": null, "bibliografia": null, "colaboradores": null }, "geometry": { "type": "MultiPolygon", "coordinates": [ [ [ [ -1.606805865386806, 42.063291848162379 ], [ -1.606612148672159, 42.063330393567526 ], [ -1.606655072756572, 42.063445654930121 ], [ -1.606664735489385, 42.063447051154995 ], [ -1.606726651663551, 42.06344549735487 ], [ -1.606727399783698, 42.06344665924378 ], [ -1.60675144837446, 42.063443492826458 ], [ -1.606750750656987, 42.063440025939371 ], [ -1.606766683199633, 42.06343879639585 ], [ -1.606731783032945, 42.063423079959883 ], [ -1.606721712588406, 42.063388373528554 ], [ -1.606744058632507, 42.06335694271344 ], [ -1.606789062458395, 42.063350572308309 ], [ -1.606811350165039, 42.06335718334234 ], [ -1.606818943162152, 42.063324996986523 ], [ -1.606805865386806, 42.063291848162379 ] ] ] ] } },
{ "type": "Feature", "properties": { "fid": 179, "numero_int": 75, "denominacion": "SanJuan y Salvador", "n_sigla": "_20_15", "direccion": null, "fecha": null, "z_pepri": null, "director": null, "promotor": null, "descrip_restos": null, "ubi_mat_dep_perm": null, "ubi_mat_falta_depos": null, "ubi_mat_dep_tempo": null, "bibliografia": null, "colaboradores": null }, "geometry": { "type": "MultiPolygon", "coordinates": [ [ [ [ -1.607490627447193, 42.065114738658629 ], [ -1.60753953447005, 42.065076130472121 ], [ -1.607904806986945, 42.064761185564336 ], [ -1.607971150700366, 42.064680930816415 ], [ -1.607984911017452, 42.064673498408432 ], [ -1.608006808145585, 42.064682629939057 ], [ -1.607949280026046, 42.064911786427899 ], [ -1.607933084857371, 42.064976566890707 ], [ -1.607889246602036, 42.065088918709421 ], [ -1.607814896543282, 42.065219854663226 ], [ -1.607803001407071, 42.065219710342433 ], [ -1.607490627447193, 42.065114738658629 ] ] ], [ [ [ -1.608746413552826, 42.063816409203675 ], [ -1.608709942973843, 42.063715152630209 ], [ -1.609123335349046, 42.063601864291883 ], [ -1.609166825176479, 42.063634055349084 ], [ -1.609185088580182, 42.063705667603962 ], [ -1.609246899597226, 42.063819666135714 ], [ -1.609040925274126, 42.063873175015509 ], [ -1.608816440858268, 42.06395657944902 ], [ -1.608746413552826, 42.063816409203675 ] ] ], [ [ [ -1.60881104518894, 42.064515065432374 ], [ -1.608840209547837, 42.064502753452999 ], [ -1.609098696125467, 42.064341234647458 ], [ -1.609239358975384, 42.064410594783666 ], [ -1.60913935075211, 42.064462014521368 ], [ -1.609189217612065, 42.064520695538683 ], [ -1.608836714153493, 42.064601994627552 ], [ -1.60881104518894, 42.064515065432374 ] ] ] ] } },
{ "type": "Feature", "properties": { "fid": 180, "numero_int": 74, "denominacion": "Granados", "n_sigla": "_20_16", "direccion": null, "fecha": null, "z_pepri": null, "director": null, "promotor": null, "descrip_restos": null, "ubi_mat_dep_perm": null, "ubi_mat_falta_depos": null, "ubi_mat_dep_tempo": null, "bibliografia": null, "colaboradores": null }, "geometry": { "type": "MultiPolygon", "coordinates": [ [ [ [ -1.608152418097561, 42.064486293131338 ], [ -1.608179103365166, 42.064433263555308 ], [ -1.608248569493053, 42.064295274170647 ], [ -1.608229874045702, 42.064290184017807 ], [ -1.608209929016344, 42.064284754479054 ], [ -1.608200889928646, 42.064283573093135 ], [ -1.608193392051711, 42.064280447029283 ], [ -1.608175657909747, 42.064273954540184 ], [ -1.60816044256638, 42.064277201380705 ], [ -1.608128846122916, 42.064257940939463 ], [ -1.608105030594628, 42.064237703124853 ], [ -1.60809000810868, 42.064224930106185 ], [ -1.608071057850646, 42.064208822144316 ], [ -1.608070642409628, 42.064208474865836 ], [ -1.608041273630179, 42.064183513422684 ], [ -1.608037633803822, 42.064179722652511 ], [ -1.608003531781404, 42.064193827104354 ], [ -1.607963624187464, 42.06421032883997 ], [ -1.607958977167826, 42.064212253848908 ], [ -1.60795125662897, 42.064215447483349 ], [ -1.607936065040189, 42.064215947664003 ], [ -1.607883718295439, 42.064221481910337 ], [ -1.607887023468731, 42.064223440348535 ], [ -1.607825380238493, 42.064235148172656 ], [ -1.607781857255531, 42.064243419263526 ], [ -1.607779575558251, 42.06424385090056 ], [ -1.607741571131401, 42.064267283473598 ], [ -1.607719983812327, 42.064280594024233 ], [ -1.60772459227907, 42.064305876557576 ], [ -1.607731034943755, 42.064341250377183 ], [ -1.607805035702573, 42.064353099881892 ], [ -1.60780650908255, 42.064353153783188 ], [ -1.607850385807036, 42.064354694824132 ], [ -1.607853701051733, 42.064355086291116 ], [ -1.607911592047893, 42.064361885887088 ], [ -1.607945153631871, 42.064388564391557 ], [ -1.607973903717199, 42.064411419887669 ], [ -1.607981542687747, 42.064417492734044 ], [ -1.608036881765623, 42.06444484068011 ], [ -1.608147364255223, 42.064496327879766 ], [ -1.608152418097561, 42.064486293131338 ] ] ] ] } },
{ "type": "Feature", "properties": { "fid": 181, "numero_int": 77, "denominacion": "Figueruelas", "n_sigla": "_20_17", "direccion": null, "fecha": null, "z_pepri": null, "director": null, "promotor": null, "descrip_restos": null, "ubi_mat_dep_perm": null, "ubi_mat_falta_depos": null, "ubi_mat_dep_tempo": null, "bibliografia": null, "colaboradores": null }, "geometry": { "type": "MultiPolygon", "coordinates": [ [ [ [ -1.609260028318478, 42.062790364795809 ], [ -1.609273381993057, 42.062816464763245 ], [ -1.609332619312725, 42.062795855797589 ], [ -1.609359162969214, 42.062785784225625 ], [ -1.609341774634691, 42.062754600853424 ], [ -1.609328340871555, 42.062730508326219 ], [ -1.609295217321437, 42.062681004577655 ], [ -1.609294021114258, 42.062678774532046 ], [ -1.609246561905384, 42.062698553551542 ], [ -1.609192800741017, 42.062716346834065 ], [ -1.609232754990486, 42.062764096118066 ], [ -1.609255056616396, 42.062785576235243 ], [ -1.609260028318478, 42.062790364795809 ] ] ] ] } },
{ "type": "Feature", "properties": { "fid": 182, "numero_int": 76, "denominacion": "Matadero", "n_sigla": "_20_18", "direccion": null, "fecha": null, "z_pepri": null, "director": null, "promotor": null, "descrip_restos": null, "ubi_mat_dep_perm": null, "ubi_mat_falta_depos": null, "ubi_mat_dep_tempo": null, "bibliografia": null, "colaboradores": null }, "geometry": { "type": "MultiPolygon", "coordinates": [ [ [ [ -1.606622031754447, 42.06197150923748 ], [ -1.606568562895905, 42.061986431833944 ], [ -1.606511287653518, 42.062002424961186 ], [ -1.60652806933813, 42.062034195810149 ], [ -1.606616982741163, 42.062003429271613 ], [ -1.606634612520451, 42.061998077460217 ], [ -1.606622031754447, 42.06197150923748 ] ] ] ] } },
{ "type": "Feature", "properties": { "fid": 183, "numero_int": 87, "denominacion": "LaParra", "n_sigla": "_20_19", "direccion": null, "fecha": null, "z_pepri": null, "director": null, "promotor": null, "descrip_restos": null, "ubi_mat_dep_perm": null, "ubi_mat_falta_depos": null, "ubi_mat_dep_tempo": null, "bibliografia": null, "colaboradores": null }, "geometry": { "type": "MultiPolygon", "coordinates": [ [ [ [ -1.603313013315189, 42.063285673137578 ], [ -1.603340592334102, 42.063253784319869 ], [ -1.60335763402929, 42.063241103743948 ], [ -1.60342039379245, 42.063194440486669 ], [ -1.603418519990439, 42.063192805554934 ], [ -1.603386707278559, 42.063166408196089 ], [ -1.603310161709153, 42.063220576995057 ], [ -1.603301481982259, 42.063226721710741 ], [ -1.603323596413288, 42.063241770205408 ], [ -1.603296475548498, 42.063265991237373 ], [ -1.603303317850811, 42.063269785112929 ], [ -1.603295309638774, 42.063276172165239 ], [ -1.603313013315189, 42.063285673137578 ] ] ] ] } },
{ "type": "Feature", "properties": { "fid": 184, "numero_int": 86, "denominacion": "Mercadal", "n_sigla": "_20_20", "direccion": null, "fecha": null, "z_pepri": null, "director": null, "promotor": null, "descrip_restos": null, "ubi_mat_dep_perm": null, "ubi_mat_falta_depos": null, "ubi_mat_dep_tempo": null, "bibliografia": null, "colaboradores": null }, "geometry": { "type": "MultiPolygon", "coordinates": [ [ [ [ -1.606998219932596, 42.062898212873193 ], [ -1.606873855893945, 42.062940059345699 ], [ -1.606866688029812, 42.062941197177366 ], [ -1.606829648150946, 42.062947069891152 ], [ -1.606825706389652, 42.062947697505209 ], [ -1.606811807420056, 42.062949897408274 ], [ -1.606810060961885, 42.062950173411494 ], [ -1.606806325399825, 42.06295076750326 ], [ -1.606789259384872, 42.062955198536521 ], [ -1.606782987312985, 42.062956824572666 ], [ -1.606772428064759, 42.062959398253248 ], [ -1.606732426751883, 42.062969152715269 ], [ -1.606733200973032, 42.062972989789564 ], [ -1.606743595541467, 42.063024929192103 ], [ -1.606788539036863, 42.063017990657315 ], [ -1.606788611732206, 42.063017982533651 ], [ -1.606808656598708, 42.063015506007964 ], [ -1.606824387288577, 42.063013553502003 ], [ -1.60684368083615, 42.063011166917455 ], [ -1.606844541490758, 42.063011051278643 ], [ -1.606868710348363, 42.063007904308769 ], [ -1.606893812553472, 42.063004633570877 ], [ -1.606921326768713, 42.063001049871218 ], [ -1.606936768639322, 42.062999039805682 ], [ -1.606983230627602, 42.06299229975518 ], [ -1.607001890650308, 42.062989590232867 ], [ -1.607002727335071, 42.062989465295601 ], [ -1.607005028827532, 42.062989232052544 ], [ -1.607028309775729, 42.062986893842556 ], [ -1.607098678951434, 42.062980128743064 ], [ -1.606998219932596, 42.062898212873193 ] ] ] ] } },
{ "type": "Feature", "properties": { "fid": 185, "numero_int": 89, "denominacion": "Pasaje", "n_sigla": "_20_21", "direccion": null, "fecha": null, "z_pepri": null, "director": null, "promotor": null, "descrip_restos": null, "ubi_mat_dep_perm": null, "ubi_mat_falta_depos": null, "ubi_mat_dep_tempo": null, "bibliografia": null, "colaboradores": null }, "geometry": { "type": "MultiPolygon", "coordinates": [ [ [ [ -1.606598349984909, 42.062906317917076 ], [ -1.606625731527647, 42.06290327305458 ], [ -1.606626313089479, 42.062903208066153 ], [ -1.606635411879138, 42.062902201772019 ], [ -1.606660479057664, 42.062899426005742 ], [ -1.60668148034872, 42.062896321669022 ], [ -1.60671092097621, 42.062891968857492 ], [ -1.606721762748951, 42.062891398009583 ], [ -1.606720993670299, 42.062888983991613 ], [ -1.606711146432072, 42.062857891789491 ], [ -1.60670939444961, 42.062852340653741 ], [ -1.606705369318089, 42.062839646946792 ], [ -1.606705120423624, 42.062838869383597 ], [ -1.606707053025471, 42.062836713327314 ], [ -1.606720207914713, 42.06282211174544 ], [ -1.606722573856907, 42.06281948361714 ], [ -1.606790242825486, 42.062802436760563 ], [ -1.606819274647154, 42.062791351257893 ], [ -1.606789583324889, 42.062761846404726 ], [ -1.606772933498542, 42.062766039319136 ], [ -1.606728116538726, 42.062778806455455 ], [ -1.606709995082521, 42.062783972184086 ], [ -1.606674396893968, 42.06279411332288 ], [ -1.606649512224577, 42.062800151585947 ], [ -1.606652087140947, 42.062809522376476 ], [ -1.606652378656805, 42.062810561639751 ], [ -1.606621704412214, 42.06281495349436 ], [ -1.606619012723431, 42.062815344104813 ], [ -1.606556299161328, 42.062817464568219 ], [ -1.606515797731592, 42.062816378313656 ], [ -1.606476214417531, 42.062815312200932 ], [ -1.606465086808469, 42.062909635043944 ], [ -1.606509624933784, 42.062908518765454 ], [ -1.606598349984909, 42.062906317917076 ] ] ] ] } },
{ "type": "Feature", "properties": { "fid": 186, "numero_int": 88, "denominacion": "Rua", "n_sigla": "_20_22", "direccion": null, "fecha": null, "z_pepri": null, "director": null, "promotor": null, "descrip_restos": null, "ubi_mat_dep_perm": null, "ubi_mat_falta_depos": null, "ubi_mat_dep_tempo": null, "bibliografia": null, "colaboradores": null }, "geometry": { "type": "MultiPolygon", "coordinates": [ [ [ [ -1.606531593967459, 42.064217336449957 ], [ -1.6066046532372, 42.06420037318258 ], [ -1.606607350104536, 42.064199748472085 ], [ -1.606608821152659, 42.064203224750301 ], [ -1.606729532829709, 42.064175420070235 ], [ -1.606731525122648, 42.064174957921267 ], [ -1.606748422574042, 42.064171065229083 ], [ -1.60677519611472, 42.064164896774649 ], [ -1.606801539766701, 42.064162911018947 ], [ -1.606798492672259, 42.064124831456802 ], [ -1.606794250704737, 42.064071750921237 ], [ -1.606741601277873, 42.064073993675869 ], [ -1.606740916994922, 42.064068806750925 ], [ -1.606738608768164, 42.06406934612059 ], [ -1.606718413987001, 42.064073135730602 ], [ -1.606704415738466, 42.064075442489553 ], [ -1.606697465045396, 42.06407659195331 ], [ -1.606671105891007, 42.064080946151073 ], [ -1.606666399267044, 42.064081726585094 ], [ -1.606626751779796, 42.064091296170737 ], [ -1.606561673176218, 42.064106996417358 ], [ -1.606545865195951, 42.064110812249439 ], [ -1.606547336238775, 42.064114288528415 ], [ -1.606492768517653, 42.064127423495911 ], [ -1.606502261908334, 42.064155908595829 ], [ -1.606503556158922, 42.064158626200062 ], [ -1.606531593967459, 42.064217336449957 ] ] ] ] } },
{ "type": "Feature", "properties": { "fid": 187, "numero_int": 83, "denominacion": "Cementerio", "n_sigla": "_20_23", "direccion": null, "fecha": null, "z_pepri": null, "director": null, "promotor": null, "descrip_restos": null, "ubi_mat_dep_perm": null, "ubi_mat_falta_depos": null, "ubi_mat_dep_tempo": null, "bibliografia": null, "colaboradores": null }, "geometry": { "type": "MultiPolygon", "coordinates": [ [ [ [ -1.61204655154195, 42.055666095627373 ], [ -1.610570756619645, 42.055025837151909 ], [ -1.609382630557601, 42.056513480013678 ], [ -1.609061552006375, 42.056914502813918 ], [ -1.609386322863521, 42.057059279592913 ], [ -1.609685833996879, 42.057192014197753 ], [ -1.609991255578845, 42.057068230106317 ], [ -1.610016280851155, 42.05705451943998 ], [ -1.610362869082665, 42.056862289766123 ], [ -1.610544803767981, 42.056762271352795 ], [ -1.610653026278141, 42.056694620466487 ], [ -1.610883630861838, 42.056613257417496 ], [ -1.611030207497762, 42.056541873527827 ], [ -1.61110521138978, 42.056516735147333 ], [ -1.61146656892358, 42.056450066610289 ], [ -1.61204655154195, 42.055666095627373 ] ] ] ] } },
{ "type": "Feature", "properties": { "fid": 188, "numero_int": 82, "denominacion": "Batalla Tudela", "n_sigla": "_20_24", "direccion": null, "fecha": null, "z_pepri": null, "director": null, "promotor": null, "descrip_restos": null, "ubi_mat_dep_perm": null, "ubi_mat_falta_depos": null, "ubi_mat_dep_tempo": null, "bibliografia": null, "colaboradores": null }, "geometry": { "type": "MultiPolygon", "coordinates": [ [ [ [ -1.613393482588641, 42.051473054901258 ], [ -1.615177830532238, 42.052568644515617 ], [ -1.615512413443735, 42.054690368496594 ], [ -1.615398614042731, 42.05492204225154 ], [ -1.613968274225513, 42.055674842270243 ], [ -1.612737027706438, 42.055833510090771 ], [ -1.612078269740737, 42.055618816197715 ], [ -1.612337043636069, 42.055037047043129 ], [ -1.613630653842637, 42.053694932163381 ], [ -1.612516409131427, 42.053043119281448 ], [ -1.612459916666742, 42.052515547638571 ], [ -1.613393482588641, 42.051473054901258 ] ] ] ] } },
{ "type": "Feature", "properties": { "fid": 189, "numero_int": 85, "denominacion": "SanAnton", "n_sigla": "_20_25", "direccion": null, "fecha": null, "z_pepri": null, "director": null, "promotor": null, "descrip_restos": null, "ubi_mat_dep_perm": null, "ubi_mat_falta_depos": null, "ubi_mat_dep_tempo": null, "bibliografia": null, "colaboradores": null }, "geometry": { "type": "MultiPolygon", "coordinates": [ [ [ [ -1.605645482531517, 42.064396866093574 ], [ -1.605645047806224, 42.064394086874138 ], [ -1.605640294198254, 42.064363876056433 ], [ -1.605614820299505, 42.064366430504009 ], [ -1.605607884335779, 42.064366904608896 ], [ -1.605561233610761, 42.064370066307418 ], [ -1.605560579928714, 42.064370112401384 ], [ -1.605530270266569, 42.064372166756172 ], [ -1.605532551842918, 42.064405427687369 ], [ -1.605532905320033, 42.064409709970001 ], [ -1.605539965680955, 42.064494671032229 ], [ -1.605587681803641, 42.064491432226625 ], [ -1.605633546016604, 42.064488314997945 ], [ -1.605664642528594, 42.064486207133399 ], [ -1.605647204043615, 42.06440491161564 ], [ -1.605645482531517, 42.064396866093574 ] ] ] ] } },
{ "type": "Feature", "properties": { "fid": 190, "numero_int": 84, "denominacion": "SanNicolas", "n_sigla": "_20_26", "direccion": null, "fecha": null, "z_pepri": null, "director": null, "promotor": null, "descrip_restos": null, "ubi_mat_dep_perm": null, "ubi_mat_falta_depos": null, "ubi_mat_dep_tempo": null, "bibliografia": null, "colaboradores": null }, "geometry": { "type": "MultiPolygon", "coordinates": [ [ [ [ -1.607074260281507, 42.064704113529956 ], [ -1.607118142399236, 42.06470154804947 ], [ -1.607134504349413, 42.064700593857111 ], [ -1.607130708382886, 42.06466192881377 ], [ -1.607262976930856, 42.06463239955859 ], [ -1.607271386777931, 42.064629745708388 ], [ -1.607277968216283, 42.064626691401379 ], [ -1.607282129082856, 42.064622680067025 ], [ -1.607292316504761, 42.064611140570676 ], [ -1.607349302533781, 42.064547653395138 ], [ -1.607185839967249, 42.064546164722614 ], [ -1.60718511212218, 42.06450868972631 ], [ -1.607156486123677, 42.06450891865812 ], [ -1.607155553902285, 42.064551561126322 ], [ -1.607122350860087, 42.064548852478957 ], [ -1.607062093673985, 42.064545239005966 ], [ -1.607052002516002, 42.064546845713977 ], [ -1.607050631722142, 42.064517774785855 ], [ -1.607044250525363, 42.064517751359887 ], [ -1.607034901193457, 42.064485980759081 ], [ -1.606996342295457, 42.064462888870274 ], [ -1.606968244774932, 42.064471563063428 ], [ -1.606942413926657, 42.064484362629138 ], [ -1.606923621043028, 42.064493681142849 ], [ -1.606898718749757, 42.064506023644675 ], [ -1.606888791208897, 42.064539946888729 ], [ -1.606869421055431, 42.064557976472365 ], [ -1.606876213437852, 42.064598893450658 ], [ -1.606884734763227, 42.064650287720035 ], [ -1.606895371413423, 42.064714388524095 ], [ -1.60694115268037, 42.064712305489053 ], [ -1.607040554895225, 42.06470779322558 ], [ -1.607060886108273, 42.064706617039626 ], [ -1.607060923903845, 42.06470488829104 ], [ -1.607074260281507, 42.064704113529956 ] ] ] ] } },
{ "type": "Feature", "properties": { "fid": 191, "numero_int": 55555, "denominacion": "AAAAAAAaaa", "n_sigla": "aaaaaaa", "direccion": "C\\ sdfgdgrhjfdtyj", "fecha": null, "z_pepri": 3, "director": null, "promotor": null, "descrip_restos": "", "ubi_mat_dep_perm": null, "ubi_mat_falta_depos": null, "ubi_mat_dep_tempo": null, "bibliografia": " vnncnm cvmvjm", "colaboradores": "- dfgdfg\n- srgfg" }, "geometry": { "type": "MultiPolygon", "coordinates": [ [ [ [ -1.61049549894748, 42.06614151413131 ], [ -1.610188314860881, 42.065754594374205 ], [ -1.61019648233483, 42.065732024471203 ], [ -1.61030732739122, 42.065683400081092 ], [ -1.61040330855029, 42.065641287252305 ], [ -1.610510980339509, 42.0655940562349 ], [ -1.610545258385011, 42.065599046504694 ], [ -1.610850774412841, 42.065984927415101 ], [ -1.6107207514013, 42.066042236359003 ], [ -1.61071043899244, 42.066046776759286 ], [ -1.610627950771099, 42.066083145092499 ], [ -1.6106255221635, 42.06608421445349 ], [ -1.61049549894748, 42.06614151413131 ] ] ] ] } }
]
}
