{
"type": "FeatureCollection",
"name": "Media piezas destacadas",
"features": [
{ "type": "Feature", "properties": { "fid": 5298, "num_pieza": 120, "tipo": "Foto", "ruta": "./media/17/piezas_destacadas/120/Foto/público/asa_INT_17_B.jpg", "publico": 1, "url": "https://multimedia.arqueotudela.workers.dev/?id=1irdjPs1JQjEKG5DLI-SPWV9SFI_SZRlS" }, "geometry": null },
{ "type": "Feature", "properties": { "fid": 6026, "num_pieza": 1, "tipo": "Foto", "ruta": "./media/10/piezas_destacadas/1/Foto/público/plato.jpg", "publico": 1, "url": "https://multimedia.arqueotudela.workers.dev/?id=1XzSvAFnXLxpiI1dTRXpe3jUW5eo8iqxE" }, "geometry": null },
{ "type": "Feature", "properties": { "fid": 6027, "num_pieza": 1, "tipo": "Dibujo", "ruta": "./media/10/piezas_destacadas/1/Dibujo/público/plato.jpg", "publico": 1, "url": "https://multimedia.arqueotudela.workers.dev/?id=1vnbXJ8NY1rG_IzqzMiXEF1qNyhuZA8pi" }, "geometry": null },
{ "type": "Feature", "properties": { "fid": 7963, "num_pieza": 244, "tipo": "Foto", "ruta": "./media/33/piezas_destacadas/369/Foto/público/HUESO_TALLADO_INT_33_N.jpg", "publico": 1, "url": null }, "geometry": null },
{ "type": "Feature", "properties": { "fid": 7964, "num_pieza": 244, "tipo": "Foto", "ruta": "./media/33/piezas_destacadas/369/Foto/privado/HUESO_TALLADO_INT_33_B.jpg", "publico": 0, "url": null }, "geometry": null },
{ "type": "Feature", "properties": { "fid": 7965, "num_pieza": 244, "tipo": "Foto", "ruta": "./media/33/piezas_destacadas/369/Foto/privado/HUESO_TALLADO_INT_33_N.jpg", "publico": 0, "url": null }, "geometry": null },
{ "type": "Feature", "properties": { "fid": 7966, "num_pieza": 244, "tipo": "Dibujo", "ruta": "./media/33/piezas_destacadas/369/Dibujo/público/INT_35_Brazalete_Arquero.jpg", "publico": 1, "url": null }, "geometry": null },
{ "type": "Feature", "properties": { "fid": 7967, "num_pieza": 244, "tipo": "Dibujo", "ruta": "./media/33/piezas_destacadas/369/Dibujo/privado/INT_35_Brazalete_Arquero.png", "publico": 0, "url": null }, "geometry": null },
{ "type": "Feature", "properties": { "fid": 8870, "num_pieza": 156, "tipo": "Foto", "ruta": "./media/36/piezas_destacadas/156/Foto/público/Sello_Cera.jpg", "publico": 1, "url": null }, "geometry": null },
{ "type": "Feature", "properties": { "fid": 9631, "num_pieza": 64, "tipo": "Dibujo", "ruta": "./media/8/piezas_destacadas/64/Dibujo/público/Plato_6687.jpg", "publico": 1, "url": null }, "geometry": null },
{ "type": "Feature", "properties": { "fid": 9632, "num_pieza": 64, "tipo": "Dibujo", "ruta": "./media/8/piezas_destacadas/64/Dibujo/privado/Plato_6687.png", "publico": 0, "url": null }, "geometry": null },
{ "type": "Feature", "properties": { "fid": 9633, "num_pieza": 64, "tipo": "Dibujo", "ruta": "./media/8/piezas_destacadas/64/Dibujo/privado/Plato_6687.svg", "publico": 0, "url": null }, "geometry": null },
{ "type": "Feature", "properties": { "fid": 13695, "num_pieza": 86, "tipo": "Foto", "ruta": "./media/10/piezas_destacadas/86/Foto/público/plato.jpg", "publico": 1, "url": null }, "geometry": null },
{ "type": "Feature", "properties": { "fid": 13696, "num_pieza": 86, "tipo": "Dibujo", "ruta": "./media/10/piezas_destacadas/86/Dibujo/público/plato.jpg", "publico": 1, "url": null }, "geometry": null },
{ "type": "Feature", "properties": { "fid": 13697, "num_pieza": 87, "tipo": "Foto", "ruta": "./media/10/piezas_destacadas/87/Foto/público/ataifor_manganeso_n.jpg", "publico": 1, "url": "https://multimedia.arqueotudela.workers.dev/?id=1B0im_tSYk4BNur-th-lHbS7Y4fOp47i4" }, "geometry": null },
{ "type": "Feature", "properties": { "fid": 13698, "num_pieza": 87, "tipo": "Foto", "ruta": "./media/10/piezas_destacadas/87/Foto/privado/ataifor_manganeso_b.jpg", "publico": 0, "url": null }, "geometry": null },
{ "type": "Feature", "properties": { "fid": 13699, "num_pieza": 87, "tipo": "Foto", "ruta": "./media/10/piezas_destacadas/87/Foto/privado/ataifor_manganeso_n.jpg", "publico": 0, "url": null }, "geometry": null },
{ "type": "Feature", "properties": { "fid": 13700, "num_pieza": 87, "tipo": "Dibujo", "ruta": "./media/10/piezas_destacadas/87/Dibujo/público/DIBUJO ATAIFOR027.jpg", "publico": 1, "url": "https://multimedia.arqueotudela.workers.dev/?id=1p6ojBy84UTNFQjhUohk7QWGi6lE1FKWe" }, "geometry": null },
{ "type": "Feature", "properties": { "fid": 13701, "num_pieza": 87, "tipo": "Dibujo", "ruta": "./media/10/piezas_destacadas/87/Dibujo/privado/DIBUJO ATAIFOR027.jpg", "publico": 0, "url": null }, "geometry": null },
{ "type": "Feature", "properties": { "fid": 13702, "num_pieza": 88, "tipo": "Foto", "ruta": "./media/10/piezas_destacadas/88/Foto/público/ataifor_cortapelaires_ii_1.jpg", "publico": 1, "url": "https://multimedia.arqueotudela.workers.dev/?id=1_ky_HWSzg4nCw7euUY3g_GuGhhQXyIAh" }, "geometry": null },
{ "type": "Feature", "properties": { "fid": 13703, "num_pieza": 88, "tipo": "Foto", "ruta": "./media/10/piezas_destacadas/88/Foto/público/ataifor_cortapelaires_ii_n.jpg", "publico": 1, "url": "https://multimedia.arqueotudela.workers.dev/?id=1ffg68VQfQqxiUXVHS0AmIvTh0d8tyxq3" }, "geometry": null },
{ "type": "Feature", "properties": { "fid": 13704, "num_pieza": 88, "tipo": "Foto", "ruta": "./media/10/piezas_destacadas/88/Foto/privado/ataifor_cortapelaires_ii_.jpg", "publico": 0, "url": null }, "geometry": null },
{ "type": "Feature", "properties": { "fid": 13705, "num_pieza": 88, "tipo": "Foto", "ruta": "./media/10/piezas_destacadas/88/Foto/privado/ataifor_cortapelaires_ii_n.jpg", "publico": 0, "url": null }, "geometry": null },
{ "type": "Feature", "properties": { "fid": 13706, "num_pieza": 88, "tipo": "Dibujo", "ruta": "./media/10/piezas_destacadas/88/Dibujo/público/DIBUJO ATAIFOR026.jpg", "publico": 1, "url": "https://multimedia.arqueotudela.workers.dev/?id=1WCF79uPmz6IUm8xEBYfbOP9OJGfazBQw" }, "geometry": null },
{ "type": "Feature", "properties": { "fid": 13707, "num_pieza": 88, "tipo": "Dibujo", "ruta": "./media/10/piezas_destacadas/88/Dibujo/privado/DIBUJO ATAIFOR026.jpg", "publico": 0, "url": null }, "geometry": null },
{ "type": "Feature", "properties": { "fid": 13708, "num_pieza": 89, "tipo": "Dibujo", "ruta": "./media/10/piezas_destacadas/89/Dibujo/público/Jarrita_Cortapelaires_1.jpg", "publico": 1, "url": "https://multimedia.arqueotudela.workers.dev/?id=1Bjya9_FPxHtqVS6x9Y0KQcBrl_CQ9TU-" }, "geometry": null },
{ "type": "Feature", "properties": { "fid": 13709, "num_pieza": 89, "tipo": "Dibujo", "ruta": "./media/10/piezas_destacadas/89/Dibujo/privado/Jarrita_Cortapelaires_1.jpg", "publico": 0, "url": null }, "geometry": null },
{ "type": "Feature", "properties": { "fid": 13710, "num_pieza": 90, "tipo": "Foto", "ruta": "./media/10/piezas_destacadas/90/Foto/público/ESTAMPILLADA_GRIS_N.jpg", "publico": 1, "url": "https://multimedia.arqueotudela.workers.dev/?id=1JyV8g4QdPKIJCXFUvOiByRsdOsoP6aR4" }, "geometry": null },
{ "type": "Feature", "properties": { "fid": 13711, "num_pieza": 90, "tipo": "Foto", "ruta": "./media/10/piezas_destacadas/90/Foto/privado/ESTAMPILLADA_GRIS.png", "publico": 0, "url": null }, "geometry": null },
{ "type": "Feature", "properties": { "fid": 13712, "num_pieza": 90, "tipo": "Foto", "ruta": "./media/10/piezas_destacadas/90/Foto/privado/ESTAMPILLADA_GRIS_N.jpg", "publico": 0, "url": null }, "geometry": null },
{ "type": "Feature", "properties": { "fid": 13713, "num_pieza": 91, "tipo": "Foto", "ruta": "./media/10/piezas_destacadas/91/Foto/público/loza dorada III_n.jpg", "publico": 1, "url": "https://multimedia.arqueotudela.workers.dev/?id=1mMaNnDCT_YHOx8WC0IOO7ASLvZspDFDx" }, "geometry": null },
{ "type": "Feature", "properties": { "fid": 13714, "num_pieza": 91, "tipo": "Foto", "ruta": "./media/10/piezas_destacadas/91/Foto/privado/loza dorada III.jpg", "publico": 0, "url": null }, "geometry": null },
{ "type": "Feature", "properties": { "fid": 13715, "num_pieza": 91, "tipo": "Foto", "ruta": "./media/10/piezas_destacadas/91/Foto/privado/loza dorada III_n.jpg", "publico": 0, "url": null }, "geometry": null },
{ "type": "Feature", "properties": { "fid": 13716, "num_pieza": 92, "tipo": "Foto", "ruta": "./media/10/piezas_destacadas/92/Foto/público/loza_dorada_I_n.jpg", "publico": 1, "url": "https://multimedia.arqueotudela.workers.dev/?id=1pxFEmHSF_lGZMcLvJgrIL-HU_bUGtMh_" }, "geometry": null },
{ "type": "Feature", "properties": { "fid": 13717, "num_pieza": 92, "tipo": "Foto", "ruta": "./media/10/piezas_destacadas/92/Foto/privado/loza_dorada_I_.jpg", "publico": 0, "url": null }, "geometry": null },
{ "type": "Feature", "properties": { "fid": 13718, "num_pieza": 92, "tipo": "Foto", "ruta": "./media/10/piezas_destacadas/92/Foto/privado/loza_dorada_I_n.jpg", "publico": 0, "url": null }, "geometry": null },
{ "type": "Feature", "properties": { "fid": 13719, "num_pieza": 93, "tipo": "Foto", "ruta": "./media/11/piezas_destacadas/93/Foto/público/PLATO_N.jpg", "publico": 1, "url": "https://multimedia.arqueotudela.workers.dev/?id=1IKBEMyikkaHF4ozNKSeHLY65j7hjOqnw" }, "geometry": null },
{ "type": "Feature", "properties": { "fid": 13720, "num_pieza": 93, "tipo": "Foto", "ruta": "./media/11/piezas_destacadas/93/Foto/privado/PLATO.jpg", "publico": 0, "url": null }, "geometry": null },
{ "type": "Feature", "properties": { "fid": 13721, "num_pieza": 93, "tipo": "Foto", "ruta": "./media/11/piezas_destacadas/93/Foto/privado/PLATO_N.jpg", "publico": 0, "url": null }, "geometry": null },
{ "type": "Feature", "properties": { "fid": 13722, "num_pieza": 93, "tipo": "Dibujo", "ruta": "./media/11/piezas_destacadas/93/Dibujo/público/INT_11_Plato_Cerro_87.jpg", "publico": 1, "url": "https://multimedia.arqueotudela.workers.dev/?id=1udSwtzUg1_evI3emJfBA7q6U45Kcis0D" }, "geometry": null },
{ "type": "Feature", "properties": { "fid": 13723, "num_pieza": 93, "tipo": "Dibujo", "ruta": "./media/11/piezas_destacadas/93/Dibujo/privado/INT_11_Plato_Cerro_87.jpg", "publico": 0, "url": null }, "geometry": null },
{ "type": "Feature", "properties": { "fid": 13724, "num_pieza": 94, "tipo": "Foto", "ruta": "./media/12/piezas_destacadas/94/Foto/público/plato_sal_INT_12_N.jpg", "publico": 1, "url": "https://multimedia.arqueotudela.workers.dev/?id=12VZAGvjwv0GzcWaHx85WVB7GXbx2zay-" }, "geometry": null },
{ "type": "Feature", "properties": { "fid": 13725, "num_pieza": 94, "tipo": "Foto", "ruta": "./media/12/piezas_destacadas/94/Foto/privado/plato_sal_INT_12_B.jpg", "publico": 0, "url": null }, "geometry": null },
{ "type": "Feature", "properties": { "fid": 13726, "num_pieza": 94, "tipo": "Foto", "ruta": "./media/12/piezas_destacadas/94/Foto/privado/plato_sal_INT_12_N.jpg", "publico": 0, "url": null }, "geometry": null },
{ "type": "Feature", "properties": { "fid": 13727, "num_pieza": 94, "tipo": "Dibujo", "ruta": "./media/12/piezas_destacadas/94/Dibujo/público/INT12_PlatodeSal_Cubeta6856.jpg", "publico": 1, "url": "https://multimedia.arqueotudela.workers.dev/?id=1cBjQ9qxHSsuowxwRnVjQPjHxdDEuLppr" }, "geometry": null },
{ "type": "Feature", "properties": { "fid": 13728, "num_pieza": 94, "tipo": "Dibujo", "ruta": "./media/12/piezas_destacadas/94/Dibujo/privado/INT12_PlatodeSal_Cubeta6856.png", "publico": 0, "url": null }, "geometry": null },
{ "type": "Feature", "properties": { "fid": 13729, "num_pieza": 95, "tipo": "Foto", "ruta": "./media/12/piezas_destacadas/95/Foto/público/azulejo_mujer_INT_12_N.jpg", "publico": 1, "url": "https://multimedia.arqueotudela.workers.dev/?id=15XB2GQnVvDR983LBq5U_POSpx00vc7Gj" }, "geometry": null },
{ "type": "Feature", "properties": { "fid": 13730, "num_pieza": 95, "tipo": "Foto", "ruta": "./media/12/piezas_destacadas/95/Foto/privado/azulejo_mujer_INT_12_.jpg", "publico": 0, "url": null }, "geometry": null },
{ "type": "Feature", "properties": { "fid": 13731, "num_pieza": 95, "tipo": "Foto", "ruta": "./media/12/piezas_destacadas/95/Foto/privado/azulejo_mujer_INT_12_N.jpg", "publico": 0, "url": null }, "geometry": null },
{ "type": "Feature", "properties": { "fid": 13732, "num_pieza": 95, "tipo": "Dibujo", "ruta": "./media/12/piezas_destacadas/95/Dibujo/público/12_Azulejo_Juego_Cubeta6864_.jpg", "publico": 1, "url": "https://multimedia.arqueotudela.workers.dev/?id=1qJbTb_kvR2Z6llcMa80tEVXO6LLIXTgZ" }, "geometry": null },
{ "type": "Feature", "properties": { "fid": 13733, "num_pieza": 95, "tipo": "Dibujo", "ruta": "./media/12/piezas_destacadas/95/Dibujo/privado/12_Azulejo_Juego_Cubeta6864_.jpg", "publico": 0, "url": null }, "geometry": null },
{ "type": "Feature", "properties": { "fid": 13734, "num_pieza": 95, "tipo": "Dibujo", "ruta": "./media/12/piezas_destacadas/95/Dibujo/privado/azulejo_mujer_INT_12.jpg", "publico": 0, "url": null }, "geometry": null },
{ "type": "Feature", "properties": { "fid": 13735, "num_pieza": 95, "tipo": "Dibujo", "ruta": "./media/12/piezas_destacadas/95/Dibujo/privado/azulejo_mujer_INT_12_.jpg", "publico": 0, "url": null }, "geometry": null },
{ "type": "Feature", "properties": { "fid": 13736, "num_pieza": 95, "tipo": "Dibujo", "ruta": "./media/12/piezas_destacadas/95/Dibujo/privado/azulejo_mujer_INT_12_1.jpg", "publico": 0, "url": null }, "geometry": null },
{ "type": "Feature", "properties": { "fid": 13737, "num_pieza": 95, "tipo": "Dibujo", "ruta": "./media/12/piezas_destacadas/95/Dibujo/privado/azulejo_mujer_INT_12_N.jpg", "publico": 0, "url": null }, "geometry": null },
{ "type": "Feature", "properties": { "fid": 13738, "num_pieza": 96, "tipo": "Foto", "ruta": "./media/12/piezas_destacadas/96/Foto/público/azulejo_cadenas_INT_12_N.jpg", "publico": 1, "url": "https://multimedia.arqueotudela.workers.dev/?id=1qDXIjlhI84XD3-MecR1k4cEa6PzZTdTY" }, "geometry": null },
{ "type": "Feature", "properties": { "fid": 13739, "num_pieza": 96, "tipo": "Foto", "ruta": "./media/12/piezas_destacadas/96/Foto/privado/azulejo_cadenas_INT_12_.jpg", "publico": 0, "url": null }, "geometry": null },
{ "type": "Feature", "properties": { "fid": 13740, "num_pieza": 96, "tipo": "Foto", "ruta": "./media/12/piezas_destacadas/96/Foto/privado/azulejo_cadenas_INT_12_N.jpg", "publico": 0, "url": null }, "geometry": null },
{ "type": "Feature", "properties": { "fid": 13741, "num_pieza": 96, "tipo": "Dibujo", "ruta": "./media/12/piezas_destacadas/96/Dibujo/público/12_Azulejo_Juego_Cubeta6864_.jpg", "publico": 1, "url": "https://multimedia.arqueotudela.workers.dev/?id=1cajuddbuoF0muj8ne5M7JXpB-CCAYl03" }, "geometry": null },
{ "type": "Feature", "properties": { "fid": 13742, "num_pieza": 96, "tipo": "Dibujo", "ruta": "./media/12/piezas_destacadas/96/Dibujo/privado/12_Azulejo_Juego_Cubeta6864_.png", "publico": 0, "url": null }, "geometry": null },
{ "type": "Feature", "properties": { "fid": 13743, "num_pieza": 97, "tipo": "Foto", "ruta": "./media/12/piezas_destacadas/97/Foto/público/tacita_INT_13_N.jpg", "publico": 1, "url": "https://multimedia.arqueotudela.workers.dev/?id=1Fh7zb4QX7tn3VNEhOYRLtqJ_YaOU5Fls" }, "geometry": null },
{ "type": "Feature", "properties": { "fid": 13744, "num_pieza": 97, "tipo": "Foto", "ruta": "./media/12/piezas_destacadas/97/Foto/privado/tacita_INT_13_.jpg", "publico": 0, "url": null }, "geometry": null },
{ "type": "Feature", "properties": { "fid": 13745, "num_pieza": 97, "tipo": "Foto", "ruta": "./media/12/piezas_destacadas/97/Foto/privado/tacita_INT_13_N.jpg", "publico": 0, "url": null }, "geometry": null },
{ "type": "Feature", "properties": { "fid": 13746, "num_pieza": 97, "tipo": "Dibujo", "ruta": "./media/12/piezas_destacadas/97/Dibujo/público/12_Azulejo_Juego_Cubeta6864_.jpg", "publico": 1, "url": "https://multimedia.arqueotudela.workers.dev/?id=1g1j-FQjtmVzca-8a5OVNMpNnYMWZ-s0C" }, "geometry": null },
{ "type": "Feature", "properties": { "fid": 13747, "num_pieza": 97, "tipo": "Dibujo", "ruta": "./media/12/piezas_destacadas/97/Dibujo/privado/12_Azulejo_Juego_Cubeta6864_.png", "publico": 0, "url": null }, "geometry": null },
{ "type": "Feature", "properties": { "fid": 13748, "num_pieza": 100, "tipo": "Foto", "ruta": "./media/13/piezas_destacadas/100/Foto/público/ataifor sta barbara 88_n.jpg", "publico": 1, "url": "https://multimedia.arqueotudela.workers.dev/?id=1DVrCaXgL7vjEAhyo84b4hChpgTz2rtID" }, "geometry": null },
{ "type": "Feature", "properties": { "fid": 13749, "num_pieza": 100, "tipo": "Foto", "ruta": "./media/13/piezas_destacadas/100/Foto/privado/ataifor sta barbara 88_b.jpg", "publico": 0, "url": null }, "geometry": null },
{ "type": "Feature", "properties": { "fid": 13750, "num_pieza": 100, "tipo": "Foto", "ruta": "./media/13/piezas_destacadas/100/Foto/privado/ataifor sta barbara 88_n.jpg", "publico": 0, "url": null }, "geometry": null },
{ "type": "Feature", "properties": { "fid": 13751, "num_pieza": 101, "tipo": "Foto", "ruta": "./media/13/piezas_destacadas/101/Foto/público/TAPADERAS_N.jpg", "publico": 1, "url": "https://multimedia.arqueotudela.workers.dev/?id=12fGY6Hm8KHt8MnZ2P36XGJevE8HqbSu6" }, "geometry": null },
{ "type": "Feature", "properties": { "fid": 13752, "num_pieza": 101, "tipo": "Foto", "ruta": "./media/13/piezas_destacadas/101/Foto/privado/TAPADERAS.jpg", "publico": 0, "url": null }, "geometry": null },
{ "type": "Feature", "properties": { "fid": 13753, "num_pieza": 101, "tipo": "Foto", "ruta": "./media/13/piezas_destacadas/101/Foto/privado/TAPADERAS_N.jpg", "publico": 0, "url": null }, "geometry": null },
{ "type": "Feature", "properties": { "fid": 13754, "num_pieza": 102, "tipo": "Foto", "ruta": "./media/13/piezas_destacadas/102/Foto/público/PLATO DE SAL_N.jpg", "publico": 1, "url": "https://multimedia.arqueotudela.workers.dev/?id=1XcwHDh5bhufYSxLmsZtcaX80PXg7jkB2" }, "geometry": null },
{ "type": "Feature", "properties": { "fid": 13755, "num_pieza": 102, "tipo": "Foto", "ruta": "./media/13/piezas_destacadas/102/Foto/privado/PLATO DE SAL_.jpg", "publico": 0, "url": null }, "geometry": null },
{ "type": "Feature", "properties": { "fid": 13756, "num_pieza": 102, "tipo": "Foto", "ruta": "./media/13/piezas_destacadas/102/Foto/privado/PLATO DE SAL_N.jpg", "publico": 0, "url": null }, "geometry": null },
{ "type": "Feature", "properties": { "fid": 13757, "num_pieza": 103, "tipo": "Foto", "ruta": "./media/13/piezas_destacadas/103/Foto/público/COPA_N.jpg", "publico": 1, "url": "https://multimedia.arqueotudela.workers.dev/?id=1JJ_Bk4wrJRwXr4cZpbuTHGIay3SRvTqO" }, "geometry": null },
{ "type": "Feature", "properties": { "fid": 13758, "num_pieza": 103, "tipo": "Foto", "ruta": "./media/13/piezas_destacadas/103/Foto/privado/COPA.jpg", "publico": 0, "url": null }, "geometry": null },
{ "type": "Feature", "properties": { "fid": 13759, "num_pieza": 103, "tipo": "Foto", "ruta": "./media/13/piezas_destacadas/103/Foto/privado/COPA_N.jpg", "publico": 0, "url": null }, "geometry": null },
{ "type": "Feature", "properties": { "fid": 13760, "num_pieza": 98, "tipo": "Foto", "ruta": "./media/13/piezas_destacadas/98/Foto/público/VASO BITRONCOCONICO_N.jpg", "publico": 1, "url": "https://multimedia.arqueotudela.workers.dev/?id=1wb0O0_x4Hx0GZooynCPN9ON4JWYz7Xxf" }, "geometry": null },
{ "type": "Feature", "properties": { "fid": 13761, "num_pieza": 98, "tipo": "Foto", "ruta": "./media/13/piezas_destacadas/98/Foto/privado/VASO BITRONCOCONICO.jpg", "publico": 0, "url": null }, "geometry": null },
{ "type": "Feature", "properties": { "fid": 13762, "num_pieza": 98, "tipo": "Foto", "ruta": "./media/13/piezas_destacadas/98/Foto/privado/VASO BITRONCOCONICO_N.jpg", "publico": 0, "url": null }, "geometry": null },
{ "type": "Feature", "properties": { "fid": 13763, "num_pieza": 99, "tipo": "Foto", "ruta": "./media/13/piezas_destacadas/99/Foto/público/INCISA_II_N.jpg", "publico": 1, "url": "https://multimedia.arqueotudela.workers.dev/?id=1GURS0rquzRmnmrVTMf5Raa0Nah4aIKV0" }, "geometry": null },
{ "type": "Feature", "properties": { "fid": 13764, "num_pieza": 99, "tipo": "Foto", "ruta": "./media/13/piezas_destacadas/99/Foto/público/INCISA_I_N.jpg", "publico": 1, "url": "https://multimedia.arqueotudela.workers.dev/?id=1KhZyO8qzPKcg1zH218-zG84me8o1Qq0a" }, "geometry": null },
{ "type": "Feature", "properties": { "fid": 13765, "num_pieza": 99, "tipo": "Foto", "ruta": "./media/13/piezas_destacadas/99/Foto/privado/INCISA_II.jpg", "publico": 0, "url": null }, "geometry": null },
{ "type": "Feature", "properties": { "fid": 13766, "num_pieza": 99, "tipo": "Foto", "ruta": "./media/13/piezas_destacadas/99/Foto/privado/INCISA_II_N.jpg", "publico": 0, "url": null }, "geometry": null },
{ "type": "Feature", "properties": { "fid": 13767, "num_pieza": 99, "tipo": "Foto", "ruta": "./media/13/piezas_destacadas/99/Foto/privado/INCISA_I_B.jpg", "publico": 0, "url": null }, "geometry": null },
{ "type": "Feature", "properties": { "fid": 13768, "num_pieza": 99, "tipo": "Foto", "ruta": "./media/13/piezas_destacadas/99/Foto/privado/INCISA_I_N.jpg", "publico": 0, "url": null }, "geometry": null },
{ "type": "Feature", "properties": { "fid": 13769, "num_pieza": 104, "tipo": "Foto", "ruta": "./media/14/piezas_destacadas/104/Foto/público/barras_alfarero_INT_14_N.jpg", "publico": 1, "url": "https://multimedia.arqueotudela.workers.dev/?id=12fv_3LEm3gzv7lUJrz2kXGPQ7B4UU1dW" }, "geometry": null },
{ "type": "Feature", "properties": { "fid": 13770, "num_pieza": 104, "tipo": "Foto", "ruta": "./media/14/piezas_destacadas/104/Foto/privado/barras_alfarero_INT_14_B.jpg", "publico": 0, "url": null }, "geometry": null },
{ "type": "Feature", "properties": { "fid": 13771, "num_pieza": 104, "tipo": "Foto", "ruta": "./media/14/piezas_destacadas/104/Foto/privado/barras_alfarero_INT_14_N.jpg", "publico": 0, "url": null }, "geometry": null },
{ "type": "Feature", "properties": { "fid": 13772, "num_pieza": 105, "tipo": "Foto", "ruta": "./media/14/piezas_destacadas/105/Foto/público/cuerda_seca_carrea_claras_n_INT_14.jpg", "publico": 1, "url": "https://multimedia.arqueotudela.workers.dev/?id=1GK7gFjpO9egh_IZJY4MxA0B7j7Rkd5l3" }, "geometry": null },
{ "type": "Feature", "properties": { "fid": 13773, "num_pieza": 105, "tipo": "Foto", "ruta": "./media/14/piezas_destacadas/105/Foto/privado/cuerda_seca_carrea_claras_B_INT_14.jpg", "publico": 0, "url": null }, "geometry": null },
{ "type": "Feature", "properties": { "fid": 13774, "num_pieza": 105, "tipo": "Foto", "ruta": "./media/14/piezas_destacadas/105/Foto/privado/cuerda_seca_carrea_claras_n_INT_14.jpg", "publico": 0, "url": null }, "geometry": null },
{ "type": "Feature", "properties": { "fid": 13775, "num_pieza": 105, "tipo": "Dibujo", "ruta": "./media/14/piezas_destacadas/105/Dibujo/público/INT14_CuerdaSeca_1_.jpg", "publico": 1, "url": "https://multimedia.arqueotudela.workers.dev/?id=153iUaoR9Lym2-RAqcv6nLw0X1_cC7MfC" }, "geometry": null },
{ "type": "Feature", "properties": { "fid": 13776, "num_pieza": 105, "tipo": "Dibujo", "ruta": "./media/14/piezas_destacadas/105/Dibujo/privado/INT14_CuerdaSeca_1_.png", "publico": 0, "url": null }, "geometry": null },
{ "type": "Feature", "properties": { "fid": 13777, "num_pieza": 106, "tipo": "Foto", "ruta": "./media/14/piezas_destacadas/106/Foto/público/cuerda_seca_melada_n_INT_14.jpg", "publico": 1, "url": "https://multimedia.arqueotudela.workers.dev/?id=1i9jMYTNR_MrjSVW2giYmJGV8AS4-RuNp" }, "geometry": null },
{ "type": "Feature", "properties": { "fid": 13778, "num_pieza": 106, "tipo": "Foto", "ruta": "./media/14/piezas_destacadas/106/Foto/privado/cuerda_seca_melada_B_INT_14.jpg", "publico": 0, "url": null }, "geometry": null },
{ "type": "Feature", "properties": { "fid": 13779, "num_pieza": 106, "tipo": "Foto", "ruta": "./media/14/piezas_destacadas/106/Foto/privado/cuerda_seca_melada_n_INT_14.jpg", "publico": 0, "url": null }, "geometry": null },
{ "type": "Feature", "properties": { "fid": 13780, "num_pieza": 106, "tipo": "Dibujo", "ruta": "./media/14/piezas_destacadas/106/Dibujo/público/INT14_CuerdaSeca_2_.jpg", "publico": 1, "url": "https://multimedia.arqueotudela.workers.dev/?id=1Dtc5l6fglfTGT0hYa7cV-Ye0VljABvkj" }, "geometry": null },
{ "type": "Feature", "properties": { "fid": 13781, "num_pieza": 106, "tipo": "Dibujo", "ruta": "./media/14/piezas_destacadas/106/Dibujo/privado/INT14_CuerdaSeca_2_.png", "publico": 0, "url": null }, "geometry": null },
{ "type": "Feature", "properties": { "fid": 13782, "num_pieza": 107, "tipo": "Foto", "ruta": "./media/14/piezas_destacadas/107/Foto/público/ceramica_relieve_n.jpg", "publico": 1, "url": "https://multimedia.arqueotudela.workers.dev/?id=1d3pNNmr-yEz3lNaEtKJw-F3gJMjtsHdf" }, "geometry": null },
{ "type": "Feature", "properties": { "fid": 13783, "num_pieza": 107, "tipo": "Foto", "ruta": "./media/14/piezas_destacadas/107/Foto/privado/ceramica_relieve_B.jpg", "publico": 0, "url": null }, "geometry": null },
{ "type": "Feature", "properties": { "fid": 13784, "num_pieza": 107, "tipo": "Foto", "ruta": "./media/14/piezas_destacadas/107/Foto/privado/ceramica_relieve_n.jpg", "publico": 0, "url": null }, "geometry": null },
{ "type": "Feature", "properties": { "fid": 13785, "num_pieza": 107, "tipo": "Dibujo", "ruta": "./media/14/piezas_destacadas/107/Dibujo/público/INT_14_Hombro-Molde.jpg", "publico": 1, "url": "https://multimedia.arqueotudela.workers.dev/?id=1_bqYIkG-9MHOxWCnQkEq3eTQuRsOIJ0-" }, "geometry": null },
{ "type": "Feature", "properties": { "fid": 13786, "num_pieza": 107, "tipo": "Dibujo", "ruta": "./media/14/piezas_destacadas/107/Dibujo/privado/INT_14_Hombro-Molde.png", "publico": 0, "url": null }, "geometry": null },
{ "type": "Feature", "properties": { "fid": 13787, "num_pieza": 108, "tipo": "Foto", "ruta": "./media/15/piezas_destacadas/108/Foto/público/03.jpg", "publico": 1, "url": null }, "geometry": null },
{ "type": "Feature", "properties": { "fid": 13788, "num_pieza": 108, "tipo": "Foto", "ruta": "./media/15/piezas_destacadas/108/Foto/privado/03.jpg", "publico": 0, "url": null }, "geometry": null },
{ "type": "Feature", "properties": { "fid": 13789, "num_pieza": 108, "tipo": "Foto", "ruta": "./media/15/piezas_destacadas/108/Foto/privado/03.tif", "publico": 0, "url": null }, "geometry": null },
{ "type": "Feature", "properties": { "fid": 13790, "num_pieza": 111, "tipo": "Foto", "ruta": "./media/15/piezas_destacadas/111/Foto/público/111_N.jpg", "publico": 1, "url": null }, "geometry": null },
{ "type": "Feature", "properties": { "fid": 13791, "num_pieza": 111, "tipo": "Foto", "ruta": "./media/15/piezas_destacadas/111/Foto/privado/111.jpg", "publico": 0, "url": null }, "geometry": null },
{ "type": "Feature", "properties": { "fid": 13792, "num_pieza": 111, "tipo": "Foto", "ruta": "./media/15/piezas_destacadas/111/Foto/privado/111.psd", "publico": 0, "url": null }, "geometry": null },
{ "type": "Feature", "properties": { "fid": 13793, "num_pieza": 111, "tipo": "Foto", "ruta": "./media/15/piezas_destacadas/111/Foto/privado/111_b.jpg", "publico": 0, "url": null }, "geometry": null },
{ "type": "Feature", "properties": { "fid": 13794, "num_pieza": 111, "tipo": "Foto", "ruta": "./media/15/piezas_destacadas/111/Foto/privado/111_N.jpg", "publico": 0, "url": null }, "geometry": null },
{ "type": "Feature", "properties": { "fid": 13795, "num_pieza": 111, "tipo": "Dibujo", "ruta": "./media/15/piezas_destacadas/111/Dibujo/público/111.JPG", "publico": 1, "url": null }, "geometry": null },
{ "type": "Feature", "properties": { "fid": 13796, "num_pieza": 111, "tipo": "Dibujo", "ruta": "./media/15/piezas_destacadas/111/Dibujo/privado/111.JPG", "publico": 0, "url": null }, "geometry": null },
{ "type": "Feature", "properties": { "fid": 13797, "num_pieza": 113, "tipo": "Foto", "ruta": "./media/16/piezas_destacadas/113/Foto/público/Plato_manzana_rua_INT_16_N.jpg", "publico": 1, "url": "https://multimedia.arqueotudela.workers.dev/?id=1AJumjmgz-g3kp-Ji62DmFhNWVcwIHmFN" }, "geometry": null },
{ "type": "Feature", "properties": { "fid": 13798, "num_pieza": 113, "tipo": "Foto", "ruta": "./media/16/piezas_destacadas/113/Foto/privado/Plato_manzana_rua_INT_16_B.jpg", "publico": 0, "url": null }, "geometry": null },
{ "type": "Feature", "properties": { "fid": 13799, "num_pieza": 113, "tipo": "Foto", "ruta": "./media/16/piezas_destacadas/113/Foto/privado/Plato_manzana_rua_INT_16_N.jpg", "publico": 0, "url": null }, "geometry": null },
{ "type": "Feature", "properties": { "fid": 13800, "num_pieza": 113, "tipo": "Dibujo", "ruta": "./media/16/piezas_destacadas/113/Dibujo/público/Plato.jpg", "publico": 1, "url": "https://multimedia.arqueotudela.workers.dev/?id=1zCpO8qEu0pi13zns6ljpiwitMBFThcre" }, "geometry": null },
{ "type": "Feature", "properties": { "fid": 13801, "num_pieza": 113, "tipo": "Dibujo", "ruta": "./media/16/piezas_destacadas/113/Dibujo/privado/Plato.png", "publico": 0, "url": null }, "geometry": null },
{ "type": "Feature", "properties": { "fid": 13802, "num_pieza": 114, "tipo": "Foto", "ruta": "./media/16/piezas_destacadas/114/Foto/público/plato_gallo_INT_16_N.jpg", "publico": 1, "url": "https://multimedia.arqueotudela.workers.dev/?id=1mXrw3SxWNnERrTTpB6BymjCxoavzb7uZ" }, "geometry": null },
{ "type": "Feature", "properties": { "fid": 13803, "num_pieza": 114, "tipo": "Foto", "ruta": "./media/16/piezas_destacadas/114/Foto/privado/plato_gallo_INT_16_B.jpg", "publico": 0, "url": null }, "geometry": null },
{ "type": "Feature", "properties": { "fid": 13804, "num_pieza": 114, "tipo": "Foto", "ruta": "./media/16/piezas_destacadas/114/Foto/privado/plato_gallo_INT_16_N.jpg", "publico": 0, "url": null }, "geometry": null },
{ "type": "Feature", "properties": { "fid": 13805, "num_pieza": 114, "tipo": "Dibujo", "ruta": "./media/16/piezas_destacadas/114/Dibujo/público/Frutero_Gallo.jpg", "publico": 1, "url": "https://multimedia.arqueotudela.workers.dev/?id=1Ov0AlXzu96bHR5FTu3dtqqVEGQoEDiCM" }, "geometry": null },
{ "type": "Feature", "properties": { "fid": 13806, "num_pieza": 114, "tipo": "Dibujo", "ruta": "./media/16/piezas_destacadas/114/Dibujo/privado/Frutero_Gallo.png", "publico": 0, "url": null }, "geometry": null },
{ "type": "Feature", "properties": { "fid": 13807, "num_pieza": 116, "tipo": "Foto", "ruta": "./media/16/piezas_destacadas/116/Foto/público/loza dorada II_n.jpg", "publico": 1, "url": "https://multimedia.arqueotudela.workers.dev/?id=1R7F4ERJjj_Q9aY3G7-fpSNUu36QhnYb7" }, "geometry": null },
{ "type": "Feature", "properties": { "fid": 13808, "num_pieza": 116, "tipo": "Foto", "ruta": "./media/16/piezas_destacadas/116/Foto/privado/loza dorada II.jpg", "publico": 0, "url": null }, "geometry": null },
{ "type": "Feature", "properties": { "fid": 13809, "num_pieza": 116, "tipo": "Foto", "ruta": "./media/16/piezas_destacadas/116/Foto/privado/loza dorada II_n.jpg", "publico": 0, "url": null }, "geometry": null },
{ "type": "Feature", "properties": { "fid": 13810, "num_pieza": 117, "tipo": "Foto", "ruta": "./media/16/piezas_destacadas/117/Foto/público/CANDIL_PIQUERA_N.jpg", "publico": 1, "url": "https://multimedia.arqueotudela.workers.dev/?id=1ScksrwOX8t2z6J5i2xxZxipREA3nMAoc" }, "geometry": null },
{ "type": "Feature", "properties": { "fid": 13811, "num_pieza": 117, "tipo": "Foto", "ruta": "./media/16/piezas_destacadas/117/Foto/privado/CANDIL_PIQUERA_B.jpg", "publico": 0, "url": null }, "geometry": null },
{ "type": "Feature", "properties": { "fid": 13812, "num_pieza": 117, "tipo": "Foto", "ruta": "./media/16/piezas_destacadas/117/Foto/privado/CANDIL_PIQUERA_N.jpg", "publico": 0, "url": null }, "geometry": null },
{ "type": "Feature", "properties": { "fid": 13813, "num_pieza": 117, "tipo": "Dibujo", "ruta": "./media/16/piezas_destacadas/117/Dibujo/público/Candil.jpg", "publico": 1, "url": "https://multimedia.arqueotudela.workers.dev/?id=1Ep1miakvdJvUoUL7E98gIxhirm1htyPs" }, "geometry": null },
{ "type": "Feature", "properties": { "fid": 13814, "num_pieza": 117, "tipo": "Dibujo", "ruta": "./media/16/piezas_destacadas/117/Dibujo/privado/Candil.png", "publico": 0, "url": null }, "geometry": null },
{ "type": "Feature", "properties": { "fid": 13815, "num_pieza": 118, "tipo": "Foto", "ruta": "./media/16/piezas_destacadas/118/Foto/público/ESCUDILLA_LATERAL_II_N.jpg", "publico": 1, "url": "https://multimedia.arqueotudela.workers.dev/?id=1K2f5ax3HmFG0GuAhwHIKXq2z5Ze3cEQ_" }, "geometry": null },
{ "type": "Feature", "properties": { "fid": 13816, "num_pieza": 118, "tipo": "Foto", "ruta": "./media/16/piezas_destacadas/118/Foto/privado/ESCUDILLA_LATERAL_II.jpg", "publico": 0, "url": null }, "geometry": null },
{ "type": "Feature", "properties": { "fid": 13817, "num_pieza": 118, "tipo": "Foto", "ruta": "./media/16/piezas_destacadas/118/Foto/privado/ESCUDILLA_LATERAL_II_N.jpg", "publico": 0, "url": null }, "geometry": null },
{ "type": "Feature", "properties": { "fid": 13818, "num_pieza": 118, "tipo": "Foto", "ruta": "./media/16/piezas_destacadas/118/Foto/privado/ESCUDILLA_LOZA_DORADA_II_CENITAL.jpg", "publico": 0, "url": null }, "geometry": null },
{ "type": "Feature", "properties": { "fid": 13819, "num_pieza": 118, "tipo": "Foto", "ruta": "./media/16/piezas_destacadas/118/Foto/privado/ESCUDILLA_LOZA_DORADA_II_CENITAL_N.jpg", "publico": 0, "url": null }, "geometry": null },
{ "type": "Feature", "properties": { "fid": 13820, "num_pieza": 120, "tipo": "Foto", "ruta": "./media/17/piezas_destacadas/120/Foto/público/asa_INT_17_N.jpg", "publico": 1, "url": "https://multimedia.arqueotudela.workers.dev/?id=1hgOofe_kvWqHqP8rS-5S0kJEF5rw66EW" }, "geometry": null },
{ "type": "Feature", "properties": { "fid": 13821, "num_pieza": 120, "tipo": "Foto", "ruta": "./media/17/piezas_destacadas/120/Foto/privado/asa_INT_17_B.jpg", "publico": 0, "url": null }, "geometry": null },
{ "type": "Feature", "properties": { "fid": 13822, "num_pieza": 120, "tipo": "Foto", "ruta": "./media/17/piezas_destacadas/120/Foto/privado/asa_INT_17_N.jpg", "publico": 0, "url": null }, "geometry": null },
{ "type": "Feature", "properties": { "fid": 13823, "num_pieza": 120, "tipo": "Dibujo", "ruta": "./media/17/piezas_destacadas/120/Dibujo/público/INT_Asa_Pintada.jpg", "publico": 1, "url": "https://multimedia.arqueotudela.workers.dev/?id=1Kf6n_NVN2ifPr7uyXu04Oa65MmL5X1iL" }, "geometry": null },
{ "type": "Feature", "properties": { "fid": 13824, "num_pieza": 120, "tipo": "Dibujo", "ruta": "./media/17/piezas_destacadas/120/Dibujo/privado/INT_Asa_Pintada.png", "publico": 0, "url": null }, "geometry": null },
{ "type": "Feature", "properties": { "fid": 13825, "num_pieza": 121, "tipo": "Foto", "ruta": "./media/18/piezas_destacadas/121/Foto/público/Sigillata_INT_18_N.jpg", "publico": 1, "url": "https://multimedia.arqueotudela.workers.dev/?id=1LOzeXw1TLGiq9CBS9AvXNM0p3xCbJ-Fl" }, "geometry": null },
{ "type": "Feature", "properties": { "fid": 13826, "num_pieza": 121, "tipo": "Foto", "ruta": "./media/18/piezas_destacadas/121/Foto/privado/Sigillata_INT_18_B.jpg", "publico": 0, "url": null }, "geometry": null },
{ "type": "Feature", "properties": { "fid": 13827, "num_pieza": 121, "tipo": "Foto", "ruta": "./media/18/piezas_destacadas/121/Foto/privado/Sigillata_INT_18_N.jpg", "publico": 0, "url": null }, "geometry": null },
{ "type": "Feature", "properties": { "fid": 13828, "num_pieza": 121, "tipo": "Dibujo", "ruta": "./media/18/piezas_destacadas/121/Dibujo/público/INT_18_CARNICERIAS_TSH_37.jpg", "publico": 1, "url": "https://multimedia.arqueotudela.workers.dev/?id=1a8bK_fn46FzK26iC_L4Abcga4jvlf3Kd" }, "geometry": null },
{ "type": "Feature", "properties": { "fid": 13829, "num_pieza": 121, "tipo": "Dibujo", "ruta": "./media/18/piezas_destacadas/121/Dibujo/privado/INT_18_CARNICERIAS_TSH_37.png", "publico": 0, "url": null }, "geometry": null },
{ "type": "Feature", "properties": { "fid": 13830, "num_pieza": 122, "tipo": "Foto", "ruta": "./media/18/piezas_destacadas/122/Foto/público/sigillata_II_INT_18_N.jpg", "publico": 1, "url": "https://multimedia.arqueotudela.workers.dev/?id=1keWGO90ead201zYD6Awui7C_6wHHV9Zn" }, "geometry": null },
{ "type": "Feature", "properties": { "fid": 13831, "num_pieza": 122, "tipo": "Foto", "ruta": "./media/18/piezas_destacadas/122/Foto/privado/sigillata_II_INT_18_B.jpg", "publico": 0, "url": null }, "geometry": null },
{ "type": "Feature", "properties": { "fid": 13832, "num_pieza": 122, "tipo": "Foto", "ruta": "./media/18/piezas_destacadas/122/Foto/privado/sigillata_II_INT_18_N.jpg", "publico": 0, "url": null }, "geometry": null },
{ "type": "Feature", "properties": { "fid": 13833, "num_pieza": 123, "tipo": "Foto", "ruta": "./media/18/piezas_destacadas/123/Foto/público/sigilita_III_INT_18_N.jpg", "publico": 1, "url": "https://multimedia.arqueotudela.workers.dev/?id=1nuHLG9xFLyidDxEp6Z9hJIRmhd2W2VOB" }, "geometry": null },
{ "type": "Feature", "properties": { "fid": 13834, "num_pieza": 123, "tipo": "Foto", "ruta": "./media/18/piezas_destacadas/123/Foto/privado/sigilita_III_INT_18_B.jpg", "publico": 0, "url": null }, "geometry": null },
{ "type": "Feature", "properties": { "fid": 13835, "num_pieza": 123, "tipo": "Foto", "ruta": "./media/18/piezas_destacadas/123/Foto/privado/sigilita_III_INT_18_N.jpg", "publico": 0, "url": null }, "geometry": null },
{ "type": "Feature", "properties": { "fid": 13836, "num_pieza": 123, "tipo": "Dibujo", "ruta": "./media/18/piezas_destacadas/123/Dibujo/público/INT_18_CARNICERIAS_DRAG_15-17.jpg", "publico": 1, "url": "https://multimedia.arqueotudela.workers.dev/?id=17ywoBJTibqN6B8D0mttzspytbs6Yv1Lh" }, "geometry": null },
{ "type": "Feature", "properties": { "fid": 13837, "num_pieza": 123, "tipo": "Dibujo", "ruta": "./media/18/piezas_destacadas/123/Dibujo/privado/INT_18_CARNICERIAS_DRAG_15-17.png", "publico": 0, "url": null }, "geometry": null },
{ "type": "Feature", "properties": { "fid": 13838, "num_pieza": 124, "tipo": "Foto", "ruta": "./media/19/piezas_destacadas/124/Foto/público/boca_jarra_n_INT_29.jpg", "publico": 1, "url": "https://multimedia.arqueotudela.workers.dev/?id=1Qv16G7iiFC4lgc2r901K3VmRriN8K1iH" }, "geometry": null },
{ "type": "Feature", "properties": { "fid": 13839, "num_pieza": 124, "tipo": "Foto", "ruta": "./media/19/piezas_destacadas/124/Foto/privado/boca_jarra_B_INT_29.jpg", "publico": 0, "url": null }, "geometry": null },
{ "type": "Feature", "properties": { "fid": 13840, "num_pieza": 124, "tipo": "Foto", "ruta": "./media/19/piezas_destacadas/124/Foto/privado/boca_jarra_n_INT_29.jpg", "publico": 0, "url": null }, "geometry": null },
{ "type": "Feature", "properties": { "fid": 13841, "num_pieza": 124, "tipo": "Dibujo", "ruta": "./media/19/piezas_destacadas/124/Dibujo/público/INT_19_Boca_Jarro.jpg", "publico": 1, "url": "https://multimedia.arqueotudela.workers.dev/?id=1k1u5dg83NMVE51FJ0q_8aS5ncfbopHpb" }, "geometry": null },
{ "type": "Feature", "properties": { "fid": 13842, "num_pieza": 124, "tipo": "Dibujo", "ruta": "./media/19/piezas_destacadas/124/Dibujo/privado/INT_19_Boca_Jarro.jpg", "publico": 0, "url": null }, "geometry": null },
{ "type": "Feature", "properties": { "fid": 13843, "num_pieza": 126, "tipo": "Foto", "ruta": "./media/19/piezas_destacadas/126/Foto/público/ataifor verde y manganeso_n.jpg", "publico": 1, "url": "https://multimedia.arqueotudela.workers.dev/?id=1CtQPbLGN5xDVp0lrqSCows_9bL_8I242" }, "geometry": null },
{ "type": "Feature", "properties": { "fid": 13844, "num_pieza": 126, "tipo": "Foto", "ruta": "./media/19/piezas_destacadas/126/Foto/privado/ataifor verde y manganeso_.jpg", "publico": 0, "url": null }, "geometry": null },
{ "type": "Feature", "properties": { "fid": 13845, "num_pieza": 126, "tipo": "Foto", "ruta": "./media/19/piezas_destacadas/126/Foto/privado/ataifor verde y manganeso_n.jpg", "publico": 0, "url": null }, "geometry": null },
{ "type": "Feature", "properties": { "fid": 13846, "num_pieza": 127, "tipo": "Foto", "ruta": "./media/20/piezas_destacadas/127/Foto/público/escudilla_cerro_97_n.jpg", "publico": 1, "url": "https://multimedia.arqueotudela.workers.dev/?id=1WueBrW1CPT1P1Nw0c_MtNbsDlBuSVrlJ" }, "geometry": null },
{ "type": "Feature", "properties": { "fid": 13847, "num_pieza": 127, "tipo": "Foto", "ruta": "./media/20/piezas_destacadas/127/Foto/privado/escudilla_cerro_97.jpg", "publico": 0, "url": null }, "geometry": null },
{ "type": "Feature", "properties": { "fid": 13848, "num_pieza": 127, "tipo": "Foto", "ruta": "./media/20/piezas_destacadas/127/Foto/privado/escudilla_cerro_97_n.jpg", "publico": 0, "url": null }, "geometry": null },
{ "type": "Feature", "properties": { "fid": 13849, "num_pieza": 128, "tipo": "Foto", "ruta": "./media/20/piezas_destacadas/128/Foto/público/ESCUDILLA_CENITAL_N.jpg", "publico": 1, "url": "https://multimedia.arqueotudela.workers.dev/?id=1UYe77CG564A0BcAlqjzGB0d9N3pYjLw9" }, "geometry": null },
{ "type": "Feature", "properties": { "fid": 13850, "num_pieza": 128, "tipo": "Foto", "ruta": "./media/20/piezas_destacadas/128/Foto/privado/ESCUDILLA_CENITAL.jpg", "publico": 0, "url": null }, "geometry": null },
{ "type": "Feature", "properties": { "fid": 13851, "num_pieza": 128, "tipo": "Foto", "ruta": "./media/20/piezas_destacadas/128/Foto/privado/ESCUDILLA_CENITAL_N.jpg", "publico": 0, "url": null }, "geometry": null },
{ "type": "Feature", "properties": { "fid": 13852, "num_pieza": 129, "tipo": "Foto", "ruta": "./media/20/piezas_destacadas/129/Foto/público/MOLDE_N_INT_20.jpg", "publico": 1, "url": "https://multimedia.arqueotudela.workers.dev/?id=1P0b8muWzXno7E4ZGp3DePp4ruMukqZFb" }, "geometry": null },
{ "type": "Feature", "properties": { "fid": 13853, "num_pieza": 129, "tipo": "Foto", "ruta": "./media/20/piezas_destacadas/129/Foto/privado/MOLDE_B_INT_20.jpg", "publico": 0, "url": null }, "geometry": null },
{ "type": "Feature", "properties": { "fid": 13854, "num_pieza": 129, "tipo": "Foto", "ruta": "./media/20/piezas_destacadas/129/Foto/privado/MOLDE_N_INT_20.jpg", "publico": 0, "url": null }, "geometry": null },
{ "type": "Feature", "properties": { "fid": 13855, "num_pieza": 129, "tipo": "Dibujo", "ruta": "./media/20/piezas_destacadas/129/Dibujo/público/INT_20_MoldeRelieve_.jpg", "publico": 1, "url": "https://multimedia.arqueotudela.workers.dev/?id=13t29EjfstTJWFLDnpOrVFd7YNe_Oo0x3" }, "geometry": null },
{ "type": "Feature", "properties": { "fid": 13856, "num_pieza": 129, "tipo": "Dibujo", "ruta": "./media/20/piezas_destacadas/129/Dibujo/privado/INT_20_MoldeRelieve_.png", "publico": 0, "url": null }, "geometry": null },
{ "type": "Feature", "properties": { "fid": 13857, "num_pieza": 130, "tipo": "Foto", "ruta": "./media/20/piezas_destacadas/130/Foto/público/CANDIL_JUDIO_N.jpg", "publico": 1, "url": "https://multimedia.arqueotudela.workers.dev/?id=1_gE7tC7WNQfPjGNnR2vTzd2IE5w_aJLq" }, "geometry": null },
{ "type": "Feature", "properties": { "fid": 13858, "num_pieza": 130, "tipo": "Foto", "ruta": "./media/20/piezas_destacadas/130/Foto/privado/CANDIL_JUDIO.jpg", "publico": 0, "url": null }, "geometry": null },
{ "type": "Feature", "properties": { "fid": 13859, "num_pieza": 130, "tipo": "Foto", "ruta": "./media/20/piezas_destacadas/130/Foto/privado/CANDIL_JUDIO_N.jpg", "publico": 0, "url": null }, "geometry": null },
{ "type": "Feature", "properties": { "fid": 13860, "num_pieza": 131, "tipo": "Foto", "ruta": "./media/20/piezas_destacadas/131/Foto/público/HEBILLA_INT_20_N.jpg", "publico": 1, "url": null }, "geometry": null },
{ "type": "Feature", "properties": { "fid": 13861, "num_pieza": 131, "tipo": "Foto", "ruta": "./media/20/piezas_destacadas/131/Foto/privado/HEBILLA_INT_20.png", "publico": 0, "url": null }, "geometry": null },
{ "type": "Feature", "properties": { "fid": 13862, "num_pieza": 131, "tipo": "Foto", "ruta": "./media/20/piezas_destacadas/131/Foto/privado/HEBILLA_INT_20_B.jpg", "publico": 0, "url": null }, "geometry": null },
{ "type": "Feature", "properties": { "fid": 13863, "num_pieza": 131, "tipo": "Foto", "ruta": "./media/20/piezas_destacadas/131/Foto/privado/HEBILLA_INT_20_N.jpg", "publico": 0, "url": null }, "geometry": null },
{ "type": "Feature", "properties": { "fid": 13864, "num_pieza": 132, "tipo": "Foto", "ruta": "./media/20/piezas_destacadas/132/Foto/público/DEDAL SASTRE_INT_20_N.jpg", "publico": 1, "url": null }, "geometry": null },
{ "type": "Feature", "properties": { "fid": 13865, "num_pieza": 132, "tipo": "Foto", "ruta": "./media/20/piezas_destacadas/132/Foto/privado/DEDAL SASTRE_INT_20.png", "publico": 0, "url": null }, "geometry": null },
{ "type": "Feature", "properties": { "fid": 13866, "num_pieza": 132, "tipo": "Foto", "ruta": "./media/20/piezas_destacadas/132/Foto/privado/DEDAL SASTRE_INT_20_B.jpg", "publico": 0, "url": null }, "geometry": null },
{ "type": "Feature", "properties": { "fid": 13867, "num_pieza": 132, "tipo": "Foto", "ruta": "./media/20/piezas_destacadas/132/Foto/privado/DEDAL SASTRE_INT_20_N.jpg", "publico": 0, "url": null }, "geometry": null },
{ "type": "Feature", "properties": { "fid": 13868, "num_pieza": 133, "tipo": "Foto", "ruta": "./media/20/piezas_destacadas/133/Foto/público/frag_capitel_INT_20_N.jpg", "publico": 1, "url": "https://multimedia.arqueotudela.workers.dev/?id=1tyCrYNuico9hUiqy6mEHzDp2F7kNusnO" }, "geometry": null },
{ "type": "Feature", "properties": { "fid": 13869, "num_pieza": 133, "tipo": "Foto", "ruta": "./media/20/piezas_destacadas/133/Foto/privado/frag_capitel_INT_20_B.jpg", "publico": 0, "url": null }, "geometry": null },
{ "type": "Feature", "properties": { "fid": 13870, "num_pieza": 133, "tipo": "Foto", "ruta": "./media/20/piezas_destacadas/133/Foto/privado/frag_capitel_INT_20_N.jpg", "publico": 0, "url": null }, "geometry": null },
{ "type": "Feature", "properties": { "fid": 13871, "num_pieza": 134, "tipo": "Foto", "ruta": "./media/20/piezas_destacadas/134/Foto/público/MONEDA_FRANCESA_INT_20_N.jpg", "publico": 1, "url": null }, "geometry": null },
{ "type": "Feature", "properties": { "fid": 13872, "num_pieza": 134, "tipo": "Foto", "ruta": "./media/20/piezas_destacadas/134/Foto/privado/MONEDA_FRANCESA_INT_20.png", "publico": 0, "url": null }, "geometry": null },
{ "type": "Feature", "properties": { "fid": 13873, "num_pieza": 134, "tipo": "Foto", "ruta": "./media/20/piezas_destacadas/134/Foto/privado/MONEDA_FRANCESA_INT_20_B.jpg", "publico": 0, "url": null }, "geometry": null },
{ "type": "Feature", "properties": { "fid": 13874, "num_pieza": 134, "tipo": "Foto", "ruta": "./media/20/piezas_destacadas/134/Foto/privado/MONEDA_FRANCESA_INT_20_N.jpg", "publico": 0, "url": null }, "geometry": null },
{ "type": "Feature", "properties": { "fid": 13875, "num_pieza": 135, "tipo": "Foto", "ruta": "./media/23/piezas_destacadas/135/Foto/público/loza_dorada_azul_INT_23_N.jpg", "publico": 1, "url": "https://multimedia.arqueotudela.workers.dev/?id=18Ty7iLNWuGMdm30wPJL892Nrnr7WksOL" }, "geometry": null },
{ "type": "Feature", "properties": { "fid": 13876, "num_pieza": 135, "tipo": "Foto", "ruta": "./media/23/piezas_destacadas/135/Foto/privado/loza_dorada_azul_INT_23_B.jpg", "publico": 0, "url": null }, "geometry": null },
{ "type": "Feature", "properties": { "fid": 13877, "num_pieza": 135, "tipo": "Foto", "ruta": "./media/23/piezas_destacadas/135/Foto/privado/loza_dorada_azul_INT_23_N.jpg", "publico": 0, "url": null }, "geometry": null },
{ "type": "Feature", "properties": { "fid": 13878, "num_pieza": 135, "tipo": "Dibujo", "ruta": "./media/23/piezas_destacadas/135/Dibujo/público/INT_23_Loza_Dorada.jpg", "publico": 1, "url": "https://multimedia.arqueotudela.workers.dev/?id=1yh88XQ0UBJ--G99A7EAZ4GvuackttZD3" }, "geometry": null },
{ "type": "Feature", "properties": { "fid": 13879, "num_pieza": 135, "tipo": "Dibujo", "ruta": "./media/23/piezas_destacadas/135/Dibujo/privado/INT_23_Loza_Dorada.png", "publico": 0, "url": null }, "geometry": null },
{ "type": "Feature", "properties": { "fid": 13880, "num_pieza": 136, "tipo": "Foto", "ruta": "./media/25/piezas_destacadas/136/Foto/público/JOFAINA_N_INT_25.jpg", "publico": 1, "url": "https://multimedia.arqueotudela.workers.dev/?id=1ou5zZrcK6l8MNpwKxL43RESmqBtSwwXB" }, "geometry": null },
{ "type": "Feature", "properties": { "fid": 13881, "num_pieza": 136, "tipo": "Foto", "ruta": "./media/25/piezas_destacadas/136/Foto/privado/JOFAINA_B_INT_25.jpg", "publico": 0, "url": null }, "geometry": null },
{ "type": "Feature", "properties": { "fid": 13882, "num_pieza": 136, "tipo": "Foto", "ruta": "./media/25/piezas_destacadas/136/Foto/privado/JOFAINA_N_INT_25.jpg", "publico": 0, "url": null }, "geometry": null },
{ "type": "Feature", "properties": { "fid": 13883, "num_pieza": 136, "tipo": "Dibujo", "ruta": "./media/25/piezas_destacadas/136/Dibujo/público/INT_25_JofainaCarenada_117_.jpg", "publico": 1, "url": "https://multimedia.arqueotudela.workers.dev/?id=1xs8FxTCBadI2viozf2qQoNEuU8byjNQ5" }, "geometry": null },
{ "type": "Feature", "properties": { "fid": 13884, "num_pieza": 136, "tipo": "Dibujo", "ruta": "./media/25/piezas_destacadas/136/Dibujo/privado/INT_25_JofainaCarenada_117_.png", "publico": 0, "url": null }, "geometry": null },
{ "type": "Feature", "properties": { "fid": 13885, "num_pieza": 137, "tipo": "Foto", "ruta": "./media/25/piezas_destacadas/137/Foto/público/VIDRIADA VERDE RELIEVE_N_INT_25.jpg", "publico": 1, "url": "https://multimedia.arqueotudela.workers.dev/?id=1KikeLxWUR633t64JgjayJhoPrfyHCNGV" }, "geometry": null },
{ "type": "Feature", "properties": { "fid": 13886, "num_pieza": 137, "tipo": "Foto", "ruta": "./media/25/piezas_destacadas/137/Foto/privado/VIDRIADA VERDE RELIEVE_B_INT_25.jpg", "publico": 0, "url": null }, "geometry": null },
{ "type": "Feature", "properties": { "fid": 13887, "num_pieza": 137, "tipo": "Foto", "ruta": "./media/25/piezas_destacadas/137/Foto/privado/VIDRIADA VERDE RELIEVE_N_INT_25.jpg", "publico": 0, "url": null }, "geometry": null },
{ "type": "Feature", "properties": { "fid": 13888, "num_pieza": 137, "tipo": "Dibujo", "ruta": "./media/25/piezas_destacadas/137/Dibujo/público/INT_25_Vidriada_Relieve_122.jpg", "publico": 1, "url": "https://multimedia.arqueotudela.workers.dev/?id=1kdt2zNnFhMN7cpqsHtIyUFgNfS3jhRGy" }, "geometry": null },
{ "type": "Feature", "properties": { "fid": 13889, "num_pieza": 137, "tipo": "Dibujo", "ruta": "./media/25/piezas_destacadas/137/Dibujo/privado/INT_25_Vidriada_Relieve_122.png", "publico": 0, "url": null }, "geometry": null },
{ "type": "Feature", "properties": { "fid": 13890, "num_pieza": 138, "tipo": "Foto", "ruta": "./media/26/piezas_destacadas/138/Foto/público/fondo_mano_INT_26_B.jpg", "publico": 1, "url": "https://multimedia.arqueotudela.workers.dev/?id=1JzrJWE724KdlwBjRHv0QYXd32dHeg3ek" }, "geometry": null },
{ "type": "Feature", "properties": { "fid": 13891, "num_pieza": 138, "tipo": "Foto", "ruta": "./media/26/piezas_destacadas/138/Foto/público/fondo_mano_INT_26_N.jpg", "publico": 1, "url": "https://multimedia.arqueotudela.workers.dev/?id=1Ed0JGCSIC4-8QB7HZRBIP279hZmyX_is" }, "geometry": null },
{ "type": "Feature", "properties": { "fid": 13892, "num_pieza": 138, "tipo": "Foto", "ruta": "./media/26/piezas_destacadas/138/Foto/privado/fondo_mano_INT_26_B.jpg", "publico": 0, "url": null }, "geometry": null },
{ "type": "Feature", "properties": { "fid": 13893, "num_pieza": 138, "tipo": "Foto", "ruta": "./media/26/piezas_destacadas/138/Foto/privado/fondo_mano_INT_26_N.jpg", "publico": 0, "url": null }, "geometry": null },
{ "type": "Feature", "properties": { "fid": 13894, "num_pieza": 138, "tipo": "Dibujo", "ruta": "./media/26/piezas_destacadas/138/Dibujo/público/INT_26_CuenoManoFatima.jpg", "publico": 1, "url": "https://multimedia.arqueotudela.workers.dev/?id=1nf_YLlCdIJNcEpolbANhk4jY1y6ekcXE" }, "geometry": null },
{ "type": "Feature", "properties": { "fid": 13895, "num_pieza": 138, "tipo": "Dibujo", "ruta": "./media/26/piezas_destacadas/138/Dibujo/privado/INT_26_CuenoManoFatima.png", "publico": 0, "url": null }, "geometry": null },
{ "type": "Feature", "properties": { "fid": 13896, "num_pieza": 139, "tipo": "Foto", "ruta": "./media/26/piezas_destacadas/139/Foto/público/fondo_estrella_INT_26_N.jpg", "publico": 1, "url": "https://multimedia.arqueotudela.workers.dev/?id=10oKTcFrr4FBw3EZGWRik1_qKbo3K6sSD" }, "geometry": null },
{ "type": "Feature", "properties": { "fid": 13897, "num_pieza": 139, "tipo": "Foto", "ruta": "./media/26/piezas_destacadas/139/Foto/privado/fondo_estrella_INT_26_B.jpg", "publico": 0, "url": null }, "geometry": null },
{ "type": "Feature", "properties": { "fid": 13898, "num_pieza": 139, "tipo": "Foto", "ruta": "./media/26/piezas_destacadas/139/Foto/privado/fondo_estrella_INT_26_N.jpg", "publico": 0, "url": null }, "geometry": null },
{ "type": "Feature", "properties": { "fid": 13899, "num_pieza": 139, "tipo": "Dibujo", "ruta": "./media/26/piezas_destacadas/139/Dibujo/público/INT_26_CuencoEstrellaDavid.jpg", "publico": 1, "url": "https://multimedia.arqueotudela.workers.dev/?id=1d08dTlOAd0n0YR3peS9eabx2U478LGJf" }, "geometry": null },
{ "type": "Feature", "properties": { "fid": 13900, "num_pieza": 139, "tipo": "Dibujo", "ruta": "./media/26/piezas_destacadas/139/Dibujo/privado/INT_26_CuencoEstrellaDavid.png", "publico": 0, "url": null }, "geometry": null },
{ "type": "Feature", "properties": { "fid": 13901, "num_pieza": 140, "tipo": "Foto", "ruta": "./media/26/piezas_destacadas/140/Foto/público/fragmento_cnadil_judio_INT_26_N.jpg", "publico": 1, "url": "https://multimedia.arqueotudela.workers.dev/?id=1hNQ-rzrQrjB1vAznFbkXCH8aHoGP3hJt" }, "geometry": null },
{ "type": "Feature", "properties": { "fid": 13902, "num_pieza": 140, "tipo": "Foto", "ruta": "./media/26/piezas_destacadas/140/Foto/privado/fragmento_cnadil_judio_INT_26_B.jpg", "publico": 0, "url": null }, "geometry": null },
{ "type": "Feature", "properties": { "fid": 13903, "num_pieza": 140, "tipo": "Foto", "ruta": "./media/26/piezas_destacadas/140/Foto/privado/fragmento_cnadil_judio_INT_26_N.jpg", "publico": 0, "url": null }, "geometry": null },
{ "type": "Feature", "properties": { "fid": 13904, "num_pieza": 140, "tipo": "Dibujo", "ruta": "./media/26/piezas_destacadas/140/Dibujo/público/INT_26_Candil_Hanuka.jpg", "publico": 1, "url": "https://multimedia.arqueotudela.workers.dev/?id=1JRBMKDL1u0zKjmB5W0kBABsl1ielAYM8" }, "geometry": null },
{ "type": "Feature", "properties": { "fid": 13905, "num_pieza": 140, "tipo": "Dibujo", "ruta": "./media/26/piezas_destacadas/140/Dibujo/privado/INT_26_Candil_Hanuka.png", "publico": 0, "url": null }, "geometry": null },
{ "type": "Feature", "properties": { "fid": 13906, "num_pieza": 141, "tipo": "Foto", "ruta": "./media/26/piezas_destacadas/141/Foto/público/candil_pellizco_INT_26_N.jpg", "publico": 1, "url": "https://multimedia.arqueotudela.workers.dev/?id=1VZlXGDiSSh-2F_Dvf8qjsk5xBh8j5M3w" }, "geometry": null },
{ "type": "Feature", "properties": { "fid": 13907, "num_pieza": 141, "tipo": "Foto", "ruta": "./media/26/piezas_destacadas/141/Foto/privado/candil_pellizco_INT_26_B.jpg", "publico": 0, "url": null }, "geometry": null },
{ "type": "Feature", "properties": { "fid": 13908, "num_pieza": 141, "tipo": "Foto", "ruta": "./media/26/piezas_destacadas/141/Foto/privado/candil_pellizco_INT_26_N.jpg", "publico": 0, "url": null }, "geometry": null },
{ "type": "Feature", "properties": { "fid": 13909, "num_pieza": 141, "tipo": "Dibujo", "ruta": "./media/26/piezas_destacadas/141/Dibujo/público/INT_26_Candil_Pellizco.jpg", "publico": 1, "url": "https://multimedia.arqueotudela.workers.dev/?id=1vxMlQptXj9rqPTAkhKPP_98S2RZHFZhL" }, "geometry": null },
{ "type": "Feature", "properties": { "fid": 13910, "num_pieza": 141, "tipo": "Dibujo", "ruta": "./media/26/piezas_destacadas/141/Dibujo/privado/INT_26_Candil_Pellizco.png", "publico": 0, "url": null }, "geometry": null },
{ "type": "Feature", "properties": { "fid": 13911, "num_pieza": 142, "tipo": "Foto", "ruta": "./media/27/piezas_destacadas/142/Foto/público/porcelana_elefante_INT_27_N.jpg", "publico": 1, "url": "https://multimedia.arqueotudela.workers.dev/?id=1tI3ASqbH-18tXmTLjmvTf8iHcTaDlDR7" }, "geometry": null },
{ "type": "Feature", "properties": { "fid": 13912, "num_pieza": 142, "tipo": "Foto", "ruta": "./media/27/piezas_destacadas/142/Foto/privado/porcelana_elefante_INT_27_B.jpg", "publico": 0, "url": null }, "geometry": null },
{ "type": "Feature", "properties": { "fid": 13913, "num_pieza": 142, "tipo": "Foto", "ruta": "./media/27/piezas_destacadas/142/Foto/privado/porcelana_elefante_INT_27_N.jpg", "publico": 0, "url": null }, "geometry": null },
{ "type": "Feature", "properties": { "fid": 13914, "num_pieza": 143, "tipo": "Foto", "ruta": "./media/27/piezas_destacadas/143/Foto/público/pesa_telar_INT_27_N.jpg", "publico": 1, "url": "https://multimedia.arqueotudela.workers.dev/?id=1O_f7e2ksQ1KsEYzGXDm4NutlG9kL2DwY" }, "geometry": null },
{ "type": "Feature", "properties": { "fid": 13915, "num_pieza": 143, "tipo": "Foto", "ruta": "./media/27/piezas_destacadas/143/Foto/privado/pesa_telar_INT_27_B.jpg", "publico": 0, "url": null }, "geometry": null },
{ "type": "Feature", "properties": { "fid": 13916, "num_pieza": 143, "tipo": "Foto", "ruta": "./media/27/piezas_destacadas/143/Foto/privado/pesa_telar_INT_27_N.jpg", "publico": 0, "url": null }, "geometry": null },
{ "type": "Feature", "properties": { "fid": 13917, "num_pieza": 143, "tipo": "Dibujo", "ruta": "./media/27/piezas_destacadas/143/Dibujo/público/INT_27_Pondus.jpg", "publico": 1, "url": "https://multimedia.arqueotudela.workers.dev/?id=1cONiEtN-FEVaUIZR2c6fHFixC3-sWPKR" }, "geometry": null },
{ "type": "Feature", "properties": { "fid": 13918, "num_pieza": 143, "tipo": "Dibujo", "ruta": "./media/27/piezas_destacadas/143/Dibujo/privado/INT_27_Pondus.jpg", "publico": 0, "url": null }, "geometry": null },
{ "type": "Feature", "properties": { "fid": 13919, "num_pieza": 149, "tipo": "Foto", "ruta": "./media/29/piezas_destacadas/149/Foto/público/ATIFLES_N.jpg", "publico": 1, "url": "https://multimedia.arqueotudela.workers.dev/?id=1YbtiRFtbvYVShN7uLZt7rqmWO_ZRDvxm" }, "geometry": null },
{ "type": "Feature", "properties": { "fid": 13920, "num_pieza": 149, "tipo": "Foto", "ruta": "./media/29/piezas_destacadas/149/Foto/privado/ATIFLES.jpg", "publico": 0, "url": null }, "geometry": null },
{ "type": "Feature", "properties": { "fid": 13921, "num_pieza": 149, "tipo": "Foto", "ruta": "./media/29/piezas_destacadas/149/Foto/privado/ATIFLES_N.jpg", "publico": 0, "url": null }, "geometry": null },
{ "type": "Feature", "properties": { "fid": 13922, "num_pieza": 6, "tipo": "Foto", "ruta": "./media/3/piezas_destacadas/6/Foto/público/6_INT_3_ESCUDILLA_LOZA_DORADA_B.jpg", "publico": 1, "url": "https://multimedia.arqueotudela.workers.dev/?id=1fvCt1TqGcQ-Q7f7nel02U3CuzdPS4EO1" }, "geometry": null },
{ "type": "Feature", "properties": { "fid": 13923, "num_pieza": 6, "tipo": "Foto", "ruta": "./media/3/piezas_destacadas/6/Foto/público/6_INT_3_ESCUDILLA_LOZA_DORADA_N.jpg", "publico": 1, "url": "https://multimedia.arqueotudela.workers.dev/?id=1XIsvlqcNt2K8q03YASscKuxsPdU2iq_d" }, "geometry": null },
{ "type": "Feature", "properties": { "fid": 13924, "num_pieza": 6, "tipo": "Foto", "ruta": "./media/3/piezas_destacadas/6/Foto/privado/INT_3_ESCUDILLA_LOZA_DORADA_B.jpg", "publico": 0, "url": null }, "geometry": null },
{ "type": "Feature", "properties": { "fid": 13925, "num_pieza": 6, "tipo": "Foto", "ruta": "./media/3/piezas_destacadas/6/Foto/privado/INT_3_ESCUDILLA_LOZA_DORADA_N.jpg", "publico": 0, "url": null }, "geometry": null },
{ "type": "Feature", "properties": { "fid": 13926, "num_pieza": 6, "tipo": "Dibujo", "ruta": "./media/3/piezas_destacadas/6/Dibujo/público/INT_3_SolarLiceo_LozaDora.png", "publico": 1, "url": "https://multimedia.arqueotudela.workers.dev/?id=1IRqQfH3IyDkbrgCfyY9A4kwZ63ji0SY1" }, "geometry": null },
{ "type": "Feature", "properties": { "fid": 13927, "num_pieza": 6, "tipo": "Dibujo", "ruta": "./media/3/piezas_destacadas/6/Dibujo/privado/INT_3_SolarLiceo_LozaDora.png", "publico": 0, "url": null }, "geometry": null },
{ "type": "Feature", "properties": { "fid": 13928, "num_pieza": 6, "tipo": "Dibujo", "ruta": "./media/3/piezas_destacadas/6/Dibujo/privado/INT_3_SolarLiceo_LozaDora.svg", "publico": 0, "url": null }, "geometry": null },
{ "type": "Feature", "properties": { "fid": 13929, "num_pieza": 7, "tipo": "Foto", "ruta": "./media/3/piezas_destacadas/7/Foto/público/INT_3_PLATO_SAL_B.jpg", "publico": 1, "url": "https://multimedia.arqueotudela.workers.dev/?id=14enCjT4w0sxwwQ-P33BcnD2RrBSHYma0" }, "geometry": null },
{ "type": "Feature", "properties": { "fid": 13930, "num_pieza": 7, "tipo": "Foto", "ruta": "./media/3/piezas_destacadas/7/Foto/público/INT_3_PLATO_SAL_N.jpg", "publico": 1, "url": "https://multimedia.arqueotudela.workers.dev/?id=127yp6Ca6G85Mklg_Hx5MGg2E3eB_K0aE" }, "geometry": null },
{ "type": "Feature", "properties": { "fid": 13931, "num_pieza": 7, "tipo": "Foto", "ruta": "./media/3/piezas_destacadas/7/Foto/privado/INT_3_PLATO_SAL_B.jpg", "publico": 0, "url": null }, "geometry": null },
{ "type": "Feature", "properties": { "fid": 13932, "num_pieza": 7, "tipo": "Foto", "ruta": "./media/3/piezas_destacadas/7/Foto/privado/INT_3_PLATO_SAL_N.jpg", "publico": 0, "url": null }, "geometry": null },
{ "type": "Feature", "properties": { "fid": 13933, "num_pieza": 7, "tipo": "Dibujo", "ruta": "./media/3/piezas_destacadas/7/Dibujo/público/INT_3_SolarLiceo_PlatoSal.jpg", "publico": 1, "url": "https://multimedia.arqueotudela.workers.dev/?id=1XHW7igY8Y4kGFHedHlPuZfhS7LtR43Gq" }, "geometry": null },
{ "type": "Feature", "properties": { "fid": 13934, "num_pieza": 7, "tipo": "Dibujo", "ruta": "./media/3/piezas_destacadas/7/Dibujo/privado/INT_3_SolarLiceo_PlatoSal.png", "publico": 0, "url": null }, "geometry": null },
{ "type": "Feature", "properties": { "fid": 13935, "num_pieza": 7, "tipo": "Dibujo", "ruta": "./media/3/piezas_destacadas/7/Dibujo/privado/INT_3_SolarLiceo_PlatoSal.svg", "publico": 0, "url": null }, "geometry": null },
{ "type": "Feature", "properties": { "fid": 13936, "num_pieza": 8, "tipo": "Foto", "ruta": "./media/3/piezas_destacadas/8/Foto/público/INT_3_P_3_B.jpg", "publico": 1, "url": "https://multimedia.arqueotudela.workers.dev/?id=1DArFGr4fHnY8ncfO7KgnzvYJNAlYZMk8" }, "geometry": null },
{ "type": "Feature", "properties": { "fid": 13937, "num_pieza": 8, "tipo": "Foto", "ruta": "./media/3/piezas_destacadas/8/Foto/público/INT_3_P_3_N.jpg", "publico": 1, "url": "https://multimedia.arqueotudela.workers.dev/?id=1SbzQQhMCxyJbBCyU1oie9F4lbX17284J" }, "geometry": null },
{ "type": "Feature", "properties": { "fid": 13938, "num_pieza": 8, "tipo": "Foto", "ruta": "./media/3/piezas_destacadas/8/Foto/privado/INT_3_P_3_B.jpg", "publico": 0, "url": null }, "geometry": null },
{ "type": "Feature", "properties": { "fid": 13939, "num_pieza": 8, "tipo": "Foto", "ruta": "./media/3/piezas_destacadas/8/Foto/privado/INT_3_P_3_N.jpg", "publico": 0, "url": null }, "geometry": null },
{ "type": "Feature", "properties": { "fid": 13940, "num_pieza": 8, "tipo": "Dibujo", "ruta": "./media/3/piezas_destacadas/8/Dibujo/público/INT_3_SolarLiceo_LozaDora.jpg", "publico": 1, "url": "https://multimedia.arqueotudela.workers.dev/?id=1FWAsLf7zYGquvWiF_SUcC-BKwzl91UWj" }, "geometry": null },
{ "type": "Feature", "properties": { "fid": 13941, "num_pieza": 8, "tipo": "Dibujo", "ruta": "./media/3/piezas_destacadas/8/Dibujo/privado/INT_3_SolarLiceo_LozaDora.png", "publico": 0, "url": null }, "geometry": null },
{ "type": "Feature", "properties": { "fid": 13942, "num_pieza": 8, "tipo": "Dibujo", "ruta": "./media/3/piezas_destacadas/8/Dibujo/privado/INT_3_SolarLiceo_LozaDora.svg", "publico": 0, "url": null }, "geometry": null },
{ "type": "Feature", "properties": { "fid": 13943, "num_pieza": 145, "tipo": "Foto", "ruta": "./media/30/piezas_destacadas/145/Foto/público/estrella judia_N.jpg", "publico": 1, "url": null }, "geometry": null },
{ "type": "Feature", "properties": { "fid": 13944, "num_pieza": 145, "tipo": "Foto", "ruta": "./media/30/piezas_destacadas/145/Foto/privado/estrella judia_INT_30.jpg", "publico": 0, "url": null }, "geometry": null },
{ "type": "Feature", "properties": { "fid": 13945, "num_pieza": 145, "tipo": "Foto", "ruta": "./media/30/piezas_destacadas/145/Foto/privado/estrella judia_INT_30.png", "publico": 0, "url": null }, "geometry": null },
{ "type": "Feature", "properties": { "fid": 13946, "num_pieza": 145, "tipo": "Foto", "ruta": "./media/30/piezas_destacadas/145/Foto/privado/estrella judia_N.jpg", "publico": 0, "url": null }, "geometry": null },
{ "type": "Feature", "properties": { "fid": 13947, "num_pieza": 146, "tipo": "Foto", "ruta": "./media/33/piezas_destacadas/146/Foto/público/FONDO_LOZA_DORADA_INT_33_N.jpg", "publico": 1, "url": "https://multimedia.arqueotudela.workers.dev/?id=1SAh3yCRsS2lCmQLHnbPz5roIBv4673hH" }, "geometry": null },
{ "type": "Feature", "properties": { "fid": 13948, "num_pieza": 146, "tipo": "Foto", "ruta": "./media/33/piezas_destacadas/146/Foto/privado/FONDO_LOZA_DORADA_B_INT_33.jpg", "publico": 0, "url": null }, "geometry": null },
{ "type": "Feature", "properties": { "fid": 13949, "num_pieza": 146, "tipo": "Foto", "ruta": "./media/33/piezas_destacadas/146/Foto/privado/FONDO_LOZA_DORADA_INT_33_N.jpg", "publico": 0, "url": null }, "geometry": null },
{ "type": "Feature", "properties": { "fid": 13950, "num_pieza": 146, "tipo": "Dibujo", "ruta": "./media/33/piezas_destacadas/146/Dibujo/público/INT_35_Fondo_LozaDorada_321.jpg", "publico": 1, "url": "https://multimedia.arqueotudela.workers.dev/?id=1U1GLeB4WAFA5FIRAbnh2fLWpQk0kcXIv" }, "geometry": null },
{ "type": "Feature", "properties": { "fid": 13951, "num_pieza": 146, "tipo": "Dibujo", "ruta": "./media/33/piezas_destacadas/146/Dibujo/privado/INT_35_Fondo_LozaDorada_321.png", "publico": 0, "url": null }, "geometry": null },
{ "type": "Feature", "properties": { "fid": 13952, "num_pieza": 147, "tipo": "Foto", "ruta": "./media/33/piezas_destacadas/147/Foto/público/PLATO_LOZA_DORADA_N_INT_33.jpg", "publico": 1, "url": "https://multimedia.arqueotudela.workers.dev/?id=1Q0E81QkLFI0Mv3Bx4qQpmHj3xz5-cJ0I" }, "geometry": null },
{ "type": "Feature", "properties": { "fid": 13953, "num_pieza": 147, "tipo": "Foto", "ruta": "./media/33/piezas_destacadas/147/Foto/privado/PLATO_LOZA_DORADA_B_INT_33.jpg", "publico": 0, "url": null }, "geometry": null },
{ "type": "Feature", "properties": { "fid": 13954, "num_pieza": 147, "tipo": "Foto", "ruta": "./media/33/piezas_destacadas/147/Foto/privado/PLATO_LOZA_DORADA_N_INT_33.jpg", "publico": 0, "url": null }, "geometry": null },
{ "type": "Feature", "properties": { "fid": 13955, "num_pieza": 147, "tipo": "Dibujo", "ruta": "./media/33/piezas_destacadas/147/Dibujo/público/INT_35_Escudilla_376.jpg", "publico": 1, "url": "https://multimedia.arqueotudela.workers.dev/?id=1kE1K37IhCbtqISB0aHNa__1ZnqL___fI" }, "geometry": null },
{ "type": "Feature", "properties": { "fid": 13956, "num_pieza": 147, "tipo": "Dibujo", "ruta": "./media/33/piezas_destacadas/147/Dibujo/privado/INT_35_Escudilla_376.png", "publico": 0, "url": null }, "geometry": null },
{ "type": "Feature", "properties": { "fid": 13957, "num_pieza": 148, "tipo": "Foto", "ruta": "./media/33/piezas_destacadas/148/Foto/público/ESCUDILLA_N_INT_33.jpg", "publico": 1, "url": "https://multimedia.arqueotudela.workers.dev/?id=1tGSjfOjkSdDdW3RsuAmTtdu9IqGBzCal" }, "geometry": null },
{ "type": "Feature", "properties": { "fid": 13958, "num_pieza": 148, "tipo": "Foto", "ruta": "./media/33/piezas_destacadas/148/Foto/privado/ESCUDILLA_B_INT_33.jpg", "publico": 0, "url": null }, "geometry": null },
{ "type": "Feature", "properties": { "fid": 13959, "num_pieza": 148, "tipo": "Foto", "ruta": "./media/33/piezas_destacadas/148/Foto/privado/ESCUDILLA_N_INT_33.jpg", "publico": 0, "url": null }, "geometry": null },
{ "type": "Feature", "properties": { "fid": 13960, "num_pieza": 148, "tipo": "Dibujo", "ruta": "./media/33/piezas_destacadas/148/Dibujo/público/INT_35_Escudilla_376.jpg", "publico": 1, "url": "https://multimedia.arqueotudela.workers.dev/?id=1W21xQ6oLjseBpAxPgCc5BvverXrVdD0T" }, "geometry": null },
{ "type": "Feature", "properties": { "fid": 13961, "num_pieza": 148, "tipo": "Dibujo", "ruta": "./media/33/piezas_destacadas/148/Dibujo/privado/INT_35_Escudilla_376.png", "publico": 0, "url": null }, "geometry": null },
{ "type": "Feature", "properties": { "fid": 13962, "num_pieza": 244, "tipo": "Foto", "ruta": "./media/33/piezas_destacadas/244/Foto/público/HUESO_TALLADO_INT_33_N.jpg", "publico": 1, "url": null }, "geometry": null },
{ "type": "Feature", "properties": { "fid": 13963, "num_pieza": 244, "tipo": "Foto", "ruta": "./media/33/piezas_destacadas/244/Foto/privado/HUESO_TALLADO_INT_33_B.jpg", "publico": 0, "url": null }, "geometry": null },
{ "type": "Feature", "properties": { "fid": 13964, "num_pieza": 244, "tipo": "Foto", "ruta": "./media/33/piezas_destacadas/244/Foto/privado/HUESO_TALLADO_INT_33_N.jpg", "publico": 0, "url": null }, "geometry": null },
{ "type": "Feature", "properties": { "fid": 13965, "num_pieza": 244, "tipo": "Dibujo", "ruta": "./media/33/piezas_destacadas/244/Dibujo/público/INT_35_Brazalete_Arquero.jpg", "publico": 1, "url": null }, "geometry": null },
{ "type": "Feature", "properties": { "fid": 13966, "num_pieza": 244, "tipo": "Dibujo", "ruta": "./media/33/piezas_destacadas/244/Dibujo/privado/INT_35_Brazalete_Arquero.png", "publico": 0, "url": null }, "geometry": null },
{ "type": "Feature", "properties": { "fid": 13967, "num_pieza": 150, "tipo": "Foto", "ruta": "./media/35/piezas_destacadas/150/Foto/público/escudilla_orejetas_INT_36_N.jpg", "publico": 1, "url": "https://multimedia.arqueotudela.workers.dev/?id=1jiPxLOg8XhfhAbaZK1iAKYsIelkrV8f9" }, "geometry": null },
{ "type": "Feature", "properties": { "fid": 13968, "num_pieza": 150, "tipo": "Foto", "ruta": "./media/35/piezas_destacadas/150/Foto/privado/escudilla_orejetas_INT_36_B.jpg", "publico": 0, "url": null }, "geometry": null },
{ "type": "Feature", "properties": { "fid": 13969, "num_pieza": 150, "tipo": "Foto", "ruta": "./media/35/piezas_destacadas/150/Foto/privado/escudilla_orejetas_INT_36_N.jpg", "publico": 0, "url": null }, "geometry": null },
{ "type": "Feature", "properties": { "fid": 13970, "num_pieza": 150, "tipo": "Dibujo", "ruta": "./media/35/piezas_destacadas/150/Dibujo/público/INT_36_EscudillaOrejetas_187.jpg", "publico": 1, "url": "https://multimedia.arqueotudela.workers.dev/?id=1-53lZIL9y-khtUbzUCooDctMDCsUzwa2" }, "geometry": null },
{ "type": "Feature", "properties": { "fid": 13971, "num_pieza": 150, "tipo": "Dibujo", "ruta": "./media/35/piezas_destacadas/150/Dibujo/privado/INT_36_EscudillaOrejetas_187.png", "publico": 0, "url": null }, "geometry": null },
{ "type": "Feature", "properties": { "fid": 13972, "num_pieza": 151, "tipo": "Foto", "ruta": "./media/35/piezas_destacadas/151/Foto/público/CERAMICA_CONEJO_INT_35_N.jpg", "publico": 1, "url": null }, "geometry": null },
{ "type": "Feature", "properties": { "fid": 13973, "num_pieza": 151, "tipo": "Foto", "ruta": "./media/35/piezas_destacadas/151/Foto/privado/CERAMICA_CONEJO_INT_35.png", "publico": 0, "url": null }, "geometry": null },
{ "type": "Feature", "properties": { "fid": 13974, "num_pieza": 151, "tipo": "Foto", "ruta": "./media/35/piezas_destacadas/151/Foto/privado/CERAMICA_CONEJO_INT_35_B.jpg", "publico": 0, "url": null }, "geometry": null },
{ "type": "Feature", "properties": { "fid": 13975, "num_pieza": 151, "tipo": "Foto", "ruta": "./media/35/piezas_destacadas/151/Foto/privado/CERAMICA_CONEJO_INT_35_N.jpg", "publico": 0, "url": null }, "geometry": null },
{ "type": "Feature", "properties": { "fid": 13976, "num_pieza": 151, "tipo": "Dibujo", "ruta": "./media/35/piezas_destacadas/151/Dibujo/público/INT_35_Manganeso_151.jpg", "publico": 1, "url": null }, "geometry": null },
{ "type": "Feature", "properties": { "fid": 13977, "num_pieza": 151, "tipo": "Dibujo", "ruta": "./media/35/piezas_destacadas/151/Dibujo/privado/INT_35_Manganeso_151.png", "publico": 0, "url": null }, "geometry": null },
{ "type": "Feature", "properties": { "fid": 13978, "num_pieza": 152, "tipo": "Foto", "ruta": "./media/35/piezas_destacadas/152/Foto/público/candil_judio_entero_INT_35_N.jpg", "publico": 1, "url": "https://multimedia.arqueotudela.workers.dev/?id=10VQObzgQOdv1ANctB19Au_ipZGxyGNZK" }, "geometry": null },
{ "type": "Feature", "properties": { "fid": 13979, "num_pieza": 152, "tipo": "Foto", "ruta": "./media/35/piezas_destacadas/152/Foto/privado/candil_judio_entero_INT_35_B.jpg", "publico": 0, "url": null }, "geometry": null },
{ "type": "Feature", "properties": { "fid": 13980, "num_pieza": 152, "tipo": "Foto", "ruta": "./media/35/piezas_destacadas/152/Foto/privado/candil_judio_entero_INT_35_N.jpg", "publico": 0, "url": null }, "geometry": null },
{ "type": "Feature", "properties": { "fid": 13981, "num_pieza": 152, "tipo": "Dibujo", "ruta": "./media/35/piezas_destacadas/152/Dibujo/público/INT_36_Candil_Hanuka_.jpg", "publico": 1, "url": "https://multimedia.arqueotudela.workers.dev/?id=1L_Qd8yZUEQChv-gBUerCHkvqfByTvlOC" }, "geometry": null },
{ "type": "Feature", "properties": { "fid": 13982, "num_pieza": 152, "tipo": "Dibujo", "ruta": "./media/35/piezas_destacadas/152/Dibujo/privado/INT_36_Candil_Hanuka_.png", "publico": 0, "url": null }, "geometry": null },
{ "type": "Feature", "properties": { "fid": 13983, "num_pieza": 153, "tipo": "Foto", "ruta": "./media/35/piezas_destacadas/153/Foto/público/CANDIL_N.jpg", "publico": 1, "url": "https://multimedia.arqueotudela.workers.dev/?id=1htl9d6LyTyHOWosjHZnTGxYY93zgv9Ll" }, "geometry": null },
{ "type": "Feature", "properties": { "fid": 13984, "num_pieza": 153, "tipo": "Foto", "ruta": "./media/35/piezas_destacadas/153/Foto/privado/CANDIL_B.jpg", "publico": 0, "url": null }, "geometry": null },
{ "type": "Feature", "properties": { "fid": 13985, "num_pieza": 153, "tipo": "Foto", "ruta": "./media/35/piezas_destacadas/153/Foto/privado/CANDIL_N.jpg", "publico": 0, "url": null }, "geometry": null },
{ "type": "Feature", "properties": { "fid": 13986, "num_pieza": 153, "tipo": "Dibujo", "ruta": "./media/35/piezas_destacadas/153/Dibujo/público/INT_35_Hanuka_.jpg", "publico": 1, "url": "https://multimedia.arqueotudela.workers.dev/?id=1G37s8l7hmAnau5rbh9_JnMKN5Lp502N5" }, "geometry": null },
{ "type": "Feature", "properties": { "fid": 13987, "num_pieza": 153, "tipo": "Dibujo", "ruta": "./media/35/piezas_destacadas/153/Dibujo/privado/INT_35_Hanuka_.png", "publico": 0, "url": null }, "geometry": null },
{ "type": "Feature", "properties": { "fid": 13988, "num_pieza": 154, "tipo": "Foto", "ruta": "./media/35/piezas_destacadas/154/Foto/público/BALLESTA_INT_35_N.jpg", "publico": 1, "url": null }, "geometry": null },
{ "type": "Feature", "properties": { "fid": 13989, "num_pieza": 154, "tipo": "Foto", "ruta": "./media/35/piezas_destacadas/154/Foto/privado/BALLESTA_INT_35.png", "publico": 0, "url": null }, "geometry": null },
{ "type": "Feature", "properties": { "fid": 13990, "num_pieza": 154, "tipo": "Foto", "ruta": "./media/35/piezas_destacadas/154/Foto/privado/BALLESTA_INT_35_B.jpg", "publico": 0, "url": null }, "geometry": null },
{ "type": "Feature", "properties": { "fid": 13991, "num_pieza": 154, "tipo": "Foto", "ruta": "./media/35/piezas_destacadas/154/Foto/privado/BALLESTA_INT_35_N.jpg", "publico": 0, "url": null }, "geometry": null },
{ "type": "Feature", "properties": { "fid": 13992, "num_pieza": 154, "tipo": "Dibujo", "ruta": "./media/35/piezas_destacadas/154/Dibujo/público/INT_35_Ballesta_154.jpg", "publico": 1, "url": null }, "geometry": null },
{ "type": "Feature", "properties": { "fid": 13993, "num_pieza": 154, "tipo": "Dibujo", "ruta": "./media/35/piezas_destacadas/154/Dibujo/privado/INT_35_Ballesta_154.png", "publico": 0, "url": null }, "geometry": null },
{ "type": "Feature", "properties": { "fid": 13994, "num_pieza": 155, "tipo": "Foto", "ruta": "./media/36/piezas_destacadas/155/Foto/público/fondo_ave_INT_36_N.jpg", "publico": 1, "url": "https://multimedia.arqueotudela.workers.dev/?id=1YxhrLBkr3KV-oHWhIcz-XBf9iLpNl0rV" }, "geometry": null },
{ "type": "Feature", "properties": { "fid": 13995, "num_pieza": 155, "tipo": "Foto", "ruta": "./media/36/piezas_destacadas/155/Foto/privado/fondo_ave_INT_36_B.jpg", "publico": 0, "url": null }, "geometry": null },
{ "type": "Feature", "properties": { "fid": 13996, "num_pieza": 155, "tipo": "Foto", "ruta": "./media/36/piezas_destacadas/155/Foto/privado/fondo_ave_INT_36_N.jpg", "publico": 0, "url": null }, "geometry": null },
{ "type": "Feature", "properties": { "fid": 13997, "num_pieza": 155, "tipo": "Dibujo", "ruta": "./media/36/piezas_destacadas/155/Dibujo/público/INT_36_Fondo_Ave.jpg", "publico": 1, "url": "https://multimedia.arqueotudela.workers.dev/?id=1GBScbfmH0qgtuoBF8FRwOlJSah6KBWXR" }, "geometry": null },
{ "type": "Feature", "properties": { "fid": 13998, "num_pieza": 155, "tipo": "Dibujo", "ruta": "./media/36/piezas_destacadas/155/Dibujo/privado/INT_36_Fondo_Ave.png", "publico": 0, "url": null }, "geometry": null },
{ "type": "Feature", "properties": { "fid": 13999, "num_pieza": 156, "tipo": "Foto", "ruta": "./media/36/piezas_destacadas/156/Foto/público/Sello_N.jpg", "publico": 1, "url": null }, "geometry": null },
{ "type": "Feature", "properties": { "fid": 14000, "num_pieza": 156, "tipo": "Foto", "ruta": "./media/36/piezas_destacadas/156/Foto/privado/Sello_B.jpg", "publico": 0, "url": null }, "geometry": null },
{ "type": "Feature", "properties": { "fid": 14001, "num_pieza": 156, "tipo": "Foto", "ruta": "./media/36/piezas_destacadas/156/Foto/privado/Sello_Cera.jpg", "publico": 0, "url": null }, "geometry": null },
{ "type": "Feature", "properties": { "fid": 14002, "num_pieza": 156, "tipo": "Foto", "ruta": "./media/36/piezas_destacadas/156/Foto/privado/Sello_N.jpg", "publico": 0, "url": null }, "geometry": null },
{ "type": "Feature", "properties": { "fid": 14003, "num_pieza": 157, "tipo": "Foto", "ruta": "./media/39/piezas_destacadas/157/Foto/público/TEJAS_N_INT_39.jpg", "publico": 1, "url": "https://multimedia.arqueotudela.workers.dev/?id=1odPsLyAdHukBmgTCpCG9fKj8MdI58SuF" }, "geometry": null },
{ "type": "Feature", "properties": { "fid": 14004, "num_pieza": 157, "tipo": "Foto", "ruta": "./media/39/piezas_destacadas/157/Foto/privado/TEJAS_B_INT_39.jpg", "publico": 0, "url": null }, "geometry": null },
{ "type": "Feature", "properties": { "fid": 14005, "num_pieza": 157, "tipo": "Foto", "ruta": "./media/39/piezas_destacadas/157/Foto/privado/TEJAS_N_INT_39.jpg", "publico": 0, "url": null }, "geometry": null },
{ "type": "Feature", "properties": { "fid": 14006, "num_pieza": 10, "tipo": "Foto", "ruta": "./media/4/piezas_destacadas/10/Foto/público/INT_4_P_2_N.jpg", "publico": 1, "url": "https://multimedia.arqueotudela.workers.dev/?id=1pzvuiQIfFuGcILRUVKSq1NDuW7LqXzRx" }, "geometry": null },
{ "type": "Feature", "properties": { "fid": 14007, "num_pieza": 10, "tipo": "Foto", "ruta": "./media/4/piezas_destacadas/10/Foto/privado/INT_4_P_2_B.jpg", "publico": 0, "url": null }, "geometry": null },
{ "type": "Feature", "properties": { "fid": 14008, "num_pieza": 10, "tipo": "Foto", "ruta": "./media/4/piezas_destacadas/10/Foto/privado/INT_4_P_2_N.jpg", "publico": 0, "url": null }, "geometry": null },
{ "type": "Feature", "properties": { "fid": 14009, "num_pieza": 10, "tipo": "Dibujo", "ruta": "./media/4/piezas_destacadas/10/Dibujo/público/INT_4_Cuenco_10.png", "publico": 1, "url": null }, "geometry": null },
{ "type": "Feature", "properties": { "fid": 14010, "num_pieza": 10, "tipo": "Dibujo", "ruta": "./media/4/piezas_destacadas/10/Dibujo/privado/INT_4_Cuenco_10.png", "publico": 0, "url": null }, "geometry": null },
{ "type": "Feature", "properties": { "fid": 14011, "num_pieza": 10, "tipo": "Dibujo", "ruta": "./media/4/piezas_destacadas/10/Dibujo/privado/INT_4_Cuenco_10.svg", "publico": 0, "url": null }, "geometry": null },
{ "type": "Feature", "properties": { "fid": 14012, "num_pieza": 9, "tipo": "Foto", "ruta": "./media/4/piezas_destacadas/9/Foto/público/torero_N.jpg", "publico": 1, "url": null }, "geometry": null },
{ "type": "Feature", "properties": { "fid": 14013, "num_pieza": 9, "tipo": "Foto", "ruta": "./media/4/piezas_destacadas/9/Foto/privado/torero.png", "publico": 0, "url": null }, "geometry": null },
{ "type": "Feature", "properties": { "fid": 14014, "num_pieza": 9, "tipo": "Foto", "ruta": "./media/4/piezas_destacadas/9/Foto/privado/torero_b.jpg", "publico": 0, "url": null }, "geometry": null },
{ "type": "Feature", "properties": { "fid": 14015, "num_pieza": 9, "tipo": "Foto", "ruta": "./media/4/piezas_destacadas/9/Foto/privado/torero_N.jpg", "publico": 0, "url": null }, "geometry": null },
{ "type": "Feature", "properties": { "fid": 14016, "num_pieza": 110, "tipo": "Foto", "ruta": "./media/44/piezas_destacadas/110/Foto/público/11 A.jpg", "publico": 1, "url": null }, "geometry": null },
{ "type": "Feature", "properties": { "fid": 14017, "num_pieza": 110, "tipo": "Foto", "ruta": "./media/44/piezas_destacadas/110/Foto/privado/11 A.tif", "publico": 0, "url": null }, "geometry": null },
{ "type": "Feature", "properties": { "fid": 14018, "num_pieza": 110, "tipo": "Foto", "ruta": "./media/44/piezas_destacadas/110/Foto/privado/11 B.tif", "publico": 0, "url": null }, "geometry": null },
{ "type": "Feature", "properties": { "fid": 14019, "num_pieza": 110, "tipo": "Dibujo", "ruta": "./media/44/piezas_destacadas/110/Dibujo/público/Modillon_110.jpg", "publico": 1, "url": null }, "geometry": null },
{ "type": "Feature", "properties": { "fid": 14020, "num_pieza": 110, "tipo": "Dibujo", "ruta": "./media/44/piezas_destacadas/110/Dibujo/privado/Modillon_110.jpg", "publico": 0, "url": null }, "geometry": null },
{ "type": "Feature", "properties": { "fid": 14021, "num_pieza": 158, "tipo": "Foto", "ruta": "./media/44/piezas_destacadas/158/Foto/público/Espuela_Dragones.jpg", "publico": 1, "url": null }, "geometry": null },
{ "type": "Feature", "properties": { "fid": 14022, "num_pieza": 158, "tipo": "Foto", "ruta": "./media/44/piezas_destacadas/158/Foto/privado/06 A.jpg", "publico": 0, "url": null }, "geometry": null },
{ "type": "Feature", "properties": { "fid": 14023, "num_pieza": 158, "tipo": "Foto", "ruta": "./media/44/piezas_destacadas/158/Foto/privado/06 A.tif", "publico": 0, "url": null }, "geometry": null },
{ "type": "Feature", "properties": { "fid": 14024, "num_pieza": 158, "tipo": "Foto", "ruta": "./media/44/piezas_destacadas/158/Foto/privado/06 B.tif", "publico": 0, "url": null }, "geometry": null },
{ "type": "Feature", "properties": { "fid": 14025, "num_pieza": 158, "tipo": "Foto", "ruta": "./media/44/piezas_destacadas/158/Foto/privado/Espuela_Dragones.jpg", "publico": 0, "url": null }, "geometry": null },
{ "type": "Feature", "properties": { "fid": 14026, "num_pieza": 158, "tipo": "Dibujo", "ruta": "./media/44/piezas_destacadas/158/Dibujo/público/158_Espuelas.jpg", "publico": 1, "url": null }, "geometry": null },
{ "type": "Feature", "properties": { "fid": 14027, "num_pieza": 158, "tipo": "Dibujo", "ruta": "./media/44/piezas_destacadas/158/Dibujo/privado/158_Espuelas.png", "publico": 0, "url": null }, "geometry": null },
{ "type": "Feature", "properties": { "fid": 14028, "num_pieza": 159, "tipo": "Foto", "ruta": "./media/44/piezas_destacadas/159/Foto/público/07 A.jpg", "publico": 1, "url": null }, "geometry": null },
{ "type": "Feature", "properties": { "fid": 14029, "num_pieza": 159, "tipo": "Foto", "ruta": "./media/44/piezas_destacadas/159/Foto/privado/07 A.tif", "publico": 0, "url": null }, "geometry": null },
{ "type": "Feature", "properties": { "fid": 14030, "num_pieza": 159, "tipo": "Foto", "ruta": "./media/44/piezas_destacadas/159/Foto/privado/07 B.tif", "publico": 0, "url": null }, "geometry": null },
{ "type": "Feature", "properties": { "fid": 14031, "num_pieza": 159, "tipo": "Dibujo", "ruta": "./media/44/piezas_destacadas/159/Dibujo/público/159_Espuelas.jpg", "publico": 1, "url": null }, "geometry": null },
{ "type": "Feature", "properties": { "fid": 14032, "num_pieza": 159, "tipo": "Dibujo", "ruta": "./media/44/piezas_destacadas/159/Dibujo/privado/159_Espuelas.jpg", "publico": 0, "url": null }, "geometry": null },
{ "type": "Feature", "properties": { "fid": 14033, "num_pieza": 160, "tipo": "Foto", "ruta": "./media/44/piezas_destacadas/160/Foto/público/08.jpg", "publico": 1, "url": null }, "geometry": null },
{ "type": "Feature", "properties": { "fid": 14034, "num_pieza": 160, "tipo": "Foto", "ruta": "./media/44/piezas_destacadas/160/Foto/privado/08.tif", "publico": 0, "url": null }, "geometry": null },
{ "type": "Feature", "properties": { "fid": 14035, "num_pieza": 160, "tipo": "Dibujo", "ruta": "./media/44/piezas_destacadas/160/Dibujo/público/Espada_dibujo.jpg", "publico": 1, "url": null }, "geometry": null },
{ "type": "Feature", "properties": { "fid": 14036, "num_pieza": 160, "tipo": "Dibujo", "ruta": "./media/44/piezas_destacadas/160/Dibujo/privado/Espada_dibujo.jpg", "publico": 0, "url": null }, "geometry": null },
{ "type": "Feature", "properties": { "fid": 14037, "num_pieza": 161, "tipo": "Foto", "ruta": "./media/44/piezas_destacadas/161/Foto/público/09.jpg", "publico": 1, "url": null }, "geometry": null },
{ "type": "Feature", "properties": { "fid": 14038, "num_pieza": 161, "tipo": "Foto", "ruta": "./media/44/piezas_destacadas/161/Foto/privado/09.tif", "publico": 0, "url": null }, "geometry": null },
{ "type": "Feature", "properties": { "fid": 14039, "num_pieza": 163, "tipo": "Foto", "ruta": "./media/44/piezas_destacadas/163/Foto/público/05 A.jpg", "publico": 1, "url": null }, "geometry": null },
{ "type": "Feature", "properties": { "fid": 14040, "num_pieza": 163, "tipo": "Foto", "ruta": "./media/44/piezas_destacadas/163/Foto/privado/05 A.tif", "publico": 0, "url": null }, "geometry": null },
{ "type": "Feature", "properties": { "fid": 14041, "num_pieza": 163, "tipo": "Foto", "ruta": "./media/44/piezas_destacadas/163/Foto/privado/05 B.jpg", "publico": 0, "url": null }, "geometry": null },
{ "type": "Feature", "properties": { "fid": 14042, "num_pieza": 163, "tipo": "Foto", "ruta": "./media/44/piezas_destacadas/163/Foto/privado/05 B.tif", "publico": 0, "url": null }, "geometry": null },
{ "type": "Feature", "properties": { "fid": 14043, "num_pieza": 163, "tipo": "Dibujo", "ruta": "./media/44/piezas_destacadas/163/Dibujo/público/Modillon_163_dibujo.jpg", "publico": 1, "url": null }, "geometry": null },
{ "type": "Feature", "properties": { "fid": 14044, "num_pieza": 163, "tipo": "Dibujo", "ruta": "./media/44/piezas_destacadas/163/Dibujo/privado/Modillon_163_dibujo.jpg", "publico": 0, "url": null }, "geometry": null },
{ "type": "Feature", "properties": { "fid": 14045, "num_pieza": 164, "tipo": "Foto", "ruta": "./media/44/piezas_destacadas/164/Foto/público/14.jpg", "publico": 1, "url": null }, "geometry": null },
{ "type": "Feature", "properties": { "fid": 14046, "num_pieza": 164, "tipo": "Foto", "ruta": "./media/44/piezas_destacadas/164/Foto/privado/14.jpg", "publico": 0, "url": null }, "geometry": null },
{ "type": "Feature", "properties": { "fid": 14047, "num_pieza": 164, "tipo": "Foto", "ruta": "./media/44/piezas_destacadas/164/Foto/privado/14.tif", "publico": 0, "url": null }, "geometry": null },
{ "type": "Feature", "properties": { "fid": 14048, "num_pieza": 165, "tipo": "Foto", "ruta": "./media/44/piezas_destacadas/165/Foto/público/12 A_1.jpg", "publico": 1, "url": null }, "geometry": null },
{ "type": "Feature", "properties": { "fid": 14049, "num_pieza": 165, "tipo": "Foto", "ruta": "./media/44/piezas_destacadas/165/Foto/privado/12 A.jpg", "publico": 0, "url": null }, "geometry": null },
{ "type": "Feature", "properties": { "fid": 14050, "num_pieza": 165, "tipo": "Foto", "ruta": "./media/44/piezas_destacadas/165/Foto/privado/12 A.tif", "publico": 0, "url": null }, "geometry": null },
{ "type": "Feature", "properties": { "fid": 14051, "num_pieza": 165, "tipo": "Foto", "ruta": "./media/44/piezas_destacadas/165/Foto/privado/12 B.tif", "publico": 0, "url": null }, "geometry": null },
{ "type": "Feature", "properties": { "fid": 14052, "num_pieza": 166, "tipo": "Foto", "ruta": "./media/44/piezas_destacadas/166/Foto/público/13.jpg", "publico": 1, "url": null }, "geometry": null },
{ "type": "Feature", "properties": { "fid": 14053, "num_pieza": 166, "tipo": "Foto", "ruta": "./media/44/piezas_destacadas/166/Foto/privado/13.jpg", "publico": 0, "url": null }, "geometry": null },
{ "type": "Feature", "properties": { "fid": 14054, "num_pieza": 166, "tipo": "Foto", "ruta": "./media/44/piezas_destacadas/166/Foto/privado/13.tif", "publico": 0, "url": null }, "geometry": null },
{ "type": "Feature", "properties": { "fid": 14055, "num_pieza": 167, "tipo": "Foto", "ruta": "./media/44/piezas_destacadas/167/Foto/público/15.jpg", "publico": 1, "url": null }, "geometry": null },
{ "type": "Feature", "properties": { "fid": 14056, "num_pieza": 167, "tipo": "Foto", "ruta": "./media/44/piezas_destacadas/167/Foto/privado/15.jpg", "publico": 0, "url": null }, "geometry": null },
{ "type": "Feature", "properties": { "fid": 14057, "num_pieza": 167, "tipo": "Foto", "ruta": "./media/44/piezas_destacadas/167/Foto/privado/15.tif", "publico": 0, "url": null }, "geometry": null },
{ "type": "Feature", "properties": { "fid": 14058, "num_pieza": 168, "tipo": "Foto", "ruta": "./media/44/piezas_destacadas/168/Foto/público/16.jpg", "publico": 1, "url": null }, "geometry": null },
{ "type": "Feature", "properties": { "fid": 14059, "num_pieza": 168, "tipo": "Foto", "ruta": "./media/44/piezas_destacadas/168/Foto/privado/16.jpg", "publico": 0, "url": null }, "geometry": null },
{ "type": "Feature", "properties": { "fid": 14060, "num_pieza": 168, "tipo": "Foto", "ruta": "./media/44/piezas_destacadas/168/Foto/privado/16.tif", "publico": 0, "url": null }, "geometry": null },
{ "type": "Feature", "properties": { "fid": 14061, "num_pieza": 169, "tipo": "Foto", "ruta": "./media/44/piezas_destacadas/169/Foto/público/17.jpg", "publico": 1, "url": null }, "geometry": null },
{ "type": "Feature", "properties": { "fid": 14062, "num_pieza": 169, "tipo": "Foto", "ruta": "./media/44/piezas_destacadas/169/Foto/privado/17.jpg", "publico": 0, "url": null }, "geometry": null },
{ "type": "Feature", "properties": { "fid": 14063, "num_pieza": 169, "tipo": "Foto", "ruta": "./media/44/piezas_destacadas/169/Foto/privado/17.tif", "publico": 0, "url": null }, "geometry": null },
{ "type": "Feature", "properties": { "fid": 14064, "num_pieza": 170, "tipo": "Foto", "ruta": "./media/44/piezas_destacadas/170/Foto/público/18.jpg", "publico": 1, "url": null }, "geometry": null },
{ "type": "Feature", "properties": { "fid": 14065, "num_pieza": 170, "tipo": "Foto", "ruta": "./media/44/piezas_destacadas/170/Foto/privado/18.jpg", "publico": 0, "url": null }, "geometry": null },
{ "type": "Feature", "properties": { "fid": 14066, "num_pieza": 170, "tipo": "Foto", "ruta": "./media/44/piezas_destacadas/170/Foto/privado/18.tif", "publico": 0, "url": null }, "geometry": null },
{ "type": "Feature", "properties": { "fid": 14067, "num_pieza": 171, "tipo": "Foto", "ruta": "./media/44/piezas_destacadas/171/Foto/público/19.jpg", "publico": 1, "url": null }, "geometry": null },
{ "type": "Feature", "properties": { "fid": 14068, "num_pieza": 171, "tipo": "Foto", "ruta": "./media/44/piezas_destacadas/171/Foto/privado/19.jpg", "publico": 0, "url": null }, "geometry": null },
{ "type": "Feature", "properties": { "fid": 14069, "num_pieza": 171, "tipo": "Foto", "ruta": "./media/44/piezas_destacadas/171/Foto/privado/19.tif", "publico": 0, "url": null }, "geometry": null },
{ "type": "Feature", "properties": { "fid": 14070, "num_pieza": 172, "tipo": "Foto", "ruta": "./media/44/piezas_destacadas/172/Foto/público/20.jpg", "publico": 1, "url": null }, "geometry": null },
{ "type": "Feature", "properties": { "fid": 14071, "num_pieza": 172, "tipo": "Foto", "ruta": "./media/44/piezas_destacadas/172/Foto/privado/20.jpg", "publico": 0, "url": null }, "geometry": null },
{ "type": "Feature", "properties": { "fid": 14072, "num_pieza": 172, "tipo": "Foto", "ruta": "./media/44/piezas_destacadas/172/Foto/privado/20.tif", "publico": 0, "url": null }, "geometry": null },
{ "type": "Feature", "properties": { "fid": 14073, "num_pieza": 173, "tipo": "Foto", "ruta": "./media/45/piezas_destacadas/173/Foto/público/Vaso_EdadHierro_I_Museo.jpg", "publico": 1, "url": null }, "geometry": null },
{ "type": "Feature", "properties": { "fid": 14074, "num_pieza": 173, "tipo": "Foto", "ruta": "./media/45/piezas_destacadas/173/Foto/privado/Vaso_EdadHierro_I_Museo.jpg", "publico": 0, "url": null }, "geometry": null },
{ "type": "Feature", "properties": { "fid": 14075, "num_pieza": 173, "tipo": "Dibujo", "ruta": "./media/45/piezas_destacadas/173/Dibujo/público/INT_45_Vasija_EdadHierro_I_173_Dibujo_Vectorial.jpg", "publico": 1, "url": null }, "geometry": null },
{ "type": "Feature", "properties": { "fid": 14076, "num_pieza": 173, "tipo": "Dibujo", "ruta": "./media/45/piezas_destacadas/173/Dibujo/privado/INT_45_Vasija_EdadHierro_I_173_Dibujo_Vectorial.png", "publico": 0, "url": null }, "geometry": null },
{ "type": "Feature", "properties": { "fid": 14077, "num_pieza": 174, "tipo": "Foto", "ruta": "./media/45/piezas_destacadas/174/Foto/público/BORDE_EDAD_HIERRO_N_INT_45.jpg", "publico": 1, "url": "https://multimedia.arqueotudela.workers.dev/?id=1yDYKNa-LGGIqMTENc83FELG81aUS3BfH" }, "geometry": null },
{ "type": "Feature", "properties": { "fid": 14078, "num_pieza": 174, "tipo": "Foto", "ruta": "./media/45/piezas_destacadas/174/Foto/privado/BORDE_EDAD_HIERRO_B_INT_45.jpg", "publico": 0, "url": null }, "geometry": null },
{ "type": "Feature", "properties": { "fid": 14079, "num_pieza": 174, "tipo": "Foto", "ruta": "./media/45/piezas_destacadas/174/Foto/privado/BORDE_EDAD_HIERRO_N_INT_45.jpg", "publico": 0, "url": null }, "geometry": null },
{ "type": "Feature", "properties": { "fid": 14080, "num_pieza": 175, "tipo": "Foto", "ruta": "./media/45/piezas_destacadas/175/Foto/público/KALATHOS_2002_N_INT_45.jpg", "publico": 1, "url": "https://multimedia.arqueotudela.workers.dev/?id=1o6sWcfwleLUkLHCPKsUhtww-KRaVxOJU" }, "geometry": null },
{ "type": "Feature", "properties": { "fid": 14081, "num_pieza": 175, "tipo": "Foto", "ruta": "./media/45/piezas_destacadas/175/Foto/privado/KALATHOS_2002_B_INT_45.jpg", "publico": 0, "url": null }, "geometry": null },
{ "type": "Feature", "properties": { "fid": 14082, "num_pieza": 175, "tipo": "Foto", "ruta": "./media/45/piezas_destacadas/175/Foto/privado/KALATHOS_2002_N_INT_45.jpg", "publico": 0, "url": null }, "geometry": null },
{ "type": "Feature", "properties": { "fid": 14083, "num_pieza": 176, "tipo": "Foto", "ruta": "./media/45/piezas_destacadas/176/Foto/público/FONDO_PLATO_SIGILLATA_1294_2002_N_INT_45.jpg", "publico": 1, "url": "https://multimedia.arqueotudela.workers.dev/?id=16xGFPKCeUM4MU1PuZ2zLIXbVvV6ll4wB" }, "geometry": null },
{ "type": "Feature", "properties": { "fid": 14084, "num_pieza": 176, "tipo": "Foto", "ruta": "./media/45/piezas_destacadas/176/Foto/privado/FONDO_PLATO_SIGILLATA_1294_2002_B_INT_45.jpg", "publico": 0, "url": null }, "geometry": null },
{ "type": "Feature", "properties": { "fid": 14085, "num_pieza": 176, "tipo": "Foto", "ruta": "./media/45/piezas_destacadas/176/Foto/privado/FONDO_PLATO_SIGILLATA_1294_2002_N_INT_45.jpg", "publico": 0, "url": null }, "geometry": null },
{ "type": "Feature", "properties": { "fid": 14086, "num_pieza": 177, "tipo": "Foto", "ruta": "./media/45/piezas_destacadas/177/Foto/público/JETON_N_INT_45.jpg", "publico": 1, "url": null }, "geometry": null },
{ "type": "Feature", "properties": { "fid": 14087, "num_pieza": 177, "tipo": "Foto", "ruta": "./media/45/piezas_destacadas/177/Foto/privado/JETON.png", "publico": 0, "url": null }, "geometry": null },
{ "type": "Feature", "properties": { "fid": 14088, "num_pieza": 177, "tipo": "Foto", "ruta": "./media/45/piezas_destacadas/177/Foto/privado/JETON_B_INT_45.jpg", "publico": 0, "url": null }, "geometry": null },
{ "type": "Feature", "properties": { "fid": 14089, "num_pieza": 177, "tipo": "Foto", "ruta": "./media/45/piezas_destacadas/177/Foto/privado/JETON_N_INT_45.jpg", "publico": 0, "url": null }, "geometry": null },
{ "type": "Feature", "properties": { "fid": 14090, "num_pieza": 178, "tipo": "Foto", "ruta": "./media/45/piezas_destacadas/178/Foto/público/ESGRAFIADA_2002_N_INT_45.jpg", "publico": 1, "url": "https://multimedia.arqueotudela.workers.dev/?id=1BSIX5DvYN7zrTSTvIqCA3kRS3-MxjFwl" }, "geometry": null },
{ "type": "Feature", "properties": { "fid": 14091, "num_pieza": 178, "tipo": "Foto", "ruta": "./media/45/piezas_destacadas/178/Foto/privado/ESGRAFIADA_2002_B_INT_45.jpg", "publico": 0, "url": null }, "geometry": null },
{ "type": "Feature", "properties": { "fid": 14092, "num_pieza": 178, "tipo": "Foto", "ruta": "./media/45/piezas_destacadas/178/Foto/privado/ESGRAFIADA_2002_N_INT_45.jpg", "publico": 0, "url": null }, "geometry": null },
{ "type": "Feature", "properties": { "fid": 14093, "num_pieza": 178, "tipo": "Dibujo", "ruta": "./media/45/piezas_destacadas/178/Dibujo/público/INT_45_Esgrafiada.png", "publico": 1, "url": null }, "geometry": null },
{ "type": "Feature", "properties": { "fid": 14094, "num_pieza": 178, "tipo": "Dibujo", "ruta": "./media/45/piezas_destacadas/178/Dibujo/privado/INT_45_Esgrafiada.png", "publico": 0, "url": null }, "geometry": null },
{ "type": "Feature", "properties": { "fid": 14095, "num_pieza": 178, "tipo": "Dibujo", "ruta": "./media/45/piezas_destacadas/178/Dibujo/privado/INT_45_Esgrafiada.svg", "publico": 0, "url": null }, "geometry": null },
{ "type": "Feature", "properties": { "fid": 14096, "num_pieza": 179, "tipo": "Foto", "ruta": "./media/45/piezas_destacadas/179/Foto/público/SIGILUM_N_INT_45.jpg", "publico": 1, "url": null }, "geometry": null },
{ "type": "Feature", "properties": { "fid": 14097, "num_pieza": 179, "tipo": "Foto", "ruta": "./media/45/piezas_destacadas/179/Foto/privado/SIGILUM.png", "publico": 0, "url": null }, "geometry": null },
{ "type": "Feature", "properties": { "fid": 14098, "num_pieza": 179, "tipo": "Foto", "ruta": "./media/45/piezas_destacadas/179/Foto/privado/SIGILUM_B_INT_45.jpg", "publico": 0, "url": null }, "geometry": null },
{ "type": "Feature", "properties": { "fid": 14099, "num_pieza": 179, "tipo": "Foto", "ruta": "./media/45/piezas_destacadas/179/Foto/privado/SIGILUM_N_INT_45.jpg", "publico": 0, "url": null }, "geometry": null },
{ "type": "Feature", "properties": { "fid": 14100, "num_pieza": 179, "tipo": "Dibujo", "ruta": "./media/45/piezas_destacadas/179/Dibujo/público/INT_45_Sigilata_179_Dibujo_Vectorial.jpg", "publico": 1, "url": null }, "geometry": null },
{ "type": "Feature", "properties": { "fid": 14101, "num_pieza": 179, "tipo": "Dibujo", "ruta": "./media/45/piezas_destacadas/179/Dibujo/privado/INT_45_Sigilata_179_Dibujo_Vectorial.png", "publico": 0, "url": null }, "geometry": null },
{ "type": "Feature", "properties": { "fid": 14102, "num_pieza": 180, "tipo": "Foto", "ruta": "./media/45/piezas_destacadas/180/Foto/público/PASADOR HUESO_N.jpg", "publico": 1, "url": null }, "geometry": null },
{ "type": "Feature", "properties": { "fid": 14103, "num_pieza": 180, "tipo": "Foto", "ruta": "./media/45/piezas_destacadas/180/Foto/privado/PASADOR HUESO.png", "publico": 0, "url": null }, "geometry": null },
{ "type": "Feature", "properties": { "fid": 14104, "num_pieza": 180, "tipo": "Foto", "ruta": "./media/45/piezas_destacadas/180/Foto/privado/PASADOR HUESO_.jpg", "publico": 0, "url": null }, "geometry": null },
{ "type": "Feature", "properties": { "fid": 14105, "num_pieza": 180, "tipo": "Foto", "ruta": "./media/45/piezas_destacadas/180/Foto/privado/PASADOR HUESO_N.jpg", "publico": 0, "url": null }, "geometry": null },
{ "type": "Feature", "properties": { "fid": 14106, "num_pieza": 180, "tipo": "Dibujo", "ruta": "./media/45/piezas_destacadas/180/Dibujo/público/INT_45_Pasador_180.jpg", "publico": 1, "url": null }, "geometry": null },
{ "type": "Feature", "properties": { "fid": 14107, "num_pieza": 180, "tipo": "Dibujo", "ruta": "./media/45/piezas_destacadas/180/Dibujo/privado/INT_45_Pasador_180.png", "publico": 0, "url": null }, "geometry": null },
{ "type": "Feature", "properties": { "fid": 14108, "num_pieza": 181, "tipo": "Foto", "ruta": "./media/45/piezas_destacadas/181/Foto/público/JARRA_CUERDA_SECA_N_INT_45.jpg", "publico": 1, "url": "https://multimedia.arqueotudela.workers.dev/?id=1EeJrj1vnHGhDJ0Pt4HfsU_JqRabEN7-l" }, "geometry": null },
{ "type": "Feature", "properties": { "fid": 14109, "num_pieza": 181, "tipo": "Foto", "ruta": "./media/45/piezas_destacadas/181/Foto/privado/JARRA_CUERDA_SECA_INT_45.jpg", "publico": 0, "url": null }, "geometry": null },
{ "type": "Feature", "properties": { "fid": 14110, "num_pieza": 181, "tipo": "Foto", "ruta": "./media/45/piezas_destacadas/181/Foto/privado/JARRA_CUERDA_SECA_N_INT_45.jpg", "publico": 0, "url": null }, "geometry": null },
{ "type": "Feature", "properties": { "fid": 14111, "num_pieza": 182, "tipo": "Foto", "ruta": "./media/45/piezas_destacadas/182/Foto/público/PONDUS GRAFIA ARABE_N.jpg", "publico": 1, "url": null }, "geometry": null },
{ "type": "Feature", "properties": { "fid": 14112, "num_pieza": 182, "tipo": "Foto", "ruta": "./media/45/piezas_destacadas/182/Foto/privado/PONDUS GRAFIA ARABE.jpg", "publico": 0, "url": null }, "geometry": null },
{ "type": "Feature", "properties": { "fid": 14113, "num_pieza": 182, "tipo": "Foto", "ruta": "./media/45/piezas_destacadas/182/Foto/privado/PONDUS GRAFIA ARABE.png", "publico": 0, "url": null }, "geometry": null },
{ "type": "Feature", "properties": { "fid": 14114, "num_pieza": 182, "tipo": "Foto", "ruta": "./media/45/piezas_destacadas/182/Foto/privado/PONDUS GRAFIA ARABE_N.jpg", "publico": 0, "url": null }, "geometry": null },
{ "type": "Feature", "properties": { "fid": 14115, "num_pieza": 183, "tipo": "Foto", "ruta": "./media/45/piezas_destacadas/183/Foto/público/CANDIL_INT_45_N.jpg", "publico": 1, "url": "https://multimedia.arqueotudela.workers.dev/?id=1nf87E_Rw-GW-C3Ojj_4GpuE2D3AjhgZh" }, "geometry": null },
{ "type": "Feature", "properties": { "fid": 14116, "num_pieza": 183, "tipo": "Foto", "ruta": "./media/45/piezas_destacadas/183/Foto/privado/CANDIL_INT_45_B.jpg", "publico": 0, "url": null }, "geometry": null },
{ "type": "Feature", "properties": { "fid": 14117, "num_pieza": 183, "tipo": "Foto", "ruta": "./media/45/piezas_destacadas/183/Foto/privado/CANDIL_INT_45_N.jpg", "publico": 0, "url": null }, "geometry": null },
{ "type": "Feature", "properties": { "fid": 14118, "num_pieza": 184, "tipo": "Foto", "ruta": "./media/45/piezas_destacadas/184/Foto/público/JARRA_CUERDA_SECA_2002_N_INT_45.jpg", "publico": 1, "url": "https://multimedia.arqueotudela.workers.dev/?id=1wCo1fbYx6WrC2XNnGXx5AbTGEFZd5vWM" }, "geometry": null },
{ "type": "Feature", "properties": { "fid": 14119, "num_pieza": 184, "tipo": "Foto", "ruta": "./media/45/piezas_destacadas/184/Foto/privado/JARRA_CUERDA_SECA_2002_B_INT_45.jpg", "publico": 0, "url": null }, "geometry": null },
{ "type": "Feature", "properties": { "fid": 14120, "num_pieza": 184, "tipo": "Foto", "ruta": "./media/45/piezas_destacadas/184/Foto/privado/JARRA_CUERDA_SECA_2002_N_INT_45.jpg", "publico": 0, "url": null }, "geometry": null },
{ "type": "Feature", "properties": { "fid": 14121, "num_pieza": 185, "tipo": "Foto", "ruta": "./media/45/piezas_destacadas/185/Foto/público/TAPADERA_2002_N_INT_45.jpg", "publico": 1, "url": "https://multimedia.arqueotudela.workers.dev/?id=1DEwUO20OIPeUW_c3Xj_-NqMCJj1_bxPB" }, "geometry": null },
{ "type": "Feature", "properties": { "fid": 14122, "num_pieza": 185, "tipo": "Foto", "ruta": "./media/45/piezas_destacadas/185/Foto/privado/TAPADERA_2002_B_INT_45.jpg", "publico": 0, "url": null }, "geometry": null },
{ "type": "Feature", "properties": { "fid": 14123, "num_pieza": 185, "tipo": "Foto", "ruta": "./media/45/piezas_destacadas/185/Foto/privado/TAPADERA_2002_N_INT_45.jpg", "publico": 0, "url": null }, "geometry": null },
{ "type": "Feature", "properties": { "fid": 14124, "num_pieza": 186, "tipo": "Foto", "ruta": "./media/45/piezas_destacadas/186/Foto/público/TAMBOR_2002_N_INT_45.jpg", "publico": 1, "url": "https://multimedia.arqueotudela.workers.dev/?id=1TRjAKQdzB5kkd2y1yAlsor5Mwxj_yU2n" }, "geometry": null },
{ "type": "Feature", "properties": { "fid": 14125, "num_pieza": 186, "tipo": "Foto", "ruta": "./media/45/piezas_destacadas/186/Foto/privado/TAMBOR_2002_B_INT_45.jpg", "publico": 0, "url": null }, "geometry": null },
{ "type": "Feature", "properties": { "fid": 14126, "num_pieza": 186, "tipo": "Foto", "ruta": "./media/45/piezas_destacadas/186/Foto/privado/TAMBOR_2002_N_INT_45.jpg", "publico": 0, "url": null }, "geometry": null },
{ "type": "Feature", "properties": { "fid": 14127, "num_pieza": 187, "tipo": "Foto", "ruta": "./media/45/piezas_destacadas/187/Foto/público/CUENCO INCISO_N_INT_45.jpg", "publico": 1, "url": "https://multimedia.arqueotudela.workers.dev/?id=1xQyCgUWRhYPn_98ykwm91a7PkWGHR1ti" }, "geometry": null },
{ "type": "Feature", "properties": { "fid": 14128, "num_pieza": 187, "tipo": "Foto", "ruta": "./media/45/piezas_destacadas/187/Foto/privado/CUENCO INCISO_B_INT_45.jpg", "publico": 0, "url": null }, "geometry": null },
{ "type": "Feature", "properties": { "fid": 14129, "num_pieza": 187, "tipo": "Foto", "ruta": "./media/45/piezas_destacadas/187/Foto/privado/CUENCO INCISO_N_INT_45.jpg", "publico": 0, "url": null }, "geometry": null },
{ "type": "Feature", "properties": { "fid": 14130, "num_pieza": 187, "tipo": "Dibujo", "ruta": "./media/45/piezas_destacadas/187/Dibujo/público/INT_45_Fondo_HierroII.jpg", "publico": 1, "url": "https://multimedia.arqueotudela.workers.dev/?id=1eWigdwz_iLtxeCqdTl61CQLSSN0js7As" }, "geometry": null },
{ "type": "Feature", "properties": { "fid": 14131, "num_pieza": 187, "tipo": "Dibujo", "ruta": "./media/45/piezas_destacadas/187/Dibujo/privado/INT_45_Fondo_HierroII.png", "publico": 0, "url": null }, "geometry": null },
{ "type": "Feature", "properties": { "fid": 14132, "num_pieza": 188, "tipo": "Foto", "ruta": "./media/45/piezas_destacadas/188/Foto/público/TEGULA_1501_N_INT_45.jpg", "publico": 1, "url": "https://multimedia.arqueotudela.workers.dev/?id=1qLaUNDJE8AVNLRPiPehOLRVPVYkgLo3P" }, "geometry": null },
{ "type": "Feature", "properties": { "fid": 14133, "num_pieza": 188, "tipo": "Foto", "ruta": "./media/45/piezas_destacadas/188/Foto/privado/TEGULA_1501_B_INT_45.jpg", "publico": 0, "url": null }, "geometry": null },
{ "type": "Feature", "properties": { "fid": 14134, "num_pieza": 188, "tipo": "Foto", "ruta": "./media/45/piezas_destacadas/188/Foto/privado/TEGULA_1501_N_INT_45.jpg", "publico": 0, "url": null }, "geometry": null },
{ "type": "Feature", "properties": { "fid": 14135, "num_pieza": 188, "tipo": "Dibujo", "ruta": "./media/45/piezas_destacadas/188/Dibujo/público/INT_45_Tegula.jpg", "publico": 1, "url": "https://multimedia.arqueotudela.workers.dev/?id=1goZB5OOwrosaB1c05mQlrU4ov5ijZ8RE" }, "geometry": null },
{ "type": "Feature", "properties": { "fid": 14136, "num_pieza": 188, "tipo": "Dibujo", "ruta": "./media/45/piezas_destacadas/188/Dibujo/privado/INT_45_Tegula.png", "publico": 0, "url": null }, "geometry": null },
{ "type": "Feature", "properties": { "fid": 14137, "num_pieza": 189, "tipo": "Foto", "ruta": "./media/45/piezas_destacadas/189/Foto/público/CERAMICA_INCISA_TRIANGULO_N_INT_45.jpg", "publico": 1, "url": "https://multimedia.arqueotudela.workers.dev/?id=10ti7BnX3PMmOZpdZCuycd3aA7U041cEa" }, "geometry": null },
{ "type": "Feature", "properties": { "fid": 14138, "num_pieza": 189, "tipo": "Foto", "ruta": "./media/45/piezas_destacadas/189/Foto/privado/CERAMICA_INCISA_TRIANGULO_B_INT_45.jpg", "publico": 0, "url": null }, "geometry": null },
{ "type": "Feature", "properties": { "fid": 14139, "num_pieza": 189, "tipo": "Foto", "ruta": "./media/45/piezas_destacadas/189/Foto/privado/CERAMICA_INCISA_TRIANGULO_N_INT_45.jpg", "publico": 0, "url": null }, "geometry": null },
{ "type": "Feature", "properties": { "fid": 14140, "num_pieza": 189, "tipo": "Dibujo", "ruta": "./media/45/piezas_destacadas/189/Dibujo/público/INT_45_EdadHierro_incisa.jpg", "publico": 1, "url": "https://multimedia.arqueotudela.workers.dev/?id=1QwC07pUP7VbtnhmZQNpQbiYGXNDrJIg3" }, "geometry": null },
{ "type": "Feature", "properties": { "fid": 14141, "num_pieza": 189, "tipo": "Dibujo", "ruta": "./media/45/piezas_destacadas/189/Dibujo/privado/INT_45_EdadHierro_incisa.png", "publico": 0, "url": null }, "geometry": null },
{ "type": "Feature", "properties": { "fid": 14142, "num_pieza": 190, "tipo": "Foto", "ruta": "./media/45/piezas_destacadas/190/Foto/público/ESCUDILLA_2003_N_INT_45.jpg", "publico": 1, "url": "https://multimedia.arqueotudela.workers.dev/?id=1bKgWMJrHE4Qmrm87m1FxCYSTurb3F8ox" }, "geometry": null },
{ "type": "Feature", "properties": { "fid": 14143, "num_pieza": 190, "tipo": "Foto", "ruta": "./media/45/piezas_destacadas/190/Foto/privado/ESCUDILLA_2003_CENITAL_B_INT_45.jpg", "publico": 0, "url": null }, "geometry": null },
{ "type": "Feature", "properties": { "fid": 14144, "num_pieza": 190, "tipo": "Foto", "ruta": "./media/45/piezas_destacadas/190/Foto/privado/ESCUDILLA_2003_LATERAL_B_INT_45.jpg", "publico": 0, "url": null }, "geometry": null },
{ "type": "Feature", "properties": { "fid": 14145, "num_pieza": 190, "tipo": "Foto", "ruta": "./media/45/piezas_destacadas/190/Foto/privado/ESCUDILLA_2003_LATERAL_N_INT_45.jpg", "publico": 0, "url": null }, "geometry": null },
{ "type": "Feature", "properties": { "fid": 14146, "num_pieza": 190, "tipo": "Foto", "ruta": "./media/45/piezas_destacadas/190/Foto/privado/ESCUDILLA_2003_N_INT_45.jpg", "publico": 0, "url": null }, "geometry": null },
{ "type": "Feature", "properties": { "fid": 14147, "num_pieza": 190, "tipo": "Dibujo", "ruta": "./media/45/piezas_destacadas/190/Dibujo/público/INT_46_CuencoBandaVerde_190.png", "publico": 1, "url": null }, "geometry": null },
{ "type": "Feature", "properties": { "fid": 14148, "num_pieza": 190, "tipo": "Dibujo", "ruta": "./media/45/piezas_destacadas/190/Dibujo/privado/INT_46_CuencoBandaVerde_190.png", "publico": 0, "url": null }, "geometry": null },
{ "type": "Feature", "properties": { "fid": 14149, "num_pieza": 190, "tipo": "Dibujo", "ruta": "./media/45/piezas_destacadas/190/Dibujo/privado/INT_46_CuencoCarenado.svg", "publico": 0, "url": null }, "geometry": null },
{ "type": "Feature", "properties": { "fid": 14150, "num_pieza": 191, "tipo": "Foto", "ruta": "./media/45/piezas_destacadas/191/Foto/público/ATAIFOR_2003_N_INT_45.jpg", "publico": 1, "url": "https://multimedia.arqueotudela.workers.dev/?id=1DXE90N16aFo4Gg-T42xq3057N_8SzEPb" }, "geometry": null },
{ "type": "Feature", "properties": { "fid": 14151, "num_pieza": 191, "tipo": "Foto", "ruta": "./media/45/piezas_destacadas/191/Foto/privado/ATAIFOR_2003_B_INT_45.jpg", "publico": 0, "url": null }, "geometry": null },
{ "type": "Feature", "properties": { "fid": 14152, "num_pieza": 191, "tipo": "Foto", "ruta": "./media/45/piezas_destacadas/191/Foto/privado/ATAIFOR_2003_N_INT_45.jpg", "publico": 0, "url": null }, "geometry": null },
{ "type": "Feature", "properties": { "fid": 14153, "num_pieza": 192, "tipo": "Foto", "ruta": "./media/45/piezas_destacadas/192/Foto/público/jarra_cuerda_seca_213_N_INT_45.jpg", "publico": 1, "url": "https://multimedia.arqueotudela.workers.dev/?id=1gNBlbD3001XODg3A_WUoD2u98-Pt-kXB" }, "geometry": null },
{ "type": "Feature", "properties": { "fid": 14154, "num_pieza": 192, "tipo": "Foto", "ruta": "./media/45/piezas_destacadas/192/Foto/privado/jarra_cuerda_seca_213_B_INT_45.jpg", "publico": 0, "url": null }, "geometry": null },
{ "type": "Feature", "properties": { "fid": 14155, "num_pieza": 192, "tipo": "Foto", "ruta": "./media/45/piezas_destacadas/192/Foto/privado/jarra_cuerda_seca_213_N_INT_45.jpg", "publico": 0, "url": null }, "geometry": null },
{ "type": "Feature", "properties": { "fid": 14156, "num_pieza": 193, "tipo": "Foto", "ruta": "./media/45/piezas_destacadas/193/Foto/público/JOFAINA_N_INT_45.jpg", "publico": 1, "url": "https://multimedia.arqueotudela.workers.dev/?id=1Je7C7O96BSEYMEvMYUXYLSQs0NkT2gj1" }, "geometry": null },
{ "type": "Feature", "properties": { "fid": 14157, "num_pieza": 193, "tipo": "Foto", "ruta": "./media/45/piezas_destacadas/193/Foto/privado/JOFAINA_B_INT_45.jpg", "publico": 0, "url": null }, "geometry": null },
{ "type": "Feature", "properties": { "fid": 14158, "num_pieza": 193, "tipo": "Foto", "ruta": "./media/45/piezas_destacadas/193/Foto/privado/JOFAINA_N_INT_45.jpg", "publico": 0, "url": null }, "geometry": null },
{ "type": "Feature", "properties": { "fid": 14159, "num_pieza": 194, "tipo": "Foto", "ruta": "./media/45/piezas_destacadas/194/Foto/público/GRAN CUENCO_2003_N_INT_45.jpg", "publico": 1, "url": "https://multimedia.arqueotudela.workers.dev/?id=1_e3BSwPz5C9wD9-vRBc4nuSzi1vISM1t" }, "geometry": null },
{ "type": "Feature", "properties": { "fid": 14160, "num_pieza": 194, "tipo": "Foto", "ruta": "./media/45/piezas_destacadas/194/Foto/privado/GRAN CUENCO_2003_B_INT_45.jpg", "publico": 0, "url": null }, "geometry": null },
{ "type": "Feature", "properties": { "fid": 14161, "num_pieza": 194, "tipo": "Foto", "ruta": "./media/45/piezas_destacadas/194/Foto/privado/GRAN CUENCO_2003_N_INT_45.jpg", "publico": 0, "url": null }, "geometry": null },
{ "type": "Feature", "properties": { "fid": 14162, "num_pieza": 195, "tipo": "Foto", "ruta": "./media/45/piezas_destacadas/195/Foto/público/JARRA_PINTADA_MANGANESO_2003_N_INT_45.jpg", "publico": 1, "url": "https://multimedia.arqueotudela.workers.dev/?id=1MjcfKymJ_zJkRH71PKE-9NKLyE_lQHx0" }, "geometry": null },
{ "type": "Feature", "properties": { "fid": 14163, "num_pieza": 195, "tipo": "Foto", "ruta": "./media/45/piezas_destacadas/195/Foto/privado/JARRA_PINTADA_MANGANESO_2003_B_INT_45.jpg", "publico": 0, "url": null }, "geometry": null },
{ "type": "Feature", "properties": { "fid": 14164, "num_pieza": 195, "tipo": "Foto", "ruta": "./media/45/piezas_destacadas/195/Foto/privado/JARRA_PINTADA_MANGANESO_2003_N_INT_45.jpg", "publico": 0, "url": null }, "geometry": null },
{ "type": "Feature", "properties": { "fid": 14165, "num_pieza": 195, "tipo": "Dibujo", "ruta": "./media/45/piezas_destacadas/195/Dibujo/público/INT_45_Jarro_Decorado_195_Vectorial.png", "publico": 1, "url": null }, "geometry": null },
{ "type": "Feature", "properties": { "fid": 14166, "num_pieza": 195, "tipo": "Dibujo", "ruta": "./media/45/piezas_destacadas/195/Dibujo/privado/INT_45_Jarro_Decorado_195_Vectorial.png", "publico": 0, "url": null }, "geometry": null },
{ "type": "Feature", "properties": { "fid": 14167, "num_pieza": 196, "tipo": "Foto", "ruta": "./media/45/piezas_destacadas/196/Foto/público/JARRO_BOCA_ANCHA_INT_45_N.jpg", "publico": 1, "url": null }, "geometry": null },
{ "type": "Feature", "properties": { "fid": 14168, "num_pieza": 196, "tipo": "Foto", "ruta": "./media/45/piezas_destacadas/196/Foto/privado/JARRO_BOCA_ANCHA_INT_45.png", "publico": 0, "url": null }, "geometry": null },
{ "type": "Feature", "properties": { "fid": 14169, "num_pieza": 196, "tipo": "Foto", "ruta": "./media/45/piezas_destacadas/196/Foto/privado/JARRO_BOCA_ANCHA_INT_45_B.jpg", "publico": 0, "url": null }, "geometry": null },
{ "type": "Feature", "properties": { "fid": 14170, "num_pieza": 196, "tipo": "Foto", "ruta": "./media/45/piezas_destacadas/196/Foto/privado/JARRO_BOCA_ANCHA_INT_45_N.jpg", "publico": 0, "url": null }, "geometry": null },
{ "type": "Feature", "properties": { "fid": 14171, "num_pieza": 196, "tipo": "Dibujo", "ruta": "./media/45/piezas_destacadas/196/Dibujo/público/INT_45_Jarra_196_.jpg", "publico": 1, "url": null }, "geometry": null },
{ "type": "Feature", "properties": { "fid": 14172, "num_pieza": 196, "tipo": "Dibujo", "ruta": "./media/45/piezas_destacadas/196/Dibujo/privado/INT_45_Jarra_196_.png", "publico": 0, "url": null }, "geometry": null },
{ "type": "Feature", "properties": { "fid": 14173, "num_pieza": 197, "tipo": "Foto", "ruta": "./media/45/piezas_destacadas/197/Foto/público/OLLA_2003_N_INT_45.jpg", "publico": 1, "url": "https://multimedia.arqueotudela.workers.dev/?id=1NlC28OEW3LFIMIptVvgxYxJob0X_2-oi" }, "geometry": null },
{ "type": "Feature", "properties": { "fid": 14174, "num_pieza": 197, "tipo": "Foto", "ruta": "./media/45/piezas_destacadas/197/Foto/privado/OLLA_2003_B_INT_45.jpg", "publico": 0, "url": null }, "geometry": null },
{ "type": "Feature", "properties": { "fid": 14175, "num_pieza": 197, "tipo": "Foto", "ruta": "./media/45/piezas_destacadas/197/Foto/privado/OLLA_2003_N_INT_45.jpg", "publico": 0, "url": null }, "geometry": null },
{ "type": "Feature", "properties": { "fid": 14176, "num_pieza": 198, "tipo": "Foto", "ruta": "./media/45/piezas_destacadas/198/Foto/público/botellita vidriada.jpg", "publico": 1, "url": "https://multimedia.arqueotudela.workers.dev/?id=1RX5Fe7EvFK199D0VMg007kPkQVP-iB8j" }, "geometry": null },
{ "type": "Feature", "properties": { "fid": 14177, "num_pieza": 198, "tipo": "Foto", "ruta": "./media/45/piezas_destacadas/198/Foto/privado/botellita vidirada_n.jpg", "publico": 0, "url": null }, "geometry": null },
{ "type": "Feature", "properties": { "fid": 14178, "num_pieza": 198, "tipo": "Foto", "ruta": "./media/45/piezas_destacadas/198/Foto/privado/botellita vidriada.jpg", "publico": 0, "url": null }, "geometry": null },
{ "type": "Feature", "properties": { "fid": 14179, "num_pieza": 199, "tipo": "Foto", "ruta": "./media/45/piezas_destacadas/199/Foto/público/moneda_romana_int_45_n.jpg", "publico": 1, "url": null }, "geometry": null },
{ "type": "Feature", "properties": { "fid": 14180, "num_pieza": 199, "tipo": "Foto", "ruta": "./media/45/piezas_destacadas/199/Foto/privado/moneda_romana_int_45.png", "publico": 0, "url": null }, "geometry": null },
{ "type": "Feature", "properties": { "fid": 14181, "num_pieza": 199, "tipo": "Foto", "ruta": "./media/45/piezas_destacadas/199/Foto/privado/moneda_romana_int_45_b.jpg", "publico": 0, "url": null }, "geometry": null },
{ "type": "Feature", "properties": { "fid": 14182, "num_pieza": 199, "tipo": "Foto", "ruta": "./media/45/piezas_destacadas/199/Foto/privado/moneda_romana_int_45_n.jpg", "publico": 0, "url": null }, "geometry": null },
{ "type": "Feature", "properties": { "fid": 14183, "num_pieza": 200, "tipo": "Foto", "ruta": "./media/45/piezas_destacadas/200/Foto/público/BRAZALETE ARQUERO_N.jpg", "publico": 1, "url": "https://multimedia.arqueotudela.workers.dev/?id=1KshJAqat4qv_sNevJ3E6Ciiv6fwhi6lf" }, "geometry": null },
{ "type": "Feature", "properties": { "fid": 14184, "num_pieza": 200, "tipo": "Foto", "ruta": "./media/45/piezas_destacadas/200/Foto/privado/BRAZALETE ARQUERO_.jpg", "publico": 0, "url": null }, "geometry": null },
{ "type": "Feature", "properties": { "fid": 14185, "num_pieza": 200, "tipo": "Foto", "ruta": "./media/45/piezas_destacadas/200/Foto/privado/BRAZALETE ARQUERO_N.jpg", "publico": 0, "url": null }, "geometry": null },
{ "type": "Feature", "properties": { "fid": 14186, "num_pieza": 201, "tipo": "Foto", "ruta": "./media/45/piezas_destacadas/201/Foto/público/cuenta coral_n.jpg", "publico": 1, "url": "https://multimedia.arqueotudela.workers.dev/?id=1RL8ITiasyQGHlIYvruJaRt7u735oV2W9" }, "geometry": null },
{ "type": "Feature", "properties": { "fid": 14187, "num_pieza": 201, "tipo": "Foto", "ruta": "./media/45/piezas_destacadas/201/Foto/privado/cuenta coral.jpg", "publico": 0, "url": null }, "geometry": null },
{ "type": "Feature", "properties": { "fid": 14188, "num_pieza": 201, "tipo": "Foto", "ruta": "./media/45/piezas_destacadas/201/Foto/privado/cuenta coral_n.jpg", "publico": 0, "url": null }, "geometry": null },
{ "type": "Feature", "properties": { "fid": 14189, "num_pieza": 202, "tipo": "Foto", "ruta": "./media/47/piezas_destacadas/202/Foto/público/ROMANA_GRAFITO_B.jpg", "publico": 1, "url": "https://multimedia.arqueotudela.workers.dev/?id=1dCxvDYQ7v3iyASN59qNLImehAp1xhojw" }, "geometry": null },
{ "type": "Feature", "properties": { "fid": 14190, "num_pieza": 202, "tipo": "Foto", "ruta": "./media/47/piezas_destacadas/202/Foto/privado/ROMANA_GRAFITO_B.jpg", "publico": 0, "url": null }, "geometry": null },
{ "type": "Feature", "properties": { "fid": 14191, "num_pieza": 202, "tipo": "Foto", "ruta": "./media/47/piezas_destacadas/202/Foto/privado/ROMANA_GRAFITO_N.jpg", "publico": 0, "url": null }, "geometry": null },
{ "type": "Feature", "properties": { "fid": 14192, "num_pieza": 203, "tipo": "Foto", "ruta": "./media/47/piezas_destacadas/203/Foto/público/candil_N.jpg", "publico": 1, "url": "https://multimedia.arqueotudela.workers.dev/?id=1-OojxsaHO9zrQFBxpmgM-z538OBZACEi" }, "geometry": null },
{ "type": "Feature", "properties": { "fid": 14193, "num_pieza": 203, "tipo": "Foto", "ruta": "./media/47/piezas_destacadas/203/Foto/privado/candil_B.jpg", "publico": 0, "url": null }, "geometry": null },
{ "type": "Feature", "properties": { "fid": 14194, "num_pieza": 203, "tipo": "Foto", "ruta": "./media/47/piezas_destacadas/203/Foto/privado/candil_N.jpg", "publico": 0, "url": null }, "geometry": null },
{ "type": "Feature", "properties": { "fid": 14195, "num_pieza": 203, "tipo": "Dibujo", "ruta": "./media/47/piezas_destacadas/203/Dibujo/público/INT_47_Candil.jpg", "publico": 1, "url": "https://multimedia.arqueotudela.workers.dev/?id=1jb1bZh1j1XbenfyOf1wmhu9fU5Beq8uk" }, "geometry": null },
{ "type": "Feature", "properties": { "fid": 14196, "num_pieza": 203, "tipo": "Dibujo", "ruta": "./media/47/piezas_destacadas/203/Dibujo/privado/INT_47_Candil.jpg", "publico": 0, "url": null }, "geometry": null },
{ "type": "Feature", "properties": { "fid": 14197, "num_pieza": 204, "tipo": "Foto", "ruta": "./media/47/piezas_destacadas/204/Foto/público/olla_I_N.jpg", "publico": 1, "url": "https://multimedia.arqueotudela.workers.dev/?id=16Fel1rjoVQJr8ATkcajeUZmFe3nRrlBv" }, "geometry": null },
{ "type": "Feature", "properties": { "fid": 14198, "num_pieza": 204, "tipo": "Foto", "ruta": "./media/47/piezas_destacadas/204/Foto/privado/olla_I.jpg", "publico": 0, "url": null }, "geometry": null },
{ "type": "Feature", "properties": { "fid": 14199, "num_pieza": 204, "tipo": "Foto", "ruta": "./media/47/piezas_destacadas/204/Foto/privado/olla_I_N.jpg", "publico": 0, "url": null }, "geometry": null },
{ "type": "Feature", "properties": { "fid": 14200, "num_pieza": 205, "tipo": "Foto", "ruta": "./media/47/piezas_destacadas/205/Foto/público/OLLA_II_N.jpg", "publico": 1, "url": "https://multimedia.arqueotudela.workers.dev/?id=1aoHpTqed4Dgz8mdzbSEKDeRcTh6wYcaR" }, "geometry": null },
{ "type": "Feature", "properties": { "fid": 14201, "num_pieza": 205, "tipo": "Foto", "ruta": "./media/47/piezas_destacadas/205/Foto/privado/OLLA_II.jpg", "publico": 0, "url": null }, "geometry": null },
{ "type": "Feature", "properties": { "fid": 14202, "num_pieza": 205, "tipo": "Foto", "ruta": "./media/47/piezas_destacadas/205/Foto/privado/OLLA_II_N.jpg", "publico": 0, "url": null }, "geometry": null },
{ "type": "Feature", "properties": { "fid": 14203, "num_pieza": 206, "tipo": "Foto", "ruta": "./media/47/piezas_destacadas/206/Foto/público/BOTELLA_GLOBULAR_N.jpg", "publico": 1, "url": "https://multimedia.arqueotudela.workers.dev/?id=1a1cAI2rUso8PvBmXVwwoK0w86DBpOCru" }, "geometry": null },
{ "type": "Feature", "properties": { "fid": 14204, "num_pieza": 206, "tipo": "Foto", "ruta": "./media/47/piezas_destacadas/206/Foto/privado/BOTELLA_GLOBULAR_B.jpg", "publico": 0, "url": null }, "geometry": null },
{ "type": "Feature", "properties": { "fid": 14205, "num_pieza": 206, "tipo": "Foto", "ruta": "./media/47/piezas_destacadas/206/Foto/privado/BOTELLA_GLOBULAR_N.jpg", "publico": 0, "url": null }, "geometry": null },
{ "type": "Feature", "properties": { "fid": 14206, "num_pieza": 206, "tipo": "Dibujo", "ruta": "./media/47/piezas_destacadas/206/Dibujo/público/ĉ.jpg", "publico": 1, "url": "https://multimedia.arqueotudela.workers.dev/?id=18ftsrPYVJ6DaoodBm_7oBna0KIL7csjI" }, "geometry": null },
{ "type": "Feature", "properties": { "fid": 14207, "num_pieza": 206, "tipo": "Dibujo", "ruta": "./media/47/piezas_destacadas/206/Dibujo/privado/ĉ.jpg", "publico": 0, "url": null }, "geometry": null },
{ "type": "Feature", "properties": { "fid": 14208, "num_pieza": 207, "tipo": "Foto", "ruta": "./media/48/piezas_destacadas/207/Foto/público/MEZUZ_INT_70_N.jpg", "publico": 1, "url": null }, "geometry": null },
{ "type": "Feature", "properties": { "fid": 14209, "num_pieza": 207, "tipo": "Foto", "ruta": "./media/48/piezas_destacadas/207/Foto/privado/MEZUZ_INT_70.png", "publico": 0, "url": null }, "geometry": null },
{ "type": "Feature", "properties": { "fid": 14210, "num_pieza": 207, "tipo": "Foto", "ruta": "./media/48/piezas_destacadas/207/Foto/privado/MEZUZ_INT_70_B.jpg", "publico": 0, "url": null }, "geometry": null },
{ "type": "Feature", "properties": { "fid": 14211, "num_pieza": 207, "tipo": "Foto", "ruta": "./media/48/piezas_destacadas/207/Foto/privado/MEZUZ_INT_70_N.jpg", "publico": 0, "url": null }, "geometry": null },
{ "type": "Feature", "properties": { "fid": 14212, "num_pieza": 208, "tipo": "Foto", "ruta": "./media/48/piezas_destacadas/208/Foto/público/ataifor_amarillo_int_48_N.jpg", "publico": 1, "url": null }, "geometry": null },
{ "type": "Feature", "properties": { "fid": 14213, "num_pieza": 208, "tipo": "Foto", "ruta": "./media/48/piezas_destacadas/208/Foto/privado/ataifor_amarillo_int_48.png", "publico": 0, "url": null }, "geometry": null },
{ "type": "Feature", "properties": { "fid": 14214, "num_pieza": 208, "tipo": "Foto", "ruta": "./media/48/piezas_destacadas/208/Foto/privado/ataifor_amarillo_int_48_b.jpg", "publico": 0, "url": null }, "geometry": null },
{ "type": "Feature", "properties": { "fid": 14215, "num_pieza": 208, "tipo": "Foto", "ruta": "./media/48/piezas_destacadas/208/Foto/privado/ataifor_amarillo_int_48_N.jpg", "publico": 0, "url": null }, "geometry": null },
{ "type": "Feature", "properties": { "fid": 14216, "num_pieza": 209, "tipo": "Foto", "ruta": "./media/48/piezas_destacadas/209/Foto/público/JARRA_1_ASA_INT_48_N.jpg", "publico": 1, "url": "https://multimedia.arqueotudela.workers.dev/?id=104H8cyIj7IP47EtjF80HGbXzYdB8MVqy" }, "geometry": null },
{ "type": "Feature", "properties": { "fid": 14217, "num_pieza": 209, "tipo": "Foto", "ruta": "./media/48/piezas_destacadas/209/Foto/privado/JARRA_1_ASA_INT_48_B.jpg", "publico": 0, "url": null }, "geometry": null },
{ "type": "Feature", "properties": { "fid": 14218, "num_pieza": 209, "tipo": "Foto", "ruta": "./media/48/piezas_destacadas/209/Foto/privado/JARRA_1_ASA_INT_48_N.jpg", "publico": 0, "url": null }, "geometry": null },
{ "type": "Feature", "properties": { "fid": 14219, "num_pieza": 209, "tipo": "Dibujo", "ruta": "./media/48/piezas_destacadas/209/Dibujo/público/INT_48_JarroBoca_Ancha.jpg", "publico": 1, "url": "https://multimedia.arqueotudela.workers.dev/?id=1e2R1hiyUwNJHJqR4YI0_cZPEI4zDB0Mh" }, "geometry": null },
{ "type": "Feature", "properties": { "fid": 14220, "num_pieza": 209, "tipo": "Dibujo", "ruta": "./media/48/piezas_destacadas/209/Dibujo/privado/INT_48_JarroBoca_Ancha.png", "publico": 0, "url": null }, "geometry": null },
{ "type": "Feature", "properties": { "fid": 14221, "num_pieza": 210, "tipo": "Foto", "ruta": "./media/48/piezas_destacadas/210/Foto/público/jarra_2_asas_INT_48_N.jpg", "publico": 1, "url": "https://multimedia.arqueotudela.workers.dev/?id=1j_jRKsZ1q2DvxAhDl1utNt_PEKjIxGlg" }, "geometry": null },
{ "type": "Feature", "properties": { "fid": 14222, "num_pieza": 210, "tipo": "Foto", "ruta": "./media/48/piezas_destacadas/210/Foto/privado/jarra_2_asas_INT_48_B.jpg", "publico": 0, "url": null }, "geometry": null },
{ "type": "Feature", "properties": { "fid": 14223, "num_pieza": 210, "tipo": "Foto", "ruta": "./media/48/piezas_destacadas/210/Foto/privado/jarra_2_asas_INT_48_N.jpg", "publico": 0, "url": null }, "geometry": null },
{ "type": "Feature", "properties": { "fid": 14224, "num_pieza": 210, "tipo": "Dibujo", "ruta": "./media/48/piezas_destacadas/210/Dibujo/público/INT_48_JarraBoca_Ancha.jpg", "publico": 1, "url": "https://multimedia.arqueotudela.workers.dev/?id=1juKskKJnthGMn5Ix2FahJ-2jCevKPRCn" }, "geometry": null },
{ "type": "Feature", "properties": { "fid": 14225, "num_pieza": 210, "tipo": "Dibujo", "ruta": "./media/48/piezas_destacadas/210/Dibujo/privado/INT_48_JarraBoca_Ancha.png", "publico": 0, "url": null }, "geometry": null },
{ "type": "Feature", "properties": { "fid": 14226, "num_pieza": 211, "tipo": "Foto", "ruta": "./media/48/piezas_destacadas/211/Foto/público/IMG_4077_jarra_estrangulada_INT_48_Magallon_N.jpg", "publico": 1, "url": "https://multimedia.arqueotudela.workers.dev/?id=19VowIgsybiGS8E5L8yOsW8CanI4zMYsw" }, "geometry": null },
{ "type": "Feature", "properties": { "fid": 14227, "num_pieza": 211, "tipo": "Foto", "ruta": "./media/48/piezas_destacadas/211/Foto/privado/IMG_4077_jarra_estrangulada_INT_48_Magallon_B.jpg", "publico": 0, "url": null }, "geometry": null },
{ "type": "Feature", "properties": { "fid": 14228, "num_pieza": 211, "tipo": "Foto", "ruta": "./media/48/piezas_destacadas/211/Foto/privado/IMG_4077_jarra_estrangulada_INT_48_Magallon_N.jpg", "publico": 0, "url": null }, "geometry": null },
{ "type": "Feature", "properties": { "fid": 14229, "num_pieza": 211, "tipo": "Dibujo", "ruta": "./media/48/piezas_destacadas/211/Dibujo/público/Jarro_Cuello_Estrangulado.jpg", "publico": 1, "url": "https://multimedia.arqueotudela.workers.dev/?id=1jL0zty_lfleVmQt6prsevycC04izdqZa" }, "geometry": null },
{ "type": "Feature", "properties": { "fid": 14230, "num_pieza": 211, "tipo": "Dibujo", "ruta": "./media/48/piezas_destacadas/211/Dibujo/privado/Jarro_Cuello_Estrangulado.png", "publico": 0, "url": null }, "geometry": null },
{ "type": "Feature", "properties": { "fid": 14231, "num_pieza": 212, "tipo": "Foto", "ruta": "./media/48/piezas_destacadas/212/Foto/público/orza_int_48_N.jpg", "publico": 1, "url": "https://multimedia.arqueotudela.workers.dev/?id=1o-5S6PqrZ1hTO8NaJuyGd1Gx-zBZDJVv" }, "geometry": null },
{ "type": "Feature", "properties": { "fid": 14232, "num_pieza": 212, "tipo": "Foto", "ruta": "./media/48/piezas_destacadas/212/Foto/privado/orza_int_48_B.jpg", "publico": 0, "url": null }, "geometry": null },
{ "type": "Feature", "properties": { "fid": 14233, "num_pieza": 212, "tipo": "Foto", "ruta": "./media/48/piezas_destacadas/212/Foto/privado/orza_int_48_N.jpg", "publico": 0, "url": null }, "geometry": null },
{ "type": "Feature", "properties": { "fid": 14234, "num_pieza": 212, "tipo": "Dibujo", "ruta": "./media/48/piezas_destacadas/212/Dibujo/público/Jarro_Orza_pequeña.jpg", "publico": 1, "url": "https://multimedia.arqueotudela.workers.dev/?id=1AY7IP1X0IwOQDUWHitZ9TRiPDsOOkIjP" }, "geometry": null },
{ "type": "Feature", "properties": { "fid": 14235, "num_pieza": 212, "tipo": "Dibujo", "ruta": "./media/48/piezas_destacadas/212/Dibujo/privado/Jarro_Orza_pequeña.png", "publico": 0, "url": null }, "geometry": null },
{ "type": "Feature", "properties": { "fid": 14236, "num_pieza": 213, "tipo": "Foto", "ruta": "./media/48/piezas_destacadas/213/Foto/público/CANDIL_INT_48_N.jpg", "publico": 1, "url": "https://multimedia.arqueotudela.workers.dev/?id=135o6wWNdtDb9FD7Mv7Bj1zoyrlQMFq4U" }, "geometry": null },
{ "type": "Feature", "properties": { "fid": 14237, "num_pieza": 213, "tipo": "Foto", "ruta": "./media/48/piezas_destacadas/213/Foto/privado/CANDIL_INT_48_B.jpg", "publico": 0, "url": null }, "geometry": null },
{ "type": "Feature", "properties": { "fid": 14238, "num_pieza": 213, "tipo": "Foto", "ruta": "./media/48/piezas_destacadas/213/Foto/privado/CANDIL_INT_48_N.jpg", "publico": 0, "url": null }, "geometry": null },
{ "type": "Feature", "properties": { "fid": 14239, "num_pieza": 213, "tipo": "Dibujo", "ruta": "./media/48/piezas_destacadas/213/Dibujo/público/INT_48_Candil_Piquera.jpg", "publico": 1, "url": "https://multimedia.arqueotudela.workers.dev/?id=1FH9TQ9vUVPjKJfSS-VEoVl_JBq-Zus7I" }, "geometry": null },
{ "type": "Feature", "properties": { "fid": 14240, "num_pieza": 213, "tipo": "Dibujo", "ruta": "./media/48/piezas_destacadas/213/Dibujo/privado/INT_48_Candil_Piquera.png", "publico": 0, "url": null }, "geometry": null },
{ "type": "Feature", "properties": { "fid": 14241, "num_pieza": 11, "tipo": "Foto", "ruta": "./media/5/piezas_destacadas/11/Foto/público/ESTAMPILLA ESFINGE_N.jpg", "publico": 1, "url": null }, "geometry": null },
{ "type": "Feature", "properties": { "fid": 14242, "num_pieza": 11, "tipo": "Foto", "ruta": "./media/5/piezas_destacadas/11/Foto/privado/ESTAMPILLA ESFINGE.jpg", "publico": 0, "url": null }, "geometry": null },
{ "type": "Feature", "properties": { "fid": 14243, "num_pieza": 11, "tipo": "Foto", "ruta": "./media/5/piezas_destacadas/11/Foto/privado/ESTAMPILLA ESFINGE.png", "publico": 0, "url": null }, "geometry": null },
{ "type": "Feature", "properties": { "fid": 14244, "num_pieza": 11, "tipo": "Foto", "ruta": "./media/5/piezas_destacadas/11/Foto/privado/ESTAMPILLA ESFINGE_N.jpg", "publico": 0, "url": null }, "geometry": null },
{ "type": "Feature", "properties": { "fid": 14245, "num_pieza": 12, "tipo": "Foto", "ruta": "./media/5/piezas_destacadas/12/Foto/público/INT_5_cuello_vidriado_N.jpg", "publico": 1, "url": "https://multimedia.arqueotudela.workers.dev/?id=13AIe3zMQ8Ig-7BAFwrXxR_zb-hdBgFzo" }, "geometry": null },
{ "type": "Feature", "properties": { "fid": 14246, "num_pieza": 12, "tipo": "Foto", "ruta": "./media/5/piezas_destacadas/12/Foto/privado/INT_5_cuello_vidriado_B.jpg", "publico": 0, "url": null }, "geometry": null },
{ "type": "Feature", "properties": { "fid": 14247, "num_pieza": 12, "tipo": "Foto", "ruta": "./media/5/piezas_destacadas/12/Foto/privado/INT_5_cuello_vidriado_N.jpg", "publico": 0, "url": null }, "geometry": null },
{ "type": "Feature", "properties": { "fid": 14248, "num_pieza": 14, "tipo": "Foto", "ruta": "./media/5/piezas_destacadas/14/Foto/público/cuerda seca_N.jpg", "publico": 1, "url": "https://multimedia.arqueotudela.workers.dev/?id=1e5D_8R2OuP_oMV7qA_qe98zH4tMJmxam" }, "geometry": null },
{ "type": "Feature", "properties": { "fid": 14249, "num_pieza": 14, "tipo": "Foto", "ruta": "./media/5/piezas_destacadas/14/Foto/privado/cuerda seca_.jpg", "publico": 0, "url": null }, "geometry": null },
{ "type": "Feature", "properties": { "fid": 14250, "num_pieza": 14, "tipo": "Foto", "ruta": "./media/5/piezas_destacadas/14/Foto/privado/cuerda seca_N.jpg", "publico": 0, "url": null }, "geometry": null },
{ "type": "Feature", "properties": { "fid": 14251, "num_pieza": 15, "tipo": "Foto", "ruta": "./media/5/piezas_destacadas/15/Foto/público/ASA_CUERDA_SECA_N.jpg", "publico": 1, "url": "https://multimedia.arqueotudela.workers.dev/?id=1xC5kXXyvP0acbx6trGqfnF-GIQDOsa9X" }, "geometry": null },
{ "type": "Feature", "properties": { "fid": 14252, "num_pieza": 15, "tipo": "Foto", "ruta": "./media/5/piezas_destacadas/15/Foto/privado/ASA_CUERDA_SECA_.jpg", "publico": 0, "url": null }, "geometry": null },
{ "type": "Feature", "properties": { "fid": 14253, "num_pieza": 15, "tipo": "Foto", "ruta": "./media/5/piezas_destacadas/15/Foto/privado/ASA_CUERDA_SECA_N.jpg", "publico": 0, "url": null }, "geometry": null },
{ "type": "Feature", "properties": { "fid": 14254, "num_pieza": 16, "tipo": "Foto", "ruta": "./media/5/piezas_destacadas/16/Foto/público/INT_5_CUERDA_SECA_II_N.jpg", "publico": 1, "url": "https://multimedia.arqueotudela.workers.dev/?id=1brTdpvFxfpODmsWOSiQyIyDk2DgSYO8c" }, "geometry": null },
{ "type": "Feature", "properties": { "fid": 14255, "num_pieza": 16, "tipo": "Foto", "ruta": "./media/5/piezas_destacadas/16/Foto/privado/INT_5_CUERDA_SECA_II_B.jpg", "publico": 0, "url": null }, "geometry": null },
{ "type": "Feature", "properties": { "fid": 14256, "num_pieza": 16, "tipo": "Foto", "ruta": "./media/5/piezas_destacadas/16/Foto/privado/INT_5_CUERDA_SECA_II_N.jpg", "publico": 0, "url": null }, "geometry": null },
{ "type": "Feature", "properties": { "fid": 14257, "num_pieza": 17, "tipo": "Foto", "ruta": "./media/5/piezas_destacadas/17/Foto/público/INT_5_FONDO_ATAIFOR_VERDE_MG_N.jpg", "publico": 1, "url": "https://multimedia.arqueotudela.workers.dev/?id=1_pj3mQyIFuCcgaf0YI6WICUhJ4j8YfZW" }, "geometry": null },
{ "type": "Feature", "properties": { "fid": 14258, "num_pieza": 17, "tipo": "Foto", "ruta": "./media/5/piezas_destacadas/17/Foto/privado/INT_5_FONDO_ATAIFOR_VERDE_MG_B.jpg", "publico": 0, "url": null }, "geometry": null },
{ "type": "Feature", "properties": { "fid": 14259, "num_pieza": 17, "tipo": "Foto", "ruta": "./media/5/piezas_destacadas/17/Foto/privado/INT_5_FONDO_ATAIFOR_VERDE_MG_N.jpg", "publico": 0, "url": null }, "geometry": null },
{ "type": "Feature", "properties": { "fid": 14260, "num_pieza": 18, "tipo": "Foto", "ruta": "./media/5/piezas_destacadas/18/Foto/público/FONDO_MANO_FATIMA_N.jpg", "publico": 1, "url": "https://multimedia.arqueotudela.workers.dev/?id=1soU-narHsFMydz2vWHZcMgbUV2Djqy3k" }, "geometry": null },
{ "type": "Feature", "properties": { "fid": 14261, "num_pieza": 18, "tipo": "Foto", "ruta": "./media/5/piezas_destacadas/18/Foto/privado/FONDO_MANO_FATIMA_.jpg", "publico": 0, "url": null }, "geometry": null },
{ "type": "Feature", "properties": { "fid": 14262, "num_pieza": 18, "tipo": "Foto", "ruta": "./media/5/piezas_destacadas/18/Foto/privado/FONDO_MANO_FATIMA_N.jpg", "publico": 0, "url": null }, "geometry": null },
{ "type": "Feature", "properties": { "fid": 14263, "num_pieza": 18, "tipo": "Dibujo", "ruta": "./media/5/piezas_destacadas/18/Dibujo/público/INT_5_Mano_Fatima.jpg", "publico": 1, "url": "https://multimedia.arqueotudela.workers.dev/?id=1f390Wz7IlJW0iOU_HvXFziSwceq8RHKJ" }, "geometry": null },
{ "type": "Feature", "properties": { "fid": 14264, "num_pieza": 18, "tipo": "Dibujo", "ruta": "./media/5/piezas_destacadas/18/Dibujo/privado/INT_5_Mano_Fatima.png", "publico": 0, "url": null }, "geometry": null },
{ "type": "Feature", "properties": { "fid": 14265, "num_pieza": 19, "tipo": "Foto", "ruta": "./media/5/piezas_destacadas/19/Foto/público/INT_5_moneda_I_CSB_85_N.jpg", "publico": 1, "url": "https://multimedia.arqueotudela.workers.dev/?id=18eUBRdSEV5nq2Lq-MUIkNPVVi4hVe_OT" }, "geometry": null },
{ "type": "Feature", "properties": { "fid": 14266, "num_pieza": 19, "tipo": "Foto", "ruta": "./media/5/piezas_destacadas/19/Foto/privado/INT_5_moneda_I_CSB_85_B.jpg", "publico": 0, "url": null }, "geometry": null },
{ "type": "Feature", "properties": { "fid": 14267, "num_pieza": 19, "tipo": "Foto", "ruta": "./media/5/piezas_destacadas/19/Foto/privado/INT_5_moneda_I_CSB_85_N.jpg", "publico": 0, "url": null }, "geometry": null },
{ "type": "Feature", "properties": { "fid": 14268, "num_pieza": 20, "tipo": "Foto", "ruta": "./media/5/piezas_destacadas/20/Foto/público/INT_5_MONEDA_II_CSB_85_N.jpg", "publico": 1, "url": null }, "geometry": null },
{ "type": "Feature", "properties": { "fid": 14269, "num_pieza": 20, "tipo": "Foto", "ruta": "./media/5/piezas_destacadas/20/Foto/privado/INT_5_MONEDA_II_CSB_85_B.jpg", "publico": 0, "url": null }, "geometry": null },
{ "type": "Feature", "properties": { "fid": 14270, "num_pieza": 20, "tipo": "Foto", "ruta": "./media/5/piezas_destacadas/20/Foto/privado/INT_5_MONEDA_II_CSB_85_N.jpg", "publico": 0, "url": null }, "geometry": null },
{ "type": "Feature", "properties": { "fid": 14271, "num_pieza": 21, "tipo": "Foto", "ruta": "./media/5/piezas_destacadas/21/Foto/público/INT_5_cabeza_angelote_N.jpg", "publico": 1, "url": null }, "geometry": null },
{ "type": "Feature", "properties": { "fid": 14272, "num_pieza": 21, "tipo": "Foto", "ruta": "./media/5/piezas_destacadas/21/Foto/privado/INT_5_cabeza_angelote_B.jpg", "publico": 0, "url": null }, "geometry": null },
{ "type": "Feature", "properties": { "fid": 14273, "num_pieza": 21, "tipo": "Foto", "ruta": "./media/5/piezas_destacadas/21/Foto/privado/INT_5_cabeza_angelote_N.jpg", "publico": 0, "url": null }, "geometry": null },
{ "type": "Feature", "properties": { "fid": 14274, "num_pieza": 22, "tipo": "Foto", "ruta": "./media/5/piezas_destacadas/22/Foto/público/INT_5_JARRA_PINTADA_MANGANESO_B.jpg", "publico": 1, "url": null }, "geometry": null },
{ "type": "Feature", "properties": { "fid": 14275, "num_pieza": 22, "tipo": "Foto", "ruta": "./media/5/piezas_destacadas/22/Foto/público/INT_5_JARRA_PINTADA_MANGANESO_N.jpg", "publico": 1, "url": null }, "geometry": null },
{ "type": "Feature", "properties": { "fid": 14276, "num_pieza": 22, "tipo": "Foto", "ruta": "./media/5/piezas_destacadas/22/Foto/privado/INT_5_JARRA_PINTADA_MANGANESO_B.jpg", "publico": 0, "url": null }, "geometry": null },
{ "type": "Feature", "properties": { "fid": 14277, "num_pieza": 22, "tipo": "Foto", "ruta": "./media/5/piezas_destacadas/22/Foto/privado/INT_5_JARRA_PINTADA_MANGANESO_N.jpg", "publico": 0, "url": null }, "geometry": null },
{ "type": "Feature", "properties": { "fid": 14278, "num_pieza": 24, "tipo": "Foto", "ruta": "./media/5/piezas_destacadas/24/Foto/público/INT_5_AZULEJO_N.jpg", "publico": 1, "url": null }, "geometry": null },
{ "type": "Feature", "properties": { "fid": 14279, "num_pieza": 24, "tipo": "Foto", "ruta": "./media/5/piezas_destacadas/24/Foto/privado/INT_5_AZULEJO_B.jpg", "publico": 0, "url": null }, "geometry": null },
{ "type": "Feature", "properties": { "fid": 14280, "num_pieza": 24, "tipo": "Foto", "ruta": "./media/5/piezas_destacadas/24/Foto/privado/INT_5_AZULEJO_N.jpg", "publico": 0, "url": null }, "geometry": null },
{ "type": "Feature", "properties": { "fid": 14281, "num_pieza": 24, "tipo": "Dibujo", "ruta": "./media/5/piezas_destacadas/24/Dibujo/público/AzulejoAzul.jpg", "publico": 1, "url": null }, "geometry": null },
{ "type": "Feature", "properties": { "fid": 14282, "num_pieza": 24, "tipo": "Dibujo", "ruta": "./media/5/piezas_destacadas/24/Dibujo/privado/AzulejoAzul.png", "publico": 0, "url": null }, "geometry": null },
{ "type": "Feature", "properties": { "fid": 14283, "num_pieza": 24, "tipo": "Dibujo", "ruta": "./media/5/piezas_destacadas/24/Dibujo/privado/AzulejoAzul.svg", "publico": 0, "url": null }, "geometry": null },
{ "type": "Feature", "properties": { "fid": 14284, "num_pieza": 25, "tipo": "Foto", "ruta": "./media/5/piezas_destacadas/25/Foto/público/jarra_pintada_N.jpg", "publico": 1, "url": null }, "geometry": null },
{ "type": "Feature", "properties": { "fid": 14285, "num_pieza": 25, "tipo": "Foto", "ruta": "./media/5/piezas_destacadas/25/Foto/privado/jarra_pintada.jpg", "publico": 0, "url": null }, "geometry": null },
{ "type": "Feature", "properties": { "fid": 14286, "num_pieza": 25, "tipo": "Foto", "ruta": "./media/5/piezas_destacadas/25/Foto/privado/jarra_pintada_N.jpg", "publico": 0, "url": null }, "geometry": null },
{ "type": "Feature", "properties": { "fid": 14287, "num_pieza": 25, "tipo": "Dibujo", "ruta": "./media/5/piezas_destacadas/25/Dibujo/público/INT_5_Cantara.jpg", "publico": 1, "url": null }, "geometry": null },
{ "type": "Feature", "properties": { "fid": 14288, "num_pieza": 25, "tipo": "Dibujo", "ruta": "./media/5/piezas_destacadas/25/Dibujo/privado/INT_5_Cantara.png", "publico": 0, "url": null }, "geometry": null },
{ "type": "Feature", "properties": { "fid": 14289, "num_pieza": 25, "tipo": "Dibujo", "ruta": "./media/5/piezas_destacadas/25/Dibujo/privado/INT_5_Cantara.svg", "publico": 0, "url": null }, "geometry": null },
{ "type": "Feature", "properties": { "fid": 14290, "num_pieza": 214, "tipo": "Foto", "ruta": "./media/50/piezas_destacadas/214/Foto/público/Dirham_I_INT_50_N.jpg", "publico": 1, "url": null }, "geometry": null },
{ "type": "Feature", "properties": { "fid": 14291, "num_pieza": 214, "tipo": "Foto", "ruta": "./media/50/piezas_destacadas/214/Foto/privado/Dirham_I_INT_50.png", "publico": 0, "url": null }, "geometry": null },
{ "type": "Feature", "properties": { "fid": 14292, "num_pieza": 214, "tipo": "Foto", "ruta": "./media/50/piezas_destacadas/214/Foto/privado/Dirham_I_INT_50_B.jpg", "publico": 0, "url": null }, "geometry": null },
{ "type": "Feature", "properties": { "fid": 14293, "num_pieza": 214, "tipo": "Foto", "ruta": "./media/50/piezas_destacadas/214/Foto/privado/Dirham_I_INT_50_N.jpg", "publico": 0, "url": null }, "geometry": null },
{ "type": "Feature", "properties": { "fid": 14294, "num_pieza": 215, "tipo": "Foto", "ruta": "./media/50/piezas_destacadas/215/Foto/público/Dirhan_II_int_50_n.jpg", "publico": 1, "url": null }, "geometry": null },
{ "type": "Feature", "properties": { "fid": 14295, "num_pieza": 215, "tipo": "Foto", "ruta": "./media/50/piezas_destacadas/215/Foto/privado/Dirhan_II_int_50.png", "publico": 0, "url": null }, "geometry": null },
{ "type": "Feature", "properties": { "fid": 14296, "num_pieza": 215, "tipo": "Foto", "ruta": "./media/50/piezas_destacadas/215/Foto/privado/Dirhan_II_int_50_b.jpg", "publico": 0, "url": null }, "geometry": null },
{ "type": "Feature", "properties": { "fid": 14297, "num_pieza": 215, "tipo": "Foto", "ruta": "./media/50/piezas_destacadas/215/Foto/privado/Dirhan_II_int_50_n.jpg", "publico": 0, "url": null }, "geometry": null },
{ "type": "Feature", "properties": { "fid": 14298, "num_pieza": 216, "tipo": "Foto", "ruta": "./media/50/piezas_destacadas/216/Foto/público/Colgante_int_50_n.jpg", "publico": 1, "url": null }, "geometry": null },
{ "type": "Feature", "properties": { "fid": 14299, "num_pieza": 216, "tipo": "Foto", "ruta": "./media/50/piezas_destacadas/216/Foto/privado/Colgante_int_50.png", "publico": 0, "url": null }, "geometry": null },
{ "type": "Feature", "properties": { "fid": 14300, "num_pieza": 216, "tipo": "Foto", "ruta": "./media/50/piezas_destacadas/216/Foto/privado/Colgante_int_50_b.jpg", "publico": 0, "url": null }, "geometry": null },
{ "type": "Feature", "properties": { "fid": 14301, "num_pieza": 216, "tipo": "Foto", "ruta": "./media/50/piezas_destacadas/216/Foto/privado/Colgante_int_50_n.jpg", "publico": 0, "url": null }, "geometry": null },
{ "type": "Feature", "properties": { "fid": 14302, "num_pieza": 217, "tipo": "Foto", "ruta": "./media/50/piezas_destacadas/217/Foto/público/CERAMIC_CARA_INT_50_N.jpg", "publico": 1, "url": null }, "geometry": null },
{ "type": "Feature", "properties": { "fid": 14303, "num_pieza": 217, "tipo": "Foto", "ruta": "./media/50/piezas_destacadas/217/Foto/privado/CERAMIC_CARA_INT_50.jpg", "publico": 0, "url": null }, "geometry": null },
{ "type": "Feature", "properties": { "fid": 14304, "num_pieza": 217, "tipo": "Foto", "ruta": "./media/50/piezas_destacadas/217/Foto/privado/CERAMIC_CARA_INT_50_B.jpg", "publico": 0, "url": null }, "geometry": null },
{ "type": "Feature", "properties": { "fid": 14305, "num_pieza": 217, "tipo": "Foto", "ruta": "./media/50/piezas_destacadas/217/Foto/privado/CERAMIC_CARA_INT_50_N.jpg", "publico": 0, "url": null }, "geometry": null },
{ "type": "Feature", "properties": { "fid": 14306, "num_pieza": 217, "tipo": "Dibujo", "ruta": "./media/50/piezas_destacadas/217/Dibujo/público/INT_50_Rostro_217.jpg", "publico": 1, "url": null }, "geometry": null },
{ "type": "Feature", "properties": { "fid": 14307, "num_pieza": 217, "tipo": "Dibujo", "ruta": "./media/50/piezas_destacadas/217/Dibujo/privado/INT_50_Rostro_217.png", "publico": 0, "url": null }, "geometry": null },
{ "type": "Feature", "properties": { "fid": 14308, "num_pieza": 218, "tipo": "Foto", "ruta": "./media/50/piezas_destacadas/218/Foto/público/plato_toro_INT_50_N.jpg", "publico": 1, "url": null }, "geometry": null },
{ "type": "Feature", "properties": { "fid": 14309, "num_pieza": 218, "tipo": "Foto", "ruta": "./media/50/piezas_destacadas/218/Foto/privado/plato_toro_INT_50_B.jpg", "publico": 0, "url": null }, "geometry": null },
{ "type": "Feature", "properties": { "fid": 14310, "num_pieza": 218, "tipo": "Foto", "ruta": "./media/50/piezas_destacadas/218/Foto/privado/plato_toro_INT_50_N.jpg", "publico": 0, "url": null }, "geometry": null },
{ "type": "Feature", "properties": { "fid": 14311, "num_pieza": 218, "tipo": "Dibujo", "ruta": "./media/50/piezas_destacadas/218/Dibujo/público/INT_50_PlatoToro.jpg", "publico": 1, "url": null }, "geometry": null },
{ "type": "Feature", "properties": { "fid": 14312, "num_pieza": 218, "tipo": "Dibujo", "ruta": "./media/50/piezas_destacadas/218/Dibujo/privado/INT_50_PlatoToro.png", "publico": 0, "url": null }, "geometry": null },
{ "type": "Feature", "properties": { "fid": 14313, "num_pieza": 219, "tipo": "Foto", "ruta": "./media/50/piezas_destacadas/219/Foto/público/escudilla_II_INT_50_N.jpg", "publico": 1, "url": null }, "geometry": null },
{ "type": "Feature", "properties": { "fid": 14314, "num_pieza": 219, "tipo": "Foto", "ruta": "./media/50/piezas_destacadas/219/Foto/privado/escudilla_II_INT_50_B.jpg", "publico": 0, "url": null }, "geometry": null },
{ "type": "Feature", "properties": { "fid": 14315, "num_pieza": 219, "tipo": "Foto", "ruta": "./media/50/piezas_destacadas/219/Foto/privado/escudilla_II_INT_50_N.jpg", "publico": 0, "url": null }, "geometry": null },
{ "type": "Feature", "properties": { "fid": 14316, "num_pieza": 219, "tipo": "Dibujo", "ruta": "./media/50/piezas_destacadas/219/Dibujo/público/INT_50_Cuenco_3BandasVerde-Morado.jpg", "publico": 1, "url": null }, "geometry": null },
{ "type": "Feature", "properties": { "fid": 14317, "num_pieza": 219, "tipo": "Dibujo", "ruta": "./media/50/piezas_destacadas/219/Dibujo/privado/INT_50_Cuenco_3BandasVerde-Morado.png", "publico": 0, "url": null }, "geometry": null },
{ "type": "Feature", "properties": { "fid": 14318, "num_pieza": 220, "tipo": "Foto", "ruta": "./media/50/piezas_destacadas/220/Foto/público/escudilla_III_INT_50_N.jpg", "publico": 1, "url": null }, "geometry": null },
{ "type": "Feature", "properties": { "fid": 14319, "num_pieza": 220, "tipo": "Foto", "ruta": "./media/50/piezas_destacadas/220/Foto/privado/escudilla_III_INT_50_B.jpg", "publico": 0, "url": null }, "geometry": null },
{ "type": "Feature", "properties": { "fid": 14320, "num_pieza": 220, "tipo": "Foto", "ruta": "./media/50/piezas_destacadas/220/Foto/privado/escudilla_III_INT_50_N.jpg", "publico": 0, "url": null }, "geometry": null },
{ "type": "Feature", "properties": { "fid": 14321, "num_pieza": 220, "tipo": "Dibujo", "ruta": "./media/50/piezas_destacadas/220/Dibujo/público/INT_50_CuencoCarenado_II.jpg", "publico": 1, "url": null }, "geometry": null },
{ "type": "Feature", "properties": { "fid": 14322, "num_pieza": 220, "tipo": "Dibujo", "ruta": "./media/50/piezas_destacadas/220/Dibujo/privado/INT_50_CuencoCarenado_II.png", "publico": 0, "url": null }, "geometry": null },
{ "type": "Feature", "properties": { "fid": 14323, "num_pieza": 221, "tipo": "Foto", "ruta": "./media/50/piezas_destacadas/221/Foto/público/escudilla_IV_INT_50_N.jpg", "publico": 1, "url": null }, "geometry": null },
{ "type": "Feature", "properties": { "fid": 14324, "num_pieza": 221, "tipo": "Foto", "ruta": "./media/50/piezas_destacadas/221/Foto/privado/escudilla_IV_INT_50_.jpg", "publico": 0, "url": null }, "geometry": null },
{ "type": "Feature", "properties": { "fid": 14325, "num_pieza": 221, "tipo": "Foto", "ruta": "./media/50/piezas_destacadas/221/Foto/privado/escudilla_IV_INT_50_N.jpg", "publico": 0, "url": null }, "geometry": null },
{ "type": "Feature", "properties": { "fid": 14326, "num_pieza": 221, "tipo": "Dibujo", "ruta": "./media/50/piezas_destacadas/221/Dibujo/público/INT_50_CuencoCarenado_I.jpg", "publico": 1, "url": null }, "geometry": null },
{ "type": "Feature", "properties": { "fid": 14327, "num_pieza": 221, "tipo": "Dibujo", "ruta": "./media/50/piezas_destacadas/221/Dibujo/privado/INT_50_CuencoCarenado_I.png", "publico": 0, "url": null }, "geometry": null },
{ "type": "Feature", "properties": { "fid": 14328, "num_pieza": 222, "tipo": "Foto", "ruta": "./media/50/piezas_destacadas/222/Foto/público/escudilla_I_cenital_INT_50_N_INT_50.jpg", "publico": 1, "url": null }, "geometry": null },
{ "type": "Feature", "properties": { "fid": 14329, "num_pieza": 222, "tipo": "Foto", "ruta": "./media/50/piezas_destacadas/222/Foto/privado/escudilla_I_cenital_INT_50_B_INT_50.jpg", "publico": 0, "url": null }, "geometry": null },
{ "type": "Feature", "properties": { "fid": 14330, "num_pieza": 222, "tipo": "Foto", "ruta": "./media/50/piezas_destacadas/222/Foto/privado/escudilla_I_cenital_INT_50_N_INT_50.jpg", "publico": 0, "url": null }, "geometry": null },
{ "type": "Feature", "properties": { "fid": 14331, "num_pieza": 222, "tipo": "Dibujo", "ruta": "./media/50/piezas_destacadas/222/Dibujo/público/INT_CuencoCarenadoAzul.jpg", "publico": 1, "url": null }, "geometry": null },
{ "type": "Feature", "properties": { "fid": 14332, "num_pieza": 222, "tipo": "Dibujo", "ruta": "./media/50/piezas_destacadas/222/Dibujo/privado/INT_CuencoCarenadoAzul.png", "publico": 0, "url": null }, "geometry": null },
{ "type": "Feature", "properties": { "fid": 14333, "num_pieza": 223, "tipo": "Foto", "ruta": "./media/50/piezas_destacadas/223/Foto/público/plato_mujer_INT_50_N.jpg", "publico": 1, "url": null }, "geometry": null },
{ "type": "Feature", "properties": { "fid": 14334, "num_pieza": 223, "tipo": "Foto", "ruta": "./media/50/piezas_destacadas/223/Foto/privado/plato_mujer_INT_50_B.jpg", "publico": 0, "url": null }, "geometry": null },
{ "type": "Feature", "properties": { "fid": 14335, "num_pieza": 223, "tipo": "Foto", "ruta": "./media/50/piezas_destacadas/223/Foto/privado/plato_mujer_INT_50_N.jpg", "publico": 0, "url": null }, "geometry": null },
{ "type": "Feature", "properties": { "fid": 14336, "num_pieza": 223, "tipo": "Dibujo", "ruta": "./media/50/piezas_destacadas/223/Dibujo/público/INT_50_GranPlato_Mujer.jpg", "publico": 1, "url": null }, "geometry": null },
{ "type": "Feature", "properties": { "fid": 14337, "num_pieza": 223, "tipo": "Dibujo", "ruta": "./media/50/piezas_destacadas/223/Dibujo/privado/INT_50_GranPlato_Mujer.png", "publico": 0, "url": null }, "geometry": null },
{ "type": "Feature", "properties": { "fid": 14338, "num_pieza": 224, "tipo": "Foto", "ruta": "./media/50/piezas_destacadas/224/Foto/público/plato_conejo_INT_50_N.jpg", "publico": 1, "url": null }, "geometry": null },
{ "type": "Feature", "properties": { "fid": 14339, "num_pieza": 224, "tipo": "Foto", "ruta": "./media/50/piezas_destacadas/224/Foto/privado/plato_conejo_INT_50_B.jpg", "publico": 0, "url": null }, "geometry": null },
{ "type": "Feature", "properties": { "fid": 14340, "num_pieza": 224, "tipo": "Foto", "ruta": "./media/50/piezas_destacadas/224/Foto/privado/plato_conejo_INT_50_N.jpg", "publico": 0, "url": null }, "geometry": null },
{ "type": "Feature", "properties": { "fid": 14341, "num_pieza": 224, "tipo": "Dibujo", "ruta": "./media/50/piezas_destacadas/224/Dibujo/público/INT_50_PlatoConejo.jpg", "publico": 1, "url": null }, "geometry": null },
{ "type": "Feature", "properties": { "fid": 14342, "num_pieza": 224, "tipo": "Dibujo", "ruta": "./media/50/piezas_destacadas/224/Dibujo/privado/INT_50_PlatoConejo.png", "publico": 0, "url": null }, "geometry": null },
{ "type": "Feature", "properties": { "fid": 14343, "num_pieza": 225, "tipo": "Foto", "ruta": "./media/50/piezas_destacadas/225/Foto/público/cenital_escudilla_arcos_INT_50_N.jpg", "publico": 1, "url": null }, "geometry": null },
{ "type": "Feature", "properties": { "fid": 14344, "num_pieza": 225, "tipo": "Foto", "ruta": "./media/50/piezas_destacadas/225/Foto/privado/cenital_escudilla_arcos_INT_50_B.jpg", "publico": 0, "url": null }, "geometry": null },
{ "type": "Feature", "properties": { "fid": 14345, "num_pieza": 225, "tipo": "Foto", "ruta": "./media/50/piezas_destacadas/225/Foto/privado/cenital_escudilla_arcos_INT_50_N.jpg", "publico": 0, "url": null }, "geometry": null },
{ "type": "Feature", "properties": { "fid": 14346, "num_pieza": 225, "tipo": "Dibujo", "ruta": "./media/50/piezas_destacadas/225/Dibujo/público/INT_50_Escudilla_ArcosGoticos.jpg", "publico": 1, "url": null }, "geometry": null },
{ "type": "Feature", "properties": { "fid": 14347, "num_pieza": 225, "tipo": "Dibujo", "ruta": "./media/50/piezas_destacadas/225/Dibujo/privado/INT_50_Escudilla_ArcosGoticos.png", "publico": 0, "url": null }, "geometry": null },
{ "type": "Feature", "properties": { "fid": 14348, "num_pieza": 226, "tipo": "Foto", "ruta": "./media/50/piezas_destacadas/226/Foto/público/ESCUDILLA_LETRA_N_INT_50.jpg", "publico": 1, "url": null }, "geometry": null },
{ "type": "Feature", "properties": { "fid": 14349, "num_pieza": 226, "tipo": "Foto", "ruta": "./media/50/piezas_destacadas/226/Foto/privado/ESCUDILLA_LETRA_B_INT_50.jpg", "publico": 0, "url": null }, "geometry": null },
{ "type": "Feature", "properties": { "fid": 14350, "num_pieza": 226, "tipo": "Foto", "ruta": "./media/50/piezas_destacadas/226/Foto/privado/ESCUDILLA_LETRA_N_INT_50.jpg", "publico": 0, "url": null }, "geometry": null },
{ "type": "Feature", "properties": { "fid": 14351, "num_pieza": 226, "tipo": "Dibujo", "ruta": "./media/50/piezas_destacadas/226/Dibujo/público/INT_50_EscudillaCarenada_LetraCoron.jpg", "publico": 1, "url": null }, "geometry": null },
{ "type": "Feature", "properties": { "fid": 14352, "num_pieza": 226, "tipo": "Dibujo", "ruta": "./media/50/piezas_destacadas/226/Dibujo/privado/INT_50_EscudillaCarenada_LetraCoron.png", "publico": 0, "url": null }, "geometry": null },
{ "type": "Feature", "properties": { "fid": 14353, "num_pieza": 227, "tipo": "Foto", "ruta": "./media/50/piezas_destacadas/227/Foto/público/LLAVE_FLOR_LIS_INT_50_N.jpg", "publico": 1, "url": null }, "geometry": null },
{ "type": "Feature", "properties": { "fid": 14354, "num_pieza": 227, "tipo": "Foto", "ruta": "./media/50/piezas_destacadas/227/Foto/privado/LLAVE_FLOR_LIS_INT_50.png", "publico": 0, "url": null }, "geometry": null },
{ "type": "Feature", "properties": { "fid": 14355, "num_pieza": 227, "tipo": "Foto", "ruta": "./media/50/piezas_destacadas/227/Foto/privado/LLAVE_FLOR_LIS_INT_50_B.jpg", "publico": 0, "url": null }, "geometry": null },
{ "type": "Feature", "properties": { "fid": 14356, "num_pieza": 227, "tipo": "Foto", "ruta": "./media/50/piezas_destacadas/227/Foto/privado/LLAVE_FLOR_LIS_INT_50_N.jpg", "publico": 0, "url": null }, "geometry": null },
{ "type": "Feature", "properties": { "fid": 14357, "num_pieza": 228, "tipo": "Foto", "ruta": "./media/50/piezas_destacadas/228/Foto/público/mano_almirez_INT_50.jpg", "publico": 1, "url": null }, "geometry": null },
{ "type": "Feature", "properties": { "fid": 14358, "num_pieza": 228, "tipo": "Foto", "ruta": "./media/50/piezas_destacadas/228/Foto/privado/mano_almirez_INT_50.jpg", "publico": 0, "url": null }, "geometry": null },
{ "type": "Feature", "properties": { "fid": 14359, "num_pieza": 228, "tipo": "Foto", "ruta": "./media/50/piezas_destacadas/228/Foto/privado/mano_almirez_INT_50_B.jpg", "publico": 0, "url": null }, "geometry": null },
{ "type": "Feature", "properties": { "fid": 14360, "num_pieza": 229, "tipo": "Foto", "ruta": "./media/50/piezas_destacadas/229/Foto/público/CANDIL_INT_50_N.jpg", "publico": 1, "url": null }, "geometry": null },
{ "type": "Feature", "properties": { "fid": 14361, "num_pieza": 229, "tipo": "Foto", "ruta": "./media/50/piezas_destacadas/229/Foto/privado/CANDIL_INT_50.png", "publico": 0, "url": null }, "geometry": null },
{ "type": "Feature", "properties": { "fid": 14362, "num_pieza": 229, "tipo": "Foto", "ruta": "./media/50/piezas_destacadas/229/Foto/privado/CANDIL_INT_50_B.jpg", "publico": 0, "url": null }, "geometry": null },
{ "type": "Feature", "properties": { "fid": 14363, "num_pieza": 229, "tipo": "Foto", "ruta": "./media/50/piezas_destacadas/229/Foto/privado/CANDIL_INT_50_N.jpg", "publico": 0, "url": null }, "geometry": null },
{ "type": "Feature", "properties": { "fid": 14364, "num_pieza": 229, "tipo": "Dibujo", "ruta": "./media/50/piezas_destacadas/229/Dibujo/público/INT_50_Candil_Pellizco_229.jpg", "publico": 1, "url": null }, "geometry": null },
{ "type": "Feature", "properties": { "fid": 14365, "num_pieza": 229, "tipo": "Dibujo", "ruta": "./media/50/piezas_destacadas/229/Dibujo/privado/INT_50_Candil_Pellizco_229.png", "publico": 0, "url": null }, "geometry": null },
{ "type": "Feature", "properties": { "fid": 14366, "num_pieza": 230, "tipo": "Foto", "ruta": "./media/50/piezas_destacadas/230/Foto/público/plaquita_heraaldica_int_50_n.jpg", "publico": 1, "url": null }, "geometry": null },
{ "type": "Feature", "properties": { "fid": 14367, "num_pieza": 230, "tipo": "Foto", "ruta": "./media/50/piezas_destacadas/230/Foto/privado/plaquita_heraaldica_int_50.png", "publico": 0, "url": null }, "geometry": null },
{ "type": "Feature", "properties": { "fid": 14368, "num_pieza": 230, "tipo": "Foto", "ruta": "./media/50/piezas_destacadas/230/Foto/privado/plaquita_heraaldica_int_50_b.jpg", "publico": 0, "url": null }, "geometry": null },
{ "type": "Feature", "properties": { "fid": 14369, "num_pieza": 230, "tipo": "Foto", "ruta": "./media/50/piezas_destacadas/230/Foto/privado/plaquita_heraaldica_int_50_n.jpg", "publico": 0, "url": null }, "geometry": null },
{ "type": "Feature", "properties": { "fid": 14370, "num_pieza": 231, "tipo": "Foto", "ruta": "./media/50/piezas_destacadas/231/Foto/público/ESCUDILLA_ESPUELAS_N_INT_50.jpg", "publico": 1, "url": null }, "geometry": null },
{ "type": "Feature", "properties": { "fid": 14371, "num_pieza": 231, "tipo": "Foto", "ruta": "./media/50/piezas_destacadas/231/Foto/privado/ESCUDILLA_ESPUELAS_B_INT_50.jpg", "publico": 0, "url": null }, "geometry": null },
{ "type": "Feature", "properties": { "fid": 14372, "num_pieza": 231, "tipo": "Foto", "ruta": "./media/50/piezas_destacadas/231/Foto/privado/ESCUDILLA_ESPUELAS_N_INT_50.jpg", "publico": 0, "url": null }, "geometry": null },
{ "type": "Feature", "properties": { "fid": 14373, "num_pieza": 231, "tipo": "Dibujo", "ruta": "./media/50/piezas_destacadas/231/Dibujo/público/INT_50_Escudilla_Acicates.jpg", "publico": 1, "url": null }, "geometry": null },
{ "type": "Feature", "properties": { "fid": 14374, "num_pieza": 231, "tipo": "Dibujo", "ruta": "./media/50/piezas_destacadas/231/Dibujo/privado/INT_50_Escudilla_Acicates.png", "publico": 0, "url": null }, "geometry": null },
{ "type": "Feature", "properties": { "fid": 14375, "num_pieza": 232, "tipo": "Foto", "ruta": "./media/50/piezas_destacadas/232/Foto/público/ESCUDILLA_TRIANGULO_CENITAL_N_INT_50.jpg", "publico": 1, "url": null }, "geometry": null },
{ "type": "Feature", "properties": { "fid": 14376, "num_pieza": 232, "tipo": "Foto", "ruta": "./media/50/piezas_destacadas/232/Foto/privado/ESCUDILLA_TRIANGULO_CENITAL_B_INT_50.jpg", "publico": 0, "url": null }, "geometry": null },
{ "type": "Feature", "properties": { "fid": 14377, "num_pieza": 232, "tipo": "Foto", "ruta": "./media/50/piezas_destacadas/232/Foto/privado/ESCUDILLA_TRIANGULO_CENITAL_N_INT_50.jpg", "publico": 0, "url": null }, "geometry": null },
{ "type": "Feature", "properties": { "fid": 14378, "num_pieza": 232, "tipo": "Dibujo", "ruta": "./media/50/piezas_destacadas/232/Dibujo/público/INT_50_CuencoCarenado_3arbolesradia.jpg", "publico": 1, "url": null }, "geometry": null },
{ "type": "Feature", "properties": { "fid": 14379, "num_pieza": 232, "tipo": "Dibujo", "ruta": "./media/50/piezas_destacadas/232/Dibujo/privado/INT_50_CuencoCarenado_3arbolesradia.png", "publico": 0, "url": null }, "geometry": null },
{ "type": "Feature", "properties": { "fid": 14380, "num_pieza": 233, "tipo": "Foto", "ruta": "./media/50/piezas_destacadas/233/Foto/público/CUENCO_MELADO_CENITAL_N_INT_50.jpg", "publico": 1, "url": null }, "geometry": null },
{ "type": "Feature", "properties": { "fid": 14381, "num_pieza": 233, "tipo": "Foto", "ruta": "./media/50/piezas_destacadas/233/Foto/privado/CUENCO_MELADO_CENITAL_B_INT_50.jpg", "publico": 0, "url": null }, "geometry": null },
{ "type": "Feature", "properties": { "fid": 14382, "num_pieza": 233, "tipo": "Foto", "ruta": "./media/50/piezas_destacadas/233/Foto/privado/CUENCO_MELADO_CENITAL_N_INT_50.jpg", "publico": 0, "url": null }, "geometry": null },
{ "type": "Feature", "properties": { "fid": 14383, "num_pieza": 233, "tipo": "Dibujo", "ruta": "./media/50/piezas_destacadas/233/Dibujo/público/INT_50__CuencoCarenado.jpg", "publico": 1, "url": null }, "geometry": null },
{ "type": "Feature", "properties": { "fid": 14384, "num_pieza": 233, "tipo": "Dibujo", "ruta": "./media/50/piezas_destacadas/233/Dibujo/privado/INT_50__CuencoCarenado.png", "publico": 0, "url": null }, "geometry": null },
{ "type": "Feature", "properties": { "fid": 14385, "num_pieza": 234, "tipo": "Foto", "ruta": "./media/50/piezas_destacadas/234/Foto/público/plato_sal_int_50_N.jpg", "publico": 1, "url": null }, "geometry": null },
{ "type": "Feature", "properties": { "fid": 14386, "num_pieza": 234, "tipo": "Foto", "ruta": "./media/50/piezas_destacadas/234/Foto/privado/plato_sal_int_50_B.jpg", "publico": 0, "url": null }, "geometry": null },
{ "type": "Feature", "properties": { "fid": 14387, "num_pieza": 234, "tipo": "Foto", "ruta": "./media/50/piezas_destacadas/234/Foto/privado/plato_sal_int_50_N.jpg", "publico": 0, "url": null }, "geometry": null },
{ "type": "Feature", "properties": { "fid": 14388, "num_pieza": 234, "tipo": "Dibujo", "ruta": "./media/50/piezas_destacadas/234/Dibujo/público/INT_50_PlatoSa.jpg", "publico": 1, "url": null }, "geometry": null },
{ "type": "Feature", "properties": { "fid": 14389, "num_pieza": 234, "tipo": "Dibujo", "ruta": "./media/50/piezas_destacadas/234/Dibujo/privado/INT_50_PlatoSa.png", "publico": 0, "url": null }, "geometry": null },
{ "type": "Feature", "properties": { "fid": 14390, "num_pieza": 235, "tipo": "Foto", "ruta": "./media/50/piezas_destacadas/235/Foto/público/hueso_INT_50_N.jpg", "publico": 1, "url": null }, "geometry": null },
{ "type": "Feature", "properties": { "fid": 14391, "num_pieza": 235, "tipo": "Foto", "ruta": "./media/50/piezas_destacadas/235/Foto/privado/hueso_INT_50_B.jpg", "publico": 0, "url": null }, "geometry": null },
{ "type": "Feature", "properties": { "fid": 14392, "num_pieza": 235, "tipo": "Foto", "ruta": "./media/50/piezas_destacadas/235/Foto/privado/hueso_INT_50_N.jpg", "publico": 0, "url": null }, "geometry": null },
{ "type": "Feature", "properties": { "fid": 14393, "num_pieza": 235, "tipo": "Dibujo", "ruta": "./media/50/piezas_destacadas/235/Dibujo/público/INT_35_Yunque_Hoz.jpg", "publico": 1, "url": null }, "geometry": null },
{ "type": "Feature", "properties": { "fid": 14394, "num_pieza": 235, "tipo": "Dibujo", "ruta": "./media/50/piezas_destacadas/235/Dibujo/privado/INT_35_Yunque_Hoz.png", "publico": 0, "url": null }, "geometry": null },
{ "type": "Feature", "properties": { "fid": 14395, "num_pieza": 236, "tipo": "Foto", "ruta": "./media/55/piezas_destacadas/236/Foto/público/Cristo_Seminario.jpg", "publico": 1, "url": null }, "geometry": null },
{ "type": "Feature", "properties": { "fid": 14396, "num_pieza": 236, "tipo": "Foto", "ruta": "./media/55/piezas_destacadas/236/Foto/privado/Cristo_Seminario.jpg", "publico": 0, "url": null }, "geometry": null },
{ "type": "Feature", "properties": { "fid": 14397, "num_pieza": 237, "tipo": "Foto", "ruta": "./media/56/piezas_destacadas/237/Foto/público/ataifor_cenital_int_56_n.jpg", "publico": 1, "url": null }, "geometry": null },
{ "type": "Feature", "properties": { "fid": 14398, "num_pieza": 237, "tipo": "Foto", "ruta": "./media/56/piezas_destacadas/237/Foto/privado/ataifor_cenital_int_56.png", "publico": 0, "url": null }, "geometry": null },
{ "type": "Feature", "properties": { "fid": 14399, "num_pieza": 237, "tipo": "Foto", "ruta": "./media/56/piezas_destacadas/237/Foto/privado/ataifor_cenital_int_56_b.jpg", "publico": 0, "url": null }, "geometry": null },
{ "type": "Feature", "properties": { "fid": 14400, "num_pieza": 237, "tipo": "Foto", "ruta": "./media/56/piezas_destacadas/237/Foto/privado/ataifor_cenital_int_56_n.jpg", "publico": 0, "url": null }, "geometry": null },
{ "type": "Feature", "properties": { "fid": 14401, "num_pieza": 237, "tipo": "Foto", "ruta": "./media/56/piezas_destacadas/237/Foto/privado/ataifor_lateral_int_56.jpg", "publico": 0, "url": null }, "geometry": null },
{ "type": "Feature", "properties": { "fid": 14402, "num_pieza": 237, "tipo": "Foto", "ruta": "./media/56/piezas_destacadas/237/Foto/privado/ataifor_lateral_int_56.png", "publico": 0, "url": null }, "geometry": null },
{ "type": "Feature", "properties": { "fid": 14403, "num_pieza": 237, "tipo": "Foto", "ruta": "./media/56/piezas_destacadas/237/Foto/privado/ataifor_lateral_int_56_n.jpg", "publico": 0, "url": null }, "geometry": null },
{ "type": "Feature", "properties": { "fid": 14404, "num_pieza": 237, "tipo": "Dibujo", "ruta": "./media/56/piezas_destacadas/237/Dibujo/público/INT_56_Ataifor_237.jpg", "publico": 1, "url": null }, "geometry": null },
{ "type": "Feature", "properties": { "fid": 14405, "num_pieza": 237, "tipo": "Dibujo", "ruta": "./media/56/piezas_destacadas/237/Dibujo/privado/INT_56_Ataifor_237.png", "publico": 0, "url": null }, "geometry": null },
{ "type": "Feature", "properties": { "fid": 14406, "num_pieza": 238, "tipo": "Foto", "ruta": "./media/56/piezas_destacadas/238/Foto/público/CANDIL_INT_56_N.jpg", "publico": 1, "url": null }, "geometry": null },
{ "type": "Feature", "properties": { "fid": 14407, "num_pieza": 238, "tipo": "Foto", "ruta": "./media/56/piezas_destacadas/238/Foto/privado/CANDIL_INT_56.png", "publico": 0, "url": null }, "geometry": null },
{ "type": "Feature", "properties": { "fid": 14408, "num_pieza": 238, "tipo": "Foto", "ruta": "./media/56/piezas_destacadas/238/Foto/privado/CANDIL_INT_56_B.jpg", "publico": 0, "url": null }, "geometry": null },
{ "type": "Feature", "properties": { "fid": 14409, "num_pieza": 238, "tipo": "Foto", "ruta": "./media/56/piezas_destacadas/238/Foto/privado/CANDIL_INT_56_N.jpg", "publico": 0, "url": null }, "geometry": null },
{ "type": "Feature", "properties": { "fid": 14410, "num_pieza": 238, "tipo": "Dibujo", "ruta": "./media/56/piezas_destacadas/238/Dibujo/público/INT_56_Candil_238_.jpg", "publico": 1, "url": null }, "geometry": null },
{ "type": "Feature", "properties": { "fid": 14411, "num_pieza": 238, "tipo": "Dibujo", "ruta": "./media/56/piezas_destacadas/238/Dibujo/privado/INT_56_Candil_238_.png", "publico": 0, "url": null }, "geometry": null },
{ "type": "Feature", "properties": { "fid": 14412, "num_pieza": 239, "tipo": "Foto", "ruta": "./media/56/piezas_destacadas/239/Foto/público/ARCADUZ_INT_56_N.jpg", "publico": 1, "url": null }, "geometry": null },
{ "type": "Feature", "properties": { "fid": 14413, "num_pieza": 239, "tipo": "Foto", "ruta": "./media/56/piezas_destacadas/239/Foto/privado/ARCADUZ_INT_56.png", "publico": 0, "url": null }, "geometry": null },
{ "type": "Feature", "properties": { "fid": 14414, "num_pieza": 239, "tipo": "Foto", "ruta": "./media/56/piezas_destacadas/239/Foto/privado/ARCADUZ_INT_56_B.jpg", "publico": 0, "url": null }, "geometry": null },
{ "type": "Feature", "properties": { "fid": 14415, "num_pieza": 239, "tipo": "Foto", "ruta": "./media/56/piezas_destacadas/239/Foto/privado/ARCADUZ_INT_56_N.jpg", "publico": 0, "url": null }, "geometry": null },
{ "type": "Feature", "properties": { "fid": 14416, "num_pieza": 239, "tipo": "Dibujo", "ruta": "./media/56/piezas_destacadas/239/Dibujo/público/INT_56_Arcaduz_239.jpg", "publico": 1, "url": null }, "geometry": null },
{ "type": "Feature", "properties": { "fid": 14417, "num_pieza": 239, "tipo": "Dibujo", "ruta": "./media/56/piezas_destacadas/239/Dibujo/privado/INT_56_Arcaduz_239.png", "publico": 0, "url": null }, "geometry": null },
{ "type": "Feature", "properties": { "fid": 14418, "num_pieza": 240, "tipo": "Foto", "ruta": "./media/59/piezas_destacadas/240/Foto/público/YUNQUE_HOZ_INT_59_N.jpg", "publico": 1, "url": null }, "geometry": null },
{ "type": "Feature", "properties": { "fid": 14419, "num_pieza": 240, "tipo": "Foto", "ruta": "./media/59/piezas_destacadas/240/Foto/privado/YUNQUE_HOZ_INT_59.jpg", "publico": 0, "url": null }, "geometry": null },
{ "type": "Feature", "properties": { "fid": 14420, "num_pieza": 240, "tipo": "Foto", "ruta": "./media/59/piezas_destacadas/240/Foto/privado/YUNQUE_HOZ_INT_59.png", "publico": 0, "url": null }, "geometry": null },
{ "type": "Feature", "properties": { "fid": 14421, "num_pieza": 240, "tipo": "Foto", "ruta": "./media/59/piezas_destacadas/240/Foto/privado/YUNQUE_HOZ_INT_59_N.jpg", "publico": 0, "url": null }, "geometry": null },
{ "type": "Feature", "properties": { "fid": 14422, "num_pieza": 240, "tipo": "Dibujo", "ruta": "./media/59/piezas_destacadas/240/Dibujo/público/INT_59_Yunke_240.jpg", "publico": 1, "url": null }, "geometry": null },
{ "type": "Feature", "properties": { "fid": 14423, "num_pieza": 240, "tipo": "Dibujo", "ruta": "./media/59/piezas_destacadas/240/Dibujo/privado/INT_59_Yunke_240.png", "publico": 0, "url": null }, "geometry": null },
{ "type": "Feature", "properties": { "fid": 14424, "num_pieza": 241, "tipo": "Foto", "ruta": "./media/59/piezas_destacadas/241/Foto/público/ORZA_I_INT_59_N.jpg", "publico": 1, "url": null }, "geometry": null },
{ "type": "Feature", "properties": { "fid": 14425, "num_pieza": 241, "tipo": "Foto", "ruta": "./media/59/piezas_destacadas/241/Foto/privado/ORZA_I_INT_59.png", "publico": 0, "url": null }, "geometry": null },
{ "type": "Feature", "properties": { "fid": 14426, "num_pieza": 241, "tipo": "Foto", "ruta": "./media/59/piezas_destacadas/241/Foto/privado/ORZA_I_INT_59_B.jpg", "publico": 0, "url": null }, "geometry": null },
{ "type": "Feature", "properties": { "fid": 14427, "num_pieza": 241, "tipo": "Foto", "ruta": "./media/59/piezas_destacadas/241/Foto/privado/ORZA_I_INT_59_N.jpg", "publico": 0, "url": null }, "geometry": null },
{ "type": "Feature", "properties": { "fid": 14428, "num_pieza": 241, "tipo": "Dibujo", "ruta": "./media/59/piezas_destacadas/241/Dibujo/público/INT_59_Orza_241.jpg", "publico": 1, "url": null }, "geometry": null },
{ "type": "Feature", "properties": { "fid": 14429, "num_pieza": 241, "tipo": "Dibujo", "ruta": "./media/59/piezas_destacadas/241/Dibujo/privado/INT_59_Orza_241.png", "publico": 0, "url": null }, "geometry": null },
{ "type": "Feature", "properties": { "fid": 14430, "num_pieza": 242, "tipo": "Foto", "ruta": "./media/59/piezas_destacadas/242/Foto/público/ORZA_II_INT_59_N.jpg", "publico": 1, "url": null }, "geometry": null },
{ "type": "Feature", "properties": { "fid": 14431, "num_pieza": 242, "tipo": "Foto", "ruta": "./media/59/piezas_destacadas/242/Foto/privado/ORZA_II_INT_59.jpg", "publico": 0, "url": null }, "geometry": null },
{ "type": "Feature", "properties": { "fid": 14432, "num_pieza": 242, "tipo": "Foto", "ruta": "./media/59/piezas_destacadas/242/Foto/privado/ORZA_II_INT_59.png", "publico": 0, "url": null }, "geometry": null },
{ "type": "Feature", "properties": { "fid": 14433, "num_pieza": 242, "tipo": "Foto", "ruta": "./media/59/piezas_destacadas/242/Foto/privado/ORZA_II_INT_59_N.jpg", "publico": 0, "url": null }, "geometry": null },
{ "type": "Feature", "properties": { "fid": 14434, "num_pieza": 242, "tipo": "Dibujo", "ruta": "./media/59/piezas_destacadas/242/Dibujo/público/INT_59_Orza_242.jpg", "publico": 1, "url": null }, "geometry": null },
{ "type": "Feature", "properties": { "fid": 14435, "num_pieza": 242, "tipo": "Dibujo", "ruta": "./media/59/piezas_destacadas/242/Dibujo/privado/INT_59_Orza_242.png", "publico": 0, "url": null }, "geometry": null },
{ "type": "Feature", "properties": { "fid": 14436, "num_pieza": 243, "tipo": "Foto", "ruta": "./media/59/piezas_destacadas/243/Foto/público/BOTE COSMETICO_INT_59_N.jpg", "publico": 1, "url": null }, "geometry": null },
{ "type": "Feature", "properties": { "fid": 14437, "num_pieza": 243, "tipo": "Foto", "ruta": "./media/59/piezas_destacadas/243/Foto/privado/BOTE COSMETICO_INT_59.png", "publico": 0, "url": null }, "geometry": null },
{ "type": "Feature", "properties": { "fid": 14438, "num_pieza": 243, "tipo": "Foto", "ruta": "./media/59/piezas_destacadas/243/Foto/privado/BOTE COSMETICO_INT_59_B.jpg", "publico": 0, "url": null }, "geometry": null },
{ "type": "Feature", "properties": { "fid": 14439, "num_pieza": 243, "tipo": "Foto", "ruta": "./media/59/piezas_destacadas/243/Foto/privado/BOTE COSMETICO_INT_59_N.jpg", "publico": 0, "url": null }, "geometry": null },
{ "type": "Feature", "properties": { "fid": 14440, "num_pieza": 243, "tipo": "Dibujo", "ruta": "./media/59/piezas_destacadas/243/Dibujo/público/INT_59_Orza_Esmaltada_243.jpg", "publico": 1, "url": null }, "geometry": null },
{ "type": "Feature", "properties": { "fid": 14441, "num_pieza": 243, "tipo": "Dibujo", "ruta": "./media/59/piezas_destacadas/243/Dibujo/privado/INT_59_Orza_Esmaltada_243.png", "publico": 0, "url": null }, "geometry": null },
{ "type": "Feature", "properties": { "fid": 14442, "num_pieza": 26, "tipo": "Foto", "ruta": "./media/6/piezas_destacadas/26/Foto/público/OBOLO SANCHO_INT_6_N.jpg", "publico": 1, "url": null }, "geometry": null },
{ "type": "Feature", "properties": { "fid": 14443, "num_pieza": 26, "tipo": "Foto", "ruta": "./media/6/piezas_destacadas/26/Foto/privado/OBOLO SANCHO_INT_6.png", "publico": 0, "url": null }, "geometry": null },
{ "type": "Feature", "properties": { "fid": 14444, "num_pieza": 26, "tipo": "Foto", "ruta": "./media/6/piezas_destacadas/26/Foto/privado/OBOLO SANCHO_INT_6_B.jpg", "publico": 0, "url": null }, "geometry": null },
{ "type": "Feature", "properties": { "fid": 14445, "num_pieza": 26, "tipo": "Foto", "ruta": "./media/6/piezas_destacadas/26/Foto/privado/OBOLO SANCHO_INT_6_N.jpg", "publico": 0, "url": null }, "geometry": null },
{ "type": "Feature", "properties": { "fid": 14446, "num_pieza": 27, "tipo": "Foto", "ruta": "./media/6/piezas_destacadas/27/Foto/público/INT_6_P_1_N.jpg", "publico": 1, "url": null }, "geometry": null },
{ "type": "Feature", "properties": { "fid": 14447, "num_pieza": 27, "tipo": "Foto", "ruta": "./media/6/piezas_destacadas/27/Foto/privado/INT_6_P_1_B.jpg", "publico": 0, "url": null }, "geometry": null },
{ "type": "Feature", "properties": { "fid": 14448, "num_pieza": 27, "tipo": "Foto", "ruta": "./media/6/piezas_destacadas/27/Foto/privado/INT_6_P_1_N.jpg", "publico": 0, "url": null }, "geometry": null },
{ "type": "Feature", "properties": { "fid": 14449, "num_pieza": 28, "tipo": "Foto", "ruta": "./media/6/piezas_destacadas/28/Foto/público/INT_6_P_3_N.jpg", "publico": 1, "url": null }, "geometry": null },
{ "type": "Feature", "properties": { "fid": 14450, "num_pieza": 28, "tipo": "Foto", "ruta": "./media/6/piezas_destacadas/28/Foto/privado/INT_6_P_3_B.jpg", "publico": 0, "url": null }, "geometry": null },
{ "type": "Feature", "properties": { "fid": 14451, "num_pieza": 28, "tipo": "Foto", "ruta": "./media/6/piezas_destacadas/28/Foto/privado/INT_6_P_3_N.jpg", "publico": 0, "url": null }, "geometry": null },
{ "type": "Feature", "properties": { "fid": 14452, "num_pieza": 29, "tipo": "Foto", "ruta": "./media/6/piezas_destacadas/29/Foto/público/INT_6_P_2_N.jpg", "publico": 1, "url": null }, "geometry": null },
{ "type": "Feature", "properties": { "fid": 14453, "num_pieza": 29, "tipo": "Foto", "ruta": "./media/6/piezas_destacadas/29/Foto/privado/INT_6_P_2_B.jpg", "publico": 0, "url": null }, "geometry": null },
{ "type": "Feature", "properties": { "fid": 14454, "num_pieza": 29, "tipo": "Foto", "ruta": "./media/6/piezas_destacadas/29/Foto/privado/INT_6_P_2_N.jpg", "publico": 0, "url": null }, "geometry": null },
{ "type": "Feature", "properties": { "fid": 14455, "num_pieza": 245, "tipo": "Foto", "ruta": "./media/64/piezas_destacadas/245/Foto/público/pozo epigrafia_n.jpg", "publico": 1, "url": null }, "geometry": null },
{ "type": "Feature", "properties": { "fid": 14456, "num_pieza": 245, "tipo": "Foto", "ruta": "./media/64/piezas_destacadas/245/Foto/privado/pozo epigrafia.png", "publico": 0, "url": null }, "geometry": null },
{ "type": "Feature", "properties": { "fid": 14457, "num_pieza": 245, "tipo": "Foto", "ruta": "./media/64/piezas_destacadas/245/Foto/privado/pozo epigrafia_b.jpg", "publico": 0, "url": null }, "geometry": null },
{ "type": "Feature", "properties": { "fid": 14458, "num_pieza": 245, "tipo": "Foto", "ruta": "./media/64/piezas_destacadas/245/Foto/privado/pozo epigrafia_n.jpg", "publico": 0, "url": null }, "geometry": null },
{ "type": "Feature", "properties": { "fid": 14459, "num_pieza": 246, "tipo": "Foto", "ruta": "./media/67/piezas_destacadas/246/Foto/público/HUCHA_INT_67_N.jpg", "publico": 1, "url": null }, "geometry": null },
{ "type": "Feature", "properties": { "fid": 14460, "num_pieza": 246, "tipo": "Foto", "ruta": "./media/67/piezas_destacadas/246/Foto/privado/HUCHA_INT_67.png", "publico": 0, "url": null }, "geometry": null },
{ "type": "Feature", "properties": { "fid": 14461, "num_pieza": 246, "tipo": "Foto", "ruta": "./media/67/piezas_destacadas/246/Foto/privado/HUCHA_INT_67_B.jpg", "publico": 0, "url": null }, "geometry": null },
{ "type": "Feature", "properties": { "fid": 14462, "num_pieza": 246, "tipo": "Foto", "ruta": "./media/67/piezas_destacadas/246/Foto/privado/HUCHA_INT_67_N.jpg", "publico": 0, "url": null }, "geometry": null },
{ "type": "Feature", "properties": { "fid": 14463, "num_pieza": 246, "tipo": "Dibujo", "ruta": "./media/67/piezas_destacadas/246/Dibujo/público/INT_67_Hucha_246.jpg", "publico": 1, "url": null }, "geometry": null },
{ "type": "Feature", "properties": { "fid": 14464, "num_pieza": 246, "tipo": "Dibujo", "ruta": "./media/67/piezas_destacadas/246/Dibujo/privado/INT_67_Hucha_246.png", "publico": 0, "url": null }, "geometry": null },
{ "type": "Feature", "properties": { "fid": 14465, "num_pieza": 247, "tipo": "Foto", "ruta": "./media/67/piezas_destacadas/247/Foto/público/PLATO_SAL_INT_67_N.jpg", "publico": 1, "url": null }, "geometry": null },
{ "type": "Feature", "properties": { "fid": 14466, "num_pieza": 247, "tipo": "Foto", "ruta": "./media/67/piezas_destacadas/247/Foto/privado/PLATO_SAL_INT_67.png", "publico": 0, "url": null }, "geometry": null },
{ "type": "Feature", "properties": { "fid": 14467, "num_pieza": 247, "tipo": "Foto", "ruta": "./media/67/piezas_destacadas/247/Foto/privado/PLATO_SAL_INT_67_B.jpg", "publico": 0, "url": null }, "geometry": null },
{ "type": "Feature", "properties": { "fid": 14468, "num_pieza": 247, "tipo": "Foto", "ruta": "./media/67/piezas_destacadas/247/Foto/privado/PLATO_SAL_INT_67_N.jpg", "publico": 0, "url": null }, "geometry": null },
{ "type": "Feature", "properties": { "fid": 14469, "num_pieza": 247, "tipo": "Dibujo", "ruta": "./media/67/piezas_destacadas/247/Dibujo/público/INT_67_PlatoSal_247_.jpg", "publico": 1, "url": null }, "geometry": null },
{ "type": "Feature", "properties": { "fid": 14470, "num_pieza": 247, "tipo": "Dibujo", "ruta": "./media/67/piezas_destacadas/247/Dibujo/privado/INT_67_PlatoSal_247_.png", "publico": 0, "url": null }, "geometry": null },
{ "type": "Feature", "properties": { "fid": 14471, "num_pieza": 248, "tipo": "Foto", "ruta": "./media/67/piezas_destacadas/248/Foto/público/JICARAS_CHINAS_INT_67_N.jpg", "publico": 1, "url": null }, "geometry": null },
{ "type": "Feature", "properties": { "fid": 14472, "num_pieza": 248, "tipo": "Foto", "ruta": "./media/67/piezas_destacadas/248/Foto/privado/JICARAS_CHINAS_INT_67.png", "publico": 0, "url": null }, "geometry": null },
{ "type": "Feature", "properties": { "fid": 14473, "num_pieza": 248, "tipo": "Foto", "ruta": "./media/67/piezas_destacadas/248/Foto/privado/JICARAS_CHINAS_INT_67_B.jpg", "publico": 0, "url": null }, "geometry": null },
{ "type": "Feature", "properties": { "fid": 14474, "num_pieza": 248, "tipo": "Foto", "ruta": "./media/67/piezas_destacadas/248/Foto/privado/JICARAS_CHINAS_INT_67_N.jpg", "publico": 0, "url": null }, "geometry": null },
{ "type": "Feature", "properties": { "fid": 14475, "num_pieza": 248, "tipo": "Dibujo", "ruta": "./media/67/piezas_destacadas/248/Dibujo/público/INT_67_Jicara_China_248.jpg", "publico": 1, "url": null }, "geometry": null },
{ "type": "Feature", "properties": { "fid": 14476, "num_pieza": 248, "tipo": "Dibujo", "ruta": "./media/67/piezas_destacadas/248/Dibujo/privado/INT_67_Jicara_China_248.png", "publico": 0, "url": null }, "geometry": null },
{ "type": "Feature", "properties": { "fid": 14477, "num_pieza": 249, "tipo": "Foto", "ruta": "./media/67/piezas_destacadas/249/Foto/público/MANCERINA_INT_67_N.jpg", "publico": 1, "url": null }, "geometry": null },
{ "type": "Feature", "properties": { "fid": 14478, "num_pieza": 249, "tipo": "Foto", "ruta": "./media/67/piezas_destacadas/249/Foto/privado/MANCERINA_INT_67.png", "publico": 0, "url": null }, "geometry": null },
{ "type": "Feature", "properties": { "fid": 14479, "num_pieza": 249, "tipo": "Foto", "ruta": "./media/67/piezas_destacadas/249/Foto/privado/MANCERINA_INT_67_B.jpg", "publico": 0, "url": null }, "geometry": null },
{ "type": "Feature", "properties": { "fid": 14480, "num_pieza": 249, "tipo": "Foto", "ruta": "./media/67/piezas_destacadas/249/Foto/privado/MANCERINA_INT_67_N.jpg", "publico": 0, "url": null }, "geometry": null },
{ "type": "Feature", "properties": { "fid": 14481, "num_pieza": 249, "tipo": "Dibujo", "ruta": "./media/67/piezas_destacadas/249/Dibujo/público/INT_67_Mancerina_249.jpg", "publico": 1, "url": null }, "geometry": null },
{ "type": "Feature", "properties": { "fid": 14482, "num_pieza": 249, "tipo": "Dibujo", "ruta": "./media/67/piezas_destacadas/249/Dibujo/privado/INT_67_Mancerina_249.png", "publico": 0, "url": null }, "geometry": null },
{ "type": "Feature", "properties": { "fid": 14483, "num_pieza": 250, "tipo": "Foto", "ruta": "./media/69/piezas_destacadas/250/Foto/público/LUCERNA_N_INT_69.jpg", "publico": 1, "url": null }, "geometry": null },
{ "type": "Feature", "properties": { "fid": 14484, "num_pieza": 250, "tipo": "Foto", "ruta": "./media/69/piezas_destacadas/250/Foto/privado/LUCERNA_B_INT_69.jpg", "publico": 0, "url": null }, "geometry": null },
{ "type": "Feature", "properties": { "fid": 14485, "num_pieza": 250, "tipo": "Foto", "ruta": "./media/69/piezas_destacadas/250/Foto/privado/LUCERNA_N_INT_69.jpg", "publico": 0, "url": null }, "geometry": null },
{ "type": "Feature", "properties": { "fid": 14486, "num_pieza": 250, "tipo": "Dibujo", "ruta": "./media/69/piezas_destacadas/250/Dibujo/público/INT_69_Portal18_LucernaRomana.jpg", "publico": 1, "url": null }, "geometry": null },
{ "type": "Feature", "properties": { "fid": 14487, "num_pieza": 250, "tipo": "Dibujo", "ruta": "./media/69/piezas_destacadas/250/Dibujo/privado/INT_69_Portal18_LucernaRomana.png", "publico": 0, "url": null }, "geometry": null },
{ "type": "Feature", "properties": { "fid": 14488, "num_pieza": 30, "tipo": "Foto", "ruta": "./media/7/piezas_destacadas/30/Foto/público/CONCHAS_INT_7_N.jpg", "publico": 1, "url": null }, "geometry": null },
{ "type": "Feature", "properties": { "fid": 14489, "num_pieza": 30, "tipo": "Foto", "ruta": "./media/7/piezas_destacadas/30/Foto/privado/CONCHAS_INT_7.jpg", "publico": 0, "url": null }, "geometry": null },
{ "type": "Feature", "properties": { "fid": 14490, "num_pieza": 30, "tipo": "Foto", "ruta": "./media/7/piezas_destacadas/30/Foto/privado/CONCHAS_INT_7.png", "publico": 0, "url": null }, "geometry": null },
{ "type": "Feature", "properties": { "fid": 14491, "num_pieza": 30, "tipo": "Foto", "ruta": "./media/7/piezas_destacadas/30/Foto/privado/CONCHAS_INT_7_N.jpg", "publico": 0, "url": null }, "geometry": null },
{ "type": "Feature", "properties": { "fid": 14492, "num_pieza": 31, "tipo": "Foto", "ruta": "./media/7/piezas_destacadas/31/Foto/público/AFRICANA_INT_7_N.jpg", "publico": 1, "url": null }, "geometry": null },
{ "type": "Feature", "properties": { "fid": 14493, "num_pieza": 31, "tipo": "Foto", "ruta": "./media/7/piezas_destacadas/31/Foto/privado/AFRICANA_INT_7.png", "publico": 0, "url": null }, "geometry": null },
{ "type": "Feature", "properties": { "fid": 14494, "num_pieza": 31, "tipo": "Foto", "ruta": "./media/7/piezas_destacadas/31/Foto/privado/AFRICANA_INT_7_B.jpg", "publico": 0, "url": null }, "geometry": null },
{ "type": "Feature", "properties": { "fid": 14495, "num_pieza": 31, "tipo": "Foto", "ruta": "./media/7/piezas_destacadas/31/Foto/privado/AFRICANA_INT_7_N.jpg", "publico": 0, "url": null }, "geometry": null },
{ "type": "Feature", "properties": { "fid": 14496, "num_pieza": 31, "tipo": "Dibujo", "ruta": "./media/7/piezas_destacadas/31/Dibujo/público/Fig66.jpg", "publico": 1, "url": null }, "geometry": null },
{ "type": "Feature", "properties": { "fid": 14497, "num_pieza": 31, "tipo": "Dibujo", "ruta": "./media/7/piezas_destacadas/31/Dibujo/privado/Fig66.png", "publico": 0, "url": null }, "geometry": null },
{ "type": "Feature", "properties": { "fid": 14498, "num_pieza": 32, "tipo": "Foto", "ruta": "./media/7/piezas_destacadas/32/Foto/público/moneda_claudio_n.jpg", "publico": 1, "url": null }, "geometry": null },
{ "type": "Feature", "properties": { "fid": 14499, "num_pieza": 32, "tipo": "Foto", "ruta": "./media/7/piezas_destacadas/32/Foto/privado/moneda_claudio.png", "publico": 0, "url": null }, "geometry": null },
{ "type": "Feature", "properties": { "fid": 14500, "num_pieza": 32, "tipo": "Foto", "ruta": "./media/7/piezas_destacadas/32/Foto/privado/moneda_claudio_b.jpg", "publico": 0, "url": null }, "geometry": null },
{ "type": "Feature", "properties": { "fid": 14501, "num_pieza": 32, "tipo": "Foto", "ruta": "./media/7/piezas_destacadas/32/Foto/privado/moneda_claudio_n.jpg", "publico": 0, "url": null }, "geometry": null },
{ "type": "Feature", "properties": { "fid": 14502, "num_pieza": 33, "tipo": "Foto", "ruta": "./media/7/piezas_destacadas/33/Foto/público/moneda tardorromana_n.jpg", "publico": 1, "url": null }, "geometry": null },
{ "type": "Feature", "properties": { "fid": 14503, "num_pieza": 33, "tipo": "Foto", "ruta": "./media/7/piezas_destacadas/33/Foto/privado/moneda tardorromana.png", "publico": 0, "url": null }, "geometry": null },
{ "type": "Feature", "properties": { "fid": 14504, "num_pieza": 33, "tipo": "Foto", "ruta": "./media/7/piezas_destacadas/33/Foto/privado/moneda tardorromana_b.jpg", "publico": 0, "url": null }, "geometry": null },
{ "type": "Feature", "properties": { "fid": 14505, "num_pieza": 33, "tipo": "Foto", "ruta": "./media/7/piezas_destacadas/33/Foto/privado/moneda tardorromana_n.jpg", "publico": 0, "url": null }, "geometry": null },
{ "type": "Feature", "properties": { "fid": 14506, "num_pieza": 34, "tipo": "Foto", "ruta": "./media/7/piezas_destacadas/34/Foto/público/ESTAMPILLADA_ROMANA_III_N.jpg", "publico": 1, "url": null }, "geometry": null },
{ "type": "Feature", "properties": { "fid": 14507, "num_pieza": 34, "tipo": "Foto", "ruta": "./media/7/piezas_destacadas/34/Foto/privado/ESTAMPILLADA_ROMANA_III.png", "publico": 0, "url": null }, "geometry": null },
{ "type": "Feature", "properties": { "fid": 14508, "num_pieza": 34, "tipo": "Foto", "ruta": "./media/7/piezas_destacadas/34/Foto/privado/ESTAMPILLADA_ROMANA_III_B.jpg", "publico": 0, "url": null }, "geometry": null },
{ "type": "Feature", "properties": { "fid": 14509, "num_pieza": 34, "tipo": "Foto", "ruta": "./media/7/piezas_destacadas/34/Foto/privado/ESTAMPILLADA_ROMANA_III_N.jpg", "publico": 0, "url": null }, "geometry": null },
{ "type": "Feature", "properties": { "fid": 14510, "num_pieza": 34, "tipo": "Dibujo", "ruta": "./media/7/piezas_destacadas/34/Dibujo/público/Fig122.jpg", "publico": 1, "url": null }, "geometry": null },
{ "type": "Feature", "properties": { "fid": 14511, "num_pieza": 34, "tipo": "Dibujo", "ruta": "./media/7/piezas_destacadas/34/Dibujo/privado/Fig122.png", "publico": 0, "url": null }, "geometry": null },
{ "type": "Feature", "properties": { "fid": 14512, "num_pieza": 35, "tipo": "Foto", "ruta": "./media/7/piezas_destacadas/35/Foto/público/ESTAMPILLADA_ROMANA_IV_N.jpg", "publico": 1, "url": null }, "geometry": null },
{ "type": "Feature", "properties": { "fid": 14513, "num_pieza": 35, "tipo": "Foto", "ruta": "./media/7/piezas_destacadas/35/Foto/privado/ESTAMPILLADA_ROMANA_IV.jpg", "publico": 0, "url": null }, "geometry": null },
{ "type": "Feature", "properties": { "fid": 14514, "num_pieza": 35, "tipo": "Foto", "ruta": "./media/7/piezas_destacadas/35/Foto/privado/ESTAMPILLADA_ROMANA_IV.png", "publico": 0, "url": null }, "geometry": null },
{ "type": "Feature", "properties": { "fid": 14515, "num_pieza": 35, "tipo": "Foto", "ruta": "./media/7/piezas_destacadas/35/Foto/privado/ESTAMPILLADA_ROMANA_IV_N.jpg", "publico": 0, "url": null }, "geometry": null },
{ "type": "Feature", "properties": { "fid": 14516, "num_pieza": 35, "tipo": "Dibujo", "ruta": "./media/7/piezas_destacadas/35/Dibujo/público/INT_7_EstampilladaRoleos_35.jpg", "publico": 1, "url": null }, "geometry": null },
{ "type": "Feature", "properties": { "fid": 14517, "num_pieza": 35, "tipo": "Dibujo", "ruta": "./media/7/piezas_destacadas/35/Dibujo/privado/INT_7_EstampilladaRoleos_35.png", "publico": 0, "url": null }, "geometry": null },
{ "type": "Feature", "properties": { "fid": 14518, "num_pieza": 36, "tipo": "Foto", "ruta": "./media/7/piezas_destacadas/36/Foto/público/ROMANA_ESTAMPILLADA_N.jpg", "publico": 1, "url": null }, "geometry": null },
{ "type": "Feature", "properties": { "fid": 14519, "num_pieza": 36, "tipo": "Foto", "ruta": "./media/7/piezas_destacadas/36/Foto/privado/ROMANA_ESTAMPILLADA.jpg", "publico": 0, "url": null }, "geometry": null },
{ "type": "Feature", "properties": { "fid": 14520, "num_pieza": 36, "tipo": "Foto", "ruta": "./media/7/piezas_destacadas/36/Foto/privado/ROMANA_ESTAMPILLADA.png", "publico": 0, "url": null }, "geometry": null },
{ "type": "Feature", "properties": { "fid": 14521, "num_pieza": 36, "tipo": "Foto", "ruta": "./media/7/piezas_destacadas/36/Foto/privado/ROMANA_ESTAMPILLADA_N.jpg", "publico": 0, "url": null }, "geometry": null },
{ "type": "Feature", "properties": { "fid": 14522, "num_pieza": 36, "tipo": "Dibujo", "ruta": "./media/7/piezas_destacadas/36/Dibujo/público/Fig49.jpg", "publico": 1, "url": null }, "geometry": null },
{ "type": "Feature", "properties": { "fid": 14523, "num_pieza": 36, "tipo": "Dibujo", "ruta": "./media/7/piezas_destacadas/36/Dibujo/privado/Fig49.png", "publico": 0, "url": null }, "geometry": null },
{ "type": "Feature", "properties": { "fid": 14524, "num_pieza": 37, "tipo": "Foto", "ruta": "./media/7/piezas_destacadas/37/Foto/público/botella_magdalena_n.jpg", "publico": 1, "url": null }, "geometry": null },
{ "type": "Feature", "properties": { "fid": 14525, "num_pieza": 37, "tipo": "Foto", "ruta": "./media/7/piezas_destacadas/37/Foto/privado/botella_magdalena.png", "publico": 0, "url": null }, "geometry": null },
{ "type": "Feature", "properties": { "fid": 14526, "num_pieza": 37, "tipo": "Foto", "ruta": "./media/7/piezas_destacadas/37/Foto/privado/botella_magdalena_b.jpg", "publico": 0, "url": null }, "geometry": null },
{ "type": "Feature", "properties": { "fid": 14527, "num_pieza": 37, "tipo": "Foto", "ruta": "./media/7/piezas_destacadas/37/Foto/privado/botella_magdalena_n.jpg", "publico": 0, "url": null }, "geometry": null },
{ "type": "Feature", "properties": { "fid": 14528, "num_pieza": 37, "tipo": "Dibujo", "ruta": "./media/7/piezas_destacadas/37/Dibujo/público/Fig48.jpg", "publico": 1, "url": null }, "geometry": null },
{ "type": "Feature", "properties": { "fid": 14529, "num_pieza": 37, "tipo": "Dibujo", "ruta": "./media/7/piezas_destacadas/37/Dibujo/privado/Fig48.png", "publico": 0, "url": null }, "geometry": null },
{ "type": "Feature", "properties": { "fid": 14530, "num_pieza": 39, "tipo": "Foto", "ruta": "./media/7/piezas_destacadas/39/Foto/público/daga_magdalena_n.jpg", "publico": 1, "url": null }, "geometry": null },
{ "type": "Feature", "properties": { "fid": 14531, "num_pieza": 39, "tipo": "Foto", "ruta": "./media/7/piezas_destacadas/39/Foto/privado/daga_magdalena.jpg", "publico": 0, "url": null }, "geometry": null },
{ "type": "Feature", "properties": { "fid": 14532, "num_pieza": 39, "tipo": "Foto", "ruta": "./media/7/piezas_destacadas/39/Foto/privado/daga_magdalena_b.jpg", "publico": 0, "url": null }, "geometry": null },
{ "type": "Feature", "properties": { "fid": 14533, "num_pieza": 39, "tipo": "Foto", "ruta": "./media/7/piezas_destacadas/39/Foto/privado/daga_magdalena_n.jpg", "publico": 0, "url": null }, "geometry": null },
{ "type": "Feature", "properties": { "fid": 14534, "num_pieza": 39, "tipo": "Dibujo", "ruta": "./media/7/piezas_destacadas/39/Dibujo/público/INT_7_Daga_39_.jpg", "publico": 1, "url": null }, "geometry": null },
{ "type": "Feature", "properties": { "fid": 14535, "num_pieza": 39, "tipo": "Dibujo", "ruta": "./media/7/piezas_destacadas/39/Dibujo/privado/INT_7_Daga_39_.png", "publico": 0, "url": null }, "geometry": null },
{ "type": "Feature", "properties": { "fid": 14536, "num_pieza": 40, "tipo": "Foto", "ruta": "./media/7/piezas_destacadas/40/Foto/público/lanza magdalena_n.jpg", "publico": 1, "url": null }, "geometry": null },
{ "type": "Feature", "properties": { "fid": 14537, "num_pieza": 40, "tipo": "Foto", "ruta": "./media/7/piezas_destacadas/40/Foto/privado/lanza magdalena.png", "publico": 0, "url": null }, "geometry": null },
{ "type": "Feature", "properties": { "fid": 14538, "num_pieza": 40, "tipo": "Foto", "ruta": "./media/7/piezas_destacadas/40/Foto/privado/lanza magdalena_b.jpg", "publico": 0, "url": null }, "geometry": null },
{ "type": "Feature", "properties": { "fid": 14539, "num_pieza": 40, "tipo": "Foto", "ruta": "./media/7/piezas_destacadas/40/Foto/privado/lanza magdalena_n.jpg", "publico": 0, "url": null }, "geometry": null },
{ "type": "Feature", "properties": { "fid": 14540, "num_pieza": 40, "tipo": "Dibujo", "ruta": "./media/7/piezas_destacadas/40/Dibujo/público/INT_7_PuntaLanza_40.jpg", "publico": 1, "url": null }, "geometry": null },
{ "type": "Feature", "properties": { "fid": 14541, "num_pieza": 40, "tipo": "Dibujo", "ruta": "./media/7/piezas_destacadas/40/Dibujo/privado/INT_7_PuntaLanza_40.png", "publico": 0, "url": null }, "geometry": null },
{ "type": "Feature", "properties": { "fid": 14542, "num_pieza": 41, "tipo": "Foto", "ruta": "./media/7/piezas_destacadas/41/Foto/público/dados_int_7_n.jpg", "publico": 1, "url": null }, "geometry": null },
{ "type": "Feature", "properties": { "fid": 14543, "num_pieza": 41, "tipo": "Foto", "ruta": "./media/7/piezas_destacadas/41/Foto/privado/dados_int_7.png", "publico": 0, "url": null }, "geometry": null },
{ "type": "Feature", "properties": { "fid": 14544, "num_pieza": 41, "tipo": "Foto", "ruta": "./media/7/piezas_destacadas/41/Foto/privado/dados_int_7_b.jpg", "publico": 0, "url": null }, "geometry": null },
{ "type": "Feature", "properties": { "fid": 14545, "num_pieza": 41, "tipo": "Foto", "ruta": "./media/7/piezas_destacadas/41/Foto/privado/dados_int_7_n.jpg", "publico": 0, "url": null }, "geometry": null },
{ "type": "Feature", "properties": { "fid": 14546, "num_pieza": 42, "tipo": "Foto", "ruta": "./media/7/piezas_destacadas/42/Foto/público/HEBILLA_DOBLE_INT_7_B.jpg", "publico": 1, "url": null }, "geometry": null },
{ "type": "Feature", "properties": { "fid": 14547, "num_pieza": 42, "tipo": "Foto", "ruta": "./media/7/piezas_destacadas/42/Foto/privado/HEBILLA_DOBLE_INT_7.png", "publico": 0, "url": null }, "geometry": null },
{ "type": "Feature", "properties": { "fid": 14548, "num_pieza": 42, "tipo": "Foto", "ruta": "./media/7/piezas_destacadas/42/Foto/privado/HEBILLA_DOBLE_INT_7_B.jpg", "publico": 0, "url": null }, "geometry": null },
{ "type": "Feature", "properties": { "fid": 14549, "num_pieza": 42, "tipo": "Foto", "ruta": "./media/7/piezas_destacadas/42/Foto/privado/HEBILLA_DOBLE_INT_7_N.jpg", "publico": 0, "url": null }, "geometry": null },
{ "type": "Feature", "properties": { "fid": 14550, "num_pieza": 43, "tipo": "Foto", "ruta": "./media/7/piezas_destacadas/43/Foto/público/podadera_magdalena_n.jpg", "publico": 1, "url": null }, "geometry": null },
{ "type": "Feature", "properties": { "fid": 14551, "num_pieza": 43, "tipo": "Foto", "ruta": "./media/7/piezas_destacadas/43/Foto/privado/podadera_magdalena.png", "publico": 0, "url": null }, "geometry": null },
{ "type": "Feature", "properties": { "fid": 14552, "num_pieza": 43, "tipo": "Foto", "ruta": "./media/7/piezas_destacadas/43/Foto/privado/podadera_magdalena_b.jpg", "publico": 0, "url": null }, "geometry": null },
{ "type": "Feature", "properties": { "fid": 14553, "num_pieza": 43, "tipo": "Foto", "ruta": "./media/7/piezas_destacadas/43/Foto/privado/podadera_magdalena_n.jpg", "publico": 0, "url": null }, "geometry": null },
{ "type": "Feature", "properties": { "fid": 14554, "num_pieza": 43, "tipo": "Dibujo", "ruta": "./media/7/piezas_destacadas/43/Dibujo/público/INT_7_Hoz_43.jpg", "publico": 1, "url": null }, "geometry": null },
{ "type": "Feature", "properties": { "fid": 14555, "num_pieza": 43, "tipo": "Dibujo", "ruta": "./media/7/piezas_destacadas/43/Dibujo/privado/INT_7_Hoz_43.png", "publico": 0, "url": null }, "geometry": null },
{ "type": "Feature", "properties": { "fid": 14556, "num_pieza": 44, "tipo": "Foto", "ruta": "./media/7/piezas_destacadas/44/Foto/público/PUNTA CORREA_N.jpg", "publico": 1, "url": null }, "geometry": null },
{ "type": "Feature", "properties": { "fid": 14557, "num_pieza": 44, "tipo": "Foto", "ruta": "./media/7/piezas_destacadas/44/Foto/privado/PUNTA CORREA.jpg", "publico": 0, "url": null }, "geometry": null },
{ "type": "Feature", "properties": { "fid": 14558, "num_pieza": 44, "tipo": "Foto", "ruta": "./media/7/piezas_destacadas/44/Foto/privado/PUNTA CORREA.png", "publico": 0, "url": null }, "geometry": null },
{ "type": "Feature", "properties": { "fid": 14559, "num_pieza": 44, "tipo": "Foto", "ruta": "./media/7/piezas_destacadas/44/Foto/privado/PUNTA CORREA_N.jpg", "publico": 0, "url": null }, "geometry": null },
{ "type": "Feature", "properties": { "fid": 14560, "num_pieza": 44, "tipo": "Dibujo", "ruta": "./media/7/piezas_destacadas/44/Dibujo/público/g3143-7-9-1.jpg", "publico": 1, "url": null }, "geometry": null },
{ "type": "Feature", "properties": { "fid": 14561, "num_pieza": 44, "tipo": "Dibujo", "ruta": "./media/7/piezas_destacadas/44/Dibujo/privado/g3143-7-9-1.jpg", "publico": 0, "url": null }, "geometry": null },
{ "type": "Feature", "properties": { "fid": 14562, "num_pieza": 45, "tipo": "Foto", "ruta": "./media/7/piezas_destacadas/45/Foto/público/HEBILLA Y CORREA_INT_7_N.jpg", "publico": 1, "url": null }, "geometry": null },
{ "type": "Feature", "properties": { "fid": 14563, "num_pieza": 45, "tipo": "Foto", "ruta": "./media/7/piezas_destacadas/45/Foto/privado/HEBILLA Y CORREA_INT_7.png", "publico": 0, "url": null }, "geometry": null },
{ "type": "Feature", "properties": { "fid": 14564, "num_pieza": 45, "tipo": "Foto", "ruta": "./media/7/piezas_destacadas/45/Foto/privado/HEBILLA Y CORREA_INT_7_B.jpg", "publico": 0, "url": null }, "geometry": null },
{ "type": "Feature", "properties": { "fid": 14565, "num_pieza": 45, "tipo": "Foto", "ruta": "./media/7/piezas_destacadas/45/Foto/privado/HEBILLA Y CORREA_INT_7_N.jpg", "publico": 0, "url": null }, "geometry": null },
{ "type": "Feature", "properties": { "fid": 14566, "num_pieza": 45, "tipo": "Dibujo", "ruta": "./media/7/piezas_destacadas/45/Dibujo/público/Fig80.jpg", "publico": 1, "url": null }, "geometry": null },
{ "type": "Feature", "properties": { "fid": 14567, "num_pieza": 45, "tipo": "Dibujo", "ruta": "./media/7/piezas_destacadas/45/Dibujo/privado/Fig80.png", "publico": 0, "url": null }, "geometry": null },
{ "type": "Feature", "properties": { "fid": 14568, "num_pieza": 46, "tipo": "Foto", "ruta": "./media/7/piezas_destacadas/46/Foto/público/crismera_n.jpg", "publico": 1, "url": null }, "geometry": null },
{ "type": "Feature", "properties": { "fid": 14569, "num_pieza": 46, "tipo": "Foto", "ruta": "./media/7/piezas_destacadas/46/Foto/privado/crismera.png", "publico": 0, "url": null }, "geometry": null },
{ "type": "Feature", "properties": { "fid": 14570, "num_pieza": 46, "tipo": "Foto", "ruta": "./media/7/piezas_destacadas/46/Foto/privado/crismera_b.jpg", "publico": 0, "url": null }, "geometry": null },
{ "type": "Feature", "properties": { "fid": 14571, "num_pieza": 46, "tipo": "Foto", "ruta": "./media/7/piezas_destacadas/46/Foto/privado/crismera_n.jpg", "publico": 0, "url": null }, "geometry": null },
{ "type": "Feature", "properties": { "fid": 14572, "num_pieza": 47, "tipo": "Foto", "ruta": "./media/7/piezas_destacadas/47/Foto/público/zumbador_INT_7_N.jpg", "publico": 1, "url": null }, "geometry": null },
{ "type": "Feature", "properties": { "fid": 14573, "num_pieza": 47, "tipo": "Foto", "ruta": "./media/7/piezas_destacadas/47/Foto/privado/zumbador_INT_7_B.jpg", "publico": 0, "url": null }, "geometry": null },
{ "type": "Feature", "properties": { "fid": 14574, "num_pieza": 47, "tipo": "Foto", "ruta": "./media/7/piezas_destacadas/47/Foto/privado/zumbador_INT_7_N.jpg", "publico": 0, "url": null }, "geometry": null },
{ "type": "Feature", "properties": { "fid": 14575, "num_pieza": 47, "tipo": "Dibujo", "ruta": "./media/7/piezas_destacadas/47/Dibujo/público/Silvador.jpg", "publico": 1, "url": null }, "geometry": null },
{ "type": "Feature", "properties": { "fid": 14576, "num_pieza": 47, "tipo": "Dibujo", "ruta": "./media/7/piezas_destacadas/47/Dibujo/privado/Silvador.png", "publico": 0, "url": null }, "geometry": null },
{ "type": "Feature", "properties": { "fid": 14577, "num_pieza": 47, "tipo": "Dibujo", "ruta": "./media/7/piezas_destacadas/47/Dibujo/privado/Silvador.svg", "publico": 0, "url": null }, "geometry": null },
{ "type": "Feature", "properties": { "fid": 14578, "num_pieza": 48, "tipo": "Dibujo", "ruta": "./media/7/piezas_destacadas/48/Dibujo/público/Especiero.jpg", "publico": 1, "url": null }, "geometry": null },
{ "type": "Feature", "properties": { "fid": 14579, "num_pieza": 48, "tipo": "Dibujo", "ruta": "./media/7/piezas_destacadas/48/Dibujo/privado/Especiero.png", "publico": 0, "url": null }, "geometry": null },
{ "type": "Feature", "properties": { "fid": 14580, "num_pieza": 48, "tipo": "Dibujo", "ruta": "./media/7/piezas_destacadas/48/Dibujo/privado/Especiero.svg", "publico": 0, "url": null }, "geometry": null },
{ "type": "Feature", "properties": { "fid": 14581, "num_pieza": 251, "tipo": "Foto", "ruta": "./media/70/piezas_destacadas/251/Foto/público/LUCERNA_INT_70_N.jpg", "publico": 1, "url": null }, "geometry": null },
{ "type": "Feature", "properties": { "fid": 14582, "num_pieza": 251, "tipo": "Foto", "ruta": "./media/70/piezas_destacadas/251/Foto/privado/LUCERNA_INT_70.png", "publico": 0, "url": null }, "geometry": null },
{ "type": "Feature", "properties": { "fid": 14583, "num_pieza": 251, "tipo": "Foto", "ruta": "./media/70/piezas_destacadas/251/Foto/privado/LUCERNA_INT_70_B.jpg", "publico": 0, "url": null }, "geometry": null },
{ "type": "Feature", "properties": { "fid": 14584, "num_pieza": 251, "tipo": "Foto", "ruta": "./media/70/piezas_destacadas/251/Foto/privado/LUCERNA_INT_70_N.jpg", "publico": 0, "url": null }, "geometry": null },
{ "type": "Feature", "properties": { "fid": 14585, "num_pieza": 251, "tipo": "Dibujo", "ruta": "./media/70/piezas_destacadas/251/Dibujo/público/INT_70_Lucerna_251.jpg", "publico": 1, "url": null }, "geometry": null },
{ "type": "Feature", "properties": { "fid": 14586, "num_pieza": 251, "tipo": "Dibujo", "ruta": "./media/70/piezas_destacadas/251/Dibujo/privado/INT_70_Lucerna_251.png", "publico": 0, "url": null }, "geometry": null },
{ "type": "Feature", "properties": { "fid": 14587, "num_pieza": 252, "tipo": "Foto", "ruta": "./media/70/piezas_destacadas/252/Foto/público/FORMA 30_INT_70_N.jpg", "publico": 1, "url": null }, "geometry": null },
{ "type": "Feature", "properties": { "fid": 14588, "num_pieza": 252, "tipo": "Foto", "ruta": "./media/70/piezas_destacadas/252/Foto/privado/FORMA 30_INT_70.png", "publico": 0, "url": null }, "geometry": null },
{ "type": "Feature", "properties": { "fid": 14589, "num_pieza": 252, "tipo": "Foto", "ruta": "./media/70/piezas_destacadas/252/Foto/privado/FORMA 30_INT_70_B.jpg", "publico": 0, "url": null }, "geometry": null },
{ "type": "Feature", "properties": { "fid": 14590, "num_pieza": 252, "tipo": "Foto", "ruta": "./media/70/piezas_destacadas/252/Foto/privado/FORMA 30_INT_70_N.jpg", "publico": 0, "url": null }, "geometry": null },
{ "type": "Feature", "properties": { "fid": 14591, "num_pieza": 252, "tipo": "Dibujo", "ruta": "./media/70/piezas_destacadas/252/Dibujo/público/INT_70_TSH_252.jpg", "publico": 1, "url": null }, "geometry": null },
{ "type": "Feature", "properties": { "fid": 14592, "num_pieza": 252, "tipo": "Dibujo", "ruta": "./media/70/piezas_destacadas/252/Dibujo/privado/INT_70_TSH_252.png", "publico": 0, "url": null }, "geometry": null },
{ "type": "Feature", "properties": { "fid": 14593, "num_pieza": 253, "tipo": "Foto", "ruta": "./media/70/piezas_destacadas/253/Foto/público/moneda_kaiskata_int_70_n.jpg", "publico": 1, "url": null }, "geometry": null },
{ "type": "Feature", "properties": { "fid": 14594, "num_pieza": 253, "tipo": "Foto", "ruta": "./media/70/piezas_destacadas/253/Foto/privado/moneda_kaiskata_int_70.png", "publico": 0, "url": null }, "geometry": null },
{ "type": "Feature", "properties": { "fid": 14595, "num_pieza": 253, "tipo": "Foto", "ruta": "./media/70/piezas_destacadas/253/Foto/privado/moneda_kaiskata_int_70_b.jpg", "publico": 0, "url": null }, "geometry": null },
{ "type": "Feature", "properties": { "fid": 14596, "num_pieza": 253, "tipo": "Foto", "ruta": "./media/70/piezas_destacadas/253/Foto/privado/moneda_kaiskata_int_70_n.jpg", "publico": 0, "url": null }, "geometry": null },
{ "type": "Feature", "properties": { "fid": 14597, "num_pieza": 254, "tipo": "Foto", "ruta": "./media/70/piezas_destacadas/254/Foto/público/MONEDA ADRIANO_N.jpg", "publico": 1, "url": null }, "geometry": null },
{ "type": "Feature", "properties": { "fid": 14598, "num_pieza": 254, "tipo": "Foto", "ruta": "./media/70/piezas_destacadas/254/Foto/privado/MONEDA ADRIANO.png", "publico": 0, "url": null }, "geometry": null },
{ "type": "Feature", "properties": { "fid": 14599, "num_pieza": 254, "tipo": "Foto", "ruta": "./media/70/piezas_destacadas/254/Foto/privado/MONEDA ADRIANO_B.jpg", "publico": 0, "url": null }, "geometry": null },
{ "type": "Feature", "properties": { "fid": 14600, "num_pieza": 254, "tipo": "Foto", "ruta": "./media/70/piezas_destacadas/254/Foto/privado/MONEDA ADRIANO_N.jpg", "publico": 0, "url": null }, "geometry": null },
{ "type": "Feature", "properties": { "fid": 14601, "num_pieza": 255, "tipo": "Foto", "ruta": "./media/70/piezas_destacadas/255/Foto/público/ORINAL_MAGALLON_5_N.jpg", "publico": 1, "url": null }, "geometry": null },
{ "type": "Feature", "properties": { "fid": 14602, "num_pieza": 255, "tipo": "Foto", "ruta": "./media/70/piezas_destacadas/255/Foto/privado/ORINAL_MAGALLON_5.png", "publico": 0, "url": null }, "geometry": null },
{ "type": "Feature", "properties": { "fid": 14603, "num_pieza": 255, "tipo": "Foto", "ruta": "./media/70/piezas_destacadas/255/Foto/privado/ORINAL_MAGALLON_5_B.jpg", "publico": 0, "url": null }, "geometry": null },
{ "type": "Feature", "properties": { "fid": 14604, "num_pieza": 255, "tipo": "Foto", "ruta": "./media/70/piezas_destacadas/255/Foto/privado/ORINAL_MAGALLON_5_N.jpg", "publico": 0, "url": null }, "geometry": null },
{ "type": "Feature", "properties": { "fid": 14605, "num_pieza": 255, "tipo": "Dibujo", "ruta": "./media/70/piezas_destacadas/255/Dibujo/público/INT_70_Orinal_255.jpg", "publico": 1, "url": null }, "geometry": null },
{ "type": "Feature", "properties": { "fid": 14606, "num_pieza": 255, "tipo": "Dibujo", "ruta": "./media/70/piezas_destacadas/255/Dibujo/privado/INT_70_Orinal_255.png", "publico": 0, "url": null }, "geometry": null },
{ "type": "Feature", "properties": { "fid": 14607, "num_pieza": 256, "tipo": "Foto", "ruta": "./media/70/piezas_destacadas/256/Foto/público/AZUCARERO_INT_70_N.jpg", "publico": 1, "url": null }, "geometry": null },
{ "type": "Feature", "properties": { "fid": 14608, "num_pieza": 256, "tipo": "Foto", "ruta": "./media/70/piezas_destacadas/256/Foto/privado/AZUCARERO_INT_70.png", "publico": 0, "url": null }, "geometry": null },
{ "type": "Feature", "properties": { "fid": 14609, "num_pieza": 256, "tipo": "Foto", "ruta": "./media/70/piezas_destacadas/256/Foto/privado/AZUCARERO_INT_70_B.jpg", "publico": 0, "url": null }, "geometry": null },
{ "type": "Feature", "properties": { "fid": 14610, "num_pieza": 256, "tipo": "Foto", "ruta": "./media/70/piezas_destacadas/256/Foto/privado/AZUCARERO_INT_70_N.jpg", "publico": 0, "url": null }, "geometry": null },
{ "type": "Feature", "properties": { "fid": 14611, "num_pieza": 256, "tipo": "Dibujo", "ruta": "./media/70/piezas_destacadas/256/Dibujo/público/INT_70_Azucarero_256.jpg", "publico": 1, "url": null }, "geometry": null },
{ "type": "Feature", "properties": { "fid": 14612, "num_pieza": 256, "tipo": "Dibujo", "ruta": "./media/70/piezas_destacadas/256/Dibujo/privado/INT_70_Azucarero_256.png", "publico": 0, "url": null }, "geometry": null },
{ "type": "Feature", "properties": { "fid": 14613, "num_pieza": 257, "tipo": "Foto", "ruta": "./media/70/piezas_destacadas/257/Foto/público/BOTE_TINTA_INT_70_N.jpg", "publico": 1, "url": null }, "geometry": null },
{ "type": "Feature", "properties": { "fid": 14614, "num_pieza": 257, "tipo": "Foto", "ruta": "./media/70/piezas_destacadas/257/Foto/privado/BOTE_TINTA_INT_70.png", "publico": 0, "url": null }, "geometry": null },
{ "type": "Feature", "properties": { "fid": 14615, "num_pieza": 257, "tipo": "Foto", "ruta": "./media/70/piezas_destacadas/257/Foto/privado/BOTE_TINTA_INT_70_B.jpg", "publico": 0, "url": null }, "geometry": null },
{ "type": "Feature", "properties": { "fid": 14616, "num_pieza": 257, "tipo": "Foto", "ruta": "./media/70/piezas_destacadas/257/Foto/privado/BOTE_TINTA_INT_70_N.jpg", "publico": 0, "url": null }, "geometry": null },
{ "type": "Feature", "properties": { "fid": 14617, "num_pieza": 257, "tipo": "Dibujo", "ruta": "./media/70/piezas_destacadas/257/Dibujo/público/INT_70_BoteTinta_257.jpg", "publico": 1, "url": null }, "geometry": null },
{ "type": "Feature", "properties": { "fid": 14618, "num_pieza": 257, "tipo": "Dibujo", "ruta": "./media/70/piezas_destacadas/257/Dibujo/privado/INT_70_BoteTinta_257.png", "publico": 0, "url": null }, "geometry": null },
{ "type": "Feature", "properties": { "fid": 14619, "num_pieza": 258, "tipo": "Foto", "ruta": "./media/70/piezas_destacadas/258/Foto/público/PLATO_SAL_INT_70_N.jpg", "publico": 1, "url": null }, "geometry": null },
{ "type": "Feature", "properties": { "fid": 14620, "num_pieza": 258, "tipo": "Foto", "ruta": "./media/70/piezas_destacadas/258/Foto/privado/PLATO_SAL_INT_70.png", "publico": 0, "url": null }, "geometry": null },
{ "type": "Feature", "properties": { "fid": 14621, "num_pieza": 258, "tipo": "Foto", "ruta": "./media/70/piezas_destacadas/258/Foto/privado/PLATO_SAL_INT_70_B.jpg", "publico": 0, "url": null }, "geometry": null },
{ "type": "Feature", "properties": { "fid": 14622, "num_pieza": 258, "tipo": "Foto", "ruta": "./media/70/piezas_destacadas/258/Foto/privado/PLATO_SAL_INT_70_N.jpg", "publico": 0, "url": null }, "geometry": null },
{ "type": "Feature", "properties": { "fid": 14623, "num_pieza": 258, "tipo": "Dibujo", "ruta": "./media/70/piezas_destacadas/258/Dibujo/público/INT_70_PlatoSal_258.jpg", "publico": 1, "url": null }, "geometry": null },
{ "type": "Feature", "properties": { "fid": 14624, "num_pieza": 258, "tipo": "Dibujo", "ruta": "./media/70/piezas_destacadas/258/Dibujo/privado/INT_70_PlatoSal_258.png", "publico": 0, "url": null }, "geometry": null },
{ "type": "Feature", "properties": { "fid": 14625, "num_pieza": 259, "tipo": "Foto", "ruta": "./media/70/piezas_destacadas/259/Foto/público/OLLA_MAGALLON_5_INT_70_N.jpg", "publico": 1, "url": null }, "geometry": null },
{ "type": "Feature", "properties": { "fid": 14626, "num_pieza": 259, "tipo": "Foto", "ruta": "./media/70/piezas_destacadas/259/Foto/privado/OLLA_MAGALLON_5_INT_70.png", "publico": 0, "url": null }, "geometry": null },
{ "type": "Feature", "properties": { "fid": 14627, "num_pieza": 259, "tipo": "Foto", "ruta": "./media/70/piezas_destacadas/259/Foto/privado/OLLA_MAGALLON_5_INT_70_B.jpg", "publico": 0, "url": null }, "geometry": null },
{ "type": "Feature", "properties": { "fid": 14628, "num_pieza": 259, "tipo": "Foto", "ruta": "./media/70/piezas_destacadas/259/Foto/privado/OLLA_MAGALLON_5_INT_70_N.jpg", "publico": 0, "url": null }, "geometry": null },
{ "type": "Feature", "properties": { "fid": 14629, "num_pieza": 259, "tipo": "Dibujo", "ruta": "./media/70/piezas_destacadas/259/Dibujo/público/INT_70_Olla_259.jpg", "publico": 1, "url": null }, "geometry": null },
{ "type": "Feature", "properties": { "fid": 14630, "num_pieza": 259, "tipo": "Dibujo", "ruta": "./media/70/piezas_destacadas/259/Dibujo/privado/INT_70_Olla_259.png", "publico": 0, "url": null }, "geometry": null },
{ "type": "Feature", "properties": { "fid": 14631, "num_pieza": 260, "tipo": "Foto", "ruta": "./media/70/piezas_destacadas/260/Foto/público/JARRA_PUNTOS_NEGROS_INT_70_N.jpg", "publico": 1, "url": null }, "geometry": null },
{ "type": "Feature", "properties": { "fid": 14632, "num_pieza": 260, "tipo": "Foto", "ruta": "./media/70/piezas_destacadas/260/Foto/privado/JARRA_PUNTOS_NEGROS_INT_70.png", "publico": 0, "url": null }, "geometry": null },
{ "type": "Feature", "properties": { "fid": 14633, "num_pieza": 260, "tipo": "Foto", "ruta": "./media/70/piezas_destacadas/260/Foto/privado/JARRA_PUNTOS_NEGROS_INT_70_B.jpg", "publico": 0, "url": null }, "geometry": null },
{ "type": "Feature", "properties": { "fid": 14634, "num_pieza": 260, "tipo": "Foto", "ruta": "./media/70/piezas_destacadas/260/Foto/privado/JARRA_PUNTOS_NEGROS_INT_70_N.jpg", "publico": 0, "url": null }, "geometry": null },
{ "type": "Feature", "properties": { "fid": 14635, "num_pieza": 260, "tipo": "Dibujo", "ruta": "./media/70/piezas_destacadas/260/Dibujo/público/INT_70_Jarra_Vidriada_260.jpg", "publico": 1, "url": null }, "geometry": null },
{ "type": "Feature", "properties": { "fid": 14636, "num_pieza": 260, "tipo": "Dibujo", "ruta": "./media/70/piezas_destacadas/260/Dibujo/privado/INT_70_Jarra_Vidriada_260.png", "publico": 0, "url": null }, "geometry": null },
{ "type": "Feature", "properties": { "fid": 14637, "num_pieza": 261, "tipo": "Foto", "ruta": "./media/70/piezas_destacadas/261/Foto/público/PAREDES FINAS_N.jpg", "publico": 1, "url": null }, "geometry": null },
{ "type": "Feature", "properties": { "fid": 14638, "num_pieza": 261, "tipo": "Foto", "ruta": "./media/70/piezas_destacadas/261/Foto/privado/PAREDES FINAS.png", "publico": 0, "url": null }, "geometry": null },
{ "type": "Feature", "properties": { "fid": 14639, "num_pieza": 261, "tipo": "Foto", "ruta": "./media/70/piezas_destacadas/261/Foto/privado/PAREDES FINAS_B.jpg", "publico": 0, "url": null }, "geometry": null },
{ "type": "Feature", "properties": { "fid": 14640, "num_pieza": 261, "tipo": "Foto", "ruta": "./media/70/piezas_destacadas/261/Foto/privado/PAREDES FINAS_N.jpg", "publico": 0, "url": null }, "geometry": null },
{ "type": "Feature", "properties": { "fid": 14641, "num_pieza": 261, "tipo": "Dibujo", "ruta": "./media/70/piezas_destacadas/261/Dibujo/público/INT_70_ParedesFinas_261_.jpg", "publico": 1, "url": null }, "geometry": null },
{ "type": "Feature", "properties": { "fid": 14642, "num_pieza": 261, "tipo": "Dibujo", "ruta": "./media/70/piezas_destacadas/261/Dibujo/privado/INT_70_ParedesFinas_261_.png", "publico": 0, "url": null }, "geometry": null },
{ "type": "Feature", "properties": { "fid": 14643, "num_pieza": 262, "tipo": "Foto", "ruta": "./media/71/piezas_destacadas/262/Foto/público/ataifor estapillado_pieza 262_n.jpg", "publico": 1, "url": null }, "geometry": null },
{ "type": "Feature", "properties": { "fid": 14644, "num_pieza": 262, "tipo": "Foto", "ruta": "./media/71/piezas_destacadas/262/Foto/privado/ataifor estapillado_pieza 262.png", "publico": 0, "url": null }, "geometry": null },
{ "type": "Feature", "properties": { "fid": 14645, "num_pieza": 262, "tipo": "Foto", "ruta": "./media/71/piezas_destacadas/262/Foto/privado/ataifor estapillado_pieza 262_b.jpg", "publico": 0, "url": null }, "geometry": null },
{ "type": "Feature", "properties": { "fid": 14646, "num_pieza": 262, "tipo": "Foto", "ruta": "./media/71/piezas_destacadas/262/Foto/privado/ataifor estapillado_pieza 262_n.jpg", "publico": 0, "url": null }, "geometry": null },
{ "type": "Feature", "properties": { "fid": 14647, "num_pieza": 262, "tipo": "Dibujo", "ruta": "./media/71/piezas_destacadas/262/Dibujo/público/TUD-124-08-09-519.jpg", "publico": 1, "url": null }, "geometry": null },
{ "type": "Feature", "properties": { "fid": 14648, "num_pieza": 262, "tipo": "Dibujo", "ruta": "./media/71/piezas_destacadas/262/Dibujo/privado/TUD-124-08-09-519.png", "publico": 0, "url": null }, "geometry": null },
{ "type": "Feature", "properties": { "fid": 14649, "num_pieza": 263, "tipo": "Foto", "ruta": "./media/71/piezas_destacadas/263/Foto/público/263_N.jpg", "publico": 1, "url": null }, "geometry": null },
{ "type": "Feature", "properties": { "fid": 14650, "num_pieza": 263, "tipo": "Foto", "ruta": "./media/71/piezas_destacadas/263/Foto/privado/263_B.jpg", "publico": 0, "url": null }, "geometry": null },
{ "type": "Feature", "properties": { "fid": 14651, "num_pieza": 263, "tipo": "Foto", "ruta": "./media/71/piezas_destacadas/263/Foto/privado/263_N.jpg", "publico": 0, "url": null }, "geometry": null },
{ "type": "Feature", "properties": { "fid": 14652, "num_pieza": 263, "tipo": "Foto", "ruta": "./media/71/piezas_destacadas/263/Foto/privado/706.JPG", "publico": 0, "url": null }, "geometry": null },
{ "type": "Feature", "properties": { "fid": 14653, "num_pieza": 263, "tipo": "Dibujo", "ruta": "./media/71/piezas_destacadas/263/Dibujo/público/TUD-124-08-09-706.jpg", "publico": 1, "url": null }, "geometry": null },
{ "type": "Feature", "properties": { "fid": 14654, "num_pieza": 263, "tipo": "Dibujo", "ruta": "./media/71/piezas_destacadas/263/Dibujo/privado/TUD-124-08-09-706.png", "publico": 0, "url": null }, "geometry": null },
{ "type": "Feature", "properties": { "fid": 14655, "num_pieza": 263, "tipo": "Dibujo", "ruta": "./media/71/piezas_destacadas/263/Dibujo/privado/TUD-124-08-09-706.svg", "publico": 0, "url": null }, "geometry": null },
{ "type": "Feature", "properties": { "fid": 14656, "num_pieza": 264, "tipo": "Foto", "ruta": "./media/71/piezas_destacadas/264/Foto/público/264.jpg", "publico": 1, "url": null }, "geometry": null },
{ "type": "Feature", "properties": { "fid": 14657, "num_pieza": 264, "tipo": "Foto", "ruta": "./media/71/piezas_destacadas/264/Foto/privado/264.jpg", "publico": 0, "url": null }, "geometry": null },
{ "type": "Feature", "properties": { "fid": 14658, "num_pieza": 264, "tipo": "Foto", "ruta": "./media/71/piezas_destacadas/264/Foto/privado/264_b.jpg", "publico": 0, "url": null }, "geometry": null },
{ "type": "Feature", "properties": { "fid": 14659, "num_pieza": 264, "tipo": "Dibujo", "ruta": "./media/71/piezas_destacadas/264/Dibujo/público/INT_71_CuerdaSeca_264.png", "publico": 1, "url": null }, "geometry": null },
{ "type": "Feature", "properties": { "fid": 14660, "num_pieza": 264, "tipo": "Dibujo", "ruta": "./media/71/piezas_destacadas/264/Dibujo/privado/INT_71_CuerdaSeca_264.png", "publico": 0, "url": null }, "geometry": null },
{ "type": "Feature", "properties": { "fid": 14661, "num_pieza": 264, "tipo": "Dibujo", "ruta": "./media/71/piezas_destacadas/264/Dibujo/privado/INT_71_CuerdaSeca_264.svg", "publico": 0, "url": null }, "geometry": null },
{ "type": "Feature", "properties": { "fid": 14662, "num_pieza": 265, "tipo": "Foto", "ruta": "./media/71/piezas_destacadas/265/Foto/público/RELIEVE 4_N.jpg", "publico": 1, "url": null }, "geometry": null },
{ "type": "Feature", "properties": { "fid": 14663, "num_pieza": 265, "tipo": "Foto", "ruta": "./media/71/piezas_destacadas/265/Foto/privado/RELIEVE 4.jpg", "publico": 0, "url": null }, "geometry": null },
{ "type": "Feature", "properties": { "fid": 14664, "num_pieza": 265, "tipo": "Foto", "ruta": "./media/71/piezas_destacadas/265/Foto/privado/RELIEVE 4.png", "publico": 0, "url": null }, "geometry": null },
{ "type": "Feature", "properties": { "fid": 14665, "num_pieza": 265, "tipo": "Foto", "ruta": "./media/71/piezas_destacadas/265/Foto/privado/RELIEVE 4_N.jpg", "publico": 0, "url": null }, "geometry": null },
{ "type": "Feature", "properties": { "fid": 14666, "num_pieza": 265, "tipo": "Dibujo", "ruta": "./media/71/piezas_destacadas/265/Dibujo/público/INT_71_LeonRampante_265.jpg", "publico": 1, "url": null }, "geometry": null },
{ "type": "Feature", "properties": { "fid": 14667, "num_pieza": 265, "tipo": "Dibujo", "ruta": "./media/71/piezas_destacadas/265/Dibujo/privado/INT_71_LeonRampante_265.png", "publico": 0, "url": null }, "geometry": null },
{ "type": "Feature", "properties": { "fid": 14668, "num_pieza": 266, "tipo": "Foto", "ruta": "./media/71/piezas_destacadas/266/Foto/público/RELIEVE_2_N.jpg", "publico": 1, "url": null }, "geometry": null },
{ "type": "Feature", "properties": { "fid": 14669, "num_pieza": 266, "tipo": "Foto", "ruta": "./media/71/piezas_destacadas/266/Foto/privado/RELIEVE_2.jpg", "publico": 0, "url": null }, "geometry": null },
{ "type": "Feature", "properties": { "fid": 14670, "num_pieza": 266, "tipo": "Foto", "ruta": "./media/71/piezas_destacadas/266/Foto/privado/RELIEVE_2.png", "publico": 0, "url": null }, "geometry": null },
{ "type": "Feature", "properties": { "fid": 14671, "num_pieza": 266, "tipo": "Foto", "ruta": "./media/71/piezas_destacadas/266/Foto/privado/RELIEVE_2_N.jpg", "publico": 0, "url": null }, "geometry": null },
{ "type": "Feature", "properties": { "fid": 14672, "num_pieza": 266, "tipo": "Dibujo", "ruta": "./media/71/piezas_destacadas/266/Dibujo/público/INT_71_Ave_266.jpg", "publico": 1, "url": null }, "geometry": null },
{ "type": "Feature", "properties": { "fid": 14673, "num_pieza": 266, "tipo": "Dibujo", "ruta": "./media/71/piezas_destacadas/266/Dibujo/privado/INT_71_Ave_266.png", "publico": 0, "url": null }, "geometry": null },
{ "type": "Feature", "properties": { "fid": 14674, "num_pieza": 267, "tipo": "Foto", "ruta": "./media/71/piezas_destacadas/267/Foto/público/RELIEVE_3_N.jpg", "publico": 1, "url": null }, "geometry": null },
{ "type": "Feature", "properties": { "fid": 14675, "num_pieza": 267, "tipo": "Foto", "ruta": "./media/71/piezas_destacadas/267/Foto/privado/RELIEVE_3.png", "publico": 0, "url": null }, "geometry": null },
{ "type": "Feature", "properties": { "fid": 14676, "num_pieza": 267, "tipo": "Foto", "ruta": "./media/71/piezas_destacadas/267/Foto/privado/RELIEVE_3_B.jpg", "publico": 0, "url": null }, "geometry": null },
{ "type": "Feature", "properties": { "fid": 14677, "num_pieza": 267, "tipo": "Foto", "ruta": "./media/71/piezas_destacadas/267/Foto/privado/RELIEVE_3_N.jpg", "publico": 0, "url": null }, "geometry": null },
{ "type": "Feature", "properties": { "fid": 14678, "num_pieza": 267, "tipo": "Dibujo", "ruta": "./media/71/piezas_destacadas/267/Dibujo/público/INT_71_Leones_267.jpg", "publico": 1, "url": null }, "geometry": null },
{ "type": "Feature", "properties": { "fid": 14679, "num_pieza": 267, "tipo": "Dibujo", "ruta": "./media/71/piezas_destacadas/267/Dibujo/privado/INT_71_Leones_267.png", "publico": 0, "url": null }, "geometry": null },
{ "type": "Feature", "properties": { "fid": 14680, "num_pieza": 268, "tipo": "Foto", "ruta": "./media/71/piezas_destacadas/268/Foto/público/RELIEVE I_N.jpg", "publico": 1, "url": null }, "geometry": null },
{ "type": "Feature", "properties": { "fid": 14681, "num_pieza": 268, "tipo": "Foto", "ruta": "./media/71/piezas_destacadas/268/Foto/privado/RELIEVE I.png", "publico": 0, "url": null }, "geometry": null },
{ "type": "Feature", "properties": { "fid": 14682, "num_pieza": 268, "tipo": "Foto", "ruta": "./media/71/piezas_destacadas/268/Foto/privado/RELIEVE I_B.jpg", "publico": 0, "url": null }, "geometry": null },
{ "type": "Feature", "properties": { "fid": 14683, "num_pieza": 268, "tipo": "Foto", "ruta": "./media/71/piezas_destacadas/268/Foto/privado/RELIEVE I_N.jpg", "publico": 0, "url": null }, "geometry": null },
{ "type": "Feature", "properties": { "fid": 14684, "num_pieza": 268, "tipo": "Dibujo", "ruta": "./media/71/piezas_destacadas/268/Dibujo/público/INT_71_Leon_268.jpg", "publico": 1, "url": null }, "geometry": null },
{ "type": "Feature", "properties": { "fid": 14685, "num_pieza": 268, "tipo": "Dibujo", "ruta": "./media/71/piezas_destacadas/268/Dibujo/privado/INT_71_Leon_268.png", "publico": 0, "url": null }, "geometry": null },
{ "type": "Feature", "properties": { "fid": 14686, "num_pieza": 269, "tipo": "Foto", "ruta": "./media/71/piezas_destacadas/269/Foto/público/269_N.jpg", "publico": 1, "url": null }, "geometry": null },
{ "type": "Feature", "properties": { "fid": 14687, "num_pieza": 269, "tipo": "Foto", "ruta": "./media/71/piezas_destacadas/269/Foto/privado/269_b.jpg", "publico": 0, "url": null }, "geometry": null },
{ "type": "Feature", "properties": { "fid": 14688, "num_pieza": 269, "tipo": "Foto", "ruta": "./media/71/piezas_destacadas/269/Foto/privado/269_N.jpg", "publico": 0, "url": null }, "geometry": null },
{ "type": "Feature", "properties": { "fid": 14689, "num_pieza": 269, "tipo": "Foto", "ruta": "./media/71/piezas_destacadas/269/Foto/privado/599.JPG", "publico": 0, "url": null }, "geometry": null },
{ "type": "Feature", "properties": { "fid": 14690, "num_pieza": 269, "tipo": "Dibujo", "ruta": "./media/71/piezas_destacadas/269/Dibujo/público/INT_71_Ave_269.jpg", "publico": 1, "url": null }, "geometry": null },
{ "type": "Feature", "properties": { "fid": 14691, "num_pieza": 269, "tipo": "Dibujo", "ruta": "./media/71/piezas_destacadas/269/Dibujo/privado/INT_71_Ave_269.png", "publico": 0, "url": null }, "geometry": null },
{ "type": "Feature", "properties": { "fid": 14692, "num_pieza": 270, "tipo": "Foto", "ruta": "./media/71/piezas_destacadas/270/Foto/público/270_N.jpg", "publico": 1, "url": null }, "geometry": null },
{ "type": "Feature", "properties": { "fid": 14693, "num_pieza": 270, "tipo": "Foto", "ruta": "./media/71/piezas_destacadas/270/Foto/privado/270_b.jpg", "publico": 0, "url": null }, "geometry": null },
{ "type": "Feature", "properties": { "fid": 14694, "num_pieza": 270, "tipo": "Foto", "ruta": "./media/71/piezas_destacadas/270/Foto/privado/270_N.jpg", "publico": 0, "url": null }, "geometry": null },
{ "type": "Feature", "properties": { "fid": 14695, "num_pieza": 270, "tipo": "Foto", "ruta": "./media/71/piezas_destacadas/270/Foto/privado/600.JPG", "publico": 0, "url": null }, "geometry": null },
{ "type": "Feature", "properties": { "fid": 14696, "num_pieza": 270, "tipo": "Dibujo", "ruta": "./media/71/piezas_destacadas/270/Dibujo/público/INT_71_270.jpg", "publico": 1, "url": null }, "geometry": null },
{ "type": "Feature", "properties": { "fid": 14697, "num_pieza": 270, "tipo": "Dibujo", "ruta": "./media/71/piezas_destacadas/270/Dibujo/privado/INT_71_270.png", "publico": 0, "url": null }, "geometry": null },
{ "type": "Feature", "properties": { "fid": 14698, "num_pieza": 271, "tipo": "Foto", "ruta": "./media/71/piezas_destacadas/271/Foto/público/271_N.jpg", "publico": 1, "url": null }, "geometry": null },
{ "type": "Feature", "properties": { "fid": 14699, "num_pieza": 271, "tipo": "Foto", "ruta": "./media/71/piezas_destacadas/271/Foto/privado/271_B.jpg", "publico": 0, "url": null }, "geometry": null },
{ "type": "Feature", "properties": { "fid": 14700, "num_pieza": 271, "tipo": "Foto", "ruta": "./media/71/piezas_destacadas/271/Foto/privado/271_N.jpg", "publico": 0, "url": null }, "geometry": null },
{ "type": "Feature", "properties": { "fid": 14701, "num_pieza": 271, "tipo": "Foto", "ruta": "./media/71/piezas_destacadas/271/Foto/privado/602.JPG", "publico": 0, "url": null }, "geometry": null },
{ "type": "Feature", "properties": { "fid": 14702, "num_pieza": 271, "tipo": "Dibujo", "ruta": "./media/71/piezas_destacadas/271/Dibujo/público/INT_71_271.jpg", "publico": 1, "url": null }, "geometry": null },
{ "type": "Feature", "properties": { "fid": 14703, "num_pieza": 271, "tipo": "Dibujo", "ruta": "./media/71/piezas_destacadas/271/Dibujo/privado/INT_71_271.png", "publico": 0, "url": null }, "geometry": null },
{ "type": "Feature", "properties": { "fid": 14704, "num_pieza": 272, "tipo": "Foto", "ruta": "./media/72/piezas_destacadas/272/Foto/público/272_N.jpg", "publico": 1, "url": null }, "geometry": null },
{ "type": "Feature", "properties": { "fid": 14705, "num_pieza": 272, "tipo": "Foto", "ruta": "./media/72/piezas_destacadas/272/Foto/privado/00005900.JPG", "publico": 0, "url": null }, "geometry": null },
{ "type": "Feature", "properties": { "fid": 14706, "num_pieza": 272, "tipo": "Foto", "ruta": "./media/72/piezas_destacadas/272/Foto/privado/272_B.jpg", "publico": 0, "url": null }, "geometry": null },
{ "type": "Feature", "properties": { "fid": 14707, "num_pieza": 272, "tipo": "Foto", "ruta": "./media/72/piezas_destacadas/272/Foto/privado/272_N.jpg", "publico": 0, "url": null }, "geometry": null },
{ "type": "Feature", "properties": { "fid": 14708, "num_pieza": 273, "tipo": "Foto", "ruta": "./media/73/piezas_destacadas/273/Foto/público/AGUILA_CAÑONES_INT_73_N.jpg", "publico": 1, "url": null }, "geometry": null },
{ "type": "Feature", "properties": { "fid": 14709, "num_pieza": 273, "tipo": "Foto", "ruta": "./media/73/piezas_destacadas/273/Foto/privado/AGUILA_CAÑONES_INT_73.png", "publico": 0, "url": null }, "geometry": null },
{ "type": "Feature", "properties": { "fid": 14710, "num_pieza": 273, "tipo": "Foto", "ruta": "./media/73/piezas_destacadas/273/Foto/privado/AGUILA_CAÑONES_INT_73_B.jpg", "publico": 0, "url": null }, "geometry": null },
{ "type": "Feature", "properties": { "fid": 14711, "num_pieza": 273, "tipo": "Foto", "ruta": "./media/73/piezas_destacadas/273/Foto/privado/AGUILA_CAÑONES_INT_73_N.jpg", "publico": 0, "url": null }, "geometry": null },
{ "type": "Feature", "properties": { "fid": 14712, "num_pieza": 274, "tipo": "Foto", "ruta": "./media/73/piezas_destacadas/274/Foto/público/MOLDE_N_INT_73.jpg", "publico": 1, "url": null }, "geometry": null },
{ "type": "Feature", "properties": { "fid": 14713, "num_pieza": 274, "tipo": "Foto", "ruta": "./media/73/piezas_destacadas/274/Foto/privado/MOLDE_B_INT_73.jpg", "publico": 0, "url": null }, "geometry": null },
{ "type": "Feature", "properties": { "fid": 14714, "num_pieza": 274, "tipo": "Foto", "ruta": "./media/73/piezas_destacadas/274/Foto/privado/MOLDE_N_INT_73.jpg", "publico": 0, "url": null }, "geometry": null },
{ "type": "Feature", "properties": { "fid": 14715, "num_pieza": 275, "tipo": "Dibujo", "ruta": "./media/73/piezas_destacadas/275/Dibujo/público/TINAJA_ESTAMPILLADA_N_INT_73.jpg", "publico": 1, "url": null }, "geometry": null },
{ "type": "Feature", "properties": { "fid": 14716, "num_pieza": 275, "tipo": "Dibujo", "ruta": "./media/73/piezas_destacadas/275/Dibujo/privado/TINAJA_ESTAMPILLADA_B_INT_73.jpg", "publico": 0, "url": null }, "geometry": null },
{ "type": "Feature", "properties": { "fid": 14717, "num_pieza": 275, "tipo": "Dibujo", "ruta": "./media/73/piezas_destacadas/275/Dibujo/privado/TINAJA_ESTAMPILLADA_N_INT_73.jpg", "publico": 0, "url": null }, "geometry": null },
{ "type": "Feature", "properties": { "fid": 14718, "num_pieza": 276, "tipo": "Foto", "ruta": "./media/73/piezas_destacadas/276/Foto/público/JARRITA ROJA_N_INT_73.jpg", "publico": 1, "url": null }, "geometry": null },
{ "type": "Feature", "properties": { "fid": 14719, "num_pieza": 276, "tipo": "Foto", "ruta": "./media/73/piezas_destacadas/276/Foto/privado/JARRITA ROJA_B_INT_73.jpg", "publico": 0, "url": null }, "geometry": null },
{ "type": "Feature", "properties": { "fid": 14720, "num_pieza": 276, "tipo": "Foto", "ruta": "./media/73/piezas_destacadas/276/Foto/privado/JARRITA ROJA_N_INT_73.jpg", "publico": 0, "url": null }, "geometry": null },
{ "type": "Feature", "properties": { "fid": 14721, "num_pieza": 276, "tipo": "Dibujo", "ruta": "./media/73/piezas_destacadas/276/Dibujo/público/INT_73_JarritaEngobeRojo.jpg", "publico": 1, "url": null }, "geometry": null },
{ "type": "Feature", "properties": { "fid": 14722, "num_pieza": 276, "tipo": "Dibujo", "ruta": "./media/73/piezas_destacadas/276/Dibujo/privado/INT_73_JarritaEngobeRojo.png", "publico": 0, "url": null }, "geometry": null },
{ "type": "Feature", "properties": { "fid": 14723, "num_pieza": 277, "tipo": "Foto", "ruta": "./media/73/piezas_destacadas/277/Foto/público/JARRA_CUELLO_ESTRECHO_N_INT_73.jpg", "publico": 1, "url": null }, "geometry": null },
{ "type": "Feature", "properties": { "fid": 14724, "num_pieza": 277, "tipo": "Foto", "ruta": "./media/73/piezas_destacadas/277/Foto/privado/JARRA_CUELLO_ESTRECHO_B_INT_73.jpg", "publico": 0, "url": null }, "geometry": null },
{ "type": "Feature", "properties": { "fid": 14725, "num_pieza": 277, "tipo": "Foto", "ruta": "./media/73/piezas_destacadas/277/Foto/privado/JARRA_CUELLO_ESTRECHO_N_INT_73.jpg", "publico": 0, "url": null }, "geometry": null },
{ "type": "Feature", "properties": { "fid": 14726, "num_pieza": 277, "tipo": "Dibujo", "ruta": "./media/73/piezas_destacadas/277/Dibujo/público/INT_73_JarroCuelloAlto.jpg", "publico": 1, "url": null }, "geometry": null },
{ "type": "Feature", "properties": { "fid": 14727, "num_pieza": 277, "tipo": "Dibujo", "ruta": "./media/73/piezas_destacadas/277/Dibujo/privado/INT_73_JarroCuelloAlto.png", "publico": 0, "url": null }, "geometry": null },
{ "type": "Feature", "properties": { "fid": 14728, "num_pieza": 278, "tipo": "Foto", "ruta": "./media/73/piezas_destacadas/278/Foto/público/JARRITO PINTADO_N_INT_73.jpg", "publico": 1, "url": null }, "geometry": null },
{ "type": "Feature", "properties": { "fid": 14729, "num_pieza": 278, "tipo": "Foto", "ruta": "./media/73/piezas_destacadas/278/Foto/privado/JARRITO PINTADO_B_INT_73.jpg", "publico": 0, "url": null }, "geometry": null },
{ "type": "Feature", "properties": { "fid": 14730, "num_pieza": 278, "tipo": "Foto", "ruta": "./media/73/piezas_destacadas/278/Foto/privado/JARRITO PINTADO_N_INT_73.jpg", "publico": 0, "url": null }, "geometry": null },
{ "type": "Feature", "properties": { "fid": 14731, "num_pieza": 278, "tipo": "Dibujo", "ruta": "./media/73/piezas_destacadas/278/Dibujo/público/INT_73_JarritoPintado.jpg", "publico": 1, "url": null }, "geometry": null },
{ "type": "Feature", "properties": { "fid": 14732, "num_pieza": 278, "tipo": "Dibujo", "ruta": "./media/73/piezas_destacadas/278/Dibujo/privado/INT_73_JarritoPintado.png", "publico": 0, "url": null }, "geometry": null },
{ "type": "Feature", "properties": { "fid": 14733, "num_pieza": 279, "tipo": "Foto", "ruta": "./media/73/piezas_destacadas/279/Foto/público/TUBERIA_N_INT_73.jpg", "publico": 1, "url": null }, "geometry": null },
{ "type": "Feature", "properties": { "fid": 14734, "num_pieza": 279, "tipo": "Foto", "ruta": "./media/73/piezas_destacadas/279/Foto/privado/TUBERIA_B_INT_73.jpg", "publico": 0, "url": null }, "geometry": null },
{ "type": "Feature", "properties": { "fid": 14735, "num_pieza": 279, "tipo": "Foto", "ruta": "./media/73/piezas_destacadas/279/Foto/privado/TUBERIA_N_INT_73.jpg", "publico": 0, "url": null }, "geometry": null },
{ "type": "Feature", "properties": { "fid": 14736, "num_pieza": 279, "tipo": "Dibujo", "ruta": "./media/73/piezas_destacadas/279/Dibujo/público/INT_73_Tuberia.jpg", "publico": 1, "url": null }, "geometry": null },
{ "type": "Feature", "properties": { "fid": 14737, "num_pieza": 279, "tipo": "Dibujo", "ruta": "./media/73/piezas_destacadas/279/Dibujo/privado/INT_73_Tuberia.png", "publico": 0, "url": null }, "geometry": null },
{ "type": "Feature", "properties": { "fid": 14738, "num_pieza": 280, "tipo": "Foto", "ruta": "./media/73/piezas_destacadas/280/Foto/público/JARRA_GLOBULAR_N_INT_73.jpg", "publico": 1, "url": null }, "geometry": null },
{ "type": "Feature", "properties": { "fid": 14739, "num_pieza": 280, "tipo": "Foto", "ruta": "./media/73/piezas_destacadas/280/Foto/privado/JARRA_GLOBULAR_B_INT_73.jpg", "publico": 0, "url": null }, "geometry": null },
{ "type": "Feature", "properties": { "fid": 14740, "num_pieza": 280, "tipo": "Foto", "ruta": "./media/73/piezas_destacadas/280/Foto/privado/JARRA_GLOBULAR_N_INT_73.jpg", "publico": 0, "url": null }, "geometry": null },
{ "type": "Feature", "properties": { "fid": 14741, "num_pieza": 280, "tipo": "Dibujo", "ruta": "./media/73/piezas_destacadas/280/Dibujo/público/INT_73_RedomaGlobular.jpg", "publico": 1, "url": null }, "geometry": null },
{ "type": "Feature", "properties": { "fid": 14742, "num_pieza": 280, "tipo": "Dibujo", "ruta": "./media/73/piezas_destacadas/280/Dibujo/privado/INT_73_RedomaGlobular.png", "publico": 0, "url": null }, "geometry": null },
{ "type": "Feature", "properties": { "fid": 14743, "num_pieza": 281, "tipo": "Foto", "ruta": "./media/73/piezas_destacadas/281/Foto/público/taza_sementales_N_INT_73.jpg", "publico": 1, "url": null }, "geometry": null },
{ "type": "Feature", "properties": { "fid": 14744, "num_pieza": 281, "tipo": "Foto", "ruta": "./media/73/piezas_destacadas/281/Foto/privado/taza_sementales_B_INT_73.jpg", "publico": 0, "url": null }, "geometry": null },
{ "type": "Feature", "properties": { "fid": 14745, "num_pieza": 281, "tipo": "Foto", "ruta": "./media/73/piezas_destacadas/281/Foto/privado/taza_sementales_N_INT_73.jpg", "publico": 0, "url": null }, "geometry": null },
{ "type": "Feature", "properties": { "fid": 14746, "num_pieza": 281, "tipo": "Dibujo", "ruta": "./media/73/piezas_destacadas/281/Dibujo/público/INT_73_TazaPintada.jpg", "publico": 1, "url": null }, "geometry": null },
{ "type": "Feature", "properties": { "fid": 14747, "num_pieza": 281, "tipo": "Dibujo", "ruta": "./media/73/piezas_destacadas/281/Dibujo/privado/INT_73_TazaPintada.png", "publico": 0, "url": null }, "geometry": null },
{ "type": "Feature", "properties": { "fid": 14748, "num_pieza": 283, "tipo": "Foto", "ruta": "./media/76/piezas_destacadas/283/Foto/público/ARCADUZ_N_INT_76.jpg", "publico": 1, "url": null }, "geometry": null },
{ "type": "Feature", "properties": { "fid": 14749, "num_pieza": 283, "tipo": "Foto", "ruta": "./media/76/piezas_destacadas/283/Foto/privado/ARCADUZ.png", "publico": 0, "url": null }, "geometry": null },
{ "type": "Feature", "properties": { "fid": 14750, "num_pieza": 283, "tipo": "Foto", "ruta": "./media/76/piezas_destacadas/283/Foto/privado/ARCADUZ_B_INT_76.jpg", "publico": 0, "url": null }, "geometry": null },
{ "type": "Feature", "properties": { "fid": 14751, "num_pieza": 283, "tipo": "Foto", "ruta": "./media/76/piezas_destacadas/283/Foto/privado/ARCADUZ_N_INT_76.jpg", "publico": 0, "url": null }, "geometry": null },
{ "type": "Feature", "properties": { "fid": 14752, "num_pieza": 283, "tipo": "Dibujo", "ruta": "./media/76/piezas_destacadas/283/Dibujo/público/INT_76_Arcaduz.jpg", "publico": 1, "url": null }, "geometry": null },
{ "type": "Feature", "properties": { "fid": 14753, "num_pieza": 283, "tipo": "Dibujo", "ruta": "./media/76/piezas_destacadas/283/Dibujo/privado/INT_76_Arcaduz.png", "publico": 0, "url": null }, "geometry": null },
{ "type": "Feature", "properties": { "fid": 14754, "num_pieza": 284, "tipo": "Foto", "ruta": "./media/78/piezas_destacadas/284/Foto/público/TAZA_N_INT_78.jpg", "publico": 1, "url": null }, "geometry": null },
{ "type": "Feature", "properties": { "fid": 14755, "num_pieza": 284, "tipo": "Foto", "ruta": "./media/78/piezas_destacadas/284/Foto/privado/TAZA_INT_78_B.jpg", "publico": 0, "url": null }, "geometry": null },
{ "type": "Feature", "properties": { "fid": 14756, "num_pieza": 284, "tipo": "Foto", "ruta": "./media/78/piezas_destacadas/284/Foto/privado/TAZA_N_INT_78.jpg", "publico": 0, "url": null }, "geometry": null },
{ "type": "Feature", "properties": { "fid": 14757, "num_pieza": 284, "tipo": "Dibujo", "ruta": "./media/78/piezas_destacadas/284/Dibujo/público/INT_78_Taza_.jpg", "publico": 1, "url": null }, "geometry": null },
{ "type": "Feature", "properties": { "fid": 14758, "num_pieza": 284, "tipo": "Dibujo", "ruta": "./media/78/piezas_destacadas/284/Dibujo/privado/INT_78_Taza_.png", "publico": 0, "url": null }, "geometry": null },
{ "type": "Feature", "properties": { "fid": 14759, "num_pieza": 285, "tipo": "Foto", "ruta": "./media/78/piezas_destacadas/285/Foto/público/ROMANA TARDIA SAN NICOLAS 6_12_N.jpg", "publico": 1, "url": null }, "geometry": null },
{ "type": "Feature", "properties": { "fid": 14760, "num_pieza": 285, "tipo": "Foto", "ruta": "./media/78/piezas_destacadas/285/Foto/privado/ROMANA TARDIA SAN NICOLAS 6_12.jpg", "publico": 0, "url": null }, "geometry": null },
{ "type": "Feature", "properties": { "fid": 14761, "num_pieza": 285, "tipo": "Foto", "ruta": "./media/78/piezas_destacadas/285/Foto/privado/ROMANA TARDIA SAN NICOLAS 6_12.png", "publico": 0, "url": null }, "geometry": null },
{ "type": "Feature", "properties": { "fid": 14762, "num_pieza": 285, "tipo": "Foto", "ruta": "./media/78/piezas_destacadas/285/Foto/privado/ROMANA TARDIA SAN NICOLAS 6_12_N.jpg", "publico": 0, "url": null }, "geometry": null },
{ "type": "Feature", "properties": { "fid": 14763, "num_pieza": 285, "tipo": "Dibujo", "ruta": "./media/78/piezas_destacadas/285/Dibujo/público/INT_78_TSH_285.jpg", "publico": 1, "url": null }, "geometry": null },
{ "type": "Feature", "properties": { "fid": 14764, "num_pieza": 285, "tipo": "Dibujo", "ruta": "./media/78/piezas_destacadas/285/Dibujo/privado/INT_78_TSH_285.png", "publico": 0, "url": null }, "geometry": null },
{ "type": "Feature", "properties": { "fid": 14765, "num_pieza": 286, "tipo": "Foto", "ruta": "./media/78/piezas_destacadas/286/Foto/público/ANILLO_INT_78_N.jpg", "publico": 1, "url": null }, "geometry": null },
{ "type": "Feature", "properties": { "fid": 14766, "num_pieza": 286, "tipo": "Foto", "ruta": "./media/78/piezas_destacadas/286/Foto/privado/ANILLO_INT_78.png", "publico": 0, "url": null }, "geometry": null },
{ "type": "Feature", "properties": { "fid": 14767, "num_pieza": 286, "tipo": "Foto", "ruta": "./media/78/piezas_destacadas/286/Foto/privado/ANILLO_INT_78_B.jpg", "publico": 0, "url": null }, "geometry": null },
{ "type": "Feature", "properties": { "fid": 14768, "num_pieza": 286, "tipo": "Foto", "ruta": "./media/78/piezas_destacadas/286/Foto/privado/ANILLO_INT_78_N.jpg", "publico": 0, "url": null }, "geometry": null },
{ "type": "Feature", "properties": { "fid": 14769, "num_pieza": 49, "tipo": "Foto", "ruta": "./media/8/piezas_destacadas/49/Foto/público/INT_8_BOTE_POLVOS_N.jpg", "publico": 1, "url": null }, "geometry": null },
{ "type": "Feature", "properties": { "fid": 14770, "num_pieza": 49, "tipo": "Foto", "ruta": "./media/8/piezas_destacadas/49/Foto/privado/INT_8_BOTE_POLVOS_B.jpg", "publico": 0, "url": null }, "geometry": null },
{ "type": "Feature", "properties": { "fid": 14771, "num_pieza": 49, "tipo": "Foto", "ruta": "./media/8/piezas_destacadas/49/Foto/privado/INT_8_BOTE_POLVOS_N.jpg", "publico": 0, "url": null }, "geometry": null },
{ "type": "Feature", "properties": { "fid": 14772, "num_pieza": 49, "tipo": "Dibujo", "ruta": "./media/8/piezas_destacadas/49/Dibujo/público/Plato_6898.jpg", "publico": 1, "url": null }, "geometry": null },
{ "type": "Feature", "properties": { "fid": 14773, "num_pieza": 49, "tipo": "Dibujo", "ruta": "./media/8/piezas_destacadas/49/Dibujo/privado/Bote_Polvo_Secante_6699.svg", "publico": 0, "url": null }, "geometry": null },
{ "type": "Feature", "properties": { "fid": 14774, "num_pieza": 49, "tipo": "Dibujo", "ruta": "./media/8/piezas_destacadas/49/Dibujo/privado/Plato_6898.png", "publico": 0, "url": null }, "geometry": null },
{ "type": "Feature", "properties": { "fid": 14775, "num_pieza": 50, "tipo": "Foto", "ruta": "./media/8/piezas_destacadas/50/Foto/público/INT_8_MANCERINA_LOZA_INGLESA_N.jpg", "publico": 1, "url": null }, "geometry": null },
{ "type": "Feature", "properties": { "fid": 14776, "num_pieza": 50, "tipo": "Foto", "ruta": "./media/8/piezas_destacadas/50/Foto/privado/INT_8_MANCERINA_LOZA_INGLESA_N.jpg", "publico": 0, "url": null }, "geometry": null },
{ "type": "Feature", "properties": { "fid": 14777, "num_pieza": 51, "tipo": "Foto", "ruta": "./media/8/piezas_destacadas/51/Foto/público/INT_8_P_23_N.jpg", "publico": 1, "url": null }, "geometry": null },
{ "type": "Feature", "properties": { "fid": 14778, "num_pieza": 51, "tipo": "Foto", "ruta": "./media/8/piezas_destacadas/51/Foto/privado/INT_8_P_23_B.jpg", "publico": 0, "url": null }, "geometry": null },
{ "type": "Feature", "properties": { "fid": 14779, "num_pieza": 51, "tipo": "Foto", "ruta": "./media/8/piezas_destacadas/51/Foto/privado/INT_8_P_23_N.jpg", "publico": 0, "url": null }, "geometry": null },
{ "type": "Feature", "properties": { "fid": 14780, "num_pieza": 51, "tipo": "Dibujo", "ruta": "./media/8/piezas_destacadas/51/Dibujo/público/Plato_n59_13650.jpg", "publico": 1, "url": null }, "geometry": null },
{ "type": "Feature", "properties": { "fid": 14781, "num_pieza": 51, "tipo": "Dibujo", "ruta": "./media/8/piezas_destacadas/51/Dibujo/privado/Plato_n59_13650.png", "publico": 0, "url": null }, "geometry": null },
{ "type": "Feature", "properties": { "fid": 14782, "num_pieza": 51, "tipo": "Dibujo", "ruta": "./media/8/piezas_destacadas/51/Dibujo/privado/Plato_n59_13650.svg", "publico": 0, "url": null }, "geometry": null },
{ "type": "Feature", "properties": { "fid": 14783, "num_pieza": 52, "tipo": "Foto", "ruta": "./media/8/piezas_destacadas/52/Foto/público/INT_8_PLATO_MUEL_GRANDE_N.jpg", "publico": 1, "url": null }, "geometry": null },
{ "type": "Feature", "properties": { "fid": 14784, "num_pieza": 52, "tipo": "Foto", "ruta": "./media/8/piezas_destacadas/52/Foto/privado/INT_8_PLATO_MUEL_GRANDE_B.jpg", "publico": 0, "url": null }, "geometry": null },
{ "type": "Feature", "properties": { "fid": 14785, "num_pieza": 52, "tipo": "Foto", "ruta": "./media/8/piezas_destacadas/52/Foto/privado/INT_8_PLATO_MUEL_GRANDE_N.jpg", "publico": 0, "url": null }, "geometry": null },
{ "type": "Feature", "properties": { "fid": 14786, "num_pieza": 52, "tipo": "Dibujo", "ruta": "./media/8/piezas_destacadas/52/Dibujo/público/INT_8_Plato_Muel_52.png", "publico": 1, "url": null }, "geometry": null },
{ "type": "Feature", "properties": { "fid": 14787, "num_pieza": 52, "tipo": "Dibujo", "ruta": "./media/8/piezas_destacadas/52/Dibujo/privado/INT_8_Plato_Muel_52.png", "publico": 0, "url": null }, "geometry": null },
{ "type": "Feature", "properties": { "fid": 14788, "num_pieza": 52, "tipo": "Dibujo", "ruta": "./media/8/piezas_destacadas/52/Dibujo/privado/INT_8_Plato_Muel_52.svg", "publico": 0, "url": null }, "geometry": null },
{ "type": "Feature", "properties": { "fid": 14789, "num_pieza": 53, "tipo": "Foto", "ruta": "./media/8/piezas_destacadas/53/Foto/público/PLATO_VILLAFELICHE_GRANDE_N.jpg", "publico": 1, "url": null }, "geometry": null },
{ "type": "Feature", "properties": { "fid": 14790, "num_pieza": 53, "tipo": "Foto", "ruta": "./media/8/piezas_destacadas/53/Foto/privado/PLATO_VILLAFELICHE_GRANDE.jpg", "publico": 0, "url": null }, "geometry": null },
{ "type": "Feature", "properties": { "fid": 14791, "num_pieza": 53, "tipo": "Foto", "ruta": "./media/8/piezas_destacadas/53/Foto/privado/PLATO_VILLAFELICHE_GRANDE_N.jpg", "publico": 0, "url": null }, "geometry": null },
{ "type": "Feature", "properties": { "fid": 14792, "num_pieza": 53, "tipo": "Dibujo", "ruta": "./media/8/piezas_destacadas/53/Dibujo/público/Plato_19_6898.jpg", "publico": 1, "url": null }, "geometry": null },
{ "type": "Feature", "properties": { "fid": 14793, "num_pieza": 53, "tipo": "Dibujo", "ruta": "./media/8/piezas_destacadas/53/Dibujo/privado/Plato_19_6898.png", "publico": 0, "url": null }, "geometry": null },
{ "type": "Feature", "properties": { "fid": 14794, "num_pieza": 53, "tipo": "Dibujo", "ruta": "./media/8/piezas_destacadas/53/Dibujo/privado/Plato_19_6898.svg", "publico": 0, "url": null }, "geometry": null },
{ "type": "Feature", "properties": { "fid": 14795, "num_pieza": 54, "tipo": "Foto", "ruta": "./media/8/piezas_destacadas/54/Foto/público/PLATO VILLAFELICHE PEQUEÑO_57_N.jpg", "publico": 1, "url": null }, "geometry": null },
{ "type": "Feature", "properties": { "fid": 14796, "num_pieza": 54, "tipo": "Foto", "ruta": "./media/8/piezas_destacadas/54/Foto/privado/PLATO VILLAFELICHE PEQUEÑO_57_.jpg", "publico": 0, "url": null }, "geometry": null },
{ "type": "Feature", "properties": { "fid": 14797, "num_pieza": 54, "tipo": "Foto", "ruta": "./media/8/piezas_destacadas/54/Foto/privado/PLATO VILLAFELICHE PEQUEÑO_57_N.jpg", "publico": 0, "url": null }, "geometry": null },
{ "type": "Feature", "properties": { "fid": 14798, "num_pieza": 54, "tipo": "Dibujo", "ruta": "./media/8/piezas_destacadas/54/Dibujo/público/Plato_n60_13650.jpg", "publico": 1, "url": null }, "geometry": null },
{ "type": "Feature", "properties": { "fid": 14799, "num_pieza": 54, "tipo": "Dibujo", "ruta": "./media/8/piezas_destacadas/54/Dibujo/privado/Plato_n60_13650.png", "publico": 0, "url": null }, "geometry": null },
{ "type": "Feature", "properties": { "fid": 14800, "num_pieza": 54, "tipo": "Dibujo", "ruta": "./media/8/piezas_destacadas/54/Dibujo/privado/Plato_n60_13650.svg", "publico": 0, "url": null }, "geometry": null },
{ "type": "Feature", "properties": { "fid": 14801, "num_pieza": 55, "tipo": "Foto", "ruta": "./media/8/piezas_destacadas/55/Foto/público/INT_8_P_27_N.jpg", "publico": 1, "url": null }, "geometry": null },
{ "type": "Feature", "properties": { "fid": 14802, "num_pieza": 55, "tipo": "Foto", "ruta": "./media/8/piezas_destacadas/55/Foto/privado/INT_8_P_27_B.jpg", "publico": 0, "url": null }, "geometry": null },
{ "type": "Feature", "properties": { "fid": 14803, "num_pieza": 55, "tipo": "Foto", "ruta": "./media/8/piezas_destacadas/55/Foto/privado/INT_8_P_27_N.jpg", "publico": 0, "url": null }, "geometry": null },
{ "type": "Feature", "properties": { "fid": 14804, "num_pieza": 55, "tipo": "Dibujo", "ruta": "./media/8/piezas_destacadas/55/Dibujo/público/Plato_n55_13650.jpg", "publico": 1, "url": null }, "geometry": null },
{ "type": "Feature", "properties": { "fid": 14805, "num_pieza": 55, "tipo": "Dibujo", "ruta": "./media/8/piezas_destacadas/55/Dibujo/privado/Plato_n55_13650.jpg", "publico": 0, "url": null }, "geometry": null },
{ "type": "Feature", "properties": { "fid": 14806, "num_pieza": 55, "tipo": "Dibujo", "ruta": "./media/8/piezas_destacadas/55/Dibujo/privado/Plato_n57_13650.svg", "publico": 0, "url": null }, "geometry": null },
{ "type": "Feature", "properties": { "fid": 14807, "num_pieza": 56, "tipo": "Foto", "ruta": "./media/8/piezas_destacadas/56/Foto/público/INT_8_P_17_N.jpg", "publico": 1, "url": null }, "geometry": null },
{ "type": "Feature", "properties": { "fid": 14808, "num_pieza": 56, "tipo": "Foto", "ruta": "./media/8/piezas_destacadas/56/Foto/privado/INT_8_P_17_B.jpg", "publico": 0, "url": null }, "geometry": null },
{ "type": "Feature", "properties": { "fid": 14809, "num_pieza": 56, "tipo": "Foto", "ruta": "./media/8/piezas_destacadas/56/Foto/privado/INT_8_P_17_N.jpg", "publico": 0, "url": null }, "geometry": null },
{ "type": "Feature", "properties": { "fid": 14810, "num_pieza": 57, "tipo": "Foto", "ruta": "./media/8/piezas_destacadas/57/Foto/público/INT_8_PLATO_ORLA_CASTELLANA_N.jpg", "publico": 1, "url": null }, "geometry": null },
{ "type": "Feature", "properties": { "fid": 14811, "num_pieza": 57, "tipo": "Foto", "ruta": "./media/8/piezas_destacadas/57/Foto/privado/INT_8_PLATO_ORLA_CASTELLANA_B.jpg", "publico": 0, "url": null }, "geometry": null },
{ "type": "Feature", "properties": { "fid": 14812, "num_pieza": 57, "tipo": "Foto", "ruta": "./media/8/piezas_destacadas/57/Foto/privado/INT_8_PLATO_ORLA_CASTELLANA_N.jpg", "publico": 0, "url": null }, "geometry": null },
{ "type": "Feature", "properties": { "fid": 14813, "num_pieza": 57, "tipo": "Dibujo", "ruta": "./media/8/piezas_destacadas/57/Dibujo/público/Plato_n55_13650.jpg", "publico": 1, "url": null }, "geometry": null },
{ "type": "Feature", "properties": { "fid": 14814, "num_pieza": 57, "tipo": "Dibujo", "ruta": "./media/8/piezas_destacadas/57/Dibujo/privado/Plato_n55_13650.png", "publico": 0, "url": null }, "geometry": null },
{ "type": "Feature", "properties": { "fid": 14815, "num_pieza": 57, "tipo": "Dibujo", "ruta": "./media/8/piezas_destacadas/57/Dibujo/privado/Plato_n55_13650.svg", "publico": 0, "url": null }, "geometry": null },
{ "type": "Feature", "properties": { "fid": 14816, "num_pieza": 58, "tipo": "Foto", "ruta": "./media/8/piezas_destacadas/58/Foto/público/INT_8_MANCERINA_N.jpg", "publico": 1, "url": null }, "geometry": null },
{ "type": "Feature", "properties": { "fid": 14817, "num_pieza": 58, "tipo": "Foto", "ruta": "./media/8/piezas_destacadas/58/Foto/privado/INT_8_MANCERINA_B.jpg", "publico": 0, "url": null }, "geometry": null },
{ "type": "Feature", "properties": { "fid": 14818, "num_pieza": 58, "tipo": "Foto", "ruta": "./media/8/piezas_destacadas/58/Foto/privado/INT_8_MANCERINA_N.jpg", "publico": 0, "url": null }, "geometry": null },
{ "type": "Feature", "properties": { "fid": 14819, "num_pieza": 58, "tipo": "Dibujo", "ruta": "./media/8/piezas_destacadas/58/Dibujo/público/Mancerina_n13_6898.jpg", "publico": 1, "url": null }, "geometry": null },
{ "type": "Feature", "properties": { "fid": 14820, "num_pieza": 58, "tipo": "Dibujo", "ruta": "./media/8/piezas_destacadas/58/Dibujo/privado/Mancerina_n13_6898.png", "publico": 0, "url": null }, "geometry": null },
{ "type": "Feature", "properties": { "fid": 14821, "num_pieza": 58, "tipo": "Dibujo", "ruta": "./media/8/piezas_destacadas/58/Dibujo/privado/Mancerina_n13_6898.svg", "publico": 0, "url": null }, "geometry": null },
{ "type": "Feature", "properties": { "fid": 14822, "num_pieza": 59, "tipo": "Foto", "ruta": "./media/8/piezas_destacadas/59/Foto/público/INT_8_MIELERO_N.jpg", "publico": 1, "url": null }, "geometry": null },
{ "type": "Feature", "properties": { "fid": 14823, "num_pieza": 59, "tipo": "Foto", "ruta": "./media/8/piezas_destacadas/59/Foto/privado/INT_8_MIELERO_B.jpg", "publico": 0, "url": null }, "geometry": null },
{ "type": "Feature", "properties": { "fid": 14824, "num_pieza": 59, "tipo": "Foto", "ruta": "./media/8/piezas_destacadas/59/Foto/privado/INT_8_MIELERO_N.jpg", "publico": 0, "url": null }, "geometry": null },
{ "type": "Feature", "properties": { "fid": 14825, "num_pieza": 59, "tipo": "Dibujo", "ruta": "./media/8/piezas_destacadas/59/Dibujo/público/Mielero_6897.jpg", "publico": 1, "url": null }, "geometry": null },
{ "type": "Feature", "properties": { "fid": 14826, "num_pieza": 59, "tipo": "Dibujo", "ruta": "./media/8/piezas_destacadas/59/Dibujo/privado/Mielero_6897.png", "publico": 0, "url": null }, "geometry": null },
{ "type": "Feature", "properties": { "fid": 14827, "num_pieza": 59, "tipo": "Dibujo", "ruta": "./media/8/piezas_destacadas/59/Dibujo/privado/Mielero_6897.svg", "publico": 0, "url": null }, "geometry": null },
{ "type": "Feature", "properties": { "fid": 14828, "num_pieza": 60, "tipo": "Foto", "ruta": "./media/8/piezas_destacadas/60/Foto/público/INT_8_PLATO_VIDRIADO_N.jpg", "publico": 1, "url": null }, "geometry": null },
{ "type": "Feature", "properties": { "fid": 14829, "num_pieza": 60, "tipo": "Foto", "ruta": "./media/8/piezas_destacadas/60/Foto/privado/INT_8_PLATO_vidriado_B.jpg", "publico": 0, "url": null }, "geometry": null },
{ "type": "Feature", "properties": { "fid": 14830, "num_pieza": 60, "tipo": "Foto", "ruta": "./media/8/piezas_destacadas/60/Foto/privado/INT_8_PLATO_VIDRIADO_N.jpg", "publico": 0, "url": null }, "geometry": null },
{ "type": "Feature", "properties": { "fid": 14831, "num_pieza": 60, "tipo": "Dibujo", "ruta": "./media/8/piezas_destacadas/60/Dibujo/público/Plato_n_21_6898.jpg", "publico": 1, "url": null }, "geometry": null },
{ "type": "Feature", "properties": { "fid": 14832, "num_pieza": 60, "tipo": "Dibujo", "ruta": "./media/8/piezas_destacadas/60/Dibujo/privado/Plato_n_21_6898.jpg", "publico": 0, "url": null }, "geometry": null },
{ "type": "Feature", "properties": { "fid": 14833, "num_pieza": 60, "tipo": "Dibujo", "ruta": "./media/8/piezas_destacadas/60/Dibujo/privado/Plato_n_21_6898.svg", "publico": 0, "url": null }, "geometry": null },
{ "type": "Feature", "properties": { "fid": 14834, "num_pieza": 61, "tipo": "Foto", "ruta": "./media/8/piezas_destacadas/61/Foto/público/INT_8_BOTEJA_II_N.jpg", "publico": 1, "url": null }, "geometry": null },
{ "type": "Feature", "properties": { "fid": 14835, "num_pieza": 61, "tipo": "Foto", "ruta": "./media/8/piezas_destacadas/61/Foto/privado/INT_8_BOTEJA_II_B.jpg", "publico": 0, "url": null }, "geometry": null },
{ "type": "Feature", "properties": { "fid": 14836, "num_pieza": 61, "tipo": "Foto", "ruta": "./media/8/piezas_destacadas/61/Foto/privado/INT_8_BOTEJA_II_N.jpg", "publico": 0, "url": null }, "geometry": null },
{ "type": "Feature", "properties": { "fid": 14837, "num_pieza": 61, "tipo": "Dibujo", "ruta": "./media/8/piezas_destacadas/61/Dibujo/público/Boteja_13616.jpg", "publico": 1, "url": null }, "geometry": null },
{ "type": "Feature", "properties": { "fid": 14838, "num_pieza": 61, "tipo": "Dibujo", "ruta": "./media/8/piezas_destacadas/61/Dibujo/privado/Boteja_13616.jpg", "publico": 0, "url": null }, "geometry": null },
{ "type": "Feature", "properties": { "fid": 14839, "num_pieza": 61, "tipo": "Dibujo", "ruta": "./media/8/piezas_destacadas/61/Dibujo/privado/Boteja_13616.svg", "publico": 0, "url": null }, "geometry": null },
{ "type": "Feature", "properties": { "fid": 14840, "num_pieza": 62, "tipo": "Foto", "ruta": "./media/8/piezas_destacadas/62/Foto/público/INT_8_P_2_N.jpg", "publico": 1, "url": null }, "geometry": null },
{ "type": "Feature", "properties": { "fid": 14841, "num_pieza": 62, "tipo": "Foto", "ruta": "./media/8/piezas_destacadas/62/Foto/privado/INT_8_P_2_B.jpg", "publico": 0, "url": null }, "geometry": null },
{ "type": "Feature", "properties": { "fid": 14842, "num_pieza": 62, "tipo": "Foto", "ruta": "./media/8/piezas_destacadas/62/Foto/privado/INT_8_P_2_N.jpg", "publico": 0, "url": null }, "geometry": null },
{ "type": "Feature", "properties": { "fid": 14843, "num_pieza": 62, "tipo": "Dibujo", "ruta": "./media/8/piezas_destacadas/62/Dibujo/público/Boteja_6916.jpg", "publico": 1, "url": null }, "geometry": null },
{ "type": "Feature", "properties": { "fid": 14844, "num_pieza": 62, "tipo": "Dibujo", "ruta": "./media/8/piezas_destacadas/62/Dibujo/privado/Boteja_6916.jpg", "publico": 0, "url": null }, "geometry": null },
{ "type": "Feature", "properties": { "fid": 14845, "num_pieza": 62, "tipo": "Dibujo", "ruta": "./media/8/piezas_destacadas/62/Dibujo/privado/Boteja_6916.svg", "publico": 0, "url": null }, "geometry": null },
{ "type": "Feature", "properties": { "fid": 14846, "num_pieza": 63, "tipo": "Foto", "ruta": "./media/8/piezas_destacadas/63/Foto/público/BACIA BARBERO_N_int_8.jpg", "publico": 1, "url": null }, "geometry": null },
{ "type": "Feature", "properties": { "fid": 14847, "num_pieza": 63, "tipo": "Foto", "ruta": "./media/8/piezas_destacadas/63/Foto/privado/BACIA BARBERO_B_int_8.jpg", "publico": 0, "url": null }, "geometry": null },
{ "type": "Feature", "properties": { "fid": 14848, "num_pieza": 63, "tipo": "Foto", "ruta": "./media/8/piezas_destacadas/63/Foto/privado/BACIA BARBERO_N_int_8.jpg", "publico": 0, "url": null }, "geometry": null },
{ "type": "Feature", "properties": { "fid": 14849, "num_pieza": 63, "tipo": "Dibujo", "ruta": "./media/8/piezas_destacadas/63/Dibujo/público/Bacia_Barbero_6920.jpg", "publico": 1, "url": null }, "geometry": null },
{ "type": "Feature", "properties": { "fid": 14850, "num_pieza": 63, "tipo": "Dibujo", "ruta": "./media/8/piezas_destacadas/63/Dibujo/privado/Bacia_Barbero_6920.png", "publico": 0, "url": null }, "geometry": null },
{ "type": "Feature", "properties": { "fid": 14851, "num_pieza": 63, "tipo": "Dibujo", "ruta": "./media/8/piezas_destacadas/63/Dibujo/privado/Bacia_Barbero_6920.svg", "publico": 0, "url": null }, "geometry": null },
{ "type": "Feature", "properties": { "fid": 14852, "num_pieza": 64, "tipo": "Foto", "ruta": "./media/8/piezas_destacadas/64/Foto/público/INT_8_FRUTERO_FLOR_BICROMA_N.jpg", "publico": 1, "url": null }, "geometry": null },
{ "type": "Feature", "properties": { "fid": 14853, "num_pieza": 64, "tipo": "Foto", "ruta": "./media/8/piezas_destacadas/64/Foto/privado/INT_8_FRUTERO_FLOR_BICROMA_B.jpg", "publico": 0, "url": null }, "geometry": null },
{ "type": "Feature", "properties": { "fid": 14854, "num_pieza": 64, "tipo": "Foto", "ruta": "./media/8/piezas_destacadas/64/Foto/privado/INT_8_FRUTERO_FLOR_BICROMA_N.jpg", "publico": 0, "url": null }, "geometry": null },
{ "type": "Feature", "properties": { "fid": 14855, "num_pieza": 64, "tipo": "Dibujo", "ruta": "./media/8/piezas_destacadas/64/Dibujo/público/INT_8_Frutero_64.png", "publico": 1, "url": null }, "geometry": null },
{ "type": "Feature", "properties": { "fid": 14856, "num_pieza": 64, "tipo": "Dibujo", "ruta": "./media/8/piezas_destacadas/64/Dibujo/privado/INT_8_Frutero_64.png", "publico": 0, "url": null }, "geometry": null },
{ "type": "Feature", "properties": { "fid": 14857, "num_pieza": 64, "tipo": "Dibujo", "ruta": "./media/8/piezas_destacadas/64/Dibujo/privado/INT_8_Frutero_64.svg", "publico": 0, "url": null }, "geometry": null },
{ "type": "Feature", "properties": { "fid": 14858, "num_pieza": 65, "tipo": "Foto", "ruta": "./media/8/piezas_destacadas/65/Foto/público/INT_8_BACIN_VIDRIADO_N.jpg", "publico": 1, "url": null }, "geometry": null },
{ "type": "Feature", "properties": { "fid": 14859, "num_pieza": 65, "tipo": "Foto", "ruta": "./media/8/piezas_destacadas/65/Foto/privado/INT_8_BACIN_VIDRIADO_B.jpg", "publico": 0, "url": null }, "geometry": null },
{ "type": "Feature", "properties": { "fid": 14860, "num_pieza": 65, "tipo": "Foto", "ruta": "./media/8/piezas_destacadas/65/Foto/privado/INT_8_BACIN_VIDRIADO_N.jpg", "publico": 0, "url": null }, "geometry": null },
{ "type": "Feature", "properties": { "fid": 14861, "num_pieza": 65, "tipo": "Dibujo", "ruta": "./media/8/piezas_destacadas/65/Dibujo/público/Bacin_13620.jpg", "publico": 1, "url": null }, "geometry": null },
{ "type": "Feature", "properties": { "fid": 14862, "num_pieza": 65, "tipo": "Dibujo", "ruta": "./media/8/piezas_destacadas/65/Dibujo/privado/Bacin_13620.png", "publico": 0, "url": null }, "geometry": null },
{ "type": "Feature", "properties": { "fid": 14863, "num_pieza": 65, "tipo": "Dibujo", "ruta": "./media/8/piezas_destacadas/65/Dibujo/privado/Bacin_13620.svg", "publico": 0, "url": null }, "geometry": null },
{ "type": "Feature", "properties": { "fid": 14864, "num_pieza": 66, "tipo": "Foto", "ruta": "./media/8/piezas_destacadas/66/Foto/público/INT_8_JARRA_JESUITAS_N.jpg", "publico": 1, "url": null }, "geometry": null },
{ "type": "Feature", "properties": { "fid": 14865, "num_pieza": 66, "tipo": "Foto", "ruta": "./media/8/piezas_destacadas/66/Foto/privado/INT_8_JARRA_JESUITAS_B.jpg", "publico": 0, "url": null }, "geometry": null },
{ "type": "Feature", "properties": { "fid": 14866, "num_pieza": 66, "tipo": "Foto", "ruta": "./media/8/piezas_destacadas/66/Foto/privado/INT_8_JARRA_JESUITAS_N.jpg", "publico": 0, "url": null }, "geometry": null },
{ "type": "Feature", "properties": { "fid": 14867, "num_pieza": 66, "tipo": "Dibujo", "ruta": "./media/8/piezas_destacadas/66/Dibujo/público/Bacin_Flor_13629.jpg", "publico": 1, "url": null }, "geometry": null },
{ "type": "Feature", "properties": { "fid": 14868, "num_pieza": 66, "tipo": "Dibujo", "ruta": "./media/8/piezas_destacadas/66/Dibujo/privado/Bacin_Flor_13629.png", "publico": 0, "url": null }, "geometry": null },
{ "type": "Feature", "properties": { "fid": 14869, "num_pieza": 66, "tipo": "Dibujo", "ruta": "./media/8/piezas_destacadas/66/Dibujo/privado/Bacin_Flor_13629.svg", "publico": 0, "url": null }, "geometry": null },
{ "type": "Feature", "properties": { "fid": 14870, "num_pieza": 67, "tipo": "Foto", "ruta": "./media/8/piezas_destacadas/67/Foto/público/INT_8_BOTIJO_N.jpg", "publico": 1, "url": null }, "geometry": null },
{ "type": "Feature", "properties": { "fid": 14871, "num_pieza": 67, "tipo": "Foto", "ruta": "./media/8/piezas_destacadas/67/Foto/privado/INT_8_BOTIJO_B.jpg", "publico": 0, "url": null }, "geometry": null },
{ "type": "Feature", "properties": { "fid": 14872, "num_pieza": 67, "tipo": "Foto", "ruta": "./media/8/piezas_destacadas/67/Foto/privado/INT_8_BOTIJO_N.jpg", "publico": 0, "url": null }, "geometry": null },
{ "type": "Feature", "properties": { "fid": 14873, "num_pieza": 67, "tipo": "Dibujo", "ruta": "./media/8/piezas_destacadas/67/Dibujo/público/Botijo_6919.jpg", "publico": 1, "url": null }, "geometry": null },
{ "type": "Feature", "properties": { "fid": 14874, "num_pieza": 67, "tipo": "Dibujo", "ruta": "./media/8/piezas_destacadas/67/Dibujo/privado/Botijo_6919.jpg", "publico": 0, "url": null }, "geometry": null },
{ "type": "Feature", "properties": { "fid": 14875, "num_pieza": 67, "tipo": "Dibujo", "ruta": "./media/8/piezas_destacadas/67/Dibujo/privado/Botijo_6919.svg", "publico": 0, "url": null }, "geometry": null },
{ "type": "Feature", "properties": { "fid": 14876, "num_pieza": 68, "tipo": "Foto", "ruta": "./media/8/piezas_destacadas/68/Foto/público/INT_8_BACIN_FLOR_N.jpg", "publico": 1, "url": null }, "geometry": null },
{ "type": "Feature", "properties": { "fid": 14877, "num_pieza": 68, "tipo": "Foto", "ruta": "./media/8/piezas_destacadas/68/Foto/privado/INT_8_BACIN_FLOR_B.jpg", "publico": 0, "url": null }, "geometry": null },
{ "type": "Feature", "properties": { "fid": 14878, "num_pieza": 68, "tipo": "Foto", "ruta": "./media/8/piezas_destacadas/68/Foto/privado/INT_8_BACIN_FLOR_N.jpg", "publico": 0, "url": null }, "geometry": null },
{ "type": "Feature", "properties": { "fid": 14879, "num_pieza": 69, "tipo": "Foto", "ruta": "./media/8/piezas_destacadas/69/Foto/público/INT_8_FONDO_PLATO_N.jpg", "publico": 1, "url": null }, "geometry": null },
{ "type": "Feature", "properties": { "fid": 14880, "num_pieza": 69, "tipo": "Foto", "ruta": "./media/8/piezas_destacadas/69/Foto/privado/INT_8_FONDO_PLATO_B.jpg", "publico": 0, "url": null }, "geometry": null },
{ "type": "Feature", "properties": { "fid": 14881, "num_pieza": 69, "tipo": "Foto", "ruta": "./media/8/piezas_destacadas/69/Foto/privado/INT_8_FONDO_PLATO_N.jpg", "publico": 0, "url": null }, "geometry": null },
{ "type": "Feature", "properties": { "fid": 14882, "num_pieza": 69, "tipo": "Dibujo", "ruta": "./media/8/piezas_destacadas/69/Dibujo/público/Plato_6706.jpg", "publico": 1, "url": null }, "geometry": null },
{ "type": "Feature", "properties": { "fid": 14883, "num_pieza": 69, "tipo": "Dibujo", "ruta": "./media/8/piezas_destacadas/69/Dibujo/privado/Plato_6706.png", "publico": 0, "url": null }, "geometry": null },
{ "type": "Feature", "properties": { "fid": 14884, "num_pieza": 69, "tipo": "Dibujo", "ruta": "./media/8/piezas_destacadas/69/Dibujo/privado/Plato_6706.svg", "publico": 0, "url": null }, "geometry": null },
{ "type": "Feature", "properties": { "fid": 14885, "num_pieza": 70, "tipo": "Foto", "ruta": "./media/8/piezas_destacadas/70/Foto/público/plato_reticula_INT_8_N.jpg", "publico": 1, "url": null }, "geometry": null },
{ "type": "Feature", "properties": { "fid": 14886, "num_pieza": 70, "tipo": "Foto", "ruta": "./media/8/piezas_destacadas/70/Foto/privado/plato_reticula_INT_8_.jpg", "publico": 0, "url": null }, "geometry": null },
{ "type": "Feature", "properties": { "fid": 14887, "num_pieza": 70, "tipo": "Foto", "ruta": "./media/8/piezas_destacadas/70/Foto/privado/plato_reticula_INT_8_N.jpg", "publico": 0, "url": null }, "geometry": null },
{ "type": "Feature", "properties": { "fid": 14888, "num_pieza": 70, "tipo": "Dibujo", "ruta": "./media/8/piezas_destacadas/70/Dibujo/público/Plato_6687.jpg", "publico": 1, "url": null }, "geometry": null },
{ "type": "Feature", "properties": { "fid": 14889, "num_pieza": 70, "tipo": "Dibujo", "ruta": "./media/8/piezas_destacadas/70/Dibujo/privado/Plato_6687.jpg", "publico": 0, "url": null }, "geometry": null },
{ "type": "Feature", "properties": { "fid": 14890, "num_pieza": 70, "tipo": "Dibujo", "ruta": "./media/8/piezas_destacadas/70/Dibujo/privado/Plato_6687.svg", "publico": 0, "url": null }, "geometry": null },
{ "type": "Feature", "properties": { "fid": 14891, "num_pieza": 71, "tipo": "Foto", "ruta": "./media/8/piezas_destacadas/71/Foto/público/PLATO_ROSO_FLOR_CENTRAL_N.jpg", "publico": 1, "url": null }, "geometry": null },
{ "type": "Feature", "properties": { "fid": 14892, "num_pieza": 71, "tipo": "Foto", "ruta": "./media/8/piezas_destacadas/71/Foto/privado/PLATO_ROSO_FLOR_CENTRAL_.jpg", "publico": 0, "url": null }, "geometry": null },
{ "type": "Feature", "properties": { "fid": 14893, "num_pieza": 71, "tipo": "Foto", "ruta": "./media/8/piezas_destacadas/71/Foto/privado/PLATO_ROSO_FLOR_CENTRAL_N.jpg", "publico": 0, "url": null }, "geometry": null },
{ "type": "Feature", "properties": { "fid": 14894, "num_pieza": 71, "tipo": "Dibujo", "ruta": "./media/8/piezas_destacadas/71/Dibujo/público/Plato_6824.jpg", "publico": 1, "url": null }, "geometry": null },
{ "type": "Feature", "properties": { "fid": 14895, "num_pieza": 71, "tipo": "Dibujo", "ruta": "./media/8/piezas_destacadas/71/Dibujo/privado/Plato_6824.jpg", "publico": 0, "url": null }, "geometry": null },
{ "type": "Feature", "properties": { "fid": 14896, "num_pieza": 71, "tipo": "Dibujo", "ruta": "./media/8/piezas_destacadas/71/Dibujo/privado/Plato_6824.svg", "publico": 0, "url": null }, "geometry": null },
{ "type": "Feature", "properties": { "fid": 14897, "num_pieza": 72, "tipo": "Foto", "ruta": "./media/8/piezas_destacadas/72/Foto/público/INT_8_FRUTERO_AZUL_N.jpg", "publico": 1, "url": null }, "geometry": null },
{ "type": "Feature", "properties": { "fid": 14898, "num_pieza": 72, "tipo": "Foto", "ruta": "./media/8/piezas_destacadas/72/Foto/privado/INT_8_FRUTERO_AZUL_B.png", "publico": 0, "url": null }, "geometry": null },
{ "type": "Feature", "properties": { "fid": 14899, "num_pieza": 72, "tipo": "Foto", "ruta": "./media/8/piezas_destacadas/72/Foto/privado/INT_8_FRUTERO_AZUL_N.jpg", "publico": 0, "url": null }, "geometry": null },
{ "type": "Feature", "properties": { "fid": 14900, "num_pieza": 72, "tipo": "Dibujo", "ruta": "./media/8/piezas_destacadas/72/Dibujo/público/Frutero_Cubeta_6752.jpg", "publico": 1, "url": null }, "geometry": null },
{ "type": "Feature", "properties": { "fid": 14901, "num_pieza": 72, "tipo": "Dibujo", "ruta": "./media/8/piezas_destacadas/72/Dibujo/privado/Frutero_Cubeta_6752.png", "publico": 0, "url": null }, "geometry": null },
{ "type": "Feature", "properties": { "fid": 14902, "num_pieza": 72, "tipo": "Dibujo", "ruta": "./media/8/piezas_destacadas/72/Dibujo/privado/Frutero_Cubeta_6752.svg", "publico": 0, "url": null }, "geometry": null },
{ "type": "Feature", "properties": { "fid": 14903, "num_pieza": 73, "tipo": "Foto", "ruta": "./media/8/piezas_destacadas/73/Foto/público/INT_8_BOLICHE_N.jpg", "publico": 1, "url": null }, "geometry": null },
{ "type": "Feature", "properties": { "fid": 14904, "num_pieza": 73, "tipo": "Foto", "ruta": "./media/8/piezas_destacadas/73/Foto/privado/INT_8_BOLICHE_B.jpg", "publico": 0, "url": null }, "geometry": null },
{ "type": "Feature", "properties": { "fid": 14905, "num_pieza": 73, "tipo": "Foto", "ruta": "./media/8/piezas_destacadas/73/Foto/privado/INT_8_BOLICHE_N.jpg", "publico": 0, "url": null }, "geometry": null },
{ "type": "Feature", "properties": { "fid": 14906, "num_pieza": 73, "tipo": "Dibujo", "ruta": "./media/8/piezas_destacadas/73/Dibujo/público/Boliche_6898.jpg", "publico": 1, "url": null }, "geometry": null },
{ "type": "Feature", "properties": { "fid": 14907, "num_pieza": 73, "tipo": "Dibujo", "ruta": "./media/8/piezas_destacadas/73/Dibujo/privado/Boliche_6898.png", "publico": 0, "url": null }, "geometry": null },
{ "type": "Feature", "properties": { "fid": 14908, "num_pieza": 73, "tipo": "Dibujo", "ruta": "./media/8/piezas_destacadas/73/Dibujo/privado/Boliche_6898.svg", "publico": 0, "url": null }, "geometry": null },
{ "type": "Feature", "properties": { "fid": 14909, "num_pieza": 74, "tipo": "Foto", "ruta": "./media/8/piezas_destacadas/74/Foto/público/INT_8_P_28_N.jpg", "publico": 1, "url": null }, "geometry": null },
{ "type": "Feature", "properties": { "fid": 14910, "num_pieza": 74, "tipo": "Foto", "ruta": "./media/8/piezas_destacadas/74/Foto/privado/INT_8_P_28_B.jpg", "publico": 0, "url": null }, "geometry": null },
{ "type": "Feature", "properties": { "fid": 14911, "num_pieza": 74, "tipo": "Foto", "ruta": "./media/8/piezas_destacadas/74/Foto/privado/INT_8_P_28_N.jpg", "publico": 0, "url": null }, "geometry": null },
{ "type": "Feature", "properties": { "fid": 14912, "num_pieza": 74, "tipo": "Dibujo", "ruta": "./media/8/piezas_destacadas/74/Dibujo/público/Plato_11_6898.jpg", "publico": 1, "url": null }, "geometry": null },
{ "type": "Feature", "properties": { "fid": 14913, "num_pieza": 74, "tipo": "Dibujo", "ruta": "./media/8/piezas_destacadas/74/Dibujo/privado/Plato_11_6898.png", "publico": 0, "url": null }, "geometry": null },
{ "type": "Feature", "properties": { "fid": 14914, "num_pieza": 74, "tipo": "Dibujo", "ruta": "./media/8/piezas_destacadas/74/Dibujo/privado/Plato_11_6898.svg", "publico": 0, "url": null }, "geometry": null },
{ "type": "Feature", "properties": { "fid": 14915, "num_pieza": 75, "tipo": "Dibujo", "ruta": "./media/8/piezas_destacadas/75/Dibujo/público/Jicara.jpg", "publico": 1, "url": null }, "geometry": null },
{ "type": "Feature", "properties": { "fid": 14916, "num_pieza": 75, "tipo": "Dibujo", "ruta": "./media/8/piezas_destacadas/75/Dibujo/privado/Jicara.png", "publico": 0, "url": null }, "geometry": null },
{ "type": "Feature", "properties": { "fid": 14917, "num_pieza": 75, "tipo": "Dibujo", "ruta": "./media/8/piezas_destacadas/75/Dibujo/privado/Jicara.svg", "publico": 0, "url": null }, "geometry": null },
{ "type": "Feature", "properties": { "fid": 14918, "num_pieza": 76, "tipo": "Foto", "ruta": "./media/8/piezas_destacadas/76/Foto/público/JICARAS CON ASA_B_int_8 (2).jpg", "publico": 1, "url": null }, "geometry": null },
{ "type": "Feature", "properties": { "fid": 14919, "num_pieza": 76, "tipo": "Foto", "ruta": "./media/8/piezas_destacadas/76/Foto/privado/JICARAS CON ASA_B_int_8 (1).jpg", "publico": 0, "url": null }, "geometry": null },
{ "type": "Feature", "properties": { "fid": 14920, "num_pieza": 76, "tipo": "Foto", "ruta": "./media/8/piezas_destacadas/76/Foto/privado/JICARAS CON ASA_B_int_8 (2).jpg", "publico": 0, "url": null }, "geometry": null },
{ "type": "Feature", "properties": { "fid": 14921, "num_pieza": 76, "tipo": "Dibujo", "ruta": "./media/8/piezas_destacadas/76/Dibujo/público/Jicara_Cilindrica.jpg", "publico": 1, "url": null }, "geometry": null },
{ "type": "Feature", "properties": { "fid": 14922, "num_pieza": 76, "tipo": "Dibujo", "ruta": "./media/8/piezas_destacadas/76/Dibujo/privado/Jicara_Cilindrica.jpg", "publico": 0, "url": null }, "geometry": null },
{ "type": "Feature", "properties": { "fid": 14923, "num_pieza": 76, "tipo": "Dibujo", "ruta": "./media/8/piezas_destacadas/76/Dibujo/privado/Jicara_Cilindrica.svg", "publico": 0, "url": null }, "geometry": null },
{ "type": "Feature", "properties": { "fid": 14924, "num_pieza": 77, "tipo": "Foto", "ruta": "./media/8/piezas_destacadas/77/Foto/público/INT_8_P_16_N.jpg", "publico": 1, "url": null }, "geometry": null },
{ "type": "Feature", "properties": { "fid": 14925, "num_pieza": 77, "tipo": "Foto", "ruta": "./media/8/piezas_destacadas/77/Foto/privado/INT_8_P_16_B.jpg", "publico": 0, "url": null }, "geometry": null },
{ "type": "Feature", "properties": { "fid": 14926, "num_pieza": 77, "tipo": "Foto", "ruta": "./media/8/piezas_destacadas/77/Foto/privado/INT_8_P_16_N.jpg", "publico": 0, "url": null }, "geometry": null },
{ "type": "Feature", "properties": { "fid": 14927, "num_pieza": 77, "tipo": "Dibujo", "ruta": "./media/8/piezas_destacadas/77/Dibujo/público/Cuenco.jpg", "publico": 1, "url": null }, "geometry": null },
{ "type": "Feature", "properties": { "fid": 14928, "num_pieza": 77, "tipo": "Dibujo", "ruta": "./media/8/piezas_destacadas/77/Dibujo/privado/Cuenco.png", "publico": 0, "url": null }, "geometry": null },
{ "type": "Feature", "properties": { "fid": 14929, "num_pieza": 77, "tipo": "Dibujo", "ruta": "./media/8/piezas_destacadas/77/Dibujo/privado/Cuenco_.svg", "publico": 0, "url": null }, "geometry": null },
{ "type": "Feature", "properties": { "fid": 14930, "num_pieza": 78, "tipo": "Foto", "ruta": "./media/8/piezas_destacadas/78/Foto/público/INT_8_P_24_N.jpg", "publico": 1, "url": null }, "geometry": null },
{ "type": "Feature", "properties": { "fid": 14931, "num_pieza": 78, "tipo": "Foto", "ruta": "./media/8/piezas_destacadas/78/Foto/privado/INT_8_P_24_B.jpg", "publico": 0, "url": null }, "geometry": null },
{ "type": "Feature", "properties": { "fid": 14932, "num_pieza": 78, "tipo": "Foto", "ruta": "./media/8/piezas_destacadas/78/Foto/privado/INT_8_P_24_N.jpg", "publico": 0, "url": null }, "geometry": null },
{ "type": "Feature", "properties": { "fid": 14933, "num_pieza": 78, "tipo": "Dibujo", "ruta": "./media/8/piezas_destacadas/78/Dibujo/público/Plato_n53_13650.jpg", "publico": 1, "url": null }, "geometry": null },
{ "type": "Feature", "properties": { "fid": 14934, "num_pieza": 78, "tipo": "Dibujo", "ruta": "./media/8/piezas_destacadas/78/Dibujo/privado/Plato_n53_13650.png", "publico": 0, "url": null }, "geometry": null },
{ "type": "Feature", "properties": { "fid": 14935, "num_pieza": 78, "tipo": "Dibujo", "ruta": "./media/8/piezas_destacadas/78/Dibujo/privado/Plato_n53_13650.svg", "publico": 0, "url": null }, "geometry": null },
{ "type": "Feature", "properties": { "fid": 14936, "num_pieza": 287, "tipo": "Foto", "ruta": "./media/80/piezas_destacadas/287/Foto/público/AGUILA_INT_80_N.jpg", "publico": 1, "url": null }, "geometry": null },
{ "type": "Feature", "properties": { "fid": 14937, "num_pieza": 287, "tipo": "Foto", "ruta": "./media/80/piezas_destacadas/287/Foto/privado/AGUILA_INT_80.png", "publico": 0, "url": null }, "geometry": null },
{ "type": "Feature", "properties": { "fid": 14938, "num_pieza": 287, "tipo": "Foto", "ruta": "./media/80/piezas_destacadas/287/Foto/privado/AGUILA_INT_80_B.jpg", "publico": 0, "url": null }, "geometry": null },
{ "type": "Feature", "properties": { "fid": 14939, "num_pieza": 287, "tipo": "Foto", "ruta": "./media/80/piezas_destacadas/287/Foto/privado/AGUILA_INT_80_N.jpg", "publico": 0, "url": null }, "geometry": null },
{ "type": "Feature", "properties": { "fid": 14940, "num_pieza": 288, "tipo": "Foto", "ruta": "./media/80/piezas_destacadas/288/Foto/público/AZULEJO_INT_80_N.jpg", "publico": 1, "url": null }, "geometry": null },
{ "type": "Feature", "properties": { "fid": 14941, "num_pieza": 288, "tipo": "Foto", "ruta": "./media/80/piezas_destacadas/288/Foto/privado/AZULEJO_INT_80.png", "publico": 0, "url": null }, "geometry": null },
{ "type": "Feature", "properties": { "fid": 14942, "num_pieza": 288, "tipo": "Foto", "ruta": "./media/80/piezas_destacadas/288/Foto/privado/AZULEJO_INT_80_B.jpg", "publico": 0, "url": null }, "geometry": null },
{ "type": "Feature", "properties": { "fid": 14943, "num_pieza": 288, "tipo": "Foto", "ruta": "./media/80/piezas_destacadas/288/Foto/privado/AZULEJO_INT_80_N.jpg", "publico": 0, "url": null }, "geometry": null },
{ "type": "Feature", "properties": { "fid": 14944, "num_pieza": 288, "tipo": "Dibujo", "ruta": "./media/80/piezas_destacadas/288/Dibujo/público/INT_80_Azulejo_288.jpg", "publico": 1, "url": null }, "geometry": null },
{ "type": "Feature", "properties": { "fid": 14945, "num_pieza": 288, "tipo": "Dibujo", "ruta": "./media/80/piezas_destacadas/288/Dibujo/privado/INT_80_Azulejo_288.png", "publico": 0, "url": null }, "geometry": null },
{ "type": "Feature", "properties": { "fid": 14946, "num_pieza": 289, "tipo": "Foto", "ruta": "./media/81/piezas_destacadas/289/Foto/público/ORZA_PEQUEÑA_N_INT_81.jpg", "publico": 1, "url": null }, "geometry": null },
{ "type": "Feature", "properties": { "fid": 14947, "num_pieza": 289, "tipo": "Foto", "ruta": "./media/81/piezas_destacadas/289/Foto/privado/ORZA_PEQUEÑA_INT_81.jpg", "publico": 0, "url": null }, "geometry": null },
{ "type": "Feature", "properties": { "fid": 14948, "num_pieza": 289, "tipo": "Foto", "ruta": "./media/81/piezas_destacadas/289/Foto/privado/ORZA_PEQUEÑA_N_INT_81.jpg", "publico": 0, "url": null }, "geometry": null },
{ "type": "Feature", "properties": { "fid": 14949, "num_pieza": 289, "tipo": "Dibujo", "ruta": "./media/81/piezas_destacadas/289/Dibujo/público/INT_81_OrzaPequeña.jpg", "publico": 1, "url": null }, "geometry": null },
{ "type": "Feature", "properties": { "fid": 14950, "num_pieza": 289, "tipo": "Dibujo", "ruta": "./media/81/piezas_destacadas/289/Dibujo/privado/INT_81_OrzaPequeña.png", "publico": 0, "url": null }, "geometry": null },
{ "type": "Feature", "properties": { "fid": 14951, "num_pieza": 290, "tipo": "Foto", "ruta": "./media/81/piezas_destacadas/290/Foto/público/HOZ_INT_81_N.jpg", "publico": 1, "url": null }, "geometry": null },
{ "type": "Feature", "properties": { "fid": 14952, "num_pieza": 290, "tipo": "Foto", "ruta": "./media/81/piezas_destacadas/290/Foto/privado/HOZ_INT_81.png", "publico": 0, "url": null }, "geometry": null },
{ "type": "Feature", "properties": { "fid": 14953, "num_pieza": 290, "tipo": "Foto", "ruta": "./media/81/piezas_destacadas/290/Foto/privado/HOZ_INT_81_B.jpg", "publico": 0, "url": null }, "geometry": null },
{ "type": "Feature", "properties": { "fid": 14954, "num_pieza": 290, "tipo": "Foto", "ruta": "./media/81/piezas_destacadas/290/Foto/privado/HOZ_INT_81_N.jpg", "publico": 0, "url": null }, "geometry": null },
{ "type": "Feature", "properties": { "fid": 14955, "num_pieza": 291, "tipo": "Foto", "ruta": "./media/81/piezas_destacadas/291/Foto/público/ESCUDILLA_COSCOLIN_N_INT_81.jpg", "publico": 1, "url": null }, "geometry": null },
{ "type": "Feature", "properties": { "fid": 14956, "num_pieza": 291, "tipo": "Foto", "ruta": "./media/81/piezas_destacadas/291/Foto/privado/ESCUDILLA_COSCOLIN_B_INT_81.jpg", "publico": 0, "url": null }, "geometry": null },
{ "type": "Feature", "properties": { "fid": 14957, "num_pieza": 291, "tipo": "Foto", "ruta": "./media/81/piezas_destacadas/291/Foto/privado/ESCUDILLA_COSCOLIN_N_INT_81.jpg", "publico": 0, "url": null }, "geometry": null },
{ "type": "Feature", "properties": { "fid": 14958, "num_pieza": 291, "tipo": "Dibujo", "ruta": "./media/81/piezas_destacadas/291/Dibujo/público/INT_EscudillaAzul.jpg", "publico": 1, "url": null }, "geometry": null },
{ "type": "Feature", "properties": { "fid": 14959, "num_pieza": 291, "tipo": "Dibujo", "ruta": "./media/81/piezas_destacadas/291/Dibujo/privado/INT_EscudillaAzul.png", "publico": 0, "url": null }, "geometry": null },
{ "type": "Feature", "properties": { "fid": 14960, "num_pieza": 292, "tipo": "Foto", "ruta": "./media/81/piezas_destacadas/292/Foto/público/MONEDA FERNANDO CATOLICO_INT_81_N.jpg", "publico": 1, "url": null }, "geometry": null },
{ "type": "Feature", "properties": { "fid": 14961, "num_pieza": 292, "tipo": "Foto", "ruta": "./media/81/piezas_destacadas/292/Foto/privado/MONEDA FERNANDO CATOLICO_INT_81.png", "publico": 0, "url": null }, "geometry": null },
{ "type": "Feature", "properties": { "fid": 14962, "num_pieza": 292, "tipo": "Foto", "ruta": "./media/81/piezas_destacadas/292/Foto/privado/MONEDA FERNANDO CATOLICO_INT_81_B.jpg", "publico": 0, "url": null }, "geometry": null },
{ "type": "Feature", "properties": { "fid": 14963, "num_pieza": 292, "tipo": "Foto", "ruta": "./media/81/piezas_destacadas/292/Foto/privado/MONEDA FERNANDO CATOLICO_INT_81_N.jpg", "publico": 0, "url": null }, "geometry": null },
{ "type": "Feature", "properties": { "fid": 14964, "num_pieza": 293, "tipo": "Foto", "ruta": "./media/81/piezas_destacadas/293/Foto/público/293_n.jpg", "publico": 1, "url": null }, "geometry": null },
{ "type": "Feature", "properties": { "fid": 14965, "num_pieza": 293, "tipo": "Foto", "ruta": "./media/81/piezas_destacadas/293/Foto/privado/293_.png", "publico": 0, "url": null }, "geometry": null },
{ "type": "Feature", "properties": { "fid": 14966, "num_pieza": 293, "tipo": "Foto", "ruta": "./media/81/piezas_destacadas/293/Foto/privado/293_b.jpg", "publico": 0, "url": null }, "geometry": null },
{ "type": "Feature", "properties": { "fid": 14967, "num_pieza": 293, "tipo": "Foto", "ruta": "./media/81/piezas_destacadas/293/Foto/privado/293_n.jpg", "publico": 0, "url": null }, "geometry": null },
{ "type": "Feature", "properties": { "fid": 14968, "num_pieza": 293, "tipo": "Dibujo", "ruta": "./media/81/piezas_destacadas/293/Dibujo/público/dibujo blanco.jpg", "publico": 1, "url": null }, "geometry": null },
{ "type": "Feature", "properties": { "fid": 14969, "num_pieza": 293, "tipo": "Dibujo", "ruta": "./media/81/piezas_destacadas/293/Dibujo/privado/dibujo blanco.png", "publico": 0, "url": null }, "geometry": null },
{ "type": "Feature", "properties": { "fid": 14970, "num_pieza": 294, "tipo": "Foto", "ruta": "./media/81/piezas_destacadas/294/Foto/público/294_n.jpg", "publico": 1, "url": null }, "geometry": null },
{ "type": "Feature", "properties": { "fid": 14971, "num_pieza": 294, "tipo": "Foto", "ruta": "./media/81/piezas_destacadas/294/Foto/privado/294_.jpg", "publico": 0, "url": null }, "geometry": null },
{ "type": "Feature", "properties": { "fid": 14972, "num_pieza": 294, "tipo": "Foto", "ruta": "./media/81/piezas_destacadas/294/Foto/privado/294_.png", "publico": 0, "url": null }, "geometry": null },
{ "type": "Feature", "properties": { "fid": 14973, "num_pieza": 294, "tipo": "Foto", "ruta": "./media/81/piezas_destacadas/294/Foto/privado/294_n.jpg", "publico": 0, "url": null }, "geometry": null },
{ "type": "Feature", "properties": { "fid": 14974, "num_pieza": 294, "tipo": "Dibujo", "ruta": "./media/81/piezas_destacadas/294/Dibujo/público/dibujo blanco.jpg", "publico": 1, "url": null }, "geometry": null },
{ "type": "Feature", "properties": { "fid": 14975, "num_pieza": 294, "tipo": "Dibujo", "ruta": "./media/81/piezas_destacadas/294/Dibujo/privado/dibujo blanco.png", "publico": 0, "url": null }, "geometry": null },
{ "type": "Feature", "properties": { "fid": 14976, "num_pieza": 295, "tipo": "Foto", "ruta": "./media/81/piezas_destacadas/295/Foto/público/295_n.jpg", "publico": 1, "url": null }, "geometry": null },
{ "type": "Feature", "properties": { "fid": 14977, "num_pieza": 295, "tipo": "Foto", "ruta": "./media/81/piezas_destacadas/295/Foto/privado/295_.png", "publico": 0, "url": null }, "geometry": null },
{ "type": "Feature", "properties": { "fid": 14978, "num_pieza": 295, "tipo": "Foto", "ruta": "./media/81/piezas_destacadas/295/Foto/privado/295_b.jpg", "publico": 0, "url": null }, "geometry": null },
{ "type": "Feature", "properties": { "fid": 14979, "num_pieza": 295, "tipo": "Foto", "ruta": "./media/81/piezas_destacadas/295/Foto/privado/295_n.jpg", "publico": 0, "url": null }, "geometry": null },
{ "type": "Feature", "properties": { "fid": 14980, "num_pieza": 295, "tipo": "Dibujo", "ruta": "./media/81/piezas_destacadas/295/Dibujo/público/dibujo blanco.jpg", "publico": 1, "url": null }, "geometry": null },
{ "type": "Feature", "properties": { "fid": 14981, "num_pieza": 295, "tipo": "Dibujo", "ruta": "./media/81/piezas_destacadas/295/Dibujo/privado/dibujo blanco.jpg", "publico": 0, "url": null }, "geometry": null },
{ "type": "Feature", "properties": { "fid": 14982, "num_pieza": 296, "tipo": "Foto", "ruta": "./media/81/piezas_destacadas/296/Foto/público/296_n.jpg", "publico": 1, "url": null }, "geometry": null },
{ "type": "Feature", "properties": { "fid": 14983, "num_pieza": 296, "tipo": "Foto", "ruta": "./media/81/piezas_destacadas/296/Foto/privado/296_.png", "publico": 0, "url": null }, "geometry": null },
{ "type": "Feature", "properties": { "fid": 14984, "num_pieza": 296, "tipo": "Foto", "ruta": "./media/81/piezas_destacadas/296/Foto/privado/296_b.jpg", "publico": 0, "url": null }, "geometry": null },
{ "type": "Feature", "properties": { "fid": 14985, "num_pieza": 296, "tipo": "Foto", "ruta": "./media/81/piezas_destacadas/296/Foto/privado/296_n.jpg", "publico": 0, "url": null }, "geometry": null },
{ "type": "Feature", "properties": { "fid": 14986, "num_pieza": 296, "tipo": "Dibujo", "ruta": "./media/81/piezas_destacadas/296/Dibujo/público/dibujo blanco.jpg", "publico": 1, "url": null }, "geometry": null },
{ "type": "Feature", "properties": { "fid": 14987, "num_pieza": 296, "tipo": "Dibujo", "ruta": "./media/81/piezas_destacadas/296/Dibujo/privado/dibujo blanco.jpg", "publico": 0, "url": null }, "geometry": null },
{ "type": "Feature", "properties": { "fid": 14988, "num_pieza": 297, "tipo": "Foto", "ruta": "./media/81/piezas_destacadas/297/Foto/público/297_n.jpg", "publico": 1, "url": null }, "geometry": null },
{ "type": "Feature", "properties": { "fid": 14989, "num_pieza": 297, "tipo": "Foto", "ruta": "./media/81/piezas_destacadas/297/Foto/privado/297_.png", "publico": 0, "url": null }, "geometry": null },
{ "type": "Feature", "properties": { "fid": 14990, "num_pieza": 297, "tipo": "Foto", "ruta": "./media/81/piezas_destacadas/297/Foto/privado/297_b.jpg", "publico": 0, "url": null }, "geometry": null },
{ "type": "Feature", "properties": { "fid": 14991, "num_pieza": 297, "tipo": "Foto", "ruta": "./media/81/piezas_destacadas/297/Foto/privado/297_n.jpg", "publico": 0, "url": null }, "geometry": null },
{ "type": "Feature", "properties": { "fid": 14992, "num_pieza": 297, "tipo": "Dibujo", "ruta": "./media/81/piezas_destacadas/297/Dibujo/público/INT_81_Plato_297.jpg", "publico": 1, "url": null }, "geometry": null },
{ "type": "Feature", "properties": { "fid": 14993, "num_pieza": 297, "tipo": "Dibujo", "ruta": "./media/81/piezas_destacadas/297/Dibujo/privado/INT_81_Plato_297.png", "publico": 0, "url": null }, "geometry": null },
{ "type": "Feature", "properties": { "fid": 14994, "num_pieza": 298, "tipo": "Foto", "ruta": "./media/81/piezas_destacadas/298/Foto/público/298_n.jpg", "publico": 1, "url": null }, "geometry": null },
{ "type": "Feature", "properties": { "fid": 14995, "num_pieza": 298, "tipo": "Foto", "ruta": "./media/81/piezas_destacadas/298/Foto/privado/298_.png", "publico": 0, "url": null }, "geometry": null },
{ "type": "Feature", "properties": { "fid": 14996, "num_pieza": 298, "tipo": "Foto", "ruta": "./media/81/piezas_destacadas/298/Foto/privado/298_b.jpg", "publico": 0, "url": null }, "geometry": null },
{ "type": "Feature", "properties": { "fid": 14997, "num_pieza": 298, "tipo": "Foto", "ruta": "./media/81/piezas_destacadas/298/Foto/privado/298_n.jpg", "publico": 0, "url": null }, "geometry": null },
{ "type": "Feature", "properties": { "fid": 14998, "num_pieza": 298, "tipo": "Dibujo", "ruta": "./media/81/piezas_destacadas/298/Dibujo/público/dibujo blanco.jpg", "publico": 1, "url": null }, "geometry": null },
{ "type": "Feature", "properties": { "fid": 14999, "num_pieza": 298, "tipo": "Dibujo", "ruta": "./media/81/piezas_destacadas/298/Dibujo/privado/dibujo blanco.jpg", "publico": 0, "url": null }, "geometry": null },
{ "type": "Feature", "properties": { "fid": 15000, "num_pieza": 299, "tipo": "Foto", "ruta": "./media/81/piezas_destacadas/299/Foto/público/299_n.jpg", "publico": 1, "url": null }, "geometry": null },
{ "type": "Feature", "properties": { "fid": 15001, "num_pieza": 299, "tipo": "Foto", "ruta": "./media/81/piezas_destacadas/299/Foto/privado/299_.png", "publico": 0, "url": null }, "geometry": null },
{ "type": "Feature", "properties": { "fid": 15002, "num_pieza": 299, "tipo": "Foto", "ruta": "./media/81/piezas_destacadas/299/Foto/privado/299_b.jpg", "publico": 0, "url": null }, "geometry": null },
{ "type": "Feature", "properties": { "fid": 15003, "num_pieza": 299, "tipo": "Foto", "ruta": "./media/81/piezas_destacadas/299/Foto/privado/299_n.jpg", "publico": 0, "url": null }, "geometry": null },
{ "type": "Feature", "properties": { "fid": 15004, "num_pieza": 299, "tipo": "Dibujo", "ruta": "./media/81/piezas_destacadas/299/Dibujo/público/dibujo blanco.jpg", "publico": 1, "url": null }, "geometry": null },
{ "type": "Feature", "properties": { "fid": 15005, "num_pieza": 299, "tipo": "Dibujo", "ruta": "./media/81/piezas_destacadas/299/Dibujo/privado/dibujo blanco.jpg", "publico": 0, "url": null }, "geometry": null },
{ "type": "Feature", "properties": { "fid": 15006, "num_pieza": 300, "tipo": "Foto", "ruta": "./media/81/piezas_destacadas/300/Foto/público/300_n.jpg", "publico": 1, "url": null }, "geometry": null },
{ "type": "Feature", "properties": { "fid": 15007, "num_pieza": 300, "tipo": "Foto", "ruta": "./media/81/piezas_destacadas/300/Foto/privado/300_.png", "publico": 0, "url": null }, "geometry": null },
{ "type": "Feature", "properties": { "fid": 15008, "num_pieza": 300, "tipo": "Foto", "ruta": "./media/81/piezas_destacadas/300/Foto/privado/300_b.jpg", "publico": 0, "url": null }, "geometry": null },
{ "type": "Feature", "properties": { "fid": 15009, "num_pieza": 300, "tipo": "Foto", "ruta": "./media/81/piezas_destacadas/300/Foto/privado/300_n.jpg", "publico": 0, "url": null }, "geometry": null },
{ "type": "Feature", "properties": { "fid": 15010, "num_pieza": 300, "tipo": "Dibujo", "ruta": "./media/81/piezas_destacadas/300/Dibujo/público/dibujo blanco.jpg", "publico": 1, "url": null }, "geometry": null },
{ "type": "Feature", "properties": { "fid": 15011, "num_pieza": 300, "tipo": "Dibujo", "ruta": "./media/81/piezas_destacadas/300/Dibujo/privado/dibujo blanco.jpg", "publico": 0, "url": null }, "geometry": null },
{ "type": "Feature", "properties": { "fid": 15012, "num_pieza": 301, "tipo": "Foto", "ruta": "./media/81/piezas_destacadas/301/Foto/público/301_n.jpg", "publico": 1, "url": null }, "geometry": null },
{ "type": "Feature", "properties": { "fid": 15013, "num_pieza": 301, "tipo": "Foto", "ruta": "./media/81/piezas_destacadas/301/Foto/privado/301_.png", "publico": 0, "url": null }, "geometry": null },
{ "type": "Feature", "properties": { "fid": 15014, "num_pieza": 301, "tipo": "Foto", "ruta": "./media/81/piezas_destacadas/301/Foto/privado/301_b.jpg", "publico": 0, "url": null }, "geometry": null },
{ "type": "Feature", "properties": { "fid": 15015, "num_pieza": 301, "tipo": "Foto", "ruta": "./media/81/piezas_destacadas/301/Foto/privado/301_n.jpg", "publico": 0, "url": null }, "geometry": null },
{ "type": "Feature", "properties": { "fid": 15016, "num_pieza": 301, "tipo": "Dibujo", "ruta": "./media/81/piezas_destacadas/301/Dibujo/público/dibujo blanco.jpg", "publico": 1, "url": null }, "geometry": null },
{ "type": "Feature", "properties": { "fid": 15017, "num_pieza": 301, "tipo": "Dibujo", "ruta": "./media/81/piezas_destacadas/301/Dibujo/privado/dibujo blanco.jpg", "publico": 0, "url": null }, "geometry": null },
{ "type": "Feature", "properties": { "fid": 15018, "num_pieza": 302, "tipo": "Foto", "ruta": "./media/81/piezas_destacadas/302/Foto/público/302_n.jpg", "publico": 1, "url": null }, "geometry": null },
{ "type": "Feature", "properties": { "fid": 15019, "num_pieza": 302, "tipo": "Foto", "ruta": "./media/81/piezas_destacadas/302/Foto/privado/302_.png", "publico": 0, "url": null }, "geometry": null },
{ "type": "Feature", "properties": { "fid": 15020, "num_pieza": 302, "tipo": "Foto", "ruta": "./media/81/piezas_destacadas/302/Foto/privado/302_b.jpg", "publico": 0, "url": null }, "geometry": null },
{ "type": "Feature", "properties": { "fid": 15021, "num_pieza": 302, "tipo": "Foto", "ruta": "./media/81/piezas_destacadas/302/Foto/privado/302_n.jpg", "publico": 0, "url": null }, "geometry": null },
{ "type": "Feature", "properties": { "fid": 15022, "num_pieza": 302, "tipo": "Dibujo", "ruta": "./media/81/piezas_destacadas/302/Dibujo/público/1946.jpg", "publico": 1, "url": null }, "geometry": null },
{ "type": "Feature", "properties": { "fid": 15023, "num_pieza": 302, "tipo": "Dibujo", "ruta": "./media/81/piezas_destacadas/302/Dibujo/privado/1946.png", "publico": 0, "url": null }, "geometry": null },
{ "type": "Feature", "properties": { "fid": 15024, "num_pieza": 303, "tipo": "Foto", "ruta": "./media/81/piezas_destacadas/303/Foto/público/303_n.jpg", "publico": 1, "url": null }, "geometry": null },
{ "type": "Feature", "properties": { "fid": 15025, "num_pieza": 303, "tipo": "Foto", "ruta": "./media/81/piezas_destacadas/303/Foto/privado/303_.png", "publico": 0, "url": null }, "geometry": null },
{ "type": "Feature", "properties": { "fid": 15026, "num_pieza": 303, "tipo": "Foto", "ruta": "./media/81/piezas_destacadas/303/Foto/privado/303_b.jpg", "publico": 0, "url": null }, "geometry": null },
{ "type": "Feature", "properties": { "fid": 15027, "num_pieza": 303, "tipo": "Foto", "ruta": "./media/81/piezas_destacadas/303/Foto/privado/303_n.jpg", "publico": 0, "url": null }, "geometry": null },
{ "type": "Feature", "properties": { "fid": 15028, "num_pieza": 303, "tipo": "Dibujo", "ruta": "./media/81/piezas_destacadas/303/Dibujo/público/dibujo blanco.jpg", "publico": 1, "url": null }, "geometry": null },
{ "type": "Feature", "properties": { "fid": 15029, "num_pieza": 303, "tipo": "Dibujo", "ruta": "./media/81/piezas_destacadas/303/Dibujo/privado/dibujo blanco.jpg", "publico": 0, "url": null }, "geometry": null },
{ "type": "Feature", "properties": { "fid": 15030, "num_pieza": 304, "tipo": "Foto", "ruta": "./media/81/piezas_destacadas/304/Foto/público/304_n.jpg", "publico": 1, "url": null }, "geometry": null },
{ "type": "Feature", "properties": { "fid": 15031, "num_pieza": 304, "tipo": "Foto", "ruta": "./media/81/piezas_destacadas/304/Foto/privado/304_.png", "publico": 0, "url": null }, "geometry": null },
{ "type": "Feature", "properties": { "fid": 15032, "num_pieza": 304, "tipo": "Foto", "ruta": "./media/81/piezas_destacadas/304/Foto/privado/304_b.jpg", "publico": 0, "url": null }, "geometry": null },
{ "type": "Feature", "properties": { "fid": 15033, "num_pieza": 304, "tipo": "Foto", "ruta": "./media/81/piezas_destacadas/304/Foto/privado/304_n.jpg", "publico": 0, "url": null }, "geometry": null },
{ "type": "Feature", "properties": { "fid": 15034, "num_pieza": 304, "tipo": "Dibujo", "ruta": "./media/81/piezas_destacadas/304/Dibujo/público/dibujo blanco.jpg", "publico": 1, "url": null }, "geometry": null },
{ "type": "Feature", "properties": { "fid": 15035, "num_pieza": 304, "tipo": "Dibujo", "ruta": "./media/81/piezas_destacadas/304/Dibujo/privado/dibujo blanco.jpg", "publico": 0, "url": null }, "geometry": null },
{ "type": "Feature", "properties": { "fid": 15036, "num_pieza": 305, "tipo": "Foto", "ruta": "./media/81/piezas_destacadas/305/Foto/público/305_n.jpg", "publico": 1, "url": null }, "geometry": null },
{ "type": "Feature", "properties": { "fid": 15037, "num_pieza": 305, "tipo": "Foto", "ruta": "./media/81/piezas_destacadas/305/Foto/privado/305_.png", "publico": 0, "url": null }, "geometry": null },
{ "type": "Feature", "properties": { "fid": 15038, "num_pieza": 305, "tipo": "Foto", "ruta": "./media/81/piezas_destacadas/305/Foto/privado/305_b.jpg", "publico": 0, "url": null }, "geometry": null },
{ "type": "Feature", "properties": { "fid": 15039, "num_pieza": 305, "tipo": "Foto", "ruta": "./media/81/piezas_destacadas/305/Foto/privado/305_n.jpg", "publico": 0, "url": null }, "geometry": null },
{ "type": "Feature", "properties": { "fid": 15040, "num_pieza": 305, "tipo": "Dibujo", "ruta": "./media/81/piezas_destacadas/305/Dibujo/público/dibujo blanco.jpg", "publico": 1, "url": null }, "geometry": null },
{ "type": "Feature", "properties": { "fid": 15041, "num_pieza": 305, "tipo": "Dibujo", "ruta": "./media/81/piezas_destacadas/305/Dibujo/privado/dibujo blanco.jpg", "publico": 0, "url": null }, "geometry": null },
{ "type": "Feature", "properties": { "fid": 15042, "num_pieza": 306, "tipo": "Foto", "ruta": "./media/81/piezas_destacadas/306/Foto/público/306_n.jpg", "publico": 1, "url": null }, "geometry": null },
{ "type": "Feature", "properties": { "fid": 15043, "num_pieza": 306, "tipo": "Foto", "ruta": "./media/81/piezas_destacadas/306/Foto/privado/306_.png", "publico": 0, "url": null }, "geometry": null },
{ "type": "Feature", "properties": { "fid": 15044, "num_pieza": 306, "tipo": "Foto", "ruta": "./media/81/piezas_destacadas/306/Foto/privado/306_b.jpg", "publico": 0, "url": null }, "geometry": null },
{ "type": "Feature", "properties": { "fid": 15045, "num_pieza": 306, "tipo": "Foto", "ruta": "./media/81/piezas_destacadas/306/Foto/privado/306_n.jpg", "publico": 0, "url": null }, "geometry": null },
{ "type": "Feature", "properties": { "fid": 15046, "num_pieza": 306, "tipo": "Dibujo", "ruta": "./media/81/piezas_destacadas/306/Dibujo/público/dibujo blanco.jpg", "publico": 1, "url": null }, "geometry": null },
{ "type": "Feature", "properties": { "fid": 15047, "num_pieza": 306, "tipo": "Dibujo", "ruta": "./media/81/piezas_destacadas/306/Dibujo/privado/dibujo blanco.jpg", "publico": 0, "url": null }, "geometry": null },
{ "type": "Feature", "properties": { "fid": 15048, "num_pieza": 307, "tipo": "Foto", "ruta": "./media/81/piezas_destacadas/307/Foto/público/307_n.jpg", "publico": 1, "url": null }, "geometry": null },
{ "type": "Feature", "properties": { "fid": 15049, "num_pieza": 307, "tipo": "Foto", "ruta": "./media/81/piezas_destacadas/307/Foto/privado/307_.png", "publico": 0, "url": null }, "geometry": null },
{ "type": "Feature", "properties": { "fid": 15050, "num_pieza": 307, "tipo": "Foto", "ruta": "./media/81/piezas_destacadas/307/Foto/privado/307_b.jpg", "publico": 0, "url": null }, "geometry": null },
{ "type": "Feature", "properties": { "fid": 15051, "num_pieza": 307, "tipo": "Foto", "ruta": "./media/81/piezas_destacadas/307/Foto/privado/307_n.jpg", "publico": 0, "url": null }, "geometry": null },
{ "type": "Feature", "properties": { "fid": 15052, "num_pieza": 308, "tipo": "Foto", "ruta": "./media/81/piezas_destacadas/308/Foto/público/308_n.jpg", "publico": 1, "url": null }, "geometry": null },
{ "type": "Feature", "properties": { "fid": 15053, "num_pieza": 308, "tipo": "Foto", "ruta": "./media/81/piezas_destacadas/308/Foto/privado/308_.png", "publico": 0, "url": null }, "geometry": null },
{ "type": "Feature", "properties": { "fid": 15054, "num_pieza": 308, "tipo": "Foto", "ruta": "./media/81/piezas_destacadas/308/Foto/privado/308_b.jpg", "publico": 0, "url": null }, "geometry": null },
{ "type": "Feature", "properties": { "fid": 15055, "num_pieza": 308, "tipo": "Foto", "ruta": "./media/81/piezas_destacadas/308/Foto/privado/308_n.jpg", "publico": 0, "url": null }, "geometry": null },
{ "type": "Feature", "properties": { "fid": 15056, "num_pieza": 308, "tipo": "Dibujo", "ruta": "./media/81/piezas_destacadas/308/Dibujo/público/dibujo blanco.jpg", "publico": 1, "url": null }, "geometry": null },
{ "type": "Feature", "properties": { "fid": 15057, "num_pieza": 308, "tipo": "Dibujo", "ruta": "./media/81/piezas_destacadas/308/Dibujo/privado/dibujo blanco.jpg", "publico": 0, "url": null }, "geometry": null },
{ "type": "Feature", "properties": { "fid": 15058, "num_pieza": 309, "tipo": "Foto", "ruta": "./media/81/piezas_destacadas/309/Foto/público/309_n.jpg", "publico": 1, "url": null }, "geometry": null },
{ "type": "Feature", "properties": { "fid": 15059, "num_pieza": 309, "tipo": "Foto", "ruta": "./media/81/piezas_destacadas/309/Foto/privado/309_b.jpg", "publico": 0, "url": null }, "geometry": null },
{ "type": "Feature", "properties": { "fid": 15060, "num_pieza": 309, "tipo": "Foto", "ruta": "./media/81/piezas_destacadas/309/Foto/privado/309_n.jpg", "publico": 0, "url": null }, "geometry": null },
{ "type": "Feature", "properties": { "fid": 15061, "num_pieza": 309, "tipo": "Foto", "ruta": "./media/81/piezas_destacadas/309/Foto/privado/309_n.png", "publico": 0, "url": null }, "geometry": null },
{ "type": "Feature", "properties": { "fid": 15062, "num_pieza": 309, "tipo": "Dibujo", "ruta": "./media/81/piezas_destacadas/309/Dibujo/público/dibujo blanco.jpg", "publico": 1, "url": null }, "geometry": null },
{ "type": "Feature", "properties": { "fid": 15063, "num_pieza": 309, "tipo": "Dibujo", "ruta": "./media/81/piezas_destacadas/309/Dibujo/privado/dibujo blanco.jpg", "publico": 0, "url": null }, "geometry": null },
{ "type": "Feature", "properties": { "fid": 15064, "num_pieza": 310, "tipo": "Foto", "ruta": "./media/81/piezas_destacadas/310/Foto/público/310_n.jpg", "publico": 1, "url": null }, "geometry": null },
{ "type": "Feature", "properties": { "fid": 15065, "num_pieza": 310, "tipo": "Foto", "ruta": "./media/81/piezas_destacadas/310/Foto/privado/310_.png", "publico": 0, "url": null }, "geometry": null },
{ "type": "Feature", "properties": { "fid": 15066, "num_pieza": 310, "tipo": "Foto", "ruta": "./media/81/piezas_destacadas/310/Foto/privado/310_b.jpg", "publico": 0, "url": null }, "geometry": null },
{ "type": "Feature", "properties": { "fid": 15067, "num_pieza": 310, "tipo": "Foto", "ruta": "./media/81/piezas_destacadas/310/Foto/privado/310_n.jpg", "publico": 0, "url": null }, "geometry": null },
{ "type": "Feature", "properties": { "fid": 15068, "num_pieza": 310, "tipo": "Dibujo", "ruta": "./media/81/piezas_destacadas/310/Dibujo/público/dibujo blanco.jpg", "publico": 1, "url": null }, "geometry": null },
{ "type": "Feature", "properties": { "fid": 15069, "num_pieza": 310, "tipo": "Dibujo", "ruta": "./media/81/piezas_destacadas/310/Dibujo/privado/dibujo blanco.jpg", "publico": 0, "url": null }, "geometry": null },
{ "type": "Feature", "properties": { "fid": 15070, "num_pieza": 311, "tipo": "Foto", "ruta": "./media/81/piezas_destacadas/311/Foto/público/PLATO_STA_CLARA_INT_81_N.jpg", "publico": 1, "url": null }, "geometry": null },
{ "type": "Feature", "properties": { "fid": 15071, "num_pieza": 311, "tipo": "Foto", "ruta": "./media/81/piezas_destacadas/311/Foto/privado/PLATO_STA_CLARA_INT_81.png", "publico": 0, "url": null }, "geometry": null },
{ "type": "Feature", "properties": { "fid": 15072, "num_pieza": 311, "tipo": "Foto", "ruta": "./media/81/piezas_destacadas/311/Foto/privado/PLATO_STA_CLARA_INT_81_B.jpg", "publico": 0, "url": null }, "geometry": null },
{ "type": "Feature", "properties": { "fid": 15073, "num_pieza": 311, "tipo": "Foto", "ruta": "./media/81/piezas_destacadas/311/Foto/privado/PLATO_STA_CLARA_INT_81_N.jpg", "publico": 0, "url": null }, "geometry": null },
{ "type": "Feature", "properties": { "fid": 15074, "num_pieza": 311, "tipo": "Dibujo", "ruta": "./media/81/piezas_destacadas/311/Dibujo/público/INT_81_Plato_StaClara_311.jpg", "publico": 1, "url": null }, "geometry": null },
{ "type": "Feature", "properties": { "fid": 15075, "num_pieza": 311, "tipo": "Dibujo", "ruta": "./media/81/piezas_destacadas/311/Dibujo/privado/INT_81_Plato_StaClara_311.png", "publico": 0, "url": null }, "geometry": null },
{ "type": "Feature", "properties": { "fid": 15076, "num_pieza": 312, "tipo": "Foto", "ruta": "./media/81/piezas_destacadas/312/Foto/público/BOTIJO_GALLO_INT_81_N.jpg", "publico": 1, "url": null }, "geometry": null },
{ "type": "Feature", "properties": { "fid": 15077, "num_pieza": 312, "tipo": "Foto", "ruta": "./media/81/piezas_destacadas/312/Foto/privado/BOTIJO_GALLO_INT_81.png", "publico": 0, "url": null }, "geometry": null },
{ "type": "Feature", "properties": { "fid": 15078, "num_pieza": 312, "tipo": "Foto", "ruta": "./media/81/piezas_destacadas/312/Foto/privado/BOTIJO_GALLO_INT_81_B.jpg", "publico": 0, "url": null }, "geometry": null },
{ "type": "Feature", "properties": { "fid": 15079, "num_pieza": 312, "tipo": "Foto", "ruta": "./media/81/piezas_destacadas/312/Foto/privado/BOTIJO_GALLO_INT_81_N.jpg", "publico": 0, "url": null }, "geometry": null },
{ "type": "Feature", "properties": { "fid": 15080, "num_pieza": 312, "tipo": "Dibujo", "ruta": "./media/81/piezas_destacadas/312/Dibujo/público/INT_81_Botijo_Miguel_312.jpg", "publico": 1, "url": null }, "geometry": null },
{ "type": "Feature", "properties": { "fid": 15081, "num_pieza": 312, "tipo": "Dibujo", "ruta": "./media/81/piezas_destacadas/312/Dibujo/privado/INT_81_Botijo_Miguel_312.png", "publico": 0, "url": null }, "geometry": null },
{ "type": "Feature", "properties": { "fid": 15082, "num_pieza": 313, "tipo": "Foto", "ruta": "./media/81/piezas_destacadas/313/Foto/público/313_n.jpg", "publico": 1, "url": null }, "geometry": null },
{ "type": "Feature", "properties": { "fid": 15083, "num_pieza": 313, "tipo": "Foto", "ruta": "./media/81/piezas_destacadas/313/Foto/privado/313_.png", "publico": 0, "url": null }, "geometry": null },
{ "type": "Feature", "properties": { "fid": 15084, "num_pieza": 313, "tipo": "Foto", "ruta": "./media/81/piezas_destacadas/313/Foto/privado/313_b.jpg", "publico": 0, "url": null }, "geometry": null },
{ "type": "Feature", "properties": { "fid": 15085, "num_pieza": 313, "tipo": "Foto", "ruta": "./media/81/piezas_destacadas/313/Foto/privado/313_n.jpg", "publico": 0, "url": null }, "geometry": null },
{ "type": "Feature", "properties": { "fid": 15086, "num_pieza": 314, "tipo": "Foto", "ruta": "./media/81/piezas_destacadas/314/Foto/público/314_n.jpg", "publico": 1, "url": null }, "geometry": null },
{ "type": "Feature", "properties": { "fid": 15087, "num_pieza": 314, "tipo": "Foto", "ruta": "./media/81/piezas_destacadas/314/Foto/privado/314_.png", "publico": 0, "url": null }, "geometry": null },
{ "type": "Feature", "properties": { "fid": 15088, "num_pieza": 314, "tipo": "Foto", "ruta": "./media/81/piezas_destacadas/314/Foto/privado/314_b.jpg", "publico": 0, "url": null }, "geometry": null },
{ "type": "Feature", "properties": { "fid": 15089, "num_pieza": 314, "tipo": "Foto", "ruta": "./media/81/piezas_destacadas/314/Foto/privado/314_n.jpg", "publico": 0, "url": null }, "geometry": null },
{ "type": "Feature", "properties": { "fid": 15090, "num_pieza": 314, "tipo": "Dibujo", "ruta": "./media/81/piezas_destacadas/314/Dibujo/público/dibujo blanco.jpg", "publico": 1, "url": null }, "geometry": null },
{ "type": "Feature", "properties": { "fid": 15091, "num_pieza": 314, "tipo": "Dibujo", "ruta": "./media/81/piezas_destacadas/314/Dibujo/privado/dibujo blanco.jpg", "publico": 0, "url": null }, "geometry": null },
{ "type": "Feature", "properties": { "fid": 15092, "num_pieza": 315, "tipo": "Foto", "ruta": "./media/82/piezas_destacadas/315/Foto/público/jano_bifronte_int_82_n.jpg", "publico": 1, "url": null }, "geometry": null },
{ "type": "Feature", "properties": { "fid": 15093, "num_pieza": 315, "tipo": "Foto", "ruta": "./media/82/piezas_destacadas/315/Foto/privado/jano_bifronte_int_82.png", "publico": 0, "url": null }, "geometry": null },
{ "type": "Feature", "properties": { "fid": 15094, "num_pieza": 315, "tipo": "Foto", "ruta": "./media/82/piezas_destacadas/315/Foto/privado/jano_bifronte_int_82_b.jpg", "publico": 0, "url": null }, "geometry": null },
{ "type": "Feature", "properties": { "fid": 15095, "num_pieza": 315, "tipo": "Foto", "ruta": "./media/82/piezas_destacadas/315/Foto/privado/jano_bifronte_int_82_n.jpg", "publico": 0, "url": null }, "geometry": null },
{ "type": "Feature", "properties": { "fid": 15096, "num_pieza": 316, "tipo": "Dibujo", "ruta": "./media/82/piezas_destacadas/316/Dibujo/público/DENARIO_INT_82_N.jpg", "publico": 1, "url": null }, "geometry": null },
{ "type": "Feature", "properties": { "fid": 15097, "num_pieza": 316, "tipo": "Dibujo", "ruta": "./media/82/piezas_destacadas/316/Dibujo/privado/DENARIO_INT_82.png", "publico": 0, "url": null }, "geometry": null },
{ "type": "Feature", "properties": { "fid": 15098, "num_pieza": 316, "tipo": "Dibujo", "ruta": "./media/82/piezas_destacadas/316/Dibujo/privado/DENARIO_INT_82_B.jpg", "publico": 0, "url": null }, "geometry": null },
{ "type": "Feature", "properties": { "fid": 15099, "num_pieza": 316, "tipo": "Dibujo", "ruta": "./media/82/piezas_destacadas/316/Dibujo/privado/DENARIO_INT_82_N.jpg", "publico": 0, "url": null }, "geometry": null },
{ "type": "Feature", "properties": { "fid": 15100, "num_pieza": 317, "tipo": "Foto", "ruta": "./media/82/piezas_destacadas/317/Foto/público/MONEDA_ROMA_INT_82_N.jpg", "publico": 1, "url": null }, "geometry": null },
{ "type": "Feature", "properties": { "fid": 15101, "num_pieza": 317, "tipo": "Foto", "ruta": "./media/82/piezas_destacadas/317/Foto/privado/MONEDA_ROMA_INT_82.png", "publico": 0, "url": null }, "geometry": null },
{ "type": "Feature", "properties": { "fid": 15102, "num_pieza": 317, "tipo": "Foto", "ruta": "./media/82/piezas_destacadas/317/Foto/privado/MONEDA_ROMA_INT_82_B.jpg", "publico": 0, "url": null }, "geometry": null },
{ "type": "Feature", "properties": { "fid": 15103, "num_pieza": 317, "tipo": "Foto", "ruta": "./media/82/piezas_destacadas/317/Foto/privado/MONEDA_ROMA_INT_82_N.jpg", "publico": 0, "url": null }, "geometry": null },
{ "type": "Feature", "properties": { "fid": 15104, "num_pieza": 318, "tipo": "Foto", "ruta": "./media/82/piezas_destacadas/318/Foto/público/moneda_prusia_int_82_n.jpg", "publico": 1, "url": null }, "geometry": null },
{ "type": "Feature", "properties": { "fid": 15105, "num_pieza": 318, "tipo": "Foto", "ruta": "./media/82/piezas_destacadas/318/Foto/privado/moneda_prusia_int_82.jpg", "publico": 0, "url": null }, "geometry": null },
{ "type": "Feature", "properties": { "fid": 15106, "num_pieza": 318, "tipo": "Foto", "ruta": "./media/82/piezas_destacadas/318/Foto/privado/moneda_prusia_int_82.png", "publico": 0, "url": null }, "geometry": null },
{ "type": "Feature", "properties": { "fid": 15107, "num_pieza": 318, "tipo": "Foto", "ruta": "./media/82/piezas_destacadas/318/Foto/privado/moneda_prusia_int_82_n.jpg", "publico": 0, "url": null }, "geometry": null },
{ "type": "Feature", "properties": { "fid": 15108, "num_pieza": 319, "tipo": "Foto", "ruta": "./media/82/piezas_destacadas/319/Foto/público/moneda felipe V _INT 82_N.jpg", "publico": 1, "url": null }, "geometry": null },
{ "type": "Feature", "properties": { "fid": 15109, "num_pieza": 319, "tipo": "Foto", "ruta": "./media/82/piezas_destacadas/319/Foto/privado/moneda felipe V _INT 82.jpg", "publico": 0, "url": null }, "geometry": null },
{ "type": "Feature", "properties": { "fid": 15110, "num_pieza": 319, "tipo": "Foto", "ruta": "./media/82/piezas_destacadas/319/Foto/privado/moneda felipe V _INT 82.png", "publico": 0, "url": null }, "geometry": null },
{ "type": "Feature", "properties": { "fid": 15111, "num_pieza": 319, "tipo": "Foto", "ruta": "./media/82/piezas_destacadas/319/Foto/privado/moneda felipe V _INT 82_N.jpg", "publico": 0, "url": null }, "geometry": null },
{ "type": "Feature", "properties": { "fid": 15112, "num_pieza": 320, "tipo": "Foto", "ruta": "./media/82/piezas_destacadas/320/Foto/público/BOTON FRANCES_INT_82_N.jpg", "publico": 1, "url": null }, "geometry": null },
{ "type": "Feature", "properties": { "fid": 15113, "num_pieza": 320, "tipo": "Foto", "ruta": "./media/82/piezas_destacadas/320/Foto/privado/BOTON FRANCES_INT_82.png", "publico": 0, "url": null }, "geometry": null },
{ "type": "Feature", "properties": { "fid": 15114, "num_pieza": 320, "tipo": "Foto", "ruta": "./media/82/piezas_destacadas/320/Foto/privado/BOTON FRANCES_INT_82_B.jpg", "publico": 0, "url": null }, "geometry": null },
{ "type": "Feature", "properties": { "fid": 15115, "num_pieza": 320, "tipo": "Foto", "ruta": "./media/82/piezas_destacadas/320/Foto/privado/BOTON FRANCES_INT_82_N.jpg", "publico": 0, "url": null }, "geometry": null },
{ "type": "Feature", "properties": { "fid": 15116, "num_pieza": 321, "tipo": "Foto", "ruta": "./media/82/piezas_destacadas/321/Foto/público/MONEDA ARABE_INT_82_N.jpg", "publico": 1, "url": null }, "geometry": null },
{ "type": "Feature", "properties": { "fid": 15117, "num_pieza": 321, "tipo": "Foto", "ruta": "./media/82/piezas_destacadas/321/Foto/privado/MONEDA ARABE_INT_82.png", "publico": 0, "url": null }, "geometry": null },
{ "type": "Feature", "properties": { "fid": 15118, "num_pieza": 321, "tipo": "Foto", "ruta": "./media/82/piezas_destacadas/321/Foto/privado/MONEDA ARABE_INT_82_B.jpg", "publico": 0, "url": null }, "geometry": null },
{ "type": "Feature", "properties": { "fid": 15119, "num_pieza": 321, "tipo": "Foto", "ruta": "./media/82/piezas_destacadas/321/Foto/privado/MONEDA ARABE_INT_82_N.jpg", "publico": 0, "url": null }, "geometry": null },
{ "type": "Feature", "properties": { "fid": 15120, "num_pieza": 322, "tipo": "Foto", "ruta": "./media/82/piezas_destacadas/322/Foto/público/PUNTA FUNDA ESPADA_INT_82_N.jpg", "publico": 1, "url": null }, "geometry": null },
{ "type": "Feature", "properties": { "fid": 15121, "num_pieza": 322, "tipo": "Foto", "ruta": "./media/82/piezas_destacadas/322/Foto/privado/PUNTA FUNDA ESPADA_INT_82.png", "publico": 0, "url": null }, "geometry": null },
{ "type": "Feature", "properties": { "fid": 15122, "num_pieza": 322, "tipo": "Foto", "ruta": "./media/82/piezas_destacadas/322/Foto/privado/PUNTA FUNDA ESPADA_INT_82_B.jpg", "publico": 0, "url": null }, "geometry": null },
{ "type": "Feature", "properties": { "fid": 15123, "num_pieza": 322, "tipo": "Foto", "ruta": "./media/82/piezas_destacadas/322/Foto/privado/PUNTA FUNDA ESPADA_INT_82_N.jpg", "publico": 0, "url": null }, "geometry": null },
{ "type": "Feature", "properties": { "fid": 15124, "num_pieza": 323, "tipo": "Foto", "ruta": "./media/82/piezas_destacadas/323/Foto/público/BOTON LEGION_INT_82_N.jpg", "publico": 1, "url": null }, "geometry": null },
{ "type": "Feature", "properties": { "fid": 15125, "num_pieza": 323, "tipo": "Foto", "ruta": "./media/82/piezas_destacadas/323/Foto/privado/BOTON LEGION_INT_82.png", "publico": 0, "url": null }, "geometry": null },
{ "type": "Feature", "properties": { "fid": 15126, "num_pieza": 323, "tipo": "Foto", "ruta": "./media/82/piezas_destacadas/323/Foto/privado/BOTON LEGION_INT_82_B.jpg", "publico": 0, "url": null }, "geometry": null },
{ "type": "Feature", "properties": { "fid": 15127, "num_pieza": 323, "tipo": "Foto", "ruta": "./media/82/piezas_destacadas/323/Foto/privado/BOTON LEGION_INT_82_N.jpg", "publico": 0, "url": null }, "geometry": null },
{ "type": "Feature", "properties": { "fid": 15128, "num_pieza": 324, "tipo": "Foto", "ruta": "./media/84/piezas_destacadas/324/Foto/público/CRUZ CARAVACA_ INT_84_N.jpg", "publico": 1, "url": null }, "geometry": null },
{ "type": "Feature", "properties": { "fid": 15129, "num_pieza": 324, "tipo": "Foto", "ruta": "./media/84/piezas_destacadas/324/Foto/privado/CRUZ CARAVACA_ INT_84.png", "publico": 0, "url": null }, "geometry": null },
{ "type": "Feature", "properties": { "fid": 15130, "num_pieza": 324, "tipo": "Foto", "ruta": "./media/84/piezas_destacadas/324/Foto/privado/CRUZ CARAVACA_ INT_84_B.jpg", "publico": 0, "url": null }, "geometry": null },
{ "type": "Feature", "properties": { "fid": 15131, "num_pieza": 324, "tipo": "Foto", "ruta": "./media/84/piezas_destacadas/324/Foto/privado/CRUZ CARAVACA_ INT_84_N.jpg", "publico": 0, "url": null }, "geometry": null },
{ "type": "Feature", "properties": { "fid": 15132, "num_pieza": 325, "tipo": "Foto", "ruta": "./media/84/piezas_destacadas/325/Foto/público/ESCAPULARIO CORZANO_INT_84_N.jpg", "publico": 1, "url": null }, "geometry": null },
{ "type": "Feature", "properties": { "fid": 15133, "num_pieza": 325, "tipo": "Foto", "ruta": "./media/84/piezas_destacadas/325/Foto/privado/ESCAPULARIO CORZANO_INT_84.png", "publico": 0, "url": null }, "geometry": null },
{ "type": "Feature", "properties": { "fid": 15134, "num_pieza": 325, "tipo": "Foto", "ruta": "./media/84/piezas_destacadas/325/Foto/privado/ESCAPULARIO CORZANO_INT_84_B.jpg", "publico": 0, "url": null }, "geometry": null },
{ "type": "Feature", "properties": { "fid": 15135, "num_pieza": 325, "tipo": "Foto", "ruta": "./media/84/piezas_destacadas/325/Foto/privado/ESCAPULARIO CORZANO_INT_84_N.jpg", "publico": 0, "url": null }, "geometry": null },
{ "type": "Feature", "properties": { "fid": 15136, "num_pieza": 326, "tipo": "Foto", "ruta": "./media/84/piezas_destacadas/326/Foto/público/anillo_int_84_n.jpg", "publico": 1, "url": null }, "geometry": null },
{ "type": "Feature", "properties": { "fid": 15137, "num_pieza": 326, "tipo": "Foto", "ruta": "./media/84/piezas_destacadas/326/Foto/privado/anillo_int_84.png", "publico": 0, "url": null }, "geometry": null },
{ "type": "Feature", "properties": { "fid": 15138, "num_pieza": 326, "tipo": "Foto", "ruta": "./media/84/piezas_destacadas/326/Foto/privado/anillo_int_84_b.jpg", "publico": 0, "url": null }, "geometry": null },
{ "type": "Feature", "properties": { "fid": 15139, "num_pieza": 326, "tipo": "Foto", "ruta": "./media/84/piezas_destacadas/326/Foto/privado/anillo_int_84_n.jpg", "publico": 0, "url": null }, "geometry": null },
{ "type": "Feature", "properties": { "fid": 15140, "num_pieza": 327, "tipo": "Foto", "ruta": "./media/84/piezas_destacadas/327/Foto/público/TESORILLO_n.jpg", "publico": 1, "url": null }, "geometry": null },
{ "type": "Feature", "properties": { "fid": 15141, "num_pieza": 327, "tipo": "Foto", "ruta": "./media/84/piezas_destacadas/327/Foto/privado/TESORILLO.png", "publico": 0, "url": null }, "geometry": null },
{ "type": "Feature", "properties": { "fid": 15142, "num_pieza": 327, "tipo": "Foto", "ruta": "./media/84/piezas_destacadas/327/Foto/privado/TESORILLO_.jpg", "publico": 0, "url": null }, "geometry": null },
{ "type": "Feature", "properties": { "fid": 15143, "num_pieza": 327, "tipo": "Foto", "ruta": "./media/84/piezas_destacadas/327/Foto/privado/TESORILLO_n.jpg", "publico": 0, "url": null }, "geometry": null },
{ "type": "Feature", "properties": { "fid": 15144, "num_pieza": 328, "tipo": "Foto", "ruta": "./media/84/piezas_destacadas/328/Foto/público/SELLO_PIPA_INT_84_N.jpg", "publico": 1, "url": null }, "geometry": null },
{ "type": "Feature", "properties": { "fid": 15145, "num_pieza": 328, "tipo": "Foto", "ruta": "./media/84/piezas_destacadas/328/Foto/privado/PIPA_INT_84.png", "publico": 0, "url": null }, "geometry": null },
{ "type": "Feature", "properties": { "fid": 15146, "num_pieza": 328, "tipo": "Foto", "ruta": "./media/84/piezas_destacadas/328/Foto/privado/PIPA_INT_84_B.jpg", "publico": 0, "url": null }, "geometry": null },
{ "type": "Feature", "properties": { "fid": 15147, "num_pieza": 328, "tipo": "Foto", "ruta": "./media/84/piezas_destacadas/328/Foto/privado/PIPA_INT_84_N.jpg", "publico": 0, "url": null }, "geometry": null },
{ "type": "Feature", "properties": { "fid": 15148, "num_pieza": 328, "tipo": "Foto", "ruta": "./media/84/piezas_destacadas/328/Foto/privado/SELLO_PIPA_INT_84.png", "publico": 0, "url": null }, "geometry": null },
{ "type": "Feature", "properties": { "fid": 15149, "num_pieza": 328, "tipo": "Foto", "ruta": "./media/84/piezas_destacadas/328/Foto/privado/SELLO_PIPA_INT_84_B.jpg", "publico": 0, "url": null }, "geometry": null },
{ "type": "Feature", "properties": { "fid": 15150, "num_pieza": 328, "tipo": "Foto", "ruta": "./media/84/piezas_destacadas/328/Foto/privado/SELLO_PIPA_INT_84_N.jpg", "publico": 0, "url": null }, "geometry": null },
{ "type": "Feature", "properties": { "fid": 15151, "num_pieza": 329, "tipo": "Foto", "ruta": "./media/84/piezas_destacadas/329/Foto/público/Lapida_San_Nicolas.jpg", "publico": 1, "url": null }, "geometry": null },
{ "type": "Feature", "properties": { "fid": 15152, "num_pieza": 329, "tipo": "Foto", "ruta": "./media/84/piezas_destacadas/329/Foto/privado/Lapida_San_Nicolas.jpg", "publico": 0, "url": null }, "geometry": null },
{ "type": "Feature", "properties": { "fid": 15153, "num_pieza": 330, "tipo": "Foto", "ruta": "./media/84/piezas_destacadas/330/Foto/público/YESERIA MUDEJAR_INT_84_N.jpg", "publico": 1, "url": null }, "geometry": null },
{ "type": "Feature", "properties": { "fid": 15154, "num_pieza": 330, "tipo": "Foto", "ruta": "./media/84/piezas_destacadas/330/Foto/privado/YESERIA MUDEJAR_INT_84.png", "publico": 0, "url": null }, "geometry": null },
{ "type": "Feature", "properties": { "fid": 15155, "num_pieza": 330, "tipo": "Foto", "ruta": "./media/84/piezas_destacadas/330/Foto/privado/YESERIA MUDEJAR_INT_84_B.jpg", "publico": 0, "url": null }, "geometry": null },
{ "type": "Feature", "properties": { "fid": 15156, "num_pieza": 330, "tipo": "Foto", "ruta": "./media/84/piezas_destacadas/330/Foto/privado/YESERIA MUDEJAR_INT_84_N.jpg", "publico": 0, "url": null }, "geometry": null },
{ "type": "Feature", "properties": { "fid": 15157, "num_pieza": 331, "tipo": "Foto", "ruta": "./media/84/piezas_destacadas/331/Foto/público/YESERIA_GOTICA_INT_84_N.jpg", "publico": 1, "url": null }, "geometry": null },
{ "type": "Feature", "properties": { "fid": 15158, "num_pieza": 331, "tipo": "Foto", "ruta": "./media/84/piezas_destacadas/331/Foto/privado/YESERIA_GOTICA_INT_84.png", "publico": 0, "url": null }, "geometry": null },
{ "type": "Feature", "properties": { "fid": 15159, "num_pieza": 331, "tipo": "Foto", "ruta": "./media/84/piezas_destacadas/331/Foto/privado/YESERIA_GOTICA_INT_84_B.jpg", "publico": 0, "url": null }, "geometry": null },
{ "type": "Feature", "properties": { "fid": 15160, "num_pieza": 331, "tipo": "Foto", "ruta": "./media/84/piezas_destacadas/331/Foto/privado/YESERIA_GOTICA_INT_84_N.jpg", "publico": 0, "url": null }, "geometry": null },
{ "type": "Feature", "properties": { "fid": 15161, "num_pieza": 332, "tipo": "Foto", "ruta": "./media/84/piezas_destacadas/332/Foto/público/CAPITEL_INT_84_N.jpg", "publico": 1, "url": null }, "geometry": null },
{ "type": "Feature", "properties": { "fid": 15162, "num_pieza": 332, "tipo": "Foto", "ruta": "./media/84/piezas_destacadas/332/Foto/privado/CAPITEL_INT_84.png", "publico": 0, "url": null }, "geometry": null },
{ "type": "Feature", "properties": { "fid": 15163, "num_pieza": 332, "tipo": "Foto", "ruta": "./media/84/piezas_destacadas/332/Foto/privado/CAPITEL_INT_84_B.jpg", "publico": 0, "url": null }, "geometry": null },
{ "type": "Feature", "properties": { "fid": 15164, "num_pieza": 332, "tipo": "Foto", "ruta": "./media/84/piezas_destacadas/332/Foto/privado/CAPITEL_INT_84_N.jpg", "publico": 0, "url": null }, "geometry": null },
{ "type": "Feature", "properties": { "fid": 15165, "num_pieza": 333, "tipo": "Foto", "ruta": "./media/84/piezas_destacadas/333/Foto/público/BOTONES_INT_84_N.jpg", "publico": 1, "url": null }, "geometry": null },
{ "type": "Feature", "properties": { "fid": 15166, "num_pieza": 333, "tipo": "Foto", "ruta": "./media/84/piezas_destacadas/333/Foto/privado/BOTONES_INT_84.png", "publico": 0, "url": null }, "geometry": null },
{ "type": "Feature", "properties": { "fid": 15167, "num_pieza": 333, "tipo": "Foto", "ruta": "./media/84/piezas_destacadas/333/Foto/privado/BOTONES_INT_84_B.jpg", "publico": 0, "url": null }, "geometry": null },
{ "type": "Feature", "properties": { "fid": 15168, "num_pieza": 333, "tipo": "Foto", "ruta": "./media/84/piezas_destacadas/333/Foto/privado/BOTONES_INT_84_N.jpg", "publico": 0, "url": null }, "geometry": null },
{ "type": "Feature", "properties": { "fid": 15169, "num_pieza": 334, "tipo": "Foto", "ruta": "./media/84/piezas_destacadas/334/Foto/público/COLLAR AZABACHE_B.jpg", "publico": 1, "url": null }, "geometry": null },
{ "type": "Feature", "properties": { "fid": 15170, "num_pieza": 334, "tipo": "Foto", "ruta": "./media/84/piezas_destacadas/334/Foto/privado/COLLAR AZABACHE.png", "publico": 0, "url": null }, "geometry": null },
{ "type": "Feature", "properties": { "fid": 15171, "num_pieza": 334, "tipo": "Foto", "ruta": "./media/84/piezas_destacadas/334/Foto/privado/COLLAR AZABACHE_B.jpg", "publico": 0, "url": null }, "geometry": null },
{ "type": "Feature", "properties": { "fid": 15172, "num_pieza": 335, "tipo": "Foto", "ruta": "./media/84/piezas_destacadas/335/Foto/público/RELICARIO_N.jpg", "publico": 1, "url": null }, "geometry": null },
{ "type": "Feature", "properties": { "fid": 15173, "num_pieza": 335, "tipo": "Foto", "ruta": "./media/84/piezas_destacadas/335/Foto/privado/RELICARIO.png", "publico": 0, "url": null }, "geometry": null },
{ "type": "Feature", "properties": { "fid": 15174, "num_pieza": 335, "tipo": "Foto", "ruta": "./media/84/piezas_destacadas/335/Foto/privado/RELICARIO_B.jpg", "publico": 0, "url": null }, "geometry": null },
{ "type": "Feature", "properties": { "fid": 15175, "num_pieza": 335, "tipo": "Foto", "ruta": "./media/84/piezas_destacadas/335/Foto/privado/RELICARIO_N.jpg", "publico": 0, "url": null }, "geometry": null },
{ "type": "Feature", "properties": { "fid": 15176, "num_pieza": 336, "tipo": "Foto", "ruta": "./media/84/piezas_destacadas/336/Foto/público/JARRA_N_INT_84.jpg", "publico": 1, "url": null }, "geometry": null },
{ "type": "Feature", "properties": { "fid": 15177, "num_pieza": 336, "tipo": "Foto", "ruta": "./media/84/piezas_destacadas/336/Foto/privado/JARRA_B_INT_84.jpg", "publico": 0, "url": null }, "geometry": null },
{ "type": "Feature", "properties": { "fid": 15178, "num_pieza": 336, "tipo": "Foto", "ruta": "./media/84/piezas_destacadas/336/Foto/privado/JARRA_N_INT_84.jpg", "publico": 0, "url": null }, "geometry": null },
{ "type": "Feature", "properties": { "fid": 15179, "num_pieza": 336, "tipo": "Dibujo", "ruta": "./media/84/piezas_destacadas/336/Dibujo/público/INT_84_Botella.jpg", "publico": 1, "url": null }, "geometry": null },
{ "type": "Feature", "properties": { "fid": 15180, "num_pieza": 336, "tipo": "Dibujo", "ruta": "./media/84/piezas_destacadas/336/Dibujo/privado/INT_84_Botella.png", "publico": 0, "url": null }, "geometry": null },
{ "type": "Feature", "properties": { "fid": 15181, "num_pieza": 337, "tipo": "Foto", "ruta": "./media/88/piezas_destacadas/337/Foto/público/Jarra_2_Asas_bn_INT_88.jpg", "publico": 1, "url": null }, "geometry": null },
{ "type": "Feature", "properties": { "fid": 15182, "num_pieza": 337, "tipo": "Foto", "ruta": "./media/88/piezas_destacadas/337/Foto/privado/Jarra_2_Asas.png", "publico": 0, "url": null }, "geometry": null },
{ "type": "Feature", "properties": { "fid": 15183, "num_pieza": 337, "tipo": "Foto", "ruta": "./media/88/piezas_destacadas/337/Foto/privado/Jarra_2_Asas_bn_INT_88.jpg", "publico": 0, "url": null }, "geometry": null },
{ "type": "Feature", "properties": { "fid": 15184, "num_pieza": 337, "tipo": "Dibujo", "ruta": "./media/88/piezas_destacadas/337/Dibujo/público/Jarra_2_asas_DIBUJO.jpg", "publico": 1, "url": null }, "geometry": null },
{ "type": "Feature", "properties": { "fid": 15185, "num_pieza": 337, "tipo": "Dibujo", "ruta": "./media/88/piezas_destacadas/337/Dibujo/privado/Jarra_2_asas_DIBUJO.png", "publico": 0, "url": null }, "geometry": null },
{ "type": "Feature", "properties": { "fid": 15186, "num_pieza": 338, "tipo": "Dibujo", "ruta": "./media/88/piezas_destacadas/338/Dibujo/público/Jarro_1_asa.jpg", "publico": 1, "url": null }, "geometry": null },
{ "type": "Feature", "properties": { "fid": 15187, "num_pieza": 338, "tipo": "Dibujo", "ruta": "./media/88/piezas_destacadas/338/Dibujo/privado/Jarro_1_asa.jpg", "publico": 0, "url": null }, "geometry": null },
{ "type": "Feature", "properties": { "fid": 15188, "num_pieza": 339, "tipo": "Foto", "ruta": "./media/88/piezas_destacadas/339/Foto/público/Jarra_Pintada_bn_INT_88.jpg", "publico": 1, "url": null }, "geometry": null },
{ "type": "Feature", "properties": { "fid": 15189, "num_pieza": 339, "tipo": "Foto", "ruta": "./media/88/piezas_destacadas/339/Foto/privado/Jarra_Pintada_bn_INT_88.jpg", "publico": 0, "url": null }, "geometry": null },
{ "type": "Feature", "properties": { "fid": 15190, "num_pieza": 339, "tipo": "Foto", "ruta": "./media/88/piezas_destacadas/339/Foto/privado/Jarra_Pintada_B_INT_88.jpg", "publico": 0, "url": null }, "geometry": null },
{ "type": "Feature", "properties": { "fid": 15191, "num_pieza": 339, "tipo": "Dibujo", "ruta": "./media/88/piezas_destacadas/339/Dibujo/público/Jarra_Pintada_DIBUJO.jpg", "publico": 1, "url": null }, "geometry": null },
{ "type": "Feature", "properties": { "fid": 15192, "num_pieza": 339, "tipo": "Dibujo", "ruta": "./media/88/piezas_destacadas/339/Dibujo/privado/Jarra_Pintada_DIBUJO.jpg", "publico": 0, "url": null }, "geometry": null },
{ "type": "Feature", "properties": { "fid": 15193, "num_pieza": 340, "tipo": "Foto", "ruta": "./media/88/piezas_destacadas/340/Foto/público/Cuerda_Seca_bn_INT_88.jpg", "publico": 1, "url": null }, "geometry": null },
{ "type": "Feature", "properties": { "fid": 15194, "num_pieza": 340, "tipo": "Foto", "ruta": "./media/88/piezas_destacadas/340/Foto/privado/Cuerda_Seca_bn_INT_88.jpg", "publico": 0, "url": null }, "geometry": null },
{ "type": "Feature", "properties": { "fid": 15195, "num_pieza": 340, "tipo": "Foto", "ruta": "./media/88/piezas_destacadas/340/Foto/privado/Cuerda_Seca_B_INT_88.jpg", "publico": 0, "url": null }, "geometry": null },
{ "type": "Feature", "properties": { "fid": 15196, "num_pieza": 340, "tipo": "Dibujo", "ruta": "./media/88/piezas_destacadas/340/Dibujo/público/Jarra_CuerdaSeca.jpg", "publico": 1, "url": null }, "geometry": null },
{ "type": "Feature", "properties": { "fid": 15197, "num_pieza": 340, "tipo": "Dibujo", "ruta": "./media/88/piezas_destacadas/340/Dibujo/privado/Jarra_CuerdaSeca.jpg", "publico": 0, "url": null }, "geometry": null },
{ "type": "Feature", "properties": { "fid": 15198, "num_pieza": 341, "tipo": "Foto", "ruta": "./media/88/piezas_destacadas/341/Foto/público/INT_88_Rua_29_CANDIL_N.jpg", "publico": 1, "url": null }, "geometry": null },
{ "type": "Feature", "properties": { "fid": 15199, "num_pieza": 341, "tipo": "Foto", "ruta": "./media/88/piezas_destacadas/341/Foto/privado/INT_88_Rua_29_CANDIL_B.jpg", "publico": 0, "url": null }, "geometry": null },
{ "type": "Feature", "properties": { "fid": 15200, "num_pieza": 341, "tipo": "Foto", "ruta": "./media/88/piezas_destacadas/341/Foto/privado/INT_88_Rua_29_CANDIL_N.jpg", "publico": 0, "url": null }, "geometry": null },
{ "type": "Feature", "properties": { "fid": 15201, "num_pieza": 342, "tipo": "Foto", "ruta": "./media/88/piezas_destacadas/342/Foto/público/olla_asa_cocina_n_INT_88.jpg", "publico": 1, "url": null }, "geometry": null },
{ "type": "Feature", "properties": { "fid": 15202, "num_pieza": 342, "tipo": "Foto", "ruta": "./media/88/piezas_destacadas/342/Foto/privado/olla_asa_cocina_B_INT_88.jpg", "publico": 0, "url": null }, "geometry": null },
{ "type": "Feature", "properties": { "fid": 15203, "num_pieza": 342, "tipo": "Foto", "ruta": "./media/88/piezas_destacadas/342/Foto/privado/olla_asa_cocina_n_INT_88.jpg", "publico": 0, "url": null }, "geometry": null },
{ "type": "Feature", "properties": { "fid": 15204, "num_pieza": 342, "tipo": "Dibujo", "ruta": "./media/88/piezas_destacadas/342/Dibujo/público/Cocina.jpg", "publico": 1, "url": null }, "geometry": null },
{ "type": "Feature", "properties": { "fid": 15205, "num_pieza": 342, "tipo": "Dibujo", "ruta": "./media/88/piezas_destacadas/342/Dibujo/privado/Cocina.jpg", "publico": 0, "url": null }, "geometry": null },
{ "type": "Feature", "properties": { "fid": 15206, "num_pieza": 343, "tipo": "Foto", "ruta": "./media/88/piezas_destacadas/343/Foto/público/Jarra_Lobulada_n_INT_88.jpg", "publico": 1, "url": null }, "geometry": null },
{ "type": "Feature", "properties": { "fid": 15207, "num_pieza": 343, "tipo": "Foto", "ruta": "./media/88/piezas_destacadas/343/Foto/privado/Jarra_Lobulada_B_INT_88.jpg", "publico": 0, "url": null }, "geometry": null },
{ "type": "Feature", "properties": { "fid": 15208, "num_pieza": 343, "tipo": "Foto", "ruta": "./media/88/piezas_destacadas/343/Foto/privado/Jarra_Lobulada_n_INT_88.jpg", "publico": 0, "url": null }, "geometry": null },
{ "type": "Feature", "properties": { "fid": 15209, "num_pieza": 343, "tipo": "Dibujo", "ruta": "./media/88/piezas_destacadas/343/Dibujo/público/Jarra_Lobulada_DIBUJO.jpg", "publico": 1, "url": null }, "geometry": null },
{ "type": "Feature", "properties": { "fid": 15210, "num_pieza": 343, "tipo": "Dibujo", "ruta": "./media/88/piezas_destacadas/343/Dibujo/privado/Jarra_Lobulada_DIBUJO.jpg", "publico": 0, "url": null }, "geometry": null },
{ "type": "Feature", "properties": { "fid": 15211, "num_pieza": 344, "tipo": "Foto", "ruta": "./media/88/piezas_destacadas/344/Foto/público/ataifor_n_INT_88.jpg", "publico": 1, "url": null }, "geometry": null },
{ "type": "Feature", "properties": { "fid": 15212, "num_pieza": 344, "tipo": "Foto", "ruta": "./media/88/piezas_destacadas/344/Foto/privado/ataifor_B_INT_88.jpg", "publico": 0, "url": null }, "geometry": null },
{ "type": "Feature", "properties": { "fid": 15213, "num_pieza": 344, "tipo": "Foto", "ruta": "./media/88/piezas_destacadas/344/Foto/privado/ataifor_n_INT_88.jpg", "publico": 0, "url": null }, "geometry": null },
{ "type": "Feature", "properties": { "fid": 15214, "num_pieza": 344, "tipo": "Dibujo", "ruta": "./media/88/piezas_destacadas/344/Dibujo/público/Ataifor.jpg", "publico": 1, "url": null }, "geometry": null },
{ "type": "Feature", "properties": { "fid": 15215, "num_pieza": 344, "tipo": "Dibujo", "ruta": "./media/88/piezas_destacadas/344/Dibujo/privado/Ataifor.jpg", "publico": 0, "url": null }, "geometry": null },
{ "type": "Feature", "properties": { "fid": 15216, "num_pieza": 345, "tipo": "Foto", "ruta": "./media/88/piezas_destacadas/345/Foto/público/INT_88_Rua_29_JOFAINA_N.jpg", "publico": 1, "url": null }, "geometry": null },
{ "type": "Feature", "properties": { "fid": 15217, "num_pieza": 345, "tipo": "Foto", "ruta": "./media/88/piezas_destacadas/345/Foto/privado/INT_88_Rua_29_JOFAINA_B.jpg", "publico": 0, "url": null }, "geometry": null },
{ "type": "Feature", "properties": { "fid": 15218, "num_pieza": 345, "tipo": "Foto", "ruta": "./media/88/piezas_destacadas/345/Foto/privado/INT_88_Rua_29_JOFAINA_N.jpg", "publico": 0, "url": null }, "geometry": null },
{ "type": "Feature", "properties": { "fid": 15219, "num_pieza": 345, "tipo": "Dibujo", "ruta": "./media/88/piezas_destacadas/345/Dibujo/público/Jofaina.jpg", "publico": 1, "url": null }, "geometry": null },
{ "type": "Feature", "properties": { "fid": 15220, "num_pieza": 345, "tipo": "Dibujo", "ruta": "./media/88/piezas_destacadas/345/Dibujo/privado/Jofaina.jpg", "publico": 0, "url": null }, "geometry": null },
{ "type": "Feature", "properties": { "fid": 15221, "num_pieza": 346, "tipo": "Foto", "ruta": "./media/88/piezas_destacadas/346/Foto/público/INT_88_Rua_29_CUERNO_N.jpg", "publico": 1, "url": null }, "geometry": null },
{ "type": "Feature", "properties": { "fid": 15222, "num_pieza": 346, "tipo": "Foto", "ruta": "./media/88/piezas_destacadas/346/Foto/privado/INT_88_Rua_29_CUERNO_B.jpg", "publico": 0, "url": null }, "geometry": null },
{ "type": "Feature", "properties": { "fid": 15223, "num_pieza": 346, "tipo": "Foto", "ruta": "./media/88/piezas_destacadas/346/Foto/privado/INT_88_Rua_29_CUERNO_N.jpg", "publico": 0, "url": null }, "geometry": null },
{ "type": "Feature", "properties": { "fid": 15224, "num_pieza": 346, "tipo": "Dibujo", "ruta": "./media/88/piezas_destacadas/346/Dibujo/público/Cuerno.jpg", "publico": 1, "url": null }, "geometry": null },
{ "type": "Feature", "properties": { "fid": 15225, "num_pieza": 346, "tipo": "Dibujo", "ruta": "./media/88/piezas_destacadas/346/Dibujo/privado/Cuerno.jpg", "publico": 0, "url": null }, "geometry": null },
{ "type": "Feature", "properties": { "fid": 15226, "num_pieza": 347, "tipo": "Foto", "ruta": "./media/88/piezas_destacadas/347/Foto/público/INT_88_Rua_29_TAMBOR_N.jpg", "publico": 1, "url": null }, "geometry": null },
{ "type": "Feature", "properties": { "fid": 15227, "num_pieza": 347, "tipo": "Foto", "ruta": "./media/88/piezas_destacadas/347/Foto/privado/INT_88_Rua_29_TAMBOR_B.jpg", "publico": 0, "url": null }, "geometry": null },
{ "type": "Feature", "properties": { "fid": 15228, "num_pieza": 347, "tipo": "Foto", "ruta": "./media/88/piezas_destacadas/347/Foto/privado/INT_88_Rua_29_TAMBOR_N.jpg", "publico": 0, "url": null }, "geometry": null },
{ "type": "Feature", "properties": { "fid": 15229, "num_pieza": 347, "tipo": "Dibujo", "ruta": "./media/88/piezas_destacadas/347/Dibujo/público/Tapadera-Tambor.jpg", "publico": 1, "url": null }, "geometry": null },
{ "type": "Feature", "properties": { "fid": 15230, "num_pieza": 347, "tipo": "Dibujo", "ruta": "./media/88/piezas_destacadas/347/Dibujo/privado/Tapadera-Tambor.jpg", "publico": 0, "url": null }, "geometry": null },
{ "type": "Feature", "properties": { "fid": 15231, "num_pieza": 348, "tipo": "Foto", "ruta": "./media/88/piezas_destacadas/348/Foto/público/INT_88_Rua_29_OLLA_GRANDE_N.jpg", "publico": 1, "url": null }, "geometry": null },
{ "type": "Feature", "properties": { "fid": 15232, "num_pieza": 348, "tipo": "Foto", "ruta": "./media/88/piezas_destacadas/348/Foto/privado/INT_88_Rua_29_OLLA_GRANDE_B.jpg", "publico": 0, "url": null }, "geometry": null },
{ "type": "Feature", "properties": { "fid": 15233, "num_pieza": 348, "tipo": "Foto", "ruta": "./media/88/piezas_destacadas/348/Foto/privado/INT_88_Rua_29_OLLA_GRANDE_N.jpg", "publico": 0, "url": null }, "geometry": null },
{ "type": "Feature", "properties": { "fid": 15234, "num_pieza": 348, "tipo": "Dibujo", "ruta": "./media/88/piezas_destacadas/348/Dibujo/público/Olla_candil.png", "publico": 1, "url": null }, "geometry": null },
{ "type": "Feature", "properties": { "fid": 15235, "num_pieza": 348, "tipo": "Dibujo", "ruta": "./media/88/piezas_destacadas/348/Dibujo/privado/Olla_candil.png", "publico": 0, "url": null }, "geometry": null },
{ "type": "Feature", "properties": { "fid": 15236, "num_pieza": 348, "tipo": "Dibujo", "ruta": "./media/88/piezas_destacadas/348/Dibujo/privado/Olla_candil.svg", "publico": 0, "url": null }, "geometry": null },
{ "type": "Feature", "properties": { "fid": 15237, "num_pieza": 349, "tipo": "Foto", "ruta": "./media/88/piezas_destacadas/349/Foto/público/Tapadera_N_INT_88.jpg", "publico": 1, "url": null }, "geometry": null },
{ "type": "Feature", "properties": { "fid": 15238, "num_pieza": 349, "tipo": "Foto", "ruta": "./media/88/piezas_destacadas/349/Foto/privado/Tapadera_B_INT_88.jpg", "publico": 0, "url": null }, "geometry": null },
{ "type": "Feature", "properties": { "fid": 15239, "num_pieza": 349, "tipo": "Foto", "ruta": "./media/88/piezas_destacadas/349/Foto/privado/Tapadera_N_INT_88.jpg", "publico": 0, "url": null }, "geometry": null },
{ "type": "Feature", "properties": { "fid": 15240, "num_pieza": 349, "tipo": "Dibujo", "ruta": "./media/88/piezas_destacadas/349/Dibujo/público/Tapadera.jpg", "publico": 1, "url": null }, "geometry": null },
{ "type": "Feature", "properties": { "fid": 15241, "num_pieza": 349, "tipo": "Dibujo", "ruta": "./media/88/piezas_destacadas/349/Dibujo/privado/Tapadera.jpg", "publico": 0, "url": null }, "geometry": null },
{ "type": "Feature", "properties": { "fid": 15242, "num_pieza": 350, "tipo": "Dibujo", "ruta": "./media/88/piezas_destacadas/350/Dibujo/público/Olla_candil.jpg", "publico": 1, "url": null }, "geometry": null },
{ "type": "Feature", "properties": { "fid": 15243, "num_pieza": 350, "tipo": "Dibujo", "ruta": "./media/88/piezas_destacadas/350/Dibujo/privado/Olla_candil.jpg", "publico": 0, "url": null }, "geometry": null },
{ "type": "Feature", "properties": { "fid": 15244, "num_pieza": 351, "tipo": "Foto", "ruta": "./media/88/piezas_destacadas/351/Foto/público/Botella_globular_bn_INT_88.jpg", "publico": 1, "url": null }, "geometry": null },
{ "type": "Feature", "properties": { "fid": 15245, "num_pieza": 351, "tipo": "Foto", "ruta": "./media/88/piezas_destacadas/351/Foto/privado/Botella_globular_bn_INT_88.jpg", "publico": 0, "url": null }, "geometry": null },
{ "type": "Feature", "properties": { "fid": 15246, "num_pieza": 351, "tipo": "Foto", "ruta": "./media/88/piezas_destacadas/351/Foto/privado/Botella_globular_INT_88.jpg", "publico": 0, "url": null }, "geometry": null },
{ "type": "Feature", "properties": { "fid": 15247, "num_pieza": 352, "tipo": "Foto", "ruta": "./media/88/piezas_destacadas/352/Foto/público/INT_88_Rua_29_LOZA_DORADA_N.jpg", "publico": 1, "url": null }, "geometry": null },
{ "type": "Feature", "properties": { "fid": 15248, "num_pieza": 352, "tipo": "Foto", "ruta": "./media/88/piezas_destacadas/352/Foto/privado/INT_88_Rua_29_LOZA_DORADA_B.jpg", "publico": 0, "url": null }, "geometry": null },
{ "type": "Feature", "properties": { "fid": 15249, "num_pieza": 352, "tipo": "Foto", "ruta": "./media/88/piezas_destacadas/352/Foto/privado/INT_88_Rua_29_LOZA_DORADA_N.jpg", "publico": 0, "url": null }, "geometry": null },
{ "type": "Feature", "properties": { "fid": 15250, "num_pieza": 352, "tipo": "Dibujo", "ruta": "./media/88/piezas_destacadas/352/Dibujo/público/Loza_Dorada.jpg", "publico": 1, "url": null }, "geometry": null },
{ "type": "Feature", "properties": { "fid": 15251, "num_pieza": 352, "tipo": "Dibujo", "ruta": "./media/88/piezas_destacadas/352/Dibujo/privado/Loza_Dorada.jpg", "publico": 0, "url": null }, "geometry": null },
{ "type": "Feature", "properties": { "fid": 15252, "num_pieza": 79, "tipo": "Foto", "ruta": "./media/9/piezas_destacadas/79/Foto/público/escudo_mercedarios_int_9_N.jpg", "publico": 1, "url": null }, "geometry": null },
{ "type": "Feature", "properties": { "fid": 15253, "num_pieza": 79, "tipo": "Foto", "ruta": "./media/9/piezas_destacadas/79/Foto/privado/escudo_mercedarios_int_9.png", "publico": 0, "url": null }, "geometry": null },
{ "type": "Feature", "properties": { "fid": 15254, "num_pieza": 79, "tipo": "Foto", "ruta": "./media/9/piezas_destacadas/79/Foto/privado/escudo_mercedarios_int_9_B.jpg", "publico": 0, "url": null }, "geometry": null },
{ "type": "Feature", "properties": { "fid": 15255, "num_pieza": 79, "tipo": "Foto", "ruta": "./media/9/piezas_destacadas/79/Foto/privado/escudo_mercedarios_int_9_N.jpg", "publico": 0, "url": null }, "geometry": null },
{ "type": "Feature", "properties": { "fid": 15256, "num_pieza": 80, "tipo": "Foto", "ruta": "./media/9/piezas_destacadas/80/Foto/público/PILASTRA_INT_9_N.jpg", "publico": 1, "url": null }, "geometry": null },
{ "type": "Feature", "properties": { "fid": 15257, "num_pieza": 80, "tipo": "Foto", "ruta": "./media/9/piezas_destacadas/80/Foto/privado/PILASTRA_INT_9.png", "publico": 0, "url": null }, "geometry": null },
{ "type": "Feature", "properties": { "fid": 15258, "num_pieza": 80, "tipo": "Foto", "ruta": "./media/9/piezas_destacadas/80/Foto/privado/PILASTRA_INT_9_B.jpg", "publico": 0, "url": null }, "geometry": null },
{ "type": "Feature", "properties": { "fid": 15259, "num_pieza": 80, "tipo": "Foto", "ruta": "./media/9/piezas_destacadas/80/Foto/privado/PILASTRA_INT_9_N.jpg", "publico": 0, "url": null }, "geometry": null },
{ "type": "Feature", "properties": { "fid": 15260, "num_pieza": 81, "tipo": "Foto", "ruta": "./media/9/piezas_destacadas/81/Foto/público/PILA_AGUA_BENDITA_INT_9_N.jpg", "publico": 1, "url": null }, "geometry": null },
{ "type": "Feature", "properties": { "fid": 15261, "num_pieza": 81, "tipo": "Foto", "ruta": "./media/9/piezas_destacadas/81/Foto/privado/PILA_AGUA_BENDITA_INT_9_.jpg", "publico": 0, "url": null }, "geometry": null },
{ "type": "Feature", "properties": { "fid": 15262, "num_pieza": 81, "tipo": "Foto", "ruta": "./media/9/piezas_destacadas/81/Foto/privado/PILA_AGUA_BENDITA_INT_9_N.jpg", "publico": 0, "url": null }, "geometry": null },
{ "type": "Feature", "properties": { "fid": 15263, "num_pieza": 82, "tipo": "Foto", "ruta": "./media/9/piezas_destacadas/82/Foto/público/AZULEJO_LISO_INT_9_N.jpg", "publico": 1, "url": null }, "geometry": null },
{ "type": "Feature", "properties": { "fid": 15264, "num_pieza": 82, "tipo": "Foto", "ruta": "./media/9/piezas_destacadas/82/Foto/privado/AZULEJO_LISO_INT_9_.jpg", "publico": 0, "url": null }, "geometry": null },
{ "type": "Feature", "properties": { "fid": 15265, "num_pieza": 82, "tipo": "Foto", "ruta": "./media/9/piezas_destacadas/82/Foto/privado/AZULEJO_LISO_INT_9_N.jpg", "publico": 0, "url": null }, "geometry": null },
{ "type": "Feature", "properties": { "fid": 15266, "num_pieza": 82, "tipo": "Dibujo", "ruta": "./media/9/piezas_destacadas/82/Dibujo/público/INT_9_MA_Reconstrucc_1.jpg", "publico": 1, "url": null }, "geometry": null },
{ "type": "Feature", "properties": { "fid": 15267, "num_pieza": 82, "tipo": "Dibujo", "ruta": "./media/9/piezas_destacadas/82/Dibujo/privado/INT_9_MA_Reconstrucc_1.jpg", "publico": 0, "url": null }, "geometry": null },
{ "type": "Feature", "properties": { "fid": 15268, "num_pieza": 83, "tipo": "Foto", "ruta": "./media/9/piezas_destacadas/83/Foto/público/AZULEJO_RELIEVE_INT_9_N.jpg", "publico": 1, "url": null }, "geometry": null },
{ "type": "Feature", "properties": { "fid": 15269, "num_pieza": 83, "tipo": "Foto", "ruta": "./media/9/piezas_destacadas/83/Foto/privado/AZULEJO_RELIEVE_INT_9_.jpg", "publico": 0, "url": null }, "geometry": null },
{ "type": "Feature", "properties": { "fid": 15270, "num_pieza": 83, "tipo": "Foto", "ruta": "./media/9/piezas_destacadas/83/Foto/privado/AZULEJO_RELIEVE_INT_9_N.jpg", "publico": 0, "url": null }, "geometry": null },
{ "type": "Feature", "properties": { "fid": 15271, "num_pieza": 83, "tipo": "Dibujo", "ruta": "./media/9/piezas_destacadas/83/Dibujo/público/INT_9_MA_Reconstrucc_2.jpg", "publico": 1, "url": null }, "geometry": null },
{ "type": "Feature", "properties": { "fid": 15272, "num_pieza": 83, "tipo": "Dibujo", "ruta": "./media/9/piezas_destacadas/83/Dibujo/privado/INT_9_MA_Reconstrucc_2.jpg", "publico": 0, "url": null }, "geometry": null },
{ "type": "Feature", "properties": { "fid": 15273, "num_pieza": 84, "tipo": "Foto", "ruta": "./media/9/piezas_destacadas/84/Foto/público/Plato_sol_INT_9_N.jpg", "publico": 1, "url": null }, "geometry": null },
{ "type": "Feature", "properties": { "fid": 15274, "num_pieza": 84, "tipo": "Foto", "ruta": "./media/9/piezas_destacadas/84/Foto/privado/Plato_sol_INT_9_.jpg", "publico": 0, "url": null }, "geometry": null },
{ "type": "Feature", "properties": { "fid": 15275, "num_pieza": 84, "tipo": "Foto", "ruta": "./media/9/piezas_destacadas/84/Foto/privado/Plato_sol_INT_9_N.jpg", "publico": 0, "url": null }, "geometry": null },
{ "type": "Feature", "properties": { "fid": 15276, "num_pieza": 84, "tipo": "Dibujo", "ruta": "./media/9/piezas_destacadas/84/Dibujo/público/INT_9_MA_86-19-3_Plato_Sol.jpg", "publico": 1, "url": null }, "geometry": null },
{ "type": "Feature", "properties": { "fid": 15277, "num_pieza": 84, "tipo": "Dibujo", "ruta": "./media/9/piezas_destacadas/84/Dibujo/privado/INT_9_MA_86-19-3_Plato_Sol.jpg", "publico": 0, "url": null }, "geometry": null },
{ "type": "Feature", "properties": { "fid": 15278, "num_pieza": 85, "tipo": "Foto", "ruta": "./media/9/piezas_destacadas/85/Foto/público/plato_mercado_abastos_INT_9_N.jpg", "publico": 1, "url": null }, "geometry": null },
{ "type": "Feature", "properties": { "fid": 15279, "num_pieza": 85, "tipo": "Foto", "ruta": "./media/9/piezas_destacadas/85/Foto/privado/plato_mercado_abastos_INT_9_.jpg", "publico": 0, "url": null }, "geometry": null },
{ "type": "Feature", "properties": { "fid": 15280, "num_pieza": 85, "tipo": "Foto", "ruta": "./media/9/piezas_destacadas/85/Foto/privado/plato_mercado_abastos_INT_9_N.jpg", "publico": 0, "url": null }, "geometry": null },
{ "type": "Feature", "properties": { "fid": 15281, "num_pieza": 85, "tipo": "Dibujo", "ruta": "./media/9/piezas_destacadas/85/Dibujo/público/INT_9_MA__86-D-5.jpg", "publico": 1, "url": null }, "geometry": null },
{ "type": "Feature", "properties": { "fid": 15282, "num_pieza": 85, "tipo": "Dibujo", "ruta": "./media/9/piezas_destacadas/85/Dibujo/privado/INT_9_MA__86-D-5.jpg", "publico": 0, "url": null }, "geometry": null },
{ "type": "Feature", "properties": { "fid": 15283, "num_pieza": 353, "tipo": "Foto", "ruta": "./media/90/piezas_destacadas/353/Foto/público/Medallon_1.jpg", "publico": 1, "url": null }, "geometry": null },
{ "type": "Feature", "properties": { "fid": 15284, "num_pieza": 353, "tipo": "Foto", "ruta": "./media/90/piezas_destacadas/353/Foto/privado/Medallon_1.JPG", "publico": 0, "url": null }, "geometry": null }
]
}
