{
"type": "FeatureCollection",
"name": "Puntos de intervención",
"crs": { "type": "name", "properties": { "name": "urn:ogc:def:crs:OGC:1.3:CRS84" } },
"features": [
{ "type": "Feature", "properties": { "fid": 1474, "numero_int": 95, "denominacion": "Chapinerias", "n_sigla": null, "direccion": null, "fecha": null, "z_pepri": null, "director": null, "promotor": null, "descrip_restos": null, "ubi_mat_dep_perm": null, "ubi_mat_falta_depos": null, "ubi_mat_dep_tempo": null, "bibliografia": null, "colaboradores": null }, "geometry": { "type": "Point", "coordinates": [ -1.607002031279499, 42.064049380614094 ] } },
{ "type": "Feature", "properties": { "fid": 1475, "numero_int": 94, "denominacion": "SanNicolas", "n_sigla": "_1_0", "direccion": null, "fecha": null, "z_pepri": null, "director": null, "promotor": null, "descrip_restos": null, "ubi_mat_dep_perm": null, "ubi_mat_falta_depos": null, "ubi_mat_dep_tempo": null, "bibliografia": null, "colaboradores": null }, "geometry": { "type": "Point", "coordinates": [ -1.607055762770966, 42.064938982033475 ] } },
{ "type": "Feature", "properties": { "fid": 1476, "numero_int": 91, "denominacion": "TrujalPasaje", "n_sigla": "_1_1_0", "direccion": null, "fecha": null, "z_pepri": null, "director": null, "promotor": null, "descrip_restos": null, "ubi_mat_dep_perm": null, "ubi_mat_falta_depos": null, "ubi_mat_dep_tempo": null, "bibliografia": null, "colaboradores": null }, "geometry": { "type": "Point", "coordinates": [ -1.606512893799938, 42.063257479379729 ] } },
{ "type": "Feature", "properties": { "fid": 1477, "numero_int": 90, "denominacion": "NecropolisTorreMonreal", "n_sigla": "_1_2_0", "direccion": null, "fecha": null, "z_pepri": null, "director": null, "promotor": null, "descrip_restos": null, "ubi_mat_dep_perm": null, "ubi_mat_falta_depos": null, "ubi_mat_dep_tempo": null, "bibliografia": null, "colaboradores": null }, "geometry": { "type": "Point", "coordinates": [ -1.60368182492837, 42.057727667538423 ] } },
{ "type": "Feature", "properties": { "fid": 1478, "numero_int": 93, "denominacion": "AvBarrio46", "n_sigla": "_1_3_0", "direccion": null, "fecha": null, "z_pepri": null, "director": null, "promotor": null, "descrip_restos": null, "ubi_mat_dep_perm": null, "ubi_mat_falta_depos": null, "ubi_mat_dep_tempo": null, "bibliografia": null, "colaboradores": null }, "geometry": { "type": "Point", "coordinates": [ -1.60469909964227, 42.057323274422394 ] } },
{ "type": "Feature", "properties": { "fid": 1479, "numero_int": 92, "denominacion": "Herrerias", "n_sigla": "_1_3_1_0", "direccion": null, "fecha": null, "z_pepri": null, "director": null, "promotor": null, "descrip_restos": null, "ubi_mat_dep_perm": null, "ubi_mat_falta_depos": null, "ubi_mat_dep_tempo": null, "bibliografia": null, "colaboradores": null }, "geometry": { "type": "Point", "coordinates": [ -1.607172908006803, 42.06240693377196 ] } },
{ "type": "Feature", "properties": { "fid": 1480, "numero_int": 7, "denominacion": "Magdalena 1985-1988", "n_sigla": null, "direccion": "Concha Gaudó 1984.\nMaría Ángeles Mezquíriz 1985.\nJuan José Bienes Calvo 1985-86 y 1988.\nCarlos Zuza y Nicolás Zuazúa 2024.\n", "fecha": "Concha Gaudó 1984.\nMaría Ángeles Mezquíriz 1985.\nJuan José Bienes 11 Noviembre 1985 a 28 Febrero 1986.\nJuan José Bienes 1988.\nBarzuzua 2024.\n", "z_pepri": 2, "director": "Concha Gaudó 1984.\nMaría Ángeles Mezquíriz 1985.\nJuan José Bienes Calvo 1985-86 y 1988.\nCarlos Zuza y Nicolás Zuazúa 2024.\n", "promotor": "Ayuntamiento de Tudela.\nGobierno de Navarra.\n", "descrip_restos": "Santa María Magdalena es una pequeña iglesia románica que es citada muy tempranamente en la documentación tras la conquista cristiana, lo que indica la existencia del templo en la etapa mozárabe.\nEn 1984 se procedió al derribo de todos los edificios adosados a la iglesia, incluidas tres capillas de los siglos XVII y XVIII, y la sacristía y capilla del baptisterio, de siglo XVI. Quedó solo la nave románica de la iglesia original y dos capillas del siglo XVI quedando una iglesia con planta de cruz latina.\nEse mismo año, un grupo de estudiantes del Instituto de Bachillerato Benjamín de Tudela, dirigidos por Concha Gaudó, comenzaron trabajos de excavación en una parte del solar. Se localizaron en una parte que posteriormente se comprobó era el acceso a una bodega. Los rellenos que excavaron fueron muy modernos.\nEn 1985 María Ángeles Mezquíriz, directora del Museo de Navarra, hizo una excavación con medios mecánicos y manuales, en el lateral sur de la iglesia, en la zona más baja. Descubrió toda la superficie de la bodega, algunos enterramientos, y muros que planteó anteriores a la iglesia. No hay localizado informe de la actuación.\nEntre el 11 de Noviembre de 1985 y el 28 de Febrero de 1986 Juan José Bienes realizó 6 catas perpendiculares a la nave, siendo dos de ellas ampliadas.\nEl mayor número de restos documentados corresponden a los enterramientos que durante la etapa medieval se localizaron alrededor de la iglesia. En un primer momento las tumbas fueron individuales, con lajas laterales y tapas de piedra, entre los siglos XII al XIV. De estas tumbas individuales se recuperaron cuatro estelas discoideas, que aparecieron tanto en las labores de derribo de las casas como en los trabajos de excavación.\nEn una segunda fase, entre los siglos XIV al XVI, se construyeron fosas comunes, mejor construidas, en sillería; algunas con pisos formados por losas o lajas transversales que dejaban los cuerpos en pudrideros. En las tumbas se recuperaron importantes objetos de ajuar, siendo los más numerosos las monedas y las hebillas, destacando algunos dados, conchas de peregrinos, una daga, etc.\nLa parte más importante se centraba en la localización de restos anteriores a la edificación de la iglesia del siglo XII, pero no se encontraron enterramientos ni cimentaciones de la hipotética iglesia mozárabe, descartando su existencia en el lugar de la actual.\nSe localizaron algunos muros y rellenos de cronología andalusí, entre los que destacan un umbral de puerta, cegado, con un suelo enlosado. Estas estructuras indicaban que la zona estaba ocupada por viviendas en etapa anterior a la construcción de la iglesia.\nDe mayor importancia fue el hallazgo de niveles arqueológicos de época romana, siendo la primera vez en Tudela en la que se encontraban en excavación y asociados a estructuras.\nLos niveles de época romana no se hallaron en toda la superficie de la excavación, solo en la zona de los pies de la iglesia y en la zona sur, habiendo desaparecido en la parte norte y cabecera. La mayor parte de las cerámicas halladas son de cronología bajo imperial, siglos IV al VI, con decoraciones estampilladas en cerámicas de barniz naranja. También se localizó un nivel arqueológico con cerámicas romanas de mejor calidad, siglos II-III.\nDe mayor antigüedad, se localizaron algunos fragmentos de cerámicas de I Edad del Hierro en una pequeña zanja hecha en un nivel de gravas naturales.\nEn 1988 Juan José Bienes realizó un sondeo en el interior, cerca de puerta de acceso al templo, durante las obras de construcción de la nueva sacristía y depósito de calefacción. Se volvieron a constatar los niveles arqueológicos de cronología andalusí, donde se encontró una hoz de hierro, y los de cronología tardo romana.\nEn 2024, al hacerse las cimentaciones para soportar la cubierta de protección para la portada…..\n", "ubi_mat_dep_perm": "Almacén Sección de Arqueología. Cordovilla.\nSala de Arqueología. Bodega Museo de Tudela.\nBodega del Palacio Marqués de Huarte, Archivo Municipal.\n", "ubi_mat_falta_depos": null, "ubi_mat_dep_tempo": null, "bibliografia": "<ul>\n    <li>BIENES CALVO, Juan José. Introducción al estudio de la cerámica musulmana en la ciudad de Tudela. En <i>Revista Turiaso nº 7</i>. Págs. 117 a 158. Tarazona, 1987.</li>\n    <li>BIENES CALVO, Juan José. Trabajos de Arqueología en Tudela 1986 – 1987. En <i>Revista Trabajos de Arqueología Navarra nº 7</i>. Págs. 360 – 364. Pamplona, 1987.</li>\n    <li>BIENES CALVO, Juan José. Desde la Prehistoria hasta el S. IX. En <i>El patrimonio histórico y medioambiental de Tudela, una perspectiva interdisciplinar</i>. Págs. 9 a 21. Tudela, 2001.</li>\n    <li>BIENES CALVO, Juan José. “Urbanismo”. En <i>Serie Retrospectiva y Futuro 802 – 2002 nº 5</i>. Tudela, 2002.</li>\n    <li>BIENES CALVO, Juan José. Vestigios del poblamiento romano bajo la ciudad de Tudela. En <i>Revista Cuadernos de Arqueología de la Universidad de Navarra nº 21</i>. Págs. 269 a 290. Pamplona, 2013.</li>\n    <li>MARÍN ROYO, Luís María. <i>Temas tudelanos III. La Tudela desconocida</i>. Aspectos recónditos de la historia de la ciudad. Culturas antiguas. Primeras huellas humanas. Reino de Tudela y dominación musulmana. Tudela, 2003.</li>\n    <li>HERNÁNDEZ VERA, José Antonio y BIENES CALVO, Juan José. Cerámicas hispano visigodas y de tradición en el Valle Medio del Ebro. En <i>Cerámicas tardorromanas y altomedievales en la Península Ibérica</i>. Págs. 307 a 319. Mérida, 2004.</li>\n</ul>", "colaboradores": "Proyecto de derribo de las construcciones y urbanización del entorno. José Ignacio Zuazu Moneo." }, "geometry": { "type": "Point", "coordinates": [ -1.604000250684097, 42.064970004452348 ] } },
{ "type": "Feature", "properties": { "fid": 1481, "numero_int": 6, "denominacion": "TorreMonreal 1985-2002", "n_sigla": "TU.TM.85.UE.x._0", "direccion": "Juan José Bienes Calvo", "fecha": "19 y 20 de Julio de 1985.", "z_pepri": null, "director": "Juan José Bienes Calvo", "promotor": "Ayuntamiento de Tudela", "descrip_restos": "La Torre Monreal es una atalaya de vigilancia que actualmente se localiza dentro del casco urbano de Tudela, dentro de una zona de parque y pinares, en el Barrio de Lourdes que se construye en los años 60 del siglo XX.\n\nSu origen es medieval, pero es demolida en el siglo XIX para construir la que actualmente se ve, una torre octogonal, con una forma que imita a la Torre del Oro de Sevilla, dentro del programa de fortificaciones que se realizan en la ciudad durante la Tercera Guerra Carlista en 1873.\n\nDe su pasado medieval queda un zócalo en piedra, de planta rectangular, sobre el que se asienta el torreón más moderno. En su interior también se conserva el aljibe, un sótano abovedado revestido de mortero hidráulico y pintura roja. Originalmente no tuvo acceso, pero en el siglo XIX se perfora la bóveda con una estructura cilíndrica por donde discurrirá una escalera de caracol que comunicará todas las plantas de la torre.\n\nEn 1985 se realizaron por parte del Ayuntamiento trabajos de excavación en el exterior para urbanizar y pavimentar, con un empedrado, el entorno de la torre. Se descubrió un foso poligonal, de poca profundidad, que rodeaba la torre y dos trincheras acodadas, una para acercarse a zonas de fusilería exterior y otra que llevaría a unas letrinas, con desagüe a la ladera del monte. Esta excavación también dejó al descubierto dos muros en ángulo de un edificio externo a la torre de época medieval.\n\nLa excavación arqueológica consistió en la realización de un sondeo perpendicular la pared del foso de la torre moderna, viéndose que había restos de otro foso en relación con la torre medieval y rellenos con cerámicas que indicaban que la torre no era de cronología andalusí, como algunos autores habían establecido, sino de cronología medieval cristiana, fechándose en el siglo XII por un óbolo de Sancho VII el Fuerte.\n\nLas cerámicas analizadas aportaban muy pocos fragmentos andalusíes, siendo la mayoría de los siglos XII y XIII. Aún siendo una zona no doméstica, se recogieron algunas cerámicas decoradas en relieve, con fondo de engalba blanca y relieves pintados en negro (manganeso). También aparecieron algunos tubos de cerámica relacionados con aerófonos o trompas de llamada.\n\nEn el año 2002 se proyectó la construcción de una cámara oscura, donde poder ver Tudela y su entorno a través de un sistema de prismas que proyectaban la imagen en una pantalla de mesa.\n\nSe vació el aljibe de escombro y se limpió el interior. En su interior aparecieron los escalones finales de la escalera de caracol que se construye en el siglo XIX, realizados en piedra caliza tallada, mientras que la parte desaparecida sería de madera.\n\nEn las paredes del aljibe no existía ningún hueco de acceso a un túnel, ni señal de que hubiera sido tapado, desmintiendo la tradición de la existencia de un pasadizo que uniría la torre con la catedral y el castillo. Una tradición quizás fomentada por la existencia de las trincheras exteriores.\n", "ubi_mat_dep_perm": "Almacén del Servicio de Arqueología. Gobierno de Navarra. Cordovilla.", "ubi_mat_falta_depos": null, "ubi_mat_dep_tempo": null, "bibliografia": null, "colaboradores": null }, "geometry": { "type": "Point", "coordinates": [ -1.606222311168397, 42.058826310511314 ] } },
{ "type": "Feature", "properties": { "fid": 1482, "numero_int": 9, "denominacion": "MercadoAbastos 1986", "n_sigla": "TU.MA.86.(nivel).x_0", "direccion": "Juan José Bienes Calvo 1986.\nLuís Navas Cámara 2008.\n", "fecha": "Ayuntamiento de Tudela.", "z_pepri": 3, "director": "Juan José Bienes Calvo 1986.\nLuís Navas Cámara 2008.\n", "promotor": "Ayuntamiento de Tudela.", "descrip_restos": "Dos son las intervenciones arqueológicas realizadas. En 1986 en las obras de remodelación integral del mercado y el 2008 en las obras de construcción de un supermercado en el patio central.\nEl Mercado de Abastos de Tudela data de 1840, siendo de construcción nueva tras el derribo del Convento de la Merced. El antiguo mercado estaba formado por un gran patio rodeado de arcadas y filas de barracones en el centro. Muchos pensaban que estas arcadas serían parte del claustro del convento, pero se comprobó que eran obra nueva, viéndose las huellas de dos pisos del claustro en la pared que limita el mercado con las viviendas al Norte del patio.\nEn 1986 se hizo seguimiento arqueológico en las 32 zanjas para los pilares del nuevo mercado. De una de ellas, en la que aparecieron más restos, se hizo una ampliación y excavación manual hasta agotar niveles.\nLos materiales que se encontraron fueron restos del derribo del Convento de la Merced que se utilizaron para crear el plano de aterrazamiento para la construcción del Mercado. Se recuperaron varios elementos decorativos de alguna capilla, en yeso, entre los que destaca un escudo pintado con los emblemas de La Merced. También algunos azulejos de arista, polícromos, del siglo XVII.\nFue notoria la falta de niveles antiguos, sobre todo de cronología andalusí, en una zona relativamente cercana a la mezquita. Se planteaba así, por primera vez, la teoría de que entre la parte posterior de la mezquita y las murallas paralelas al río Queiles no existía una zona completamente urbanizada, sino que disponía de espacios abiertos para huertas y recintos para el ganado.\nEn 2008, ante la poca afluencia de personas al Mercado y el lento abandono de los pocos puestos que se ocuparon tras las obras de 1986, se proyectó ocupar el patio central con un supermercado, para lo cual fue preciso hacer pilares para la sustentación de la cubierta. En dicha obra se plantaron 11 sondeos en los que solo en tres de ellos hubo restos arqueológicos. En el resto apareció un potente estrato de escombros fruto el derribo del convento entre 1838 y 1840 además de conducciones de hormigón contemporáneas. En esta intervención fue posible la recuperación de estructuras de la fase del convento con varios muros de mampostería y unos suelos de ladrillos y de cantos rodados. Los únicos restos anteriores a esta fase del convento se trató de un pozo posiblemente de agua colmatado con un relleno que poseía lozas del siglo XVII.\nUno de los elementos documentos más interesantes fueron los restos de un espacio subterráneo abovedado y con acceso por escaleras que daba servicio al mercado del siglo XIX, tratándose de una fuente utilizada para conservar el pescado en las aguas limpias que surgían en su fondo. \nLo parcial de la excavación no permitió concretar más sobre la atribución de los restos hallados a un edificio concreto ni plantear ningún tipo de reconstrucción.\n\n", "ubi_mat_dep_perm": "Almacén Sección de Arqueología. Cordovilla.", "ubi_mat_falta_depos": null, "ubi_mat_dep_tempo": null, "bibliografia": "<ul>\n    <li>BIENES CALVO, Juan José. Trabajos de Arqueología en Tudela 1986 – 1987. En <i>Revista Trabajos de Arqueología Navarra nº 7</i>. Págs. 360 – 364. Pamplona, 1987.</li>\n</ul>", "colaboradores": null }, "geometry": { "type": "Point", "coordinates": [ -1.605706728243665, 42.062678008653023 ] } },
{ "type": "Feature", "properties": { "fid": 1483, "numero_int": 8, "denominacion": "Bodega de la Calle Roso", "n_sigla": "_1_3_5_0", "direccion": "Julio Segura Moneo (Archivero).", "fecha": "1983 a 1986", "z_pepri": 2, "director": "Julio Segura Moneo (Archivero).", "promotor": "Ayuntamiento de Tudela.", "descrip_restos": "La bodega de la calle del Roso se localiza en una vivienda que adquirió el Ayuntamiento con objeto de ampliar sus oficinas, estando adosada al edificio principal. Bajo ella se localizó una bodega tapiada, casi totalmente colmatada de tierra y escombro.\n\nLa bodega es de grandes dimensiones y está construida con piedra, incluida la totalidad de su bóveda, pudiendo fecharse en el siglo XIV. Optando por recuperar este espacio, la brigada de obras del ayuntamiento comenzó a realizar el vaciado, comprobando que aparecía gran cantidad de cerámica, pues la bodega había sido utilizada como pozo ciego por varias viviendas. Julio Segura, archivero del ayuntamiento, se interesó por los restos y mandó que se recogieran todos los fragmentos. La labor fue lenta, pues se trabajaba principalmente en días de lluvia, cuando la brigada no podía trabajar en la calle. Así entre los años 1983 y 1986 se fue vaciado poco a poco. \n\nA finales de 1986 Juan José Bienes, como arqueólogo municipal, retomó las labores de excavación, pero prácticamente ya estaba toda vaciada. Con un grupo de voluntarios se procedió a la limpieza de todos los materiales cerámicos que se habían ido guardando en barquillas. El resultado fue la obtención de una ingente cantidad de cerámicas populares de los siglos XVII, XVIII y XIX, entre las que destacan las producciones de lozas decoradas de los alfares aragoneses de Muel y Villafeliche, así como otras producciones de mejor calidad, nacionales y extranjeras, entre las que se incluyen porcelanas inglesas. \n\nDurante los trabajos de reintegración se echó en falta una metodología cuidadosa en la extracción de las cerámicas, pues muchas formas habrían sido tiradas prácticamente enteras. \n\nTambién era evidente que muchos fragmentos no se recogieron. Tras el pegado de muchas piezas se ha conseguido obtener un gran ajuar doméstico de cerámicas, también algunos vidrios, pertenecientes a clases acomodadas de la Tudela de finales de la Edad Moderna.\n\nActualmente la bodega está rehabilitada y tiene acceso directo desde la planta baja del Ayuntamiento, utilizándose como sala de eventos.", "ubi_mat_dep_perm": "Almacén de Arqueología del Gobierno de Navarra en Cordovilla. \n", "ubi_mat_falta_depos": null, "ubi_mat_dep_tempo": null, "bibliografia": null, "colaboradores": null }, "geometry": { "type": "Point", "coordinates": [ -1.606018996242776, 42.063680372550742 ] } },
{ "type": "Feature", "properties": { "fid": 1484, "numero_int": 3, "denominacion": " Liceo", "n_sigla": "_1_3_6_0", "direccion": "Calle Olmos", "fecha": "17 de mayo de 2021", "z_pepri": null, "director": null, "promotor": null, "descrip_restos": "", "ubi_mat_dep_perm": null, "ubi_mat_falta_depos": null, "ubi_mat_dep_tempo": null, "bibliografia": null, "colaboradores": null }, "geometry": { "type": "Point", "coordinates": [ -1.607591429786397, 42.064595003744962 ] } },
{ "type": "Feature", "properties": { "fid": 1485, "numero_int": 5, "denominacion": "ZonaPozos RA23 Cerro", "n_sigla": "TU.SB.86.x._0", "direccion": "1985-86 Julio Segura Moneo - Juan José Bienes Calvo.\n2024 Juan José Bienes Calvo - Oscar Sola Torres.\n", "fecha": "Excavación, 1985 y 1986.\nPuesta en valor, 2024.\n", "z_pepri": 1, "director": "1985-86 Julio Segura Moneo - Juan José Bienes Calvo.\n2024 Juan José Bienes Calvo - Oscar Sola Torres.\n", "promotor": "Ayuntamiento de Tudela.", "descrip_restos": "DESCRIPCIÓN DE LOS RESTOS APARECIDOS\t\nDurante los años 1984 y 1985, el Ayuntamiento de Tudela acometió obras en el Cerro con el fin de contener mediante muros algunos taludes de tierra y crear accesos por escaleras entre las diferentes terrazas del monte.\nAl cortar la ladera derecha en el último tramo de la carretera que sube a la plataforma superior, se tocó una potente estructura de piedra y argamasa que protegía un pozo realizado en piedra caliza de sillería. También se cortaron dos muretes de argamasa.\nCon el beneplácito de la Institución Príncipe de Viana, se hicieron trabajos de excavación para descubrir el pozo de piedra en su totalidad, adentrándose en la ladera del monte hasta que se delimitó una estancia entre dos muros en ángulo recto construidos en mampostería y tapial. En su superficie, además del pozo de piedra, se localizó un depósito rectangular de argamasa blanca, el arranque de unas escaleras, dos pilares para soporte del piso superior y una puerta de acceso a otra estancia que se adentraba en el corte del monte. Una excavación más minuciosa del suelo, pudo fechar el abandono del conjunto a finales del siglo XII o principios del XIII, y descubrir un segundo depósito más pequeño, a ras de suelo, al que vertía un canalillo de piedra desde el depósito mayor. La conservación de los muros superaba en algunos puntos los dos metros de altura.\nEl muro de tapial se protegió con una estructura de bloques prefabricados, se reconstruyó la parte destruida del depósito grande y se colocó un suelo de cantos rodados. La erosión y el vandalismo han estropeado algunas de las estructuras y han desaparecido dos de las mejores piedras talladas.\nEn 2024 se hicieron nuevos trabajos de limpieza y consolidación, además de un nuevo vallado y la colocación de un panel explicativo.\nLa interpretación que se expone es que el conjunto antiguo formaría parte de la planta baja de una casa de la Judería Nueva, donde existiría un lagar para el pisado de la uva en el depósito grande y recogida del mosto en el depósito pequeño. El mosto se pasaría a la bodega o zona de fermentación que estaría tras la puerta que se dejó vista al Norte de la estancia, pero ya sin excavar.\nToda la estancia se amortiza y cubre con un relleno de tierra y escombro con el fin de aumentar la terraza superior en una ampliación del castillo en el siglo XIII.\nSerá sobre el relleno para esta ampliación en el que se hará el foso para la construcción del pozo de piedra. Este pozo no sería muy profundo y contendría poca agua, por lo que se ha propuesto que pudiera servir para albergar el contrapeso de algún puente levadizo o rastrillo asociado a la puerta de entrada del recinto superior del castillo.\n", "ubi_mat_dep_perm": "Almacenes del Servicio de Arqueología. Gobierno de Navarra. Cordovilla.\nSala de arqueología. Museo de Tudela. Palacio Decanal.\n", "ubi_mat_falta_depos": null, "ubi_mat_dep_tempo": null, "bibliografia": "<ul>\n    <li>BIENES CALVO, Juan José. Introducción al estudio de la cerámica musulmana en la ciudad de Tudela. En <i>Revista Turiaso nº 7</i>. Págs. 117 a 158. Tarazona, 1987.</li>\n    <li>BIENES CALVO, Juan José. “Urbanismo”. En <i>Serie Retrospectiva y Futuro 802 – 2002 nº 5</i>. Págs. 27, 35, 45 y 47. Tudela, 2002.</li>\n    <li>MARÍN ROYO, Luís María. <i>Temas tudelanos II. La Tudela desconocida</i>. Aspectos recónditos de la historia de la ciudad: El castillo. Las murallas. Pág. 39. Tudela, 2002.</li>\n</ul>", "colaboradores": null }, "geometry": { "type": "Point", "coordinates": [ -1.606593666019125, 42.066871750010556 ] } },
{ "type": "Feature", "properties": { "fid": 1486, "numero_int": 4, "denominacion": "TorreonCarlista RA11 Cerro", "n_sigla": "", "direccion": "Juan José Bienes Calvo", "fecha": "1984", "z_pepri": 1, "director": "Juan José Bienes Calvo", "promotor": "Ayuntamiento de Tudela.", "descrip_restos": "Excavación de los restos de un torreón circular que se sitúa en un ángulo del muro que forma el perímetro exterior de las fortificaciones que se construyen en el Cerro de Santa Bárbara durante la Tercera Guerra Carlista.\nLa excavación descubrió la parte conservada del torreón, que consistía en parte del suelo empedrado, conservado en un 50%, la parte de las paredes construidas contra terreno y una estrecha puerta de acceso.\nEl nivel arqueológico solo era un relleno de escombro, en ladera, con cantidad de trozos de ladrillos que formarían la bóveda que cubriría al torreón. La existencia de esta bóveda implica que estaría preparada para soportar peso, pudiendo situarse en la parte superior un parapeto para cañonera con acceso desde el plano aterrazado.\nEn 1985 se realizaron, por parte del Ayuntamiento de Tudela, obras de protección en los taludes y escaleras de acceso entre las terrazas del Cerro. Durante estas obras se reconstruyó la planta del torreón y se le dio acceso al excavarse el pasillo en trinchera que acababa en la puerta excavada el año anterior.\n", "ubi_mat_dep_perm": "Almacén del Servicio de Arqueología. Cordovilla.", "ubi_mat_falta_depos": null, "ubi_mat_dep_tempo": null, "bibliografia": null, "colaboradores": null }, "geometry": { "type": "Point", "coordinates": [ -1.607850839330136, 42.067028789132578 ] } },
{ "type": "Feature", "properties": { "fid": 1487, "numero_int": 14, "denominacion": "Solar Carrera y Claras", "n_sigla": null, "direccion": "Calle Carrera 16", "fecha": "6 al 24 de Septiembre de 1988", "z_pepri": null, "director": "Juan José Bienes Calvo", "promotor": "Ayuntamiento de Tudela", "descrip_restos": "Este solar de la Calle Carrera estuvo el último edificio en derribarse para construir la nueva urbanización de la Plaza Sancho el Fuerte, siendo conocido todo el conjunto como el Solar de las Claras, ya que allí estuvo el convento de las monjas clarisas en Tudela.\nEl objetivo de esta intervención fue la de poder localizar los restos de un canal que fue descubierto en las obras de construcción de la caja fuerte del Banco de La Vasconia (luego Banco Popular y hoy local de Stradivarius) en el que se habían reutilizado gran cantidad de sillares procedentes de una portada religiosa, algunas de ellas con tallas de imaginería, que se recogieron por el Ayuntamiento.\nEn el solar se trazó una cata en trinchera, de 2 x 15 m, y a una distancia de 11,30 desde la fachada a la calle Carrera.\nEn la excavación no se encontraron restos de dicho canal y solo aparecieron estructuras correspondientes a viviendas del siglo XIX y XX, siendo la más antigua, un potente muro que se marcaría como límite del convento de clarisas, con una cronología del siglo XVI.\nA un lado y otro del muro, los niveles arqueológicos fueron muy diferentes. A la parte Norte, se localizó un relleno muy potente, que no se llegó a finalizar y que colmataba una gran fosa o cuenca rellenada en el siglo XIX. Quizás la orilla del río Queiles llegaba hasta aquí y los rellenos correspondían al aterrazamiento para encauzar el río y crear un plano donde trazar la Carrera de las Monjas. Este relleno contenía abundante escombro y cerámicas de varias épocas, pero en límite inferior se encontraron abundantes efectos militares: botones, balas, piedras de fusil, etc, ya que algunos conventos fueron cuarteles y hospitales durante la Guerra de Independencia.\nPor el contrario, al lado Sur del muro, estos rellenos no existían, sino que había un plano nivelado para la adecuación de los terrenos del convento, bajo el cual se localizó un nivel arqueológico rico en cerámicas mudéjares, de los siglos XII y XIII, con cerámicas de \"cuerda seca\" y vidriadas de tradición almohade, entre las que destacaban los ataifores con decoración estampillada y las jarras con decoración en relieve.\nTodas estas cerámicas provienen de testares de alfareros que tendrían sus hornos cerca, como así se demostró en las siguientes excavaciones que se desarrollaron en la calle Carrera 15, en 2005.\nEste relleno amortizaba un pozo para extracción de agua que estaba rellenado con la misma capa de tierra y cerámicas.\n", "ubi_mat_dep_perm": "Almacén Servicio de Arqueología. Gobierno de Navarra. Cordovilla.", "ubi_mat_falta_depos": null, "ubi_mat_dep_tempo": null, "bibliografia": "<ul>\n    <li>BIENES CALVO, Juan José. “Urbanismo”. En <i>Serie Retrospectiva y Futuro 802 – 2002 nº 5</i>. Págs. 38 y 41. Tudela, 2002.</li>\n</ul>", "colaboradores": null }, "geometry": { "type": "Point", "coordinates": [ -1.603912275062353, 42.061765084062436 ] } },
{ "type": "Feature", "properties": { "fid": 1488, "numero_int": 15, "denominacion": "PlazaVieja ", "n_sigla": null, "direccion": "Plaza Vieja", "fecha": "Abril-Junio 1993", "z_pepri": 2, "director": "Luis Navas Cámara ", "promotor": "Ayuntamiento de Tudela ", "descrip_restos": "Durante los meses de abril, mayo y junio de 1993, con motivo de las obras de remodelación de la Plaza Vieja de Tudela, se llevó a cabo un seguimiento arqueológico y posterior excavación, que dejó al descubierto restos de la Mezquita Mayor de la Tudela islámica y una necrópolis cristiana posterior.\nLa Plaza Vieja se encuentra delimitada en uno de sus lados por la Catedral. El templo cristiano comenzó a edificarse en la segunda mitad del siglo XII, tras la conquista cristiana de la ciudad. La advocación de la Colegiata a Santa María, hecho común en templos cristianos que sustituyeron antiguas mezquitas, así como la existencia en ella de elementos arquitectónicos de época califal (algunos reutilizados y otros exentos), hicieron pensar a varios autores que en el solar que hoy ocupa la Catedral estuvo ubicada anteriormente la Mezquita.\nÉpoca Moderna-Medieval Cristina:\nLa excavación arqueológica descubrió una gran cantidad de enterramientos pertenecientes a la necrópolis cristiana más importante y extensa de la ciudad debido a su ubicación junto a la Catedral. Se pudo constatar una intensa utilización del espacio durante un prolongado periodo de tiempo, que abarcaba dese la construcción de la catedral en el siglo XII hasta los siglos XVII-XVIII. \nAntiguamente, en esta plaza se corrían toros, lo que dio lugar a un incidente con el Deán Cuéllar en el año 1617, debido a que dos terceras partes de este lugar eran tierra sagrada, al estar dedicadas a un cementerio parroquial.\nSe pudo observar un aprovechamiento muy intenso del espacio sin que existiera una ordenación con calles para circular, ni suelo preparado para caminar sobre las sepulturas, desarrollándose como una aglomeración. Las tumbas se encontraban muy próximas, en muchos casos colindantes. Existen tumbas superpuestas, conservándose varios niveles de enterramiento sin que exista entre ellos diferencias cronológicas o tipológicas. \nDado que no era posible intervenir en todos los enterramientos, se excavó una pequeña muestra de la necrópolis, así como aquellas tumbas cuya destrucción era necesaria para el desarrollo de los trabajos de urbanización.\nSe constataron la existencia de tumbas de distinta tipología, clasificadas según los siguientes criterios:\na) Según su construcción:\n•\tTumbas de lajas: Sus paredes y tapas están formadas por losas y bloques de piedra, mayormente caliza. Algunas reutilizan materiales arquitectónicos de alabastro procedentes de la mezquita.\n•\tTumbas excavadas en la tierra (fosas): Pueden presentar tapas de lajas o carecer de ellas.\nb) Según su forma en planta:\n•\tRectangulares\n•\tTrapezoidales\n•\tAntropomorfas\n•\tDe planta irregular\n•\tDe planta oval (fosas)\nc) Según su capacidad:\n•\tTumbas individuales: Algunas han sido reutilizadas y contienen restos de varios individuos.\n•\tTumbas colectivas con dos niveles: Poseen un orificio de comunicación entre ambas plantas. La parte superior alberga enterramientos individuales, mientras que la inferior funciona como osario, permitiendo la reutilización del nivel superior. Se cree que fueron concebidas para un uso colectivo, posiblemente familiar.\n•\tOsarios: Destinados a la acumulación de restos de distintos individuos, procedentes del vaciado de otras tumbas.\nTanto la reutilización de enterramientos individuales, como la presencia de tumbas de dos plantas y osarios nos indican también un aprovechamiento intenso de las tumbas y del espacio del cementerio.\nEn la construcción de varias tumbas de lajas, se habían reutilizado elementos arquitectónicos de alabastro procedentes de la mezquita, tanto decorados como sin decorar. Se recuperaron: 9 modillones de rollo, una pieza de guarnición de arco y una pieza correspondiente a decoración mural (comienzos siglo XI). A esto hay que sumar un fragmento de inscripción en cúfico (siglo IX).\nEl hallazgo de una estela discoidea y un fragmento de otra, indican que algunas de las tumbas se encontraban señaladas por estos elementos.\nRespecto al rito funerario, las tumbas se encontraban orientadas en dirección Suroeste-Noreste, igual que la catedral. Con los esqueletos en posición decúbito supino, con los brazos cruzados sobre el pecho o sobre el vientre. La mayor parte de los enterramientos se correspondían con individuos adultos. \n\nPeriodo Andalusí (siglos IX-XII) \nEn este lugar se hallaron restos de, hasta la fecha, la única Mezquita descubierta y excavada en Navarra\nEn las excavaciones realizadas en 1993 en la Plaza Vieja de Tudela aparecieron restos del patio de abluciones, concretamente la cimentación de parte de los muros perimetrales, algunos sillares exentos en que apoyaban las columnas que configuraban el riwaq, un pozo que ponemos en relación con las abluciones y la cimentación del alminar.\nLa Mezquita Mayor de Tudela debió construirse según el modelo general que rigió la edificación de las mezquitas andalusíes. Presentan una orientación noroeste-sudeste y constan de tres partes fundamentales: una torre alminar (sawma'a), un patio de abluciones (sahn) y una sala de oración (iwan). El alminar, generalmente de planta cuadrada, aparece unido al patio de abluciones que puede constar de una zona porticada (riwaq). La sala de oración a la que se accede desde el patio por una arquería, posee un número impar de naves marcadas por filas de columnas. Al fondo se encuentra el muro de la alquibla en el que se ubica el nicho o mihrab situados ambos en dirección sureste, orientados hacia La Meca, ciudad santa a la que se dirige la oración.\nEstos restos corresponden a dos fases del edificio. Del período más antiguo, asociado a la mezquita fundacional, se conservan dos tramos de muros y el pozo de abluciones. Del segundo período, correspondiente a la ampliación de la mezquita, se documentaron la cimentación del alminar, así como otros tramos de cimentaciones y apoyos estructurales. \nDe la última fase, se conservan algunas partes integradas en la catedral y otras que lo estuvieron hasta la restauración del claustro en los años cuarenta, de las cuales conocemos su ubicación original. Entre ellas, destacan un tramo del muro de la quibla y un tramo del muro perimetral que forma un ángulo recto con el anterior, alineado con su correspondiente en el patio. Asimismo, se halló una columna completa en su posición original durante la restauración del claustro de la Catedral. Los dos muros mencionados están construidos con sillares de alabastro y presentan una alternancia de sogas y tizones, característica de las construcciones islámicas.\nEl hallazgo de estos restos, especialmente la aparición de apoyos y la presencia de contrafuertes ubicados a distancias equidistantes, junto con las dimensiones del alminar y la separación entre los apoyos y sus muros perimetrales, ha permitido realizar cálculos para reconstruir la planta del edificio en sus dos fases.\nLos restos más antiguos de la mezquita corresponderían al edificio inicial contemporáneo a la extensión de la medina hasta el río Queiles, a mediados del siglo IX. La ampliación se llevaría a cabo en la primera mitad del siglo XI, ya en el período de las taifas, con unos reyes que intentan reafirmar su poder político con obras tan importantes y propagandísticas como la mejora y ampliación de las mezquitas aljamas de las ciudades de su territorio. Esto ocurriría en la Tudela musulmana, cuya población muy aumentada respecto a la del siglo IX requeriría una mezquita capaz de acoger a un mayor número de fieles. Restos arquitectónicos, numismáticos y cerámicos confirman la primera mitad del siglo XI como fecha de la ampliación.\nEn 1119 la ciudad de Tudela es introducida en el ámbito cristiano al caer por capitulación ante el rey Alfonso I el Batallador. Dentro de las condiciones pactadas se encuentra una que permite a los musulmanes conservar la mezquita, sus casas y propiedades dentro de la medina durante un año. En 1121 la mezquita será consagrada al culto cristiano. Las obras de construcción de un templo cristiano de nueva planta sobre el antiguo oratorio islámico se iniciarán hacia 1168. La orientación de la iglesia suroeste-noreste será perpendicular a la de la mezquita, hecho común en los templos cristianos construidos sobre templos islámicos. Otra característica usual en estos casos es la advocación de la iglesia a Sta. María. La iglesia, que comenzó a edificarse por el claustro, cabecera y crucero, conservaría adosada en un principio la sala de oración. Conforme se fueron construyendo las naves se iría derribando la mezquita.\nEl patio, que con la consagración de la mezquita perdió su función ritual, fue destruido y el área se convirtió en un cementerio. \nPeriodo romano:\nSe pudo constar la presencia de un nivel de tierras arcillosas localizado en una cata realizada junto al alminar, con presencia de material cerámico de época romana, así como de material de tradición indígena (fragmentos de Terra Sigilata Hispánica, engobada y de almacenamiento).  \n\n", "ubi_mat_dep_perm": "Sección de Arqueología. Gobierno de Navarra. Cordovilla.Almacén\nSala de Arqueología. Bodega Museo de Tudela. Palacio Decanal.\n", "ubi_mat_falta_depos": null, "ubi_mat_dep_tempo": null, "bibliografia": "<ul>\n    <li>IBAÑEZ ARTICA, Miguel, NAVAS CÁMARA, Luís y MARTÍNEZ ARANAZ, Begoña. El hallazgo monetario de la Plaza Vieja de Tudela. En <i>Revista del Centro de Estudios Merindad de Tudela nº 9</i>. Págs. 5 a 63. Tudela, 1998. <a target=\"_blank\" href=\"https://dialnet.unirioja.es/servlet/articulo?codigo=2604252\">Enlace al artículo</a></li>\n    <li>NAVAS CÁMARA, Luís y MARTÍNEZ ARANAZ, Begoña. Excavaciones en la Plaza Vieja de Tudela. La Mezquita Mayor. En <i>Revista Trabajos de Arqueología Navarra nº 11</i>. Págs. 137-139. Pamplona, 1994. <a target=\"_blank\" href=\"https://dialnet.unirioja.es/servlet/articulo?codigo=1373949\">Enlace al artículo</a></li>\n    <li>NAVAS CÁMARA, Luís y MARTÍNEZ ARANAZ, Begoña. La mezquita mayor de Tudela. Excavaciones arqueológicas. En <i>Actas del III Congreso General de Historia de Navarra</i>, 1994. <a target=\"_blank\" href=\"http://sehn.org.es/wordpress/wp-content/uploads/2017/07/congreso3_area1_navas.pdf\">Enlace al documento</a></li>\n    <li>NAVAS CÁMARA, Luís y MARTÍNEZ ARANAZ, Begoña. La mezquita mayor de Tudela. Excavaciones arqueológicas. En <i>Revista del Centro de Estudios Merindad de Tudela nº 6</i>. Págs. 5-18. 1994. <a target=\"_blank\" href=\"https://dialnet.unirioja.es/servlet/articulo?codigo=2604176\">Enlace al artículo</a></li>\n    <li>NAVAS CÁMARA, Luís y MARTÍNEZ ARANAZ, Begoña. Dos estelas discoideas de la Plaza Vieja de Tudela. En <i>Revista Cuadernos de Etnología y Etnografía nº 66</i>. Págs. 551 a 554. Pamplona, 1995. <a target=\"_blank\" href=\"https://dialnet.unirioja.es/servlet/articulo?codigo=369238\">Enlace al artículo</a></li>\n    <li>NAVAS CÁMARA, Luís y MARTÍNEZ ARANAZ, Begoña. Excavaciones en la Plaza Vieja de Tudela. La necrópolis cristiana y nuevos datos sobre la Mezquita Alhama. En <i>Revista Trabajos de Arqueología Navarra nº 12</i>. Págs. 91 a 174. Pamplona, 1996. <a target=\"_blank\" href=\"https://dialnet.unirioja.es/servlet/articulo?codigo=78977\">Enlace al artículo</a></li>\n</ul>", "colaboradores": null }, "geometry": { "type": "Point", "coordinates": [ -1.60543485576173, 42.06388969105798 ] } },
{ "type": "Feature", "properties": { "fid": 1489, "numero_int": 17, "denominacion": "Juderia II", "n_sigla": null, "direccion": "CL. MIGUEL SERVET 2", "fecha": "Noviembre-Diciembre 1996", "z_pepri": 2, "director": "MARI CRUZ PÉREZ OMEÑACA\n", "promotor": "VINSA (Viviendas Navarra S.A) y AYUNTAMIENTO DE TUDELA", "descrip_restos": "Los trabajos arqueológicos, dirigidos por la arqueóloga Mari Cruz Pérez Omeñaca, se llevaron a cabo en los meses de noviembre y diciembre de 1996, en un solar de aproximadamente 800 m2 ubicado entre las calles paseo Pamplona, Verjas y Miguel Servet, dentro del recinto medieval de Tudela. Esta área correspondía a una de las murallas medievales de la ciudad y a la Puerta de Zaragoza, cuyo nombre ha perdurado. \nLos trabajos se iniciaron con la realización de 2 sondeos arqueológicos que permitieron identificar la perduración de un tramo de la muralla defensiva de la medina, construida a mediados del siglo IX. \nLa excavación arqueológica permitió poder documentar las estructuras que se conservaban en buena parte de la superficie el solar, en 400 m2. Los restos más destacados descubiertos en esta excavación fueron:\n-\tMuralla: El trazado de dicha muralla es paralelo a la calle Paseo de Pamplona y su cara exterior se conserva en su mayor parte bajo la calle, siendo posible la apreciación de la planta y grosor del muro en algunas zonas de la excavación. Se trata de un tramo de 36 m de largo con una anchura media de 2,20 m. \nLa hilera superior conservada se encuentra a una profundidad de 1,50 m por debajo de la cota actual de la calle. La muralla está formada por dos paramentos exteriores de sillares y relleno interior. El paramento exterior mostraba, en su cara interna hacia la ciudad, grandes sillares de piedra caliza de tamaño irregular y sin almohadillar, mientras que la cara externa, orientada hacia el río Queiles, presentaba sillares de ejecución más cuidada, elaborados con bloques a soga y tizón, con mayor predominancia de tizones. Los sillares estaban unidos por un fino tendel de argamasa, y el relleno interior de los paramentos consistía en piedras de diversos tamaños, principalmente calizas, unidas con argamasa de cal y arena.\nCronológicamente se corresponde al cerco de protección de la medina islámica ampliada, con toda probabilidad, por Mûsà ben Mûsà a mitades del siglo IX (852-860). El lienzo de muralla se localiza en el extremo Sur del solar, colindante y coincidente con el trazado de la calle Paseo de Pamplona, con una longitud total de 36 m.\n-\tEstancias-habitaciones: Estas dependencias se adosaban a la muralla. El conjunto urbanístico descubierto en la excavación aledaño a la muralla, está compuesto por un total de 10 habitaciones y una calle. Su disposición se adapta a la orientación del tramo de muralla y de la calle.  Los materiales cerámicos encontrados en la zona indican que estas construcciones comenzaron a edificarse en el siglo XII, tras la conquista cristiana de la ciudad.\n-\tCalle: Se localizó un tramo de calle que articulaba el acceso a las diversas estancias. La calle tenía una anchura conservada máxima de 4 m. Se pudo localizar una losa con un agujero que pudo servir de sumidero para el agua. La configuración de la calle dataría de la misma época de construcción de las habitaciones, a partir del siglo XII. \n-\tPozos: Se localizaron dos pozos de extracción de agua construidos con piedras regulares. Destaca el pozo n.º 1, donde se halló un brocal monolítico de piedra caliza de 82 cm de diámetro y altura, con ornamentación islámica mediante seis arcos trilobulados, con una línea incisa en la parte superior sobre la que se aprecian trazos oblicuos. El brocal está reutilizado. La decoración es similar a la de la pila de abluciones adscrita a la mezquita, aparecida en las obras de restauración de la Catedral de los años 1963-1968, y fechada en el siglo XI. \nEsta excavación, por su ubicación en los límites de la medina islámica, ha sido de gran importancia para el estudio de las defensas de la ciudad y de la evolución del urbanismo en la Tudela medieval.\nEl elemento más antiguo de los que han aparecido en la excavación, y sin duda el más importante, es el lienzo de muralla islámica que defendía la ciudad en su límite con el río Queiles.\nEl registro arqueológico indica que la ocupación urbana de la zona se remonta a los momentos posteriores a la conquista cristiana de la ciudad, a partir del año 1119. \nParece ser que la medina islámica de Tudela, fundada a finales del siglo VIII o principios del IX, que se extendía desde el Cerro de Santa Bárbara hasta Mediavilla, tuvo un gran crecimiento demográfico desde sus primeros momentos. Este auge demográfico unido al enorme poder político alcanzado por Mûsa ben Mûsa a mitades del siglo IX, hizo que éste ampliara la superficie ocupada por la medina, llevando sus límites desde el río Mediavilla hasta el curso del río Queiles, donde construiría una nueva muralla defensiva. \nDentro de la medina, había espacios vacíos junto al trazado del recinto defensivo, los cuales eran utilizados para jardines, huertos y otros fines. La ausencia de testimonios arqueológicos de una cronología tan temprana sugiere que, en sus primeros momentos, este sector adyacente a la muralla probablemente estaba ocupado por jardines o huertas. \nTras la conquista cristiana en 1119, la ciudad experimentó una renovación urbanística, ocupando progresivamente los espacios vacíos dentro del recinto defensivo medieval. A partir del siglo XII, este solar comenzó a ser ocupado de manera gradual. Durante los siglos XII y XIII, se construyeron viviendas que, por su costado meridional, se adosaban a la muralla, mientras que por su lado septentrional se abrían a una calle, configurando un nuevo trazado urbanístico. \nLos restos de la Puerta de Zaragoza, cuya torre se mantuvo en pie hasta 1.621, año en que se ordenó su demolición por amenaza de ruina, no pudieron ser recuperados. Al no haber llegado hasta el punto en el que aparece en la muralla el vano de la puerta, podemos suponer que éste se localiza con la actual calle Verjas. \nEl registro arqueológico demuestra que este solar no tuvo ocupación urbana hasta el siglo XII, lo que hace incompatible la teoría que ubica la primitiva judería tudelana en este sector de la ciudad, anexo a la muralla y a la Puerta de Zaragoza.\n\n", "ubi_mat_dep_perm": "Almacén Servicio de Arqueología Gobierno de Navarra. Cordovilla.", "ubi_mat_falta_depos": null, "ubi_mat_dep_tempo": null, "bibliografia": "<ul>\n    <li>Pérez Omeñaca, M. Excavaciones de urgencia fase II de la plaza de la Judería (Tudela). En <i>Trabajos de Arqueología Navarra, Nº 16</i>. 2002-2003. Págs. 163-173.</li>\n    <li><a target=\"_blank\" href=\"https://dialnet.unirioja.es/servlet/articulo?codigo=751656\">https://dialnet.unirioja.es/servlet/articulo?codigo=751656</a></li>\n</ul>", "colaboradores": null }, "geometry": { "type": "Point", "coordinates": [ -1.603306360348404, 42.062744033205206 ] } },
{ "type": "Feature", "properties": { "fid": 1490, "numero_int": 16, "denominacion": "Plaza Yehuda ha Leví", "n_sigla": "TU.94.1.x. y TU.95.1.x._0", "direccion": "Plaza Yehuda ha Levy.", "fecha": "29 de Noviembre a 18 de Diciembre de 1994 y 21 de Marzo a 21 de Abril de 1995", "z_pepri": 2, "director": "Juan José Bienes Calvo", "promotor": "Ayuntamiento de Tudela", "descrip_restos": "Esta intervención arqueológica se localiza en la que originalmente se llamó Manzana de la Rúa, un proyecto que se fundamentaba en la rehabilitación de dos edificios para uso público: la Casa de Veráiz para Museo Muñoz Sola y la Casa del Corro para sede el Consorcio EDER. El proyecto se completaba con la adecuación de los restos de la iglesia del Convento de San Antón y la reconversión en espacio público para aparcamiento de toda una serie de corrales y patios interiores que existían en el centro de la manzana. Estando tan cerca de la localización de los restos de la Mezquita, excavados en la Plaza Vieja en 1993, desde el Ayuntamiento se planteó realizar unos sondeos y un seguimiento arqueológico que documentara los posibles restos que pudieran aparecer del Convento de San Antón y niveles arqueológicos de cronología andalusí.\nEn el proceso de excavación se diferenciaron dos fases. La primera, realizada en 1994, supuso la realización de 4 catas para determinar la evolución del poblamiento en esta parte de la ciudad. La segunda fase se hizo en 1995, partiendo de los datos aportados por los sondeos, realizándose un seguimiento de obra para determinar la evolución urbanística de la zona, antes de que se reconvirtiera en una reparcelación de corrales. También se realizó un quinto sondeo en una zona más baja del solar, donde los niveles andalusíes estaban más superficiales.\nEl sondeo 1, de 2 x 7 m, se realizó cerca de la Casa de Veráiz, una zona de patio con escombro y muchas raíces, donde solo se localizó un pozo ciego con materiales del siglo XVIII.\nEl sondeo 2, de 2 x 9 m, se localizaron unos peldaños que daban acceso a una bajera donde se marcaban huellas de haber tenido tinajas. En el centro de la cata se descubre parte de una habitación con suelo de cal pintado de rojo. Su cronología puede ser medieval, pero no hay cerámicas para fechar. Tras un muro de separación y bajo varios pavimentos de patio, se localizó cubierto con losas, un nuevo pozo ciego construido con piedras, al que desaguaban dos canalillos. El cegado del pozo se fechó en el siglo XVII.\nEl sondeo 3 comenzó con unas medidas de 2 x 5 m, pero se tuvo que ampliar a 5 x 5 m porque se localizó la parte medieval de un adarve que existía en la manzana y que ha desaparecido con las obras. Se constata su existencia desde época andalusí, dándose la peculiaridad de que la puerta de acceso a la vivienda se va apropiando del terreno de la calle conforme se van haciendo reformas. Dos de estas reformas de umbral, en épocas medieval cristiana y moderna, quedan registradas en la excavación.\nEn la parte interior de la vivienda andalusí, se excava un sistema de recogida de agua mediante un pilar perforado de sillares de alabastro que recogerían agua de zonas superiores de la vivienda, desaguando en un pozo construido con piedras que tendría un canal de sobradera que llevaría el agua a otro depósito.\nEl sondeo 4, de 3 x 8 m, localizó estructuras de una vivienda del siglo XVI, estas constan de un enlosado de piedra al exterior de una entrada que presenta dos puertas con doble hoja. Esta puerta daría acceso a una habitación con suelo de tierra y a un patio empedrado. Se profundiza en la habitación con suelo de tierra, llegando a niveles medievales, tanto cristianos como andalusíes.\nEn 1995, viendo los datos aportados en los cuatro sondeos de 1994, se procedió a realizar una limpieza con pala excavadora para intentar documentar el trazado de los adarves que existieron en la parte superior del solar. Este sistema de adarves se refuerza en el siglo XII tras la conquista cristiana y con remodelaciones modernas, llega hasta el siglo XVIII en que se destruye para formar corrales y bajeras, ya sin acceso por callejas. En su origen medieval, estos adarves comunicaban la parte alta con la baja de toda la manzana, entre Plaza Vieja y Caldereros.\nFinalmente, en la parte baja del solar se realizó un sondeo de 2 x 7 m, en un lugar donde se apreciaban niveles arcillosos de cronología andalusí y restos de un muro con piedras de buena calidad.\nEl muro estaba realizado con sillares reutilizados, con algunos elementos arquitectónicos pertenecientes al desaparecido convento de San Antón. Algunos de estos elementos se colocaron de forma decorativa en la obra. La construcción de este muro se fecha en el siglo XVI y está puesto en relación con parte de un depósito de agua cuadrado, tipo alberca, del que solo queda un lateral y restos del fondo. Estuvo realizado en piedra de sillería, con fondo de losas y con una capa gruesa de argamasa uniendo la obra por la cara no visible.\nEn el sondeo también se documentaron niveles de cronología andalusí y restos de un silo para almacenar alimentos.\n", "ubi_mat_dep_perm": "Almacén Servicio de Arqueología Gobierno de Navarra. Cordovilla.\nSala Arqueología. Bodega Museo de Tudela. Palacio Decanal.\n", "ubi_mat_falta_depos": null, "ubi_mat_dep_tempo": null, "bibliografia": "<ul>\n    <li>BIENES CALVO, Juan José. “Urbanismo”. En <i>Serie Retrospectiva y Futuro 802 – 2002 nº 5</i>. Págs. 35, 37 y 55. Tudela, 2002.</li>\n</ul>", "colaboradores": null }, "geometry": { "type": "Point", "coordinates": [ -1.606147679344835, 42.064292241934069 ] } },
{ "type": "Feature", "properties": { "fid": 1491, "numero_int": 11, "denominacion": "Cata RA18 Cerro", "n_sigla": null, "direccion": "Cerro de Santa Bárbara. (RA 18)", "fecha": "5 de Julio al 16 de Agosto 1987", "z_pepri": 1, "director": "Juan José Bienes Calvo", "promotor": "Ayuntamiento de Tudela.\nGobierno de Navarra.", "descrip_restos": "En 1987, el Departamento de Educación y Cultura del Gobierno de Navarra ofertó al Ayuntamiento de Tudela sumarse a los Talleres de Actividades para Jóvenes que se habían desarrollado por primera vez en 1986. En este Taller, jóvenes voluntarios, harían trabajos de arqueología en el Cerro del Santa Bárbara y tendrían la oportunidad de conocer el entorno de la Ribera de Tudela con otras actividades de tipo lúdico.\nEn un principio se planteó realizar trabajos de excavación en el principal tramo de muralla visible en el Cerro, en la pendiente abrupta sobre las vías del ferrocarril, pero ante la rudeza de los trabajos y la juventud de los voluntarios se optó por abrir un sondeo en una de las terrazas del Cerro para explicar la metodología de una excavación arqueológica.\nEn la zona de muralla se limpió una zona entre dos grandes bloques verticales construidos con piedra y argamasa, sin una cara vista con piedras. Entre los dos bloques apareció un tercer bloque totalmente tumbado por efecto de la erosión.\nPara la actividad de excavación se marcó una cata de 10 x 3 m en una terraza orientada al Noroeste. \nTras quitar una capa de niveles revueltos comenzaron a aflorar las primeras estructuras y suelos, viéndose que el proceso de recuperación de material de construcción de la fábrica del castillo y las casas de la judería, era muy alto. \nSe localizó una zona con suelo de losas, conservándose solo unas pocas en el rafe del corte Este de la cata, habiendo sido arrancadas en el resto. También se localizó el ángulo de dos muros, en cuyo espacio exterior quedaba, a ras de suelo, un depósito para líquidos revestido con mortero de cal, y con una losa en el fondo con una pequeña cazoleta tallada.\nBajo la cota donde debería de haber estado el suelo de losas, aparecieron dos canales para agua que se unían en la cata. Estaban cubiertos con tapas planas de piedra y los laterales y el fondo también estaban formados por piedra. Estas estructuras formarían parte de viviendas instaladas entre los cercos de fortificación del castillo, donde se localizó la Judería Nueva, entre finales del siglo XII y 1498, \nTambién se localizó un muro arrasado que puede fecharse en la etapa andalusí.\n", "ubi_mat_dep_perm": "Almacén Servicio de Arqueología Gobierno de Navarra. Cordovilla.", "ubi_mat_falta_depos": null, "ubi_mat_dep_tempo": null, "bibliografia": "<ul>\n    <li>BIENES CALVO, Juan José. Trabajos de Arqueología en Tudela 1986 – 1987. En <i>Revista Trabajos de Arqueología Navarra nº 7</i>. Págs. 360 – 364. Pamplona, 1987.</li>\n</ul>", "colaboradores": null }, "geometry": { "type": "Point", "coordinates": [ -1.607564782504856, 42.067425235838989 ] } },
{ "type": "Feature", "properties": { "fid": 1492, "numero_int": 10, "denominacion": "Cortapelaires 1", "n_sigla": null, "direccion": "Calle Cortapelaires", "fecha": "29 de Diciembre de 1986 a 8 de Enero de 1987.", "z_pepri": 2, "director": "Juan José Bienes Calvo", "promotor": "Ayuntamiento de Tudela", "descrip_restos": "\nDESCRIPCIÓN DE LOS RESTOS APARECIDOS\tEn un pequeño solar se marcó un sondeo de 2 x 2 m, ampliado a 2 x 3 m, con la colaboración de alumnos del Instituto Benjamín de Tudela.\nLos restos encontrados comprenden un pozo de agua con un diámetro de 1,20 m, muros en relación con el pozo y otros pertenecientes a los cimientos de la casa derribada.\nEn un principio se marcó una cata de 2 x 2 m, quitando enseguida los niveles contemporáneos y un muro que cruza la cata. Bajo este muro apareció otro ligeramente desviado y un relleno de piedras y tierra. Se mantiene el muro y se profundiza en el relleno. Tras una fase de limpieza se observa la estructura de un pozo circular de piedras cogidas con arcilla, situándose en la cata la mitad del pozo.\nSe amplíó la cata a 2 x 3 m para que el pozo se viera completo, descubriéndose al exterior un nivel de cenizas con cerámicas andalusíes y otro con cerámicas celtíbero romanas. Una vez sacado el círculo del pozo, se aprecia un proceso de ruina de las paredes del pozo que hizo que éste se rellenara con piedras y cerámicas islámicas procedentes de los niveles exteriores. En el pozo solo se rebajó hasta una cota de 50 cm por debajo del agua.\nEn conclusión los niveles arqueológicos hallados son:\nNivel a. De época contemporánea. Con escasa potencia, corresponde a la construcción o alguna remodelación de la casa derribada. Aparece alguna cerámica medieval y lozas contemporáneas. Aparece un muro de piedra y parte de un suelo de cemento.\nNivel b. Se sitúa encima del pozo y está en relación con éste y los muros que le rodean. Tierra con algo de escombro en la que aparecen fragmentos aislados de cerámica árabe, junto con otros medievales de los siglos XV – XVI y alguno de época romana. Los restos de muros corresponden a la pequeña estancia que delimitaría el pozo y una losa que estaría en relación con el suelo y su cubrimiento.\nNivel C. Corresponde al relleno del pozo. El material que se recoge dentro de él corresponde, en su mayor parte, a cerámicas que proceden del nivel d como consecuencia del derrumbe de parte de la pared superior del pozo. Esporádicamente aparece algún fragmento de cerámica medieval tardía Entre la cerámica andalusí destaca gran parte del fondo de un arcaduz, una redoma vidriada y algunos fragmentos de ataifores vidriados. También aparecen algunos fragmentos de cerámicas romanas tardías, destacando un fragmento de cerámica gris estampillada con arquerías.\nNivel d. Formado por un nivel de cenizas que se sitúa al exterior del pozo. Aparece gran cantidad de cerámica andalusí, junto con algunos fragmentos de época romana tardía. Entre los materiales andalusíes destacan tres ataifores vidriados y un ataifor de loza dorada. El perfil de los ataifores indica una homogeneidad cronológica que queda definida por la decoración de la loza dorada a finales del siglo XI o principios del siglo XII.\nEl ataifor de loza dorada, denominado el Plato de los Leones, es de pie bajo, triangular, y perfil carenado; presenta una rica decoración con un medallón central en el que se representan dos leones enfrentados y separados por un árbol con grandes hojas o frutos. Toda la superficie entre el medallón y la carena se decora con tres orlas concéntricas; las exteriores formadas por una ancha banda dorada en las que se inscribe una línea de bucles esgrafiados mientras que la central está formada por la sucesión de una palabra, repetida, en pseudoescritura cúfica. Junto a este plato aparecieron dos fragmentos de otras piezas similares.\nNivel e. Se sitúa en una zona inferior de los niveles que se encuentran al exterior del pozo. Se recogen restos de cerámicas celtibero romanas en un pequeño nivel de cenizas. Ninguna de ellas presenta decoración\n", "ubi_mat_dep_perm": "Almacén Sección de Arqueología. Cordovilla. \nMuseo de Tudela, sala de arqueología, bodega.\n", "ubi_mat_falta_depos": null, "ubi_mat_dep_tempo": null, "bibliografia": "<ul>\n    <li>BIENES CALVO, Juan José. Trabajos de Arqueología en Tudela 1986 – 1987. En <i>Revista Trabajos de Arqueología Navarra nº 7</i>. Págs. 360 – 364. Pamplona, 1987.</li>\n    <li>BIENES CALVO, Juan José. “Urbanismo”. En <i>Serie Retrospectiva y Futuro 802 – 2002 nº 5</i>. Págs. 24, 32 y 37. Tudela, 2002.</li>\n    <li>BIENES CALVO, Juan José. Tudela islámica. En <i>Villa 2: villes et campagnes de Tarraconaise et d’Al-Andalus</i>. Págs. 199 a 218. Zaragoza, 2007.</li>\n    <li>BIENES CALVO, Juan José. Vestigios del poblamiento romano bajo la ciudad de Tudela. En <i>Revista Cuadernos de Arqueología de la Universidad de Navarra nº 21</i>. Págs. 269 a 290. Pamplona, 2013.</li>\n    <li>ESCO, Carlos, GIRALT, Josep y SENAC, Philippe. Arqueología Islámica en la Marca Superior de Al-Andalus. Pág. 71. Huesca, 1988.</li>\n    <li>NAVAS CÁMARA, Luís y MARTÍNEZ ARANAZ, Begoña. El Patrimonio Islámico de Tudela. En <i>El patrimonio histórico y medioambiental de Tudela, una perspectiva interdisciplinar</i>. Págs. 33 a 51. Tudela, 2001.</li>\n    <li>MARÍN ROYO, Luís María. <i>Temas tudelanos I. La Tudela desconocida</i>. Aspectos recónditos de la historia de la ciudad: Fortificación de Tudela en el 802. Puente sobre el río Ebro. Pág. 21. Tudela, 2002.</li>\n    <li>ROSELLÓ BORDOY, Guillermo et alii. <i>Al Andalus. Las artes islámicas en España</i>. Pág. 237. Granada, 1992.</li>\n    <li>ROSELLÓ BORDOY, Guillermo. <i>Los jarrones de la Alhambra. Simbología y poder</i>. Págs. 192 y 193. Granada, 2006.</li>\n    <li>ZARDOYA, Amaya y BLAZQUEZ, Aurelia. <i>Guía Museo de Tudela</i>. Pág. 18. Tudela, 2009.</li>\n</ul>", "colaboradores": "Miguel Álvarez Muñoz" }, "geometry": { "type": "Point", "coordinates": [ -1.606659408059294, 42.065358746888556 ] } },
{ "type": "Feature", "properties": { "fid": 1493, "numero_int": 13, "denominacion": "CerroSantaBarbara RA 17", "n_sigla": null, "direccion": "CERRRO DE SANTA BÁRBARA", "fecha": "5 de Julio a 30 de Agosto 1988.", "z_pepri": 1, "director": "Juan José Bienes Calvo.", "promotor": "Ayuntamiento de Tudela. Gobierno de Navarra.", "descrip_restos": "Al igual que en 1987, en 1988 se realizó un segundo Campo de Trabajo con voluntarios procedentes de Navarra y otras comunidades autónomas, a través de los Talleres para Jóvenes impulsados por el Gobierno de Navarra.\nAdemás de intervenir en la muralla del castillo, en otro sector se procedió a realizar un corte estratigráfico, aprovechando un talud escarpado donde se veían capas de cenizas a gran profundidad.\nSe marcó un frente de 7 m de longitud con la intención de dejar un plano lo más vertical posible donde quedasen registradas todas las capas o niveles arqueológicos excavados hasta llegar a niveles naturales, geológicos. De esta forma, analizando los objetos y las cerámicas halladas en cada estrato, tendríamos un estudio sobre las diferentes fases históricas por las que ha atravesado la población en el Cerro de Santa Bárbara.\nLos resultados en este sector superaron las previsiones, llegando a los 4 m de profundidad y encontrando, bajo los niveles de ocupación medieval, otros de poblamiento romano y pre romano, pudiendo remontarse los más antiguos a los siglos IX - VIII a. C, en los comienzos de la Edad del Hierro.\nLos niveles más superiores corresponder a niveles revueltos por la destrucción del castillo. Éstos eran atravesados por tres canalillos de drenaje que desaguaban en un muro de argamasa encofrada, límite de los patios que rodeaban el fortín militar del siglo XIX.\nEn la escasa superficie que tenía el sondeo en sus primeras capas, apenas se pudieron documentar estructuras, siendo todo restos de fosas para desmontar estructuras. Entre éstas destaca una fosa o pozo que dividió la cata en dos partes, cortando todos los rellenos y estructuras más antiguas en dos, y llegando hasta las arcillas naturales. Se desconoce la razón para hacer esta fosa, que se adentra en el corte, pero su relleno fue rico en materiales cerámicos fechados entre los siglos XII y XIII.\nUna vez vaciada, a ambos lados se trabajó en niveles arqueológicos romanos y de II Edad del Hierro, etapa celtibérica, pero fue bajo ellos cuando comenzaron a aparecer estructuras asociadas a cerámicas manufacturadas a mano, de I Edad del Hierro.\nBajo un suelo asociado a estos muros se localizó un enterramiento infantil que presentaba una pequeña pulserita en el brazo.\nA mayor profundidad se encontraron cerámicas decoradas con acanaladuras y también con incisiones y excisiones, lo que otorgaba una gran antigüedad a estas decoraciones que unían la tradición del Bronce Final con el comienzo de la Edad del Hierro.\n", "ubi_mat_dep_perm": "Almacén Sección de Arqueología. Gobierno de Navarra. Cordovilla.\nSala de Arqueología. Bodega Museo de Tudela. Palacio Decanal.\n", "ubi_mat_falta_depos": null, "ubi_mat_dep_tempo": null, "bibliografia": "<ul>\n    <li>BIENES CALVO, Juan José. Desde la Prehistoria hasta el S. IX. En <i>El patrimonio histórico y medioambiental de Tudela, una perspectiva interdisciplinar</i>. Págs. 9 a 21. Tudela, 2001.</li>\n    <li>BIENES CALVO, Juan José. “Urbanismo”. En <i>Serie Retrospectiva y Futuro 802 – 2002 nº 5</i>. Tudela, 2002.</li>\n    <li>MARÍN ROYO, Luís María. <i>Temas tudelanos III. La Tudela desconocida</i>. Aspectos recónditos de la historia de la ciudad. Culturas antiguas. Primeras huellas humanas. Reino de Tudela y dominación musulmana. Págs. 64 a 119. Tudela, 2003.</li>\n    <li>ORTA RUBIO, Esteban. <i>Tudela</i>. En <i>Serie Panorama nº 41</i>. Pág. 13. Pamplona, 2009.</li>\n</ul>", "colaboradores": null }, "geometry": { "type": "Point", "coordinates": [ -1.607187202573008, 42.067689357836052 ] } },
{ "type": "Feature", "properties": { "fid": 1494, "numero_int": 12, "denominacion": "Murallas RA10 Cerro", "n_sigla": null, "direccion": "CERRO SANTA BÁRBARA", "fecha": "5 de Julio a 12 de Agosto 1988", "z_pepri": 1, "director": "Juan José Bienes Calvo.", "promotor": "Ayuntamiento de Tudela. \nGobierno de Navarra.", "descrip_restos": "Al igual que en 1987, en 1988 se realizó un segundo Campo de Trabajo con voluntarios procedentes de Navarra y otras comunidades autónomas, a través de los Talleres para Jóvenes impulsados por el Gobierno de Navarra.\nUna de las tareas que se realizó fue la continuación del descubrimiento del muro de aterrazamiento para el núcleo principal del castillo, del que se acabó descubriendo un lienzo de 15,30 m de longitud y 7,50 m de altura máxima conservada, donde al comenzar, la altura no superaba los 3 m.\nSorprendente fue el hallazgo de sillares de revestimiento en la cara exterior de esta muralla, sin que fueran arrancados en el expolio que se produce a partir del siglo XVI. Este revestimiento está realizado en aparejo regular, diferenciándose dos partes, una superior compuesta por cinco hiladas, con inclinación en talud, y otra inferior, con otras cinco hiladas de forma escalonada y que formarían parte del cimiento. \nLa mayor parte de los sillares presentan marcas de cantero, con unos diseños que también aparecen en la catedral y el puente sobre el río Ebro, con una cronología del siglo XIII, o finales del XII.\n\n", "ubi_mat_dep_perm": " Sección de Arqueología. Gobierno de Navarra. Cordovilla.Almacén\nSala de Arqueología. Bodega Museo de Tudela. Palacio Decanal.\n", "ubi_mat_falta_depos": null, "ubi_mat_dep_tempo": null, "bibliografia": "<ul>\n    <li>BIENES CALVO, Juan José. “Urbanismo”. En <i>Serie Retrospectiva y Futuro 802 – 2002 nº 5</i>. Pág. 49. Tudela, 2002.</li>\n    <li>MARÍN ROYO, Luís María. <i>Temas tudelanos II. La Tudela desconocida</i>. Aspectos recónditos de la historia de la ciudad: El castillo. Las murallas. Págs. 34, 258 y 259. Tudela, 2002.</li>\n</ul>", "colaboradores": null }, "geometry": { "type": "Point", "coordinates": [ -1.606388905742492, 42.067365524043637 ] } },
{ "type": "Feature", "properties": { "fid": 1495, "numero_int": 12, "denominacion": "Murallas RA10 Cerro", "n_sigla": null, "direccion": "CERRO SANTA BÁRBARA", "fecha": "5 de Julio a 12 de Agosto 1988", "z_pepri": 1, "director": "Juan José Bienes Calvo.", "promotor": "Ayuntamiento de Tudela. \nGobierno de Navarra.", "descrip_restos": "Al igual que en 1987, en 1988 se realizó un segundo Campo de Trabajo con voluntarios procedentes de Navarra y otras comunidades autónomas, a través de los Talleres para Jóvenes impulsados por el Gobierno de Navarra.\nUna de las tareas que se realizó fue la continuación del descubrimiento del muro de aterrazamiento para el núcleo principal del castillo, del que se acabó descubriendo un lienzo de 15,30 m de longitud y 7,50 m de altura máxima conservada, donde al comenzar, la altura no superaba los 3 m.\nSorprendente fue el hallazgo de sillares de revestimiento en la cara exterior de esta muralla, sin que fueran arrancados en el expolio que se produce a partir del siglo XVI. Este revestimiento está realizado en aparejo regular, diferenciándose dos partes, una superior compuesta por cinco hiladas, con inclinación en talud, y otra inferior, con otras cinco hiladas de forma escalonada y que formarían parte del cimiento. \nLa mayor parte de los sillares presentan marcas de cantero, con unos diseños que también aparecen en la catedral y el puente sobre el río Ebro, con una cronología del siglo XIII, o finales del XII.\n\n", "ubi_mat_dep_perm": " Sección de Arqueología. Gobierno de Navarra. Cordovilla.Almacén\nSala de Arqueología. Bodega Museo de Tudela. Palacio Decanal.\n", "ubi_mat_falta_depos": null, "ubi_mat_dep_tempo": null, "bibliografia": "<ul>\n    <li>BIENES CALVO, Juan José. “Urbanismo”. En <i>Serie Retrospectiva y Futuro 802 – 2002 nº 5</i>. Pág. 49. Tudela, 2002.</li>\n    <li>MARÍN ROYO, Luís María. <i>Temas tudelanos II. La Tudela desconocida</i>. Aspectos recónditos de la historia de la ciudad: El castillo. Las murallas. Págs. 34, 258 y 259. Tudela, 2002.</li>\n</ul>", "colaboradores": null }, "geometry": { "type": "Point", "coordinates": [ -1.606309922884015, 42.067144763204091 ] } },
{ "type": "Feature", "properties": { "fid": 1496, "numero_int": 23, "denominacion": "Solar Muro 5-7 y San Julian 10-12", "n_sigla": null, "direccion": "Solar Muro 5-7 y San Julian 10-12", "fecha": "8 abril a 28 de mayo de 1999", "z_pepri": 3, "director": "MARI CRUZ PÉREZ OMEÑACA", "promotor": "PROINASA S.L.", "descrip_restos": "La intervención estuvo dirigida por la arqueóloga Mari Cruz Pérez Omeñaca. \nLos trabajos dieron como resultados el descubrimiento y documentación de un nuevo tramo de la muralla que bordeaba la ciudad en su trazado paralelo al río Queiles. La muralla no coincidía, como en el caso anterior, con la alineación de la fachada y la calle, sino que apareció prácticamente en el centro del solar, paralela a la calle y a una distancia de 8,5 metros de esta.\nEl lienzo de muralla descubierto tiene 13,5 metros de longitud, con un alzado máximo de 3 metros. Su anchura oscila entre 1,90 y 2 metros. El paramento estaba compuesto por dos paños exteriores de grandes sillares y un relleno interior de cascotes y argamasa de cal y arena. La cara exterior de los sillares no presentaba almohadillado.\nLa estructura contaba con un torreón que sobresalía 1 metro respecto a la línea de trazado de la muralla. Su aparejo mostraba una alternancia de sogas y tizones.\nEl tramo descubierto corresponde a la ampliación de la medina islámica realizada a mediados del siglo IX, bajo el gobierno de Mûsa ben Mûsa, de la dinastía de los Banû Qasî. Esta expansión del recinto amurallado extendió los límites de la ciudad desde el Mediavilla hasta el Queiles, estableciendo una delimitación urbana que se mantendría hasta el siglo XVII, cuando en Tudela se llevó a cabo la construcción de la actual Plaza de los Fueros y el cubrimiento del Queiles. \nLas murallas de la ciudad experimentaron importantes reparaciones a lo largo de los siglos. Esto pudo comprobarse en este sector, donde los sillares hallados en el lienzo no eran los originales, como evidenciaban su tamaño e irregularidad. El tramo de muralla descubierto presentaba zonas con varias reparaciones, incluyendo la presencia de ladrillos e hiladas regulares de piezas calizas de entre 40 y 50 centímetros de altura, dispuestas de manera irregular en sogas y tizones.   \nTambién se encontraron restos pertenecientes al poblamiento urbano de esta zona a partir del siglo XII. En concreto, se identificaron siete estancias de pequeño tamaño, con excepción de una, que fue interpretada como un posible corral.\nLa tardía urbanización de este sector de la medina y el uso de corrales ganaderos en la zona puede haberse mantenido en la toponimia de la puerta de la ciudad situada en las proximidades de este solar, la puerta de Albazares. El término árabe “albarcar” hace referencia a los espacios reservados para guardar ganado, lo que podía explicar el origen del nombre. \n", "ubi_mat_dep_perm": "Almacén Sección de Arqueología. Cordovilla.", "ubi_mat_falta_depos": null, "ubi_mat_dep_tempo": null, "bibliografia": "<ul>\n    <li>PÉREZ OMEÑACA, Mª Cruz. El conjunto amurallado de Tudela. En <i>Revista del Centro de Estudios Merindad de Tudela nº 1</i>. Págs. 147 a 158. Tudela, 2005.</li>\n    <li><a target=\"_blank\" href=\"https://dialnet.unirioja.es/servlet/articulo?codigo=1403629\">https://dialnet.unirioja.es/servlet/articulo?codigo=1403629</a></li>\n</ul>", "colaboradores": null }, "geometry": { "type": "Point", "coordinates": [ -1.605178373711286, 42.062219469561256 ] } },
{ "type": "Feature", "properties": { "fid": 1497, "numero_int": 22, "denominacion": "Necropolis Palenque", "n_sigla": "1984: TU.EP.84.\n; 1998: Sin sigla.\n_0", "direccion": null, "fecha": "25 – 30 de Junio de 1984.\n1997.\nAgosto – Septiembre 1998.\n", "z_pepri": null, "director": "Juan José Bienes Calvo 1984 y 1998.\nMikel Ramos Aguirre 1997.\n", "promotor": "Ayuntamiento de Tudela 1984 y 1998.\nGobierno de Navarra 1997.\n", "descrip_restos": "El término de El Palenque es una planicie alta que se localiza muy cercana al casco urbano de Tudela, al Noroeste, llegando las viviendas y el parque Padre Baztán hasta su ladera sur. Aquí se localizan algunos de los depósitos de agua que hasta finales del siglo XX se utilizaron como principales, siendo ahora una reserva secundaria. Eran conocidos los hallazgos de huesos humanos en la construcción y posteriores obras realizadas.\nEn 1984 ante la noticia de que habían aparecido algunos restos, se hizo una visita al lugar y prospección del entorno, viéndose algunas fosas alineadas en el corte que años antes había realizado un camino de acceso a la zona llana superior. En estas fosas se apreciaban huesos largos de las piernas cortados. Pero los restos que más llamaron la atención fueron los de una tumba con lajas y cubierta con losas de piedra que había sido cortada al hacer el encofrado de una caja para llaves de paso.\nSe excavaron tres enterramientos, dos muy superficiales, en la zona del camino de acceso. Estaban realizados en fosas, sin lajas, contando uno de ellos con clavos del ataúd de madera.\nEl tercero fue el que contaba con losas laterales y en cubierta, descansando sobre una capa de roca natural. Los restos estaban revueltos en parte, expoliados, pero las losas tenían unión de argamasa, por lo que fue reparada. Entre esta argamasa se localizaron algunos fragmentos de cerámica que fecharon el enterramiento en el siglo XIV.\nNo habiendo constancia de comunidades religiosas en las inmediaciones y viendo el tipo de ritual que desestimaba la opción de una necrópolis islámica, la principal opción fue creer que se trataba del cementerio de la comunidad judía de Tudela, correspondiente a la Judería Nueva, entre 1177 y 1498. Los restos humanos no se recogieron, se protegieron y quedaron en su lugar.\nEn 1987 aparecieron dos enterramientos más al hacer trabajos con una pala excavadora. Destrozados en parte, solo se conservó la mitad inferior de los cuerpos, no apareciendo restos materiales. Las dos tumbas eran de las que utilizaban lajas de piedra en los laterales y en su cubrimiento.\nEn 1997 mientras se realizaban trabajos de repoblación de pinos, una prospección arqueológica preventiva localizó restos de un enterramiento con orientación este – oeste, realizado en fosa sin lajas de piedra. Planteando la extensión del cementerio judío hasta una zona no conocida hasta ese momento.\nEn 1998, coincidiendo con la conmemoración del 500 aniversario de la expulsión de los judíos de Navarra, se planteó la excavación de una zona con suficiente superficie para ver la disposición de la tumbas y varios sondeos para comprobar la extensión de la necrópolis.\nCata 1. De 10 x 5 m, Una tercera parte quedó inutilizada por un depósito de agua, rellenado de tierra, y una tubería. A 30 cm de profundidad se identificó el suelo de la necrópolis, sobre la que se elevaban tres estructuras rectangulares donde irían colocadas sendas losas sepulcrales. Respetando las estructuras, se rebajó unos centímetros el suelo, apreciándose las fosas de las tumbas, con una gran densidad y ordenadas por calles. En treinta metros cuadrados se localizaron veintisiete enterramientos, muchas de tamaño pequeño. La excavación de dos fosas de adultos descubrió la mala conservación de los restos debido a la acidez del terreno. En los enterramientos infantiles no aparecieron restos, excepto los clavos de los ataúdes. Se excavaron trece fosas, de las que solo cinco conservaron restos, que no se recuperaron y quedaron protegidos en el terreno tras su cubrimiento.\nCata 2. De 5 x 5 m. Aquí la densidad de fosas fue menor, localizándose solo tres y excavándose dos de ellas. La mejor conservada tenía los restos a poco más de un metro de profundidad, con una estatura estimada de 1,68 m.\nCata 3. Se realizó en una zona exterior a la zona vallada para los depósitos del agua, fuera de la zona de pinos, donde se veían algunos restos humanos y piedras cogidas con argamasa. La excavación de un pequeño montículo de escombro con tejas y ladrillos, descubrió un muro de 13 m y otras estructuras menores que evidenciaban que el edificio se trataba de una ermita, correspondiendo a la de San Miguel de Afuera, derribada en 1781, existente 1351. En los alrededores de la ermita se localizó un cementerio, del que se excavaron dos tumbas con lajas de piedra en sus laterales. Una tenía los huesos removidos y en la otra se excavaron dos individuos, uno encima del otro.\nLa intervención arqueológica puso de manifiesto que se trataba de dos cementerios totalmente distintos. Por una parte el correspondiente a la Judería Nueva de Tudela, con una cronología comprendida entre los siglos XII al XV, y el correspondiente a la ermita de San Miguel de Afuera con una cronología entre el siglo XIII y 1781. No es corriente encontrar cementerios asociados a las ermitas, pero se conoce la asociación de ésta a la cofradía de El Ligallo, de ganaderos\n", "ubi_mat_dep_perm": "Almacén Sección de Arqueología. Cordovilla.", "ubi_mat_falta_depos": null, "ubi_mat_dep_tempo": null, "bibliografia": "<ul>\n    <li>BIENES CALVO, Juan José. El Palenque: posible necrópolis de la comunidad judía de Tudela. En <i>Revista del Centro de Estudios Merindad de Tudela nº 1</i>. Págs. 29 a 41. Tudela, 1989.</li>\n    <li>BIENES CALVO, Juan José. “Urbanismo”. En <i>Serie Retrospectiva y Futuro 802 – 2002 nº 5</i>. Pág. 38. Tudela, 2002.</li>\n    <li>BIENES CALVO, Juan José. La Necrópolis judía de El Palenque, Tudela. En <i>La Tierra te Sea Leve, Arqueología de la Muerte en Navarra</i>. Págs. 259 a 262. Pamplona, 2008.</li>\n    <li>BIENES CALVO, Juan José. El legado material de las Juderías de Tudela. En <i>Revista del Centro de Estudios Merindad de Tudela nº 16</i>. Págs. 144 y 145. Tudela, 2008.</li>\n</ul>", "colaboradores": null }, "geometry": { "type": "Point", "coordinates": [ -1.609235228022577, 42.070371418367692 ] } },
{ "type": "Feature", "properties": { "fid": 1498, "numero_int": 25, "denominacion": "Solar Herrerías 26 y 28", "n_sigla": null, "direccion": "CL. HERRERIAS 26 y 28", "fecha": "Febrero a Marzo de 2000", "z_pepri": 2, "director": "MARI CRUZ PÉREZ OMEÑACA", "promotor": "SOCITRES S.L", "descrip_restos": "La intervención arqueológica fue dirigida por la arqueóloga Mari Cruz Pérez Omeñaca. \nEl proceso de excavación del solar estuvo determinado por la localización de un tramo de muralla que dividía el espacio en dos.  \nEn la parte occidental del solar, existía una bodega localizada entre la fachada de la vivienda en la calle Herrerías hasta el lienzo occidental de muralla. La bodega estaba realizada con sillares de caliza cogidos con argamasa Tenía unas dimensiones de 11 m de largo, no pudiendo determinarse su anchura. \nEn la parte oriental se hallaron una carbonera de época contemporánea y una habitación de periodo medieval, que había sido destruida por la carbonera. Además, se descubrieron un pozo de piedra y dos bodegas. Por los materiales encontrados, la construcción de la habitación podría situarse en el siglo XII, coincidiendo con la conquista cristiana de la ciudad. Este proceso impulsó una renovación urbanística de la antigua medina, ocupando con el tiempo los espacios vacíos de la ciudad. \nEl hallazgo más destacado de la intervención fue la localización de un nuevo tramo de la muralla islámica, perteneciente a la ampliación del segundo recinto de la medina a mediados del siglo IX.\nSe trata de un tramo de 8 metros de longitud, del que solo se conservaban dos hileras de sillares en altura. La anchura del lienzo oscilaba entre 2,70 y 2,90 metros. Como en el resto de los casos documentados, está construido con un doble lienzo exterior de grandes sillares de piedra caliza, unidos por una fina capa de argamasa de cal y arena. Sólo se pudo observar la parte de muro que daba al exterior de la ciudad y parte de su relleno interior, no la cara que daba al interior de la ciudad, con lo que no pudo medirse su anchura ni ninguna hilada completa. El relleno estaba compuesto por mampostería y argamasa.\nBuena parte de la muralla había sido desmontada debido a la construcción de un pozo de piedra, que alcanzaba los 3 metros de profundidad, y por dos bodegas. \n", "ubi_mat_dep_perm": "Almacén Sección de Arqueología. Cordovilla", "ubi_mat_falta_depos": null, "ubi_mat_dep_tempo": null, "bibliografia": "<ul>\n    <li>PÉREZ OMEÑACA, Mª Cruz. El conjunto amurallado de Tudela. En <i>Revista del Centro de Estudios Merindad de Tudela nº 1</i>, págs. 147 a 158. Tudela, 2005.</li>\n    <li><a target=\"_blank\" href=\"https://dialnet.unirioja.es/servlet/articulo?codigo=1403629\">https://dialnet.unirioja.es/servlet/articulo?codigo=1403629</a></li>\n</ul>", "colaboradores": null }, "geometry": { "type": "Point", "coordinates": [ -1.607714937490275, 42.063478198480212 ] } },
{ "type": "Feature", "properties": { "fid": 1499, "numero_int": 24, "denominacion": "SanMiguel 14", "n_sigla": "TU.SM.X._0", "direccion": "CL. SAN MIGUEL 14", "fecha": "Del 11 al 18 de agosto de 1999", "z_pepri": 2, "director": "BEGOÑA MARTÍNEZ ARANAZ", "promotor": null, "descrip_restos": "La intervención arqueológica fue realizada por la arqueóloga Begoña Martínez Aranaz. \nLos trabajos consistieron en la realización de 3 sondeos arqueológicos y del seguimiento de obras posteriores. \nDe los 3 sondeos, dos de ellos (nº 1 y 3) resultaron negativos en la localización de evidencias arqueológicas. \nEl único que resulto positivo fue en denominado como nº 2. Este sondeo realizado en las proximidades de la entrada del solar, aportó niveles con materiales y estructuras de época medieval, remontándonos a los periodos más antiguos de la ciudad. \nLos restos más destacados lo representan un depósito y un pozo islámico. \nEl depósito, fechado en los siglos XII-XIII, era de planta rectangular y estaba realizado con argamasa de cal y pequeños cantos. La base estaba construida por una piedra caliza llana, de forma irregular, con un rebaje central circular de 2 cm de profundidad. El depósito tendría como finalidad la conservación de algún líquido que pudiera decantar el poso en el rebaje central de la base. Constata una actividad posiblemente familiar relacionada con la elaboración de algún producto agrícola (aceite, vino, etc). \nEl pozo islámico estaba fechado en el siglo IX. Tenia forma troncocónica y estaba excavado en el sustrato geológico. Tenía un diámetro de 80 cm y no se pudo excavar en su totalidad, tan sólo se excavaron 60 cm de profundidad. Contenía materiales cerámicos islámicos del siglo IX, destacando varios fragmentos de un jarrito y paredes delgadas de tazas. \nEn la excavación se localizaron, además, algunos fragmentos cerámicos de época romana y celtibérica, evidencias del antiguo poblamiento de Tudela, constatado en el Cerro de Santa Bárbara y en otras zonas del casco histórico tudelano.\nA pesar de lo modesto y parcial de los hallazgos, la presencia de estos elementos incrementa el conocimiento sobre la vida cotidiana y la economía doméstica durante los periodos andalusí y cristiano en Tudela. Esta información podrá sumarse a la ya obtenida en otras excavaciones de la ciudad, así como a las que se recaben en el futuro.\n", "ubi_mat_dep_perm": "", "ubi_mat_falta_depos": null, "ubi_mat_dep_tempo": null, "bibliografia": null, "colaboradores": null }, "geometry": { "type": "Point", "coordinates": [ -1.605967718822994, 42.065475214839147 ] } },
{ "type": "Feature", "properties": { "fid": 1500, "numero_int": 19, "denominacion": "Solares El Liceo", "n_sigla": "TU.96.1.x._0", "direccion": "Calle San Nicolás y Plaza San Salvador 1.", "fecha": "17 de Enero al 14 de Febrero de 1996", "z_pepri": 2, "director": "Juan José Bienes Calvo", "promotor": "Ayuntamiento de Tudela", "descrip_restos": "Gran solar en el ángulo de confluencia de la calle San Nicolás con la plaza de San Salvador. El equipo estuvo formado por un técnico arqueólogo, un peón de la brigada municipal, un peón del empleo social y la pala excavadora del Servicio de Montes. Se realizaron tres sondeos, resultando dos ellos negativos por realizarse en rellenos de bodegas. Un tercero salió positivo y se incrementó su superficie hasta 11 x 5 m. Se dedicaron 10 días a la excavación y 3 a la limpieza de materiales.\nDe más antigua a más reciente, las estructuras y niveles arqueológicos son los siguientes:\nPozos, bolsadas de escombro y sótanos hundidos, pertenecientes a remodelaciones hechas en el palacio de El Liceo (Casa de los Montesa) en el siglo XIX. Sin interés histórico. Se recogió un botón con efigie de Isabel II.\nCimentaciones correspondientes al palacio de El Liceo. Perforan niveles arqueológicos más antiguos. Se ajustan al urbanismo de la calle San Nicolás.\nConstrucciones de época bajo medieval tardía, siglos XIV – XV. Paredes de un sótano, con cubierta de vigas de madera, y comienzo de las escaleras de bajada. Se encuentra relleno de escombro. También se descubrió un canal de desagüe con dirección hacia el río Mediavilla. Las estructuras presentan una ligera desviación, aunque todavía se asocian a la calle San Nicolás.\nRestos islámicos de época califal. Solo se ha hallado la parte inferior de un silo o pozo excavado en tierra. De forma troncocónica. Su interior había sido destruido en parte por las estructuras y niveles más modernos, pero todavía se pudo recuperar una importante bolsada de cerámicas del siglo X, entre las que destacan dos jarras y una taza de cerámica común, prácticamente completos, ollas de cocina y fragmentos decorados de un gran plato decorado en verde y manganeso.\nRestos islámicos del siglo IX. La mayor parte de los niveles con cerámicas de esta época corresponden a capas de ceniza y arcilla echadas para aterrazar la ladera de caída hacia el río Mediavilla y proceder a urbanizar esta zona en la expansión de la Tudela andalusí del siglo IX. Los únicos restos que corresponden a viviendas son dos canales de desagüe que confluyen en un pozo ciego. En los niveles de aterrazamiento se recuperaron un dírham de plata, 4 feluses de cobre y 10 piezas de cobre utilizadas como moneda.\nRestos pre islámicos. Fragmentos de cerámica romana y pre romana que aparecen mezclados con la cerámica andalusí en las capas de aterrazamiento, o en los niveles de ladera que bajan hacia el río Mediavilla, en tierra de erosión, provenientes de la zona de ladera del Cerro de Santa Bárbara. Aunque hay manchas de cenizas, con cerámicas tardo romanas, que por sus características indican una procedencia más cercana.\n", "ubi_mat_dep_perm": "Cordovilla. Museo de Tudela, Palacio Decanal, bodega", "ubi_mat_falta_depos": null, "ubi_mat_dep_tempo": null, "bibliografia": "<ul>\n    <li>BIENES CALVO, Juan José. “Urbanismo”. En <i>Serie Retrospectiva y Futuro 802 – 2002 nº 5</i>. Pág. 36. Tudela, 2002.</li>\n</ul>", "colaboradores": null }, "geometry": { "type": "Point", "coordinates": [ -1.607558841202131, 42.064935633768805 ] } },
{ "type": "Feature", "properties": { "fid": 1501, "numero_int": 19, "denominacion": "Solares El Liceo", "n_sigla": "TU.96.1.x._0_1", "direccion": "Calle San Nicolás y Plaza San Salvador 1.", "fecha": "17 de Enero al 14 de Febrero de 1996", "z_pepri": 2, "director": "Juan José Bienes Calvo", "promotor": "Ayuntamiento de Tudela", "descrip_restos": "Gran solar en el ángulo de confluencia de la calle San Nicolás con la plaza de San Salvador. El equipo estuvo formado por un técnico arqueólogo, un peón de la brigada municipal, un peón del empleo social y la pala excavadora del Servicio de Montes. Se realizaron tres sondeos, resultando dos ellos negativos por realizarse en rellenos de bodegas. Un tercero salió positivo y se incrementó su superficie hasta 11 x 5 m. Se dedicaron 10 días a la excavación y 3 a la limpieza de materiales.\nDe más antigua a más reciente, las estructuras y niveles arqueológicos son los siguientes:\nPozos, bolsadas de escombro y sótanos hundidos, pertenecientes a remodelaciones hechas en el palacio de El Liceo (Casa de los Montesa) en el siglo XIX. Sin interés histórico. Se recogió un botón con efigie de Isabel II.\nCimentaciones correspondientes al palacio de El Liceo. Perforan niveles arqueológicos más antiguos. Se ajustan al urbanismo de la calle San Nicolás.\nConstrucciones de época bajo medieval tardía, siglos XIV – XV. Paredes de un sótano, con cubierta de vigas de madera, y comienzo de las escaleras de bajada. Se encuentra relleno de escombro. También se descubrió un canal de desagüe con dirección hacia el río Mediavilla. Las estructuras presentan una ligera desviación, aunque todavía se asocian a la calle San Nicolás.\nRestos islámicos de época califal. Solo se ha hallado la parte inferior de un silo o pozo excavado en tierra. De forma troncocónica. Su interior había sido destruido en parte por las estructuras y niveles más modernos, pero todavía se pudo recuperar una importante bolsada de cerámicas del siglo X, entre las que destacan dos jarras y una taza de cerámica común, prácticamente completos, ollas de cocina y fragmentos decorados de un gran plato decorado en verde y manganeso.\nRestos islámicos del siglo IX. La mayor parte de los niveles con cerámicas de esta época corresponden a capas de ceniza y arcilla echadas para aterrazar la ladera de caída hacia el río Mediavilla y proceder a urbanizar esta zona en la expansión de la Tudela andalusí del siglo IX. Los únicos restos que corresponden a viviendas son dos canales de desagüe que confluyen en un pozo ciego. En los niveles de aterrazamiento se recuperaron un dírham de plata, 4 feluses de cobre y 10 piezas de cobre utilizadas como moneda.\nRestos pre islámicos. Fragmentos de cerámica romana y pre romana que aparecen mezclados con la cerámica andalusí en las capas de aterrazamiento, o en los niveles de ladera que bajan hacia el río Mediavilla, en tierra de erosión, provenientes de la zona de ladera del Cerro de Santa Bárbara. Aunque hay manchas de cenizas, con cerámicas tardo romanas, que por sus características indican una procedencia más cercana.\n", "ubi_mat_dep_perm": "Cordovilla. Museo de Tudela, Palacio Decanal, bodega", "ubi_mat_falta_depos": null, "ubi_mat_dep_tempo": null, "bibliografia": "<ul>\n    <li>BIENES CALVO, Juan José. “Urbanismo”. En <i>Serie Retrospectiva y Futuro 802 – 2002 nº 5</i>. Pág. 36. Tudela, 2002.</li>\n</ul>", "colaboradores": null }, "geometry": { "type": "Point", "coordinates": [ -1.607335385031943, 42.064894059562207 ] } },
{ "type": "Feature", "properties": { "fid": 1502, "numero_int": 18, "denominacion": "Carnicerias 15", "n_sigla": "TU.96.2.x._0", "direccion": "Calle Carnicerías 15 y 17", "fecha": "19 al 23 de Febrero de 1996", "z_pepri": 3, "director": "Juan José Bienes Calvo", "promotor": "Ayuntamiento de Tudela", "descrip_restos": "Solar de la Calle Carnicerías, números 15 y 17, con parte trasera a la Calle Cortadores. El equipo estuvo formado por un técnico arqueólogo, un peón de la brigada municipal, un peón del empleo social y la pala excavadora del Servicio de Montes. Se realizaron solo dos sondeos debido a la existencia de antiguas bodegas que ya habían eliminado los niveles arqueológicos previos. Se dedicaron tres días a la excavación y uno al lavado de materiales.\nCata 1. (3 x 2 m).\n. En la parte de fachada a la calle Cortadores. Los niveles más superficiales corresponden a un patio con empedrado y al derribo de la vivienda anterior. Son niveles con cerámicas modernas con escasa importancia, que están por encima de cota de la calle Cortadores. Por debajo aparecen dos niveles superpuestos, con cronologías bajo medievales, a los que pertenecen dos muros también superpuestos, que indican una remodelación de la vivienda. Ambos niveles comparten una columna de la que se conservan tres tambores “in situ”, aunque el más profundo, y más grueso, sirve de cimentación. Por debajo del último nivel medieval, que puede fecharse a finales del siglo XII, no hay nivel de ocupación islámica, sino que aparece una potente capa de tierra arcillosa, muy compacta, de cultivo, donde aparecen pequeños y escasos fragmentos de cerámica romana. Sin llegar a niveles geológicamente naturales, aparece agua a 2,26 m por debajo de la calle Cortadores.\nCata 2. (3 x 4,5m). En una zona central del solar, en la parte que da a Carnicerías. Hasta una profundidad de 2,17 m, se extrajo un relleno de grava de una antigua bodega. Esta bodega no tenía cubierta de bóveda y tenía acceso por escaleras de piedra. Por debajo del suelo de tierra de la bodega no se encontraron niveles de ocupación, sino un único nivel de arcilla compacta igual al que aparecía en la Cata 1, con la diferencia de que la cantidad de cerámica romana hallada es mucho mayor tanto en cantidad como en calidad. A los numerosos fragmentos de tejas romanas hay que añadir un importante número de fragmentos de terra sigillata, algunos de ellos decorados, muy bien conservados, así como fragmentos de cerámicas engobadas, comunes y de almacén.\nDe los sondeos realizados en la calle Carnicerías se deducen las siguientes conclusiones:\nLa existencia de una nueva zona de poblamiento romano en Tudela, en una etapa avanzada del siglo I y siglo II. Las cerámicas halladas no provienen de arrastres lejanos ni de movimientos de tierra para aterrazamientos, indicando su buena conservación una gran cercanía a su lugar de procedencia. La existencia de tejas de tipo romano, así como la calidad de las cerámicas, implica la existencia de población estable, aunque no podemos establecer todavía la envergadura y superficie del poblamiento.\nLa inexistencia de niveles arqueológicos islámicos parece afianzar la teoría de que la ladera de caída hacia el río Queiles es un su mayor parte tierra de cultivo dentro del recinto amurallado islámico, comenzando la urbanización de la zona tras la conquista cristiana en los siglos XII – XIII\n", "ubi_mat_dep_perm": "Almacén Sección de Arqueología. Cordovilla.", "ubi_mat_falta_depos": null, "ubi_mat_dep_tempo": null, "bibliografia": "<ul>\n    <li>BIENES CALVO, Juan José. Desde la Prehistoria hasta el S. IX. En <i>El patrimonio histórico y medioambiental de Tudela, una perspectiva interdisciplinar</i>. Págs. 9 a 21. Tudela, 2001.</li>\n    <li>BIENES CALVO, Juan José. “Urbanismo”. En <i>Serie Retrospectiva y Futuro 802 – 2002 nº 5</i>. Págs. 20 y 21. Tudela, 2002.</li>\n    <li>BIENES CALVO, Juan José. Vestigios del poblamiento romano bajo la ciudad de Tudela. En <i>Revista Cuadernos de Arqueología de la Universidad de Navarra nº 21</i>. Págs. 269 a 290. Pamplona, 2013.</li>\n    <li>MARÍN ROYO, Luís María. <i>Temas tudelanos III. La Tudela desconocida</i>. Aspectos recónditos de la historia de la ciudad. Culturas antiguas. Primeras huellas humanas. Reino de Tudela y dominación musulmana. Págs. 132 a 135. Tudela, 2003.</li>\n</ul>", "colaboradores": null }, "geometry": { "type": "Point", "coordinates": [ -1.606541768990493, 42.062314356553848 ] } },
{ "type": "Feature", "properties": { "fid": 1503, "numero_int": 21, "denominacion": "Subida al monumento 1.  1997", "n_sigla": null, "direccion": "CL. SUBIDA AL MONUMENTO 1", "fecha": "Del 26 al 29 de mayo de 1997. Del 13 al 27 de septiembre", "z_pepri": 2, "director": "LUIS NAVAS CÁMARA ", "promotor": "Particular", "descrip_restos": "La intervención arqueológica estuvo dirigida por el arqueólogo Luis Navas Cámara. \nEl solar objeto de estudio se encuentra en las proximidades del terreno (C/ Padre Ubillos 4) donde en 1986 se localizaron restos de la muralla andalusí. \nSiguiendo la propuesta de trazado de la muralla, se preveía su localización en este solar. \nSe realizaron 2 sondeos arqueológicos en el interior del solar. \nEl sondeo nº 1 se llevó a cabo en la parte baja de la parcela, donde, siguiendo la proyección en plano del tramo descubierto en C/ Ubillos 4, era previsible que discurriera su trazado. \nNo se identificaron evidencias materiales de la muralla en este sector. El sondeo se ejecutó hasta una profundidad de 3 metros, donde se documentó un relleno compuesto por escombros de cronología contemporánea.\nEl sondeo nº 2 fue planificado en sentido perpendicular a la calle, de extremo a extremo del solar. Se alcanzaron los 4 m de profundidad, donde como en el caso anterior, se constató un potente relleno de materiales contemporáneos que se encontraba sobre la capa de arcillas geológicas.  \nLos resultados obtenidos en ambos sondeos fueron negativos. \nPosteriormente, se llevó a cabo el seguimiento arqueológico de la excavación del solar, sin que se documentaran evidencias arqueológicas.\n", "ubi_mat_dep_perm": "", "ubi_mat_falta_depos": null, "ubi_mat_dep_tempo": null, "bibliografia": null, "colaboradores": null }, "geometry": { "type": "Point", "coordinates": [ -1.608936459490615, 42.066435545953759 ] } },
{ "type": "Feature", "properties": { "fid": 1504, "numero_int": 20, "denominacion": "Muralla.Cerro de Santa Bárbara 1997. Sector 2. RA 2.", "n_sigla": "TU.CSB.97.UE.x._0", "direccion": "Cerro de Santa Bárbara 1997. Sector 2. RA 2.", "fecha": "19 de agosto a 18 de diciembre de 1997.\nConsolidación en 2018.\n", "z_pepri": 1, "director": "Juan José Bienes Calvo", "promotor": "Ayuntamiento de Tudela", "descrip_restos": "En 1997 se trabajó durante cuatro meses en un sector del Cerro que finaliza en fuerte ladera hacia las vías del ferrocarril, frente a la Mejana y el río Ebro. En su ladera se observaba un espolón de argamasa con piedra y mucha grava en su composición, presentando una cara exterior inclinada, claramente identificable con un elemento de fortificación.\nAl comienzo de la excavación se definieron claramente dos zonas, una sobre los restos de la fortificación y otra frente a ella, siendo esta última el producto de desmontar las murallas del castillo y echar tierras sobrantes en el proceso de desmantelamiento de la Judería Nueva.\nLa estructura de argamasa encofrada de la muralla apareció, aparentemente, cortada, pero al ir excavando y definir las unidades estratigráficas, se vio que en realidad la muralla estaba a un torreón cuyos muros habían sido expoliados. El torreón se presentaba con 3 m de anchura interior y se plantearía como una bestorre, abierto a la parte posterior.\nLa excavación en la base del torreón proporcionó niveles arqueológicos que indicaban que esta parte de la muralla se fecharía en el siglo XII, siendo parte del cerco exterior del castillo que construye Sancho VI para proteger la Judería Nueva.\nLa excavación frente a la muralla, en los rellenos de desmantelamiento, en los que solo se esperaba recoger fragmentos de cerámica y otros objetos, comenzó a descubrir más elementos de la fortificación, pues la cara frontal del torreón comenzó a descubrirse a una cota inferior a su suelo, al estar adelantado en la ladera. Mientras la muralla de argamasa encofrada tenía la cara en talud, la del torreón era vertical y de sillarejo rejuntado.\nTras descubrir tres hiladas del torreón, apareció una hilada de cimentación, pero esta cimentación estaba sobre otro paramento de sillares en talud, correspondiente a un torreón más antiguo. Los dos torreones superpuestos dejaban marcada a la vista uno de sus ángulos exteriores, mientras el otro quedaba metido en el corte de la excavación. Pero el ángulo a la vista no estaba liberado, sino que quedaba enmascarado por un muro de buena sillería que se adosaba al lateral de la torre. Este nuevo muro, el mejor de los descubiertos, formaría una pared de protección entre torre y torre, y formaría un pequeño pasillo a modo paso de ronda o barbacana a media altura de la muralla. Este muro se hizo necesario para proteger la base la muralla y torreones, debido a su construcción sobre las arcillas del Cerro.\nAl ir profundizando en los rellenos frente a la muralla y torreón se observó que estos rellenos estaban colmatando un foso que en su parte superior llegaba a los 5 m de anchura. El foso se va rellenando con escombro procedente del desmantelamiento de la muralla y basura de los barrios del exterior del castillo.\nEn 2018 se procedió a la consolidación y puesta en valor de los restos, colocándose un panel interpretativo y barandillas de protección, aunque no se vació el foso para dejar todo el muro a la vista.\n", "ubi_mat_dep_perm": "Almacén Servicio de Arqueología Gobierno de Navarra. Cordovilla.\nSala de la Cultura Judía. Museo de Tudela. Claustro Catedral.\n", "ubi_mat_falta_depos": null, "ubi_mat_dep_tempo": null, "bibliografia": "<ul>\n    <li>BIENES CALVO, Juan José. “Urbanismo”. En <i>Serie Retrospectiva y Futuro 802 – 2002 nº 5</i>. Tudela, 2002.</li>\n    <li>BIENES CALVO, Juan José. El legado material de las Juderías de Tudela. En <i>Revista del Centro de Estudios Merindad de Tudela nº 16</i>. Págs. 144 y 145. Tudela, 2008.</li>\n    <li>DIÉGUEZ URIBEONDO, Iñaki y BIENES CALVO, Juan José. Castillo del Cerro de Santa Bárbara. En <i>Una ventana al pasado</i>. Págs. 262 a 269. Pamplona, 2021.</li>\n    <li>MARÍN ROYO, Luís María. <i>Temas tudelanos II. La Tudela desconocida</i>. Aspectos recónditos de la historia de la ciudad: El castillo. Las murallas. Págs. 80 y 257. Tudela, 2002.</li>\n</ul>", "colaboradores": null }, "geometry": { "type": "Point", "coordinates": [ -1.605299003783192, 42.066411187995811 ] } },
{ "type": "Feature", "properties": { "fid": 1505, "numero_int": 31, "denominacion": "Zurradores 12", "n_sigla": "TU.7.00._0", "direccion": "C/ Zurradores 12", "fecha": "Noviembre 2000", "z_pepri": null, "director": "Mari Cruz Pérez Omeñaca", "promotor": null, "descrip_restos": "La intervención arqueológica, dirigida por la arqueóloga Mari Cruz Pérez Omeñaca, consistió en la realización de un sondeo en el centro del solar, de unas dimensiones de 2x2 m de lado. \nSe planteó la realización de un único sondeo con el objetivo de comprobar los niveles arqueológicos conservados en esta zona de Tudela y determinar hasta qué profundidad se hallaban los restos antrópicos.\nEn el estudio previo del solar, se tenía como referencia la información aportada por las fuentes escritas sobre la configuración de este espacio, que formaba parte de la Morería, un área urbana que comenzó a estructurarse tras la conquista cristiana de Tudela en 1119.\nEl sondeo realizado aportó información parcial de la evolución del espacio urbano en este sector de la ciudad. Su ubicación, tan próxima al río Queiles, pudo haber condicionado en gran medida el desarrollo de esta zona. \nEl único resto estructural localizado se corresponde con una estancia de época medieval que se asienta sobre un estrato de gravas. Se trataba de un suelo de tierra apisonada con restos de un horno rodeado de adobes, ambos de cronología coincidente con el inicio de la ocupación urbana de este espacio, a partir de 1119. \nEste nivel de ocupación parece haber tenido una duración breve, posiblemente debido a la proximidad del río Queiles y sus crecidas. Sobre él se identificaron dos potentes niveles de relleno, con materiales que probablemente procedían de algún testar alfarero situado en las proximidades del solar, con restos islámicos y cristianos (siglos XI-XII).\nEl primer nivel de aterrazamiento y roturación presentaba un espesor de casi 1,5 m, mientras que el segundo, con materiales de los siglos XIII-XV, tenía un espesor de 0,20 m. Es probable que entre los siglos XII y XV este solar se utilizara como tierras de cultivo.\n", "ubi_mat_dep_perm": "Almacén Servicio de Arqueología Gobierno de Navarra. Cordovilla.", "ubi_mat_falta_depos": null, "ubi_mat_dep_tempo": null, "bibliografia": null, "colaboradores": null }, "geometry": { "type": "Point", "coordinates": [ -1.608101872092765, 42.06158940600524 ] } },
{ "type": "Feature", "properties": { "fid": 1506, "numero_int": 30, "denominacion": "SainzAlcaine 7", "n_sigla": "_14_0", "direccion": null, "fecha": null, "z_pepri": null, "director": null, "promotor": null, "descrip_restos": null, "ubi_mat_dep_perm": null, "ubi_mat_falta_depos": null, "ubi_mat_dep_tempo": null, "bibliografia": null, "colaboradores": null }, "geometry": { "type": "Point", "coordinates": [ -1.607372158124509, 42.065429535667128 ] } },
{ "type": "Feature", "properties": { "fid": 1507, "numero_int": 33, "denominacion": "SanMiguel 2000", "n_sigla": "TU.6.00.UE.x._0", "direccion": "Calle San Miguel.", "fecha": "25 Octubre 2000 a 28 Marzo 2001.", "z_pepri": 2, "director": "Juan José Bienes Calvo", "promotor": "Ayuntamiento de Tudela.", "descrip_restos": "Intervención realizada en un espacio público conocido como el Vago de San Miguel, una placeta que se usa como zona de aparcamiento y donde se realiza la Hoguera en las Fiestas del Casco Viejo para San Pedro.\nCon el proyecto de renovación de pavimento y redes de alcantarillado de esta plaza y las calles Sainz Alcaine, Moros y Tres Esquinas, se planteó la realización de algunos sondeos en la plaza para comprobar la existencia de la antigua parroquia de San Miguel, derribada en la reducción de parroquias de 1805.\nEn el primero de los sondeos se localizó un depósito con tres compartimentos para la decantación del aceite de un trujal, con materiales del siglo XX en su interior.\nSiguiendo el canal que llevaba el aceite se localizó el área de prensado, donde se planteó realizar el segundo sondeo, que fue ampliado para poder ver todas las estructuras.\nLa zona de prensado constaba de un muro de gran anchura donde irían ancladas las vigas de madera que prensarían las olivas colocadas en las capachas o esteras de esparto. El trujal tuvo que contar con dos vigas, ya que son dos las superficies cimentadas con argamasa para colocar las capachas que se han descubierto, una circular y otra rectangular, así como dos son también las piletas de piedra que hubo para recoger el aceite, antes de enviarlo a las piletas de decantación. Las piletas, monolíticas y de piedra caliza, fueron objeto de expolio, habiendo desaparecido una de ellas, mientras que la segunda se rompió en el intento, quedando rota con los fragmentos en su interior. La excavación documentó la zanja de expolio que tuvo que ser en el momento de abandono del trujal antes de urbanizarse la zona en el siglo XX. Curiosamente, por una peineta de pasta fechada en 1928, sabemos que el empedrado de la plaza es posterior a esa fecha, junto con el trazado recto de la calle San Miguel, que invade parte de los restos del trujal.\nAparte de la zona de prensado, del trujal se descubrió un patio empedrado que daba acceso a la boca de un horno que atravesaba el muro de prensado, de tal manera que la cámara se localizaba junto a las prensas, para dar calor a la habitación y calentar agua para mezclarla con el aceite.\nLa cronología del trujal parece tener su origen en el siglo XVII, fechado por la amortización de una habitación con lozas doradas de Muel, últimas producciones mudéjares.\nLas obras del trujal arrasaron gran parte de los niveles medievales, apareciendo muy pocos elementos. En la cata 1 solo un pozo andalusí excavado en las arcillas y en las catas 2 y 3 algunos rellenos y muros de poca entidad.\nLa excavación también sirvió para documentar que el espacio abierto de esta placeta no obedeció a la destrucción de la parroquia de San Miguel, sino a la construcción de un trujal, no hallándose restos de enterramientos en ninguna de las catas y revisiones de zanjas efectuadas.\n", "ubi_mat_dep_perm": "Almacenes Sección de Arqueología Gobierno de Navarra. Cordovilla.", "ubi_mat_falta_depos": null, "ubi_mat_dep_tempo": null, "bibliografia": "<ul>\n    <li>BIENES CALVO, Juan José. “Urbanismo”. En <i>Serie Retrospectiva y Futuro 802 – 2002 nº 5</i>. Págs. 31, 55 y 56. Tudela, 2002.</li>\n</ul>", "colaboradores": null }, "geometry": { "type": "Point", "coordinates": [ -1.607414015589361, 42.065549147388609 ] } },
{ "type": "Feature", "properties": { "fid": 1508, "numero_int": 32, "denominacion": "Calahorra 13", "n_sigla": "TU.8.00.UE.x._0", "direccion": "Calle Calahorra nº 13.", "fecha": "11 al 18 de Diciembre del 2000", "z_pepri": 2, "director": "Juan José Bienes Calvo.", "promotor": "Ayuntamiento de Tudela.", "descrip_restos": "Sondeo comprobatorio que se hace en un pequeño solar para verificar la existencia de niveles arqueológicos. Es un solar de propiedad privada y el sondeo se realizó desde el servicio de arqueología municipal.\nSe alcanzó una profundidad máxima de 93 cm hasta llegar a las arcillas naturales, siendo los niveles más antiguos localizados de cronología andalusí y fechables en el siglo IX. De esta época apenas quedaba algún resto de muro, expoliado en épocas más modernas. Asociado a estos niveles apareció un gran bloque de piedra, similar al que se utiliza en el amurallamiento antiguo, pero sin ningún tipo de continuidad, siendo más un elemento suelto.\nContinuaron niveles de cronología medieval cristiana, que habrían eliminado parte de los rellenos andalusíes, y con materiales pobres. Posteriormente se documentan muros, suelos y rellenos de cronologías más modernas, con diversos usos de la planta baja de la vivienda, remodelaciones de suelos, pequeñas estancias bajo la escalera, etc, sin que se hallen materiales destacables.\n", "ubi_mat_dep_perm": "Almacenes Servicio de Arqueología. Cordovilla.", "ubi_mat_falta_depos": null, "ubi_mat_dep_tempo": null, "bibliografia": null, "colaboradores": null }, "geometry": { "type": "Point", "coordinates": [ -1.608314362863523, 42.065322380611697 ] } },
{ "type": "Feature", "properties": { "fid": 1509, "numero_int": 27, "denominacion": "PlazaMercadal", "n_sigla": "TU.3.00.x._0", "direccion": "Plaza Mercadal", "fecha": "20 de Marzo a 14 de Abril del 2000.", "z_pepri": 2, "director": "Juan José Bienes Calvo y Mª Cruz Pérez Omañaca.", "promotor": "Ayuntamiento de Tudela", "descrip_restos": "Esta intervención arqueológica se planteó como un seguimiento general de las obras de renovación de redes y pavimentos en la Plaza Mercadal y calles cercanas, haciendo al mismo tiempo varios sondeos para comprobar estratigrafía y localizar restos de la antigua iglesia de San Jorge. Se realizaron tres catas, dos en la plaza Mercadal y uno en la calle Leache.\nLos rellenos excavados en las tres catas nos dan una información parcial de la evolución que ha sufrido el espacio humano en este sector de Tudela. Debido a la existencia de la iglesia de San Jorge quedó condicionada la ocupación en la etapa bajo medieval sin que se produjeran superposiciones de rellenos. \nAl igual que ocurre en otras zonas excavadas en el espacio comprendido entre los cursos de los ríos Queiles y Mediavilla, el primer relleno que encontramos es una capa arcillosa que definimos como una tierra de cultivo perteneciente a la primera fase de la Tudela andalusí, en los siglos VIII y IX.\nSobre este relleno arcilloso comenzamos a registrar los primeros rellenos de poblamiento pertenecientes a la expansión de la ciudad, en los que es frecuente encontrar materiales romanos mezclados con los árabes. Estos niveles proporcionan unos materiales muy pobres, lo que parece indicar que el poblamiento más importante se concentraría en la parte más antigua de la ciudad y alrededores de la mezquita, dejando estas zonas limítrofes con la muralla para un sector de la población con menos recursos.\nDurante el periodo andalusí existe un espacio dedicado a calle que hemos localizado en el extremo superior de la plaza. Lo forman dos rellenos, uno inferior y más potente, de preparación, y otro de rodadura, más delgado y con mayor cantidad de gravas y cerámicas fragmentadas.\nSolo se encontraron muros asociados a rellenos de cronología andalusí en la cata 2 (calle Leache), con una cronología avanzada, cuando el proceso de poblamiento ya ha llegado hasta la actual calle Carnicerías, siendo esta calle la que marca el límite del espacio no edificado hasta la muralla.\nTras la conquista cristiana, Tudela va sufriendo un proceso de reconversión urbanística provocado por la ampliación del recinto amurallado del castillo, la construcción de un importante número de parroquias, con sus cementerios exteriores, y el poblamiento de áreas no urbanizadas hasta el momento, dentro del recinto amurallado.\nEl espacio alto que hoy ocupa la plaza de Mercadal se verá totalmente reconvertido por la construcción de la iglesia de San Jorge, a comienzo del siglo XIII. De esta primera etapa no se han localizado elementos constructivos, pero sí dos rellenos de preparación y un manteado blanco de obra fechado con dos monedas de Sancho VII.\nLos restos hallados de la iglesia de San Jorge pertenecen a un fragmento del muro lateral del Evangelio y ángulo de la cabecera plana. Esta cimentación puede corresponder a la reforma del templo en 1318, deducible por el hallazgo de elementos arquitectónicos reaprovechados y la aparición de restos humanos revueltos en la zanja de cimentación.\nLa iglesia del siglo XIV se situaría en la parte alta de la actual plaza, con una calle discurriendo por su lateral norte. Tendría ábside semicircular, o quizás poligonal, orientado al este. En total su longitud sería de unos 19,5 m, no pudiendo determinar su anchura.\nEn 1694 se produce otra reforma de la iglesia. En la excavación se observa que hay una rotura del ábside antiguo para construir una nueva cabecera, en este caso plana. La nueva cabecera presenta sillares bien escuadrados en los puntos más fuertes, estando el resto construido con sillarejo de diverso tamaño.\nCorrespondientes al momento de la parroquia aparecen fosas de enterramiento muy deterioradas en el proceso de derribo de la iglesia y traslado de los restos al nuevo templo. De estos enterramientos destacan los restos de una cripta rectangular que conservaba parte del revestimiento de sus paredes.\nLa fase final de la iglesia de San Jorge viene definida por su destrucción, trasladándose al cercano templo del Convento de los Jesuitas que había quedado sin uso tras su expulsión. La iglesia se desmantela hasta los cimientos y los restos humanos son trasladados a una cripta en la nueva iglesia. En estas labores de extracción de piedra y restos humanos se socavó el interior de la iglesia con una gran fosa que fue rellenada por escombro procedente de las mismas remociones y derribos. El derribo de la iglesia acabó por configura el espacio de la plaza, casi como queda en el momento actual. \nEn el seguimiento realizado en las calles cercanas, se localizó parte de la muralla islámica, aunque muy destruida, en la zanja del colector de aguas residuales de la calle Bóveda. No se localizaron restos de la barbacana. La calle Bóveda se abre en el siglo XIX derribando varias viviendas con bodegas en el subsuelo. Perteneciente a una de estas bodegas, se localizó la bóveda de ladrillos de un pozo o aljibe.\nUn elemento curioso que apareció junto a la cata 2 (calle Leache) es la base de lo que parecía una fuente, pero que en realidad era de una columna mingitoria, con su correspondiente pozo ciego debajo. Esta base se conserva como decoración en un parterre en la zona más baja de la plaza Mercadal.\n\n", "ubi_mat_dep_perm": "Almacén Servicio de Arqueología Gobierno de Navarra. Cordovilla.", "ubi_mat_falta_depos": null, "ubi_mat_dep_tempo": null, "bibliografia": "<ul>\n    <li>BIENES CALVO, Juan José. “Urbanismo”. En <i>Serie Retrospectiva y Futuro 802 – 2002 nº 5</i>. Pág. 56. Tudela, 2002.</li>\n    <li>BIENES CALVO, Juan José y PÉREZ OMEÑACA, Mª Cruz. La antigua iglesia de San Jorge a la luz de las excavaciones arqueológicas. En <i>Revista del Centro de Estudios Merindad de Tudela nº 15</i>. Págs. 43 a 51. Tudela, 2007.</li>\n</ul>", "colaboradores": null }, "geometry": { "type": "Point", "coordinates": [ -1.607367256347401, 42.063394936229017 ] } },
{ "type": "Feature", "properties": { "fid": 1510, "numero_int": 26, "denominacion": "PaseoCastillo 14", "n_sigla": null, "direccion": "Paseo del Castillo 14", "fecha": null, "z_pepri": 1, "director": "MARI CRUZ PÉREZ OMEÑACA", "promotor": null, "descrip_restos": "La intervención arqueológica, dirigida por la arqueóloga Mari Cruz Pérez Omeñaca, consistió en la realización de dos sondeos en el solar. Los resultados de ambos fueron positivos, revelando restos materiales de la Edad del Hierro, época romana e islámica, así como de los períodos moderno y contemporáneo.\nEl nivel islámico (siglos IX-XI) apareció prácticamente arrasado por los niveles posteriores, correspondientes a épocas moderna y contemporánea. Mezclados con el nivel islámico se hallaron restos de periodos anteriores, probablemente procedentes del cercano Cerro de Santa Bárbara, donde se ha documentado ocupación desde la Edad del Bronce.\nSobre el nivel islámico se documentaron restos de los siglos XII-XIV, correspondientes a una capa de preparación del terreno para un suelo de tierra apisonada, asociada al suelo de guijarros y piedras fechado en el siglo XIV en el sondeo 1.\nResultó especialmente relevante haber constatado la presencia de restos vinculados a la nueva judería, tan nombrada en las fuentes históricas y ubicada dentro del recinto del castillo en el Cerro de Santa Bárbara. En particular, se halló un fragmento de 'hanukiyá' (lámpara ritual judía), un objeto de uso exclusivo de la comunidad judía.\nLas cotas de los suelos hallados indican la altura que tendría la calle en las fechas de ocupación (siglos XII-XV). Estas calles, ubicadas en la ladera del cerro, han sufrido modificaciones debido a rellenos de materiales utilizados para su aterrazamiento\n ubicación de la nueva judería, tan nombrada en las fuentes. \n", "ubi_mat_dep_perm": null, "ubi_mat_falta_depos": null, "ubi_mat_dep_tempo": null, "bibliografia": null, "colaboradores": null }, "geometry": { "type": "Point", "coordinates": [ -1.606656712177703, 42.065932954728723 ] } },
{ "type": "Feature", "properties": { "fid": 1511, "numero_int": 29, "denominacion": "Caldereros 19", "n_sigla": "TU.9.00.(UE).x._0", "direccion": "Calle Caldereros 19", "fecha": "18 de Octubre de 2000", "z_pepri": 2, "director": "Juan José Bienes Calvo.", "promotor": "Gobierno de Navarra. VINSA.", "descrip_restos": "La intervención en estos solares se produce tras el derribo del conocido Edificio de Huerfanicos y otros edificios del entorno en un proyecto de viviendas de protección oficial de VINSA, incluyendo aparcamientos subterráneos. Tras contactos entre Patrimonio del Gobierno de Navarra y VINSA, se procedió a realizar un seguimiento arqueológico con las obras de vaciado ya comenzadas.\nLa Calle Caldereros separa las dos zonas. En el solar situado al Sur de la calle se situó el edificio para Hospital de Niños Huérfanos, del siglo XVI, del que solo se recuperaron una gran reja de la fachada, hoy expuesta en el Palacio de los Marqueses de Huarte, y una puerta de doble hoja que hoy se puede ver en la sede de la UNED en el Palacio del Marqués de San Adrián. La casa de Huerfanicos se asentó sobre otras más antiguas, de las que quedaba una gran bodega con bóveda de piedra que fue hundida con el derribo de la casa.\nAl Norte de la Calle Caldereros se derribaron cuatro casas de planta estrecha y alargada. Tras haber rebajado todo el solar un metro por debajo de la calle, se documentaron los trazados urbanísticos subyacentes, donde destacaba la planta de una bodega de planta alargada y algo irregular. Esta bodega tuvo bóveda de piedra y su derrumbe y colmatación no tenía escombro actual.\nAl fondo del solar, límite con la Calle Guerreros, hay un muro de contención que escalona las Calles Guerreros y Caldereros. Tres de las cuatro casas del solar, incluida la bodega, no llegaban hasta el fondo del solar, algo que sí hacía la cuarta casa. Se plantea la posibilidad de que el fondo de las casas fuese un espacio abierto, tipo adarve, lo que no concuerda con la Calle Guerreros a una cota superior, que sería producto de una reforma urbanística moderna.\nLimpiando el escombro de algunas zonas del solar se comprobó que la excavación había llegado hasta las arcillas naturales en toda la superficie. El hallazgo de algunas manchas verdosas puso en evidencia la existencia de al menos dos pozos ciegos, de los que se recogió cerámica andalusí, fechables en el siglo IX.\nEl haber llegado con tan poca profundidad al fondo de estos pozos indicaba que la cota original a la que estaba su origen estaba a una cota superior a la actual Calle Caldereros, implicando un arrasamiento de los niveles antiguos al nivelar nuevas viviendas en la etapa medieval cristiana a partir del siglo XII.\n", "ubi_mat_dep_perm": "Almacén Servicio de Arqueología Gobierno de Navarra. Cordovilla.", "ubi_mat_falta_depos": null, "ubi_mat_dep_tempo": null, "bibliografia": "<ul>\n    <li>BIENES CALVO, Juan José. “Urbanismo”. En <i>Serie Retrospectiva y Futuro 802 – 2002 nº 5</i>. Págs. 26 y 51. Tudela, 2002.</li>\n    <li>HERNÁNDEZ VERA, José Antonio y BIENES CALVO, Juan José. Cerámicas hispano visigodas y de tradición en el Valle Medio del Ebro. En <i>Cerámicas tardorromanas y altomedievales en la Península Ibérica</i>. Págs. 307 a 319. Mérida, 2004.</li>\n</ul>", "colaboradores": null }, "geometry": { "type": "Point", "coordinates": [ -1.605425563489031, 42.064950937890494 ] } },
{ "type": "Feature", "properties": { "fid": 1512, "numero_int": 28, "denominacion": "SanFrancisco 2", "n_sigla": "TU.4.00.UE.x._0", "direccion": "Plaza San Francisco nº 2.", "fecha": "19 a 21 de Junio de 2000.", "z_pepri": 3, "director": "Juan José Bienes Calvo.", "promotor": "Ayuntamiento de Tudela", "descrip_restos": "Sondeo de 2 x 2 m para comprobar la existencia de niveles arqueológicos tras el derribo de una vivienda para nueva construcción.\nLos niveles arqueológicos más antiguos corresponden a cronología andalusí, de la primera mitad del siglo IX, con restos de un muro expoliado en época bajo medieval. El muro está amortizado también en el siglo IX y sobre él hay varios niveles que parecen ser de cultivo, sin estructuras, ya que en esta parte de la Tudela medieval y moderna hay atestiguadas varias zonas de huerta. Será en este espacio abierto donde se construirá el Convento de San Francisco, en el siglo XIV.\nEl sondeo aportó pocos materiales arqueológicos, pero la no existencia de niveles andalusíes de la época de mayor importancia de la medina tudelana, nos da indicios de que esta zona no era zona urbanizada hasta bien avanzada la fase de repoblamiento tras la conquista cristiana.\n", "ubi_mat_dep_perm": "Almacén Sección de Arqueología. Cordovilla.", "ubi_mat_falta_depos": null, "ubi_mat_dep_tempo": null, "bibliografia": null, "colaboradores": null }, "geometry": { "type": "Point", "coordinates": [ -1.603223553306516, 42.063171666593639 ] } },
{ "type": "Feature", "properties": { "fid": 1513, "numero_int": 39, "denominacion": "Humilladero", "n_sigla": null, "direccion": "Humilladero", "fecha": "27 de Mayo a 19 de Julio de 2002.", "z_pepri": null, "director": "Juan José Bienes Calvo.", "promotor": "Ayuntamiento de Tudela.", "descrip_restos": "El Humilladero del Puente era un edificio abandonado que se situaba en el extremo del puente sobre el Ebro, más alejado de la ciudad. Era aparente que se trataba de un edificio con arcadas que habían sido cegadas para otro uso posterior.\nPor documentos, se sabía que había sido construido en el siglo XVI y que constaba de una gran columna o cruz, en cuya parte superior había talladas imágenes de Cristo, la Virgen, los Apóstoles y ángeles. Sobre elevada en una escalinata, todo se cubría con un templete con cuatro arcos y tejas de colores.\nEn el año 2000, un artículo en el periódico local La Voz de la Ribera, hacía hincapié en el abandono del edificio y que una persona había proporcionado la información de que la cruz estaba sepultada bajo el suelo del edificio, con bastante credibilidad.\nCon especial interés del Alcalde, Luís Casado, promovió la intervención, realizándose desde la Concejalía de Juventud y Centros Cívicos, el Servicio de Arqueología del Ayuntamiento y el Centro de Estudios Merindad de Tudela, haciendo un Taller de Arqueología con voluntariado y apoyo de peones de la brigada municipal.\nTras quitar un forjado para un piso, las compartimentaciones para una vaquería en la planta baja y un suelo de hormigón, comenzó la excavación con los voluntarios.\nLa primera capa en quitar es un potente relleno de escombro que se echa para subir el nivel del edificio a la altura del dique de la orilla izquierda del Ebro. Este escombro estaba formado por ladrillos de un arco derribado del Humilladero y por tejas vidriadas de color marrón que harían un tejado en forma de escamas. Cubierto, y sobre el suelo, apareció un segmento del fuste octogonal que tuvo la cruz del Humilladero. Realmente, fue esta la parte de la cruz que se enterró antes de hacer la vaquería y no la parte superior.\nLa excavación prosiguió hasta encontrar un suelo empedrado que correspondería a la fase en que se instala aquí el puesto para pago del paso del puente con mercancías, el pontazgo, cuando se derriba la torre del puente que servía para ello.\nBajo este suelo aparecieron las gradas, de forma octogonal, que subían hasta el pedestal de la cruz, de forma cuadrada. Los escalones más altos habían sido desmontados para nivelar más la superficie, antes de poner el suelo empedrado.\nLas monedas encontradas en la excavación indicaban que el Humilladero dejó de tener función religiosa ya durante la Guerra de Independencia, cegándose los arcos y abriéndose troneras para disparar. Es posible que en este primer cierre ya desapareciera la parte superior de la cruz.\nAunque la excavación terminó en 2002, no fue hasta 2023 cuando se procedió a restaurar el monumento, colocando la pieza de fuste original sobre su pedestal, aunque con una cruz más baja y nada comparable a la original.\n", "ubi_mat_dep_perm": "Almacenes Sección Arqueología Gobierno de Navarra. Cordovilla.", "ubi_mat_falta_depos": null, "ubi_mat_dep_tempo": null, "bibliografia": null, "colaboradores": null }, "geometry": { "type": "Point", "coordinates": [ -1.599972336485035, 42.067146429607682 ] } },
{ "type": "Feature", "properties": { "fid": 1514, "numero_int": 38, "denominacion": "Herrerias 10", "n_sigla": null, "direccion": "Calle Herrerías 10.", "fecha": "Septiembre 2001.", "z_pepri": 2, "director": "Juan José Bienes Calvo.", "promotor": "Ayuntamiento de Tudela.", "descrip_restos": "Tras derribarse una vivienda en la Calle Herrerías, la empresa constructora solicitó los servicios de Arqueología del Ayuntamiento de Tudela.\nLa vivienda tuvo bodegas con bóveda de ladrillo en los dos extremos del solar, dejando una zona central libre de sótanos y bodegas, donde se supondría que se encontraría el trazado de la muralla.\nAl inspeccionar el solar tras el derribo, se observó que, en ambos laterales de esta zona central, en los medianiles de las casas colindantes, se veía perfectamente la sección de la muralla, cortada, aunque con diferente altura conservada. Donde más altura conservaba era en el lateral Norte, donde hasta 2,86 m la muralla estaba formada por sillares, y hasta 4,34 m por un tapial de barro muy compacto. En el lateral Sur se conservaba con menos altura, sin verse la parte de tapial. La parte de piedra se veía muy mal conservada en su cara al exterior de la ciudad, con anchuras variables entre 2 y 2,50 m.\nSe hicieron dos catas frente a las dos secciones de la muralla, comprobando que no hay continuidad en el subsuelo, habiendo sido cortada la muralla en época posterior al siglo XVI.\nLos rellenos excavados en los dos sondeos fueron de cronología moderna y contemporánea, y solo se pudo documentar la muralla hasta una profundidad de 2,95 m por debajo de la calle Herrerías.\nEn el vaciado del solar tampoco se localizaron restos de la barbacana.\nEn el proceso de edificación, se dejó visto y consolidado, tras un cristal, una parte del alzado en piedra de la muralla conservada en el lateral Norte, siendo visible en la pared de un bar existente en la planta baja.\n", "ubi_mat_dep_perm": "Almacén Servicio de Arqueología Gobierno de Navarra. Cordovilla.", "ubi_mat_falta_depos": null, "ubi_mat_dep_tempo": null, "bibliografia": "<ul>\n    <li>BIENES CALVO, Juan José. “Urbanismo”. En <i>Serie Retrospectiva y Futuro 802 – 2002 nº 5</i>. Pág. 31. Tudela, 2002.</li>\n    <li>BIENES CALVO, Juan José. La fortificación islámica en el Valle Medio del Ebro. En <i>Monografías Universitarias nº 13</i>. Págs. 285 a 303. Soria, 2004.</li>\n    <li>BIENES CALVO, Juan José. Tudela islámica. En <i>Villa 2: villes et campagnes de Tarraconaise et d’Al-Andalus</i>. Págs. 199 a 218. Zaragoza, 2007.</li>\n</ul>", "colaboradores": null }, "geometry": { "type": "Point", "coordinates": [ -1.607131656758665, 42.062514053256074 ] } },
{ "type": "Feature", "properties": { "fid": 1515, "numero_int": 41, "denominacion": "Zurradores 7-9", "n_sigla": null, "direccion": "Calle Zurradores 7.", "fecha": "22 a 29 de Octubre de 2001.", "z_pepri": null, "director": "Juan José Bienes Calvo.", "promotor": "Ayuntamiento de Tudela.", "descrip_restos": "Seguimiento arqueológico al comienzo de las obras en un solar situado en la zona de la Morería. Nada más comenzar los trabajos se reservó una zona para limpieza y excavación arqueológica ya que se tocaban estructuras de argamasa y de ladrillo con forma circular.\nTras una primera limpieza se dejó al descubierto una primera estructura formada por un doble círculo de ladrillos, siendo el interior más moderno que el exterior ya que rompía parte del exterior. Con una boca estrecha y relleno de una tierra oscura, parecía claramente que se trataba de un horno. Al comenzar a excavar el interior, no se encontró suelo y apareció agua a pocos centímetros de comenzar su vaciado. La tierra oscura no eran cenizas, sino limos, y la estructura correspondía a un aljibe con cubierta abovedada. Los ladrillos tampoco tenían calcinación por fuego.\nCortado por el aljibe, si que existía otra estructura circular de la que solo quedaba el suelo de ladrillos quemados. Estaba totalmente arrasada, no levantado más allá del plano de los ladrillos. Esta estructura sí que se pudo definir como perteneciente a la cámara de combustión de un horno de planta circular, posiblemente para cerámica. \nAl aumentar la superficie de excavación hacia el Norte, hacia la calle, se tocó una estructura de grandes piedras cogidas con argamasa, con una anchura de 1,72 m, siendo la primera ocasión en que se localizó la muralla de la Morería. Cortando la muralla se localizó otra estructura circular de ladrillos, con doble círculo, que resultó ser otro aljibe como el que se encontró en días anteriores, y sobre él, amortizándolo, un pequeño horno de planta oval, con unas medidas de 1,21 x 0,85 m.\nFuera de las estructuras se recogió mucha cerámica bajo medieval proveniente de testares de alfareros, pero se hallaron muy pocos fragmentos dentro de los aljibes y los hornos.\nLa muralla y la base del horno circular son las estructuras más antiguas y pertenecen a la Morería, pero no hay restos para poder fechar la amortización del horno.\nLas estructuras de los dos aljibes cortan todo lo anterior, tanto el horno como la muralla, por lo que son posteriores y habría que fecharlos a partir del siglo XVI. En el relleno de su interior se recogieron pocas cerámicas, pero ya de cronología muy moderna, siglo XVII, pudiendo llegar al XVIII.\nEl horno pequeño aún es más moderno, pues al menos está sobre el sellado de uno de los aljibes, pudiendo coexistir con el otro de ellos.\nLa presencia del horno más antiguo y los aljibes más modernos, pone en relación la zona con actividades artesanales que en parte tienen que estar relacionadas con el nombre que toma la calle de Zurradores. Aunque pudo haber una actividad alfarera en un principio, la necesidad de abundante agua tuvo que estar relacionada con la artesanía de curtidores y tenerías, todas ellas situadas en una parte exterior de las murallas.\n", "ubi_mat_dep_perm": "Almacén Servicio Arqueología Gobierno de Navarra. Cordovilla.", "ubi_mat_falta_depos": null, "ubi_mat_dep_tempo": null, "bibliografia": "<ul>\n    <li>BIENES CALVO, Juan José. “Urbanismo”. En <i>Serie Retrospectiva y Futuro 802 – 2002 nº 5</i>. Pág. 41. Tudela, 2002.</li>\n    <li>MARÍN ROYO, Luís María. <i>Temas tudelanos II. La Tudela desconocida</i>. Aspectos recónditos de la historia de la ciudad: El castillo. Las murallas. Págs. 222 y 223. Tudela, 2002.</li>\n</ul>", "colaboradores": null }, "geometry": { "type": "Point", "coordinates": [ -1.607570682027651, 42.06154521672125 ] } },
{ "type": "Feature", "properties": { "fid": 1516, "numero_int": 40, "denominacion": "Dominicas 17", "n_sigla": null, "direccion": "Calle Dominicas 17", "fecha": "Diciembre 2001.", "z_pepri": 5, "director": "Juan José Bienes Calvo.", "promotor": "Ayuntamiento de Tudela.", "descrip_restos": "Seguimiento arqueológico en el trabajo de apertura de zanjas para las cimentaciones de la nueva edificación. El terreno estaba formado por una capa de escombro muy revuelto, en algunas zonas muy poco compacto, con mucho ladrillo y teja entre la tierra. Todos los materiales cerámicos que aparecían eran de época muy moderna, con lozas de los siglos XVIII y XIX. Tras esta capa de escombro aparecía una arcilla muy compacta, limpia, sin materiales.\nNo se apreciaron otros niveles de cronología anterior, ni restos de cimentaciones. La capa de escombro descansaba sobre la capa arcillosa, con una superficie irregular, como si estuviera rellenando desniveles de terreno.\nEl hallazgo casual de un horno y materiales de alfarero al hacer las obras en una casa cercana puede hacer pensar que la zona pudo estar llena de zanjas y fosas donde se recogería la arcilla para las cerámicas. La urbanización de la zona, ya en épocas más modernas necesitó alisar los terrenos, llenándose los huecos con tierra y escombro.\nEl seguimiento reconoció un resultado negativo de la inspección, no recogiéndose materiales.\n", "ubi_mat_dep_perm": null, "ubi_mat_falta_depos": null, "ubi_mat_dep_tempo": null, "bibliografia": null, "colaboradores": null }, "geometry": { "type": "Point", "coordinates": [ -1.610150680746132, 42.062990320184163 ] } },
{ "type": "Feature", "properties": { "fid": 1517, "numero_int": 35, "denominacion": "MuroBarbacana RA5 Cerro", "n_sigla": "TU.2.01.x._0", "direccion": "Cerro de Santa Bárbara. Sector 2. RA 5.", "fecha": "Sondeo: 5 de Junio a 12 de Septiembre de 2001.\nExcavación: Diciembre 2004.\nSeguimiento en 2018.\n", "z_pepri": 1, "director": "Juan José Bienes Calvo.", "promotor": "Ayuntamiento de Tudela.", "descrip_restos": "Primero de los sondeos que se hicieron conforme al Plan de Viabilidad que se aprobó en el año 2000 para recabar información para un futuro Plan Director.\nSe planteó un sondeo en trinchera de 14 x 3 m, frente a un testigo de piedras y argamasa que afloraba en la ladera Sur del Cerro.\nConforme se fueron quitando las capas superficiales, en el bloque de argamasa comenzó a definirse una cara de mampostería con cara en talud, que a mayor profundidad se recubría con una capa de enlucido, pero que en realidad era la argamasa que estaba en contacto con el encofrado de tablas con que se había hecho la muralla.\nFrente a este muro comenzaron a documentarse finas capas de cenizas con abundantes materiales arqueológicos, viéndose que formaban una cuenca frente al muro, que acabó definiéndose como un foso, con escarpa y contra escarpa, que profundizaba hasta un poco más abajo de la propia cimentación del muro. En el relleno más inferior del foso aparecieron notables piedras de sillería arrojadas al fondo.\nLos restos descubiertos constituían una potente estructura que en total tenía 9 m de altura. Al final de la excavación nos percatamos de que habíamos marcado la cata en una zona frontal a uno de los torreones de la barbacana, sin tocar ninguno de los ángulos exteriores. En 2004 se procedió a realizar una excavación con medios mecánicos, en área, para descubrir una parte del trazado de la barbacana y que se vieran, al menos, los dos ángulos del torreón. Por peligrosidad de la cata abierta en 2001, se rellenó el foso hasta las cotas del entorno. Al dejar libre una parte del muro de la barbacana, se comprobó que no tenía tanta profundidad como la torre, esto significaba que el foso tenía un desnivel muy significativo en esta zona del Cerro y que la Zona Sur había sufrido un potente desmonte que había modificado el relieve antiguo.\nDel complejo de muralla y barbacana que cerrarían el perímetro exterior del Castillo, parece ser que solo la barbacana mantenía restos conservados de cierta envergadura, quedando escasos restos de la muralla unos metros atrás.\nFinalmente, en 2018, este resto arqueológico fue objeto de consolidación y puesta en valor. Se repararon algunos huecos del muro de la barbacana y se rehicieron parte de los \"enlucidos\" del torreón, marcándose sus ángulos. En el proyecto no se contempló el descubrimiento completo del torreón en toda su profundidad, quedando unos 5 m de cara vista, sin descubrir.\n", "ubi_mat_dep_perm": "Almacén Sección de Arqueología Gobierno de Navarra. Cordovilla.", "ubi_mat_falta_depos": null, "ubi_mat_dep_tempo": null, "bibliografia": "<ul>\n    <li>BIENES CALVO, Juan José. “Urbanismo”. En <i>Serie Retrospectiva y Futuro 802 – 2002 nº 5</i>. Págs. 41 a 56. Tudela, 2002.</li>\n    <li>BIENES CALVO, Juan José. El legado material de las Juderías de Tudela. En <i>Revista del Centro de Estudios Merindad de Tudela nº 16</i>. Págs. 144 y 145. Tudela, 2008.</li>\n    <li>DIÉGUEZ URIBEONDO, Iñaki y BIENES CALVO, Juan José. Castillo del Cerro de Santa Bárbara. En <i>Una ventana al pasado</i>. Págs. 262 a 269. Pamplona, 2021.</li>\n    <li>MARÍN ROYO, Luís María. <i>Temas tudelanos II. La Tudela desconocida</i>. Aspectos recónditos de la historia de la ciudad: El castillo. Las murallas. Págs. 91 a 93. Tudela, 2002.</li>\n</ul>", "colaboradores": null }, "geometry": { "type": "Point", "coordinates": [ -1.606184316938738, 42.066172417295277 ] } },
{ "type": "Feature", "properties": { "fid": 1518, "numero_int": 34, "denominacion": "Muralla RA21 Cerro", "n_sigla": "TU.1.01.UE.x._0", "direccion": "Fortín de Santa Bárbara. Sector 9. RA 21 y 22.", "fecha": "Marzo – Mayo 2001.", "z_pepri": 1, "director": "Juan José Bienes Calvo.", "promotor": "Ayuntamiento de Tudela.", "descrip_restos": "En la parte superior del Cerro de Santa Bárbara se localiza un edificio de planta cuadrada y cubierta plana que es la parte principal de las fortificaciones que se realizan en el monte en 1873, en la Tercera Guerra Carlista. Sobre este fortín, se colocó en 1942, tras la Guerra Civil, un monumento al Sagrado Corazón de Jesús.\nEl interior del fortín conserva la parte baja de la torre del homenaje del castillo, dedicada a aljibe, siendo el único elemento que se conserva del castillo de Tudela y que se salvó de su desmantelamiento ya que en el siglo XVI se reconvierte en Ermita de Santa Bárbara, la cual será destruida durante las guerras napoleónicas. El fortín del siglo XIX se construye abrazando por tres de sus lados a las ruinas de la torre.\nActualmente, el edificio es propiedad de la Diócesis y en el año 2000 se acondicionó la galería más cercana a la puerta, como capilla. En 2001 se quiso acondicionar el resto, aprovechando la ocasión para excavar en su interior ya que el Ayuntamiento disponía desde hace pocas semanas de un servicio municipal de arqueología.\nLa intervención arqueológica se realizó en las dos galerías restantes, en el interior del aljibe y en la terraza.\nLas galerías conservaban parte del pavimento empedrado del siglo XIX que se veía cortado por dos zanjas modernas, una para la colocación del cable del pararrayos y otra para la cimentación del contrapeso para el monumento al Corazón de Jesús.\nTras quitar el suelo empedrado se descubrieron los rellenos de dos zanjas que tras su vaciado y comprobación cronológica se definieron como la impronta de la antigua alcazaba. No se pudieron documentar estratos de la fase bajo medieval, ya que para la construcción del fortín del XIX se hizo una explanación que rebajó la zona alrededor de la torre del homenaje en 0,87 m.\nAl exterior de estas improntas de la alcazaba, se localizó un suelo hecho con fragmentos de cerámicas, opus signinum, con una muy posible cronología romana, así como algunos hoyos pequeños de cronología andalusí y anterior.\nEn la terraza se trazó un sondeo en la zona central, sobre la bóveda del aljibe de la torre. Primero se descubrió parte de un empedrado para la terraza del fortín del siglo XIX, similar al de las galerías inferiores. Tras quitarlo, aparecieron las huellas que quedaron del suelo del primer piso de la torre tras arrancar las losas de piedra del mismo. En el suelo se veía también un intento de perforación de la bóveda del aljibe que se debió de abandonar al comprobar que no estaba hecha de piedra de sillería.\nSe documentó que el cuerpo superior de la torre era de menores dimensiones que la planta del aljibe y que la unión entre ambos cuerpos se solucionaba con un paramento en talud. También se comprobaba que la parte superior cargaba sobre la bóveda, por lo que fue necesario reforzara con un arco que actualmente no se conserva.\nPor último, se excavó el interior de la torre, dejando limpio el aljibe. Originalmente no tuvo acceso, salvo por una pequeña trampilla en la clave de la bóveda que serviría para el suministro de agua y acceso para su limpieza. En la fase del fortín del siglo XIX se abre una estrecha puerta en el lateral norte que quedaría a la altura de un piso de tarima. El relleno que se excavó en el aljibe estaba formado por escombro de las obras del monumento religioso y solo en el fondo se pudieron recoger algunos efectos militares como botones y munición.\nEl aljibe quedó totalmente limpio, dejando ver la capa de revestimiento que cubre la estructura de mampostería que forman los muros y la bóveda. Esta capa tiene un fuerte color rojo, algo apagado por los carbonatos, muy similar a los aljibes de otras torres cercanas.\nPor descontado, no apareció ningún túnel que comunicara este depósito con la catedral o cualquier otra parte de Tudela, creencia muy generalizada en la ciudad y en muchas otras localidades.\n", "ubi_mat_dep_perm": "Almacén Sección de Arqueología. Cordovilla.", "ubi_mat_falta_depos": null, "ubi_mat_dep_tempo": null, "bibliografia": "<ul>\n    <li>BIENES CALVO, Juan José. “Urbanismo”. En <i>Serie Retrospectiva y Futuro 802 – 2002 nº 5</i>. Págs. 28, 47 y 48. Tudela, 2002.</li>\n    <li>BIENES CALVO, Juan José. Tudela islámica. En <i>Villa 2: villes et campagnes de Tarraconaise et d’Al-Andalus</i>. Págs. 199 a 218. Zaragoza, 2007.</li>\n    <li>MARÍN ROYO, Luís María. <i>Temas tudelanos II. La Tudela desconocida</i>. Aspectos recónditos de la historia de la ciudad: El castillo. Las murallas. Págs. 108 y 109. Tudela, 2002.</li>\n</ul>", "colaboradores": null }, "geometry": { "type": "Point", "coordinates": [ -1.606903596866124, 42.067202421482698 ] } },
{ "type": "Feature", "properties": { "fid": 1519, "numero_int": 37, "denominacion": "Herrerias 1", "n_sigla": null, "direccion": "Solar Herrerías 1.", "fecha": "Octubre 2001.", "z_pepri": 4, "director": "Mª Cruz Pérez Omeñaca/ Juan José Bienes Calvo.", "promotor": "Ayuntamiento de Tudela / Construcciones Jarama.", "descrip_restos": "Seguimiento arqueológico en el solar producido por el derribo de un edificio en el extremo Sur de la Calle Herrerías. El edificio proyectado realizaba el vaciado del terreno para aparcamiento subterráneo.\nEl solar se vació hasta una cota de tres metros. El trabajo se tuvo que interrumpir debido a la gran cantidad de agua que brotaba, al alcanzar la capa freática existente en esta zona de la ciudad.\nEl agua de estos manantiales se encontraba canalizada por debajo de las edificaciones antiguas, recogiéndose en un canal mayor, al descubierto, que desagua en el río Queiles. La rotura de estas canalizaciones obligó a parar las obras para volver a encauzarlos en tuberías de PVC.\nEl solar se encuentra en la zona más baja de la Calle Herrerías, una calle ancha, producto de la colmatación de un foso defensivo frente a las murallas. Este foso tuvo que aprovechar un barranco natural formado por las aguas de todos estos manantiales. Esta gran cantidad de fuentes fue propicia para que en esta zona se asentaran actividades artesanales que necesitaban agua en abundancia: alfareros, curtidores de pieles y herreros, de donde toma el nombre la calle.\nEn el seguimiento del vaciado del solar solo se documentó la existencia de una bodega con bóveda de ladrillo que estuvo accesible hasta el derribo de la vivienda. Todo el relleno, hasta llegar a las gravas naturales, estaba formado por tierra y escombro echado para rellenar el foso, ya que el solar se ubica en el centro de lo que fue el barranco. El foso fue rellenado a partir del siglo XVI, al irse perdiendo su valor defensivo, junto con el de las murallas.\n", "ubi_mat_dep_perm": "Almacén Sección de Arqueología. Gobierno de Navarra. Cordovilla", "ubi_mat_falta_depos": null, "ubi_mat_dep_tempo": null, "bibliografia": null, "colaboradores": null }, "geometry": { "type": "Point", "coordinates": [ -1.607160312995157, 42.061676474948783 ] } },
{ "type": "Feature", "properties": { "fid": 1520, "numero_int": 36, "denominacion": "MuroBarbacana RA9 Cerro", "n_sigla": null, "direccion": "Cerro de Santa Bárbara. Sector 5. RA 9.", "fecha": "13 de Septiembre de 2001 a 5 de Febrero de 2002.", "z_pepri": 1, "director": "Juan José Bienes Calvo.", "promotor": "Ayuntamiento de Tudela.", "descrip_restos": "Segundo de los sondeos realizados en el Cerro de Santa Bárbara planteados en el Plan de Viabilidad aprobado en el año 2000 para recabar información para un futuro Plan Director.\nSe marcó una cata de 14 x 3 m en una ladera orientada al Oeste, frente a un resto de muralla construida con argamasa encofrada y pared en talud.\nEste bloque de muralla solo apareció con una altura de 2,30 m, viéndose que las piedras más exteriores de su cimentación habían sido arrancadas. Por suerte, frente a ella, y a una distancia de 5,70 m se descubrió un segundo tramo, paralelo. Los dos muros estaría formando un conjunto de muralla y barbacana.\nEl tramo adelantado no es de argamasa encofrada, sino de sillarejo rejuntado con argamasa, y paramento vertical, del que se conservan unos dos metros de altura bien conservados y uno más sin el revestimiento de sillarejo. El hallazgo de estos muros ofrece unas grandes expectativas sobre el descubrimiento y conservación de más longitud en este tramo del cerco exterior del castillo.\nFrente a la muralla no parece haber foso, sino solo ladera en pendiente. Los rellenos que se depositan frente a la muralla proceden del desmantelamiento de los muros para el aprovechamiento de la piedra, existiendo una gran acumulación de sillares a pie de muralla, del momento en que se derriban las partes altas de parapetos y almenas, antes de permitir la recogida de piedra.\nLa excavación entre los dos tramos de muralla aporta el dato de que éstos se construyen sobre viviendas de la judería en el siglo XIV, hallándose algunos fragmentos de candiles rituales hebreos.\nEntre los materiales recogidos frente a la muralla, destaca una matriz de broce para sello de cera, con escudo y leyenda, que perteneció a un personaje llamado Juan Fernández de Eslava, al cual hemos creído localizar como testigo en un documento fechado en 1313.\n", "ubi_mat_dep_perm": "Almacenes Servicio Arqueología Gobierno de Navarra. Cordovilla.", "ubi_mat_falta_depos": null, "ubi_mat_dep_tempo": null, "bibliografia": "<ul>\n    <li>BIENES CALVO, Juan José. “Urbanismo”. En <i>Serie Retrospectiva y Futuro 802 – 2002 nº 5</i>. Págs. 48 y 54. Tudela, 2002.</li>\n    <li>JOVER, Mercedes. <i>Caballeros y caballos entre 1212 y 1512</i>. Pág. 42. Pamplona, 2012.</li>\n    <li>MARÍN ROYO, Luís María. <i>Temas tudelanos II. La Tudela desconocida</i>. Aspectos recónditos de la historia de la ciudad: El castillo. Las murallas. Pág. 97. Tudela, 2002.</li>\n</ul>", "colaboradores": null }, "geometry": { "type": "Point", "coordinates": [ -1.6081240397841, 42.067059799340655 ] } },
{ "type": "Feature", "properties": { "fid": 1521, "numero_int": 47, "denominacion": "SanSalvador 21", "n_sigla": "_11_1_7_0", "direccion": null, "fecha": null, "z_pepri": null, "director": null, "promotor": null, "descrip_restos": null, "ubi_mat_dep_perm": null, "ubi_mat_falta_depos": null, "ubi_mat_dep_tempo": null, "bibliografia": null, "colaboradores": null }, "geometry": { "type": "Point", "coordinates": [ -1.607515170784374, 42.065221945469894 ] } },
{ "type": "Feature", "properties": { "fid": 1522, "numero_int": 46, "denominacion": "MurallaAndalusi RA7 Cerro", "n_sigla": "_11_1_8_0", "direccion": null, "fecha": null, "z_pepri": null, "director": null, "promotor": null, "descrip_restos": null, "ubi_mat_dep_perm": null, "ubi_mat_falta_depos": null, "ubi_mat_dep_tempo": null, "bibliografia": null, "colaboradores": null }, "geometry": { "type": "Point", "coordinates": [ -1.608314456272042, 42.067723434506625 ] } },
{ "type": "Feature", "properties": { "fid": 1523, "numero_int": 49, "denominacion": "Ugarte 17", "n_sigla": "_11_1_8_1_0", "direccion": null, "fecha": null, "z_pepri": null, "director": null, "promotor": null, "descrip_restos": null, "ubi_mat_dep_perm": null, "ubi_mat_falta_depos": null, "ubi_mat_dep_tempo": null, "bibliografia": null, "colaboradores": null }, "geometry": { "type": "Point", "coordinates": [ -1.606792617608365, 42.060498391245744 ] } },
{ "type": "Feature", "properties": { "fid": 1524, "numero_int": 48, "denominacion": "Solar Adarbe Magallon", "n_sigla": "_11_1_8_2_0", "direccion": null, "fecha": null, "z_pepri": null, "director": null, "promotor": null, "descrip_restos": null, "ubi_mat_dep_perm": null, "ubi_mat_falta_depos": null, "ubi_mat_dep_tempo": null, "bibliografia": null, "colaboradores": null }, "geometry": { "type": "Point", "coordinates": [ -1.603842305907273, 42.063611966284164 ] } },
{ "type": "Feature", "properties": { "fid": 1525, "numero_int": 43, "denominacion": "Calahorra 12", "n_sigla": null, "direccion": "Calle Calahorra 12.", "fecha": "Abril - Junio 2003.", "z_pepri": 2, "director": "Juan José Bienes Calvo.", "promotor": "Ayuntamiento de Tudela.", "descrip_restos": "Pequeño solar propiedad del Ayuntamiento de Tudela que se produce tras el derribo de una vivienda que estrechaba la calzada de la calle Calahorra. Este estrechamiento quizás podría ser producto de la existencia de restos de la Puerta de Calahorra, una de las que tuvo Tudela en época andalusí y cuyos restos perduraron hasta el siglo XIX.\nSe marcó una cata de 5 x 5 m en una zona centrada del solar pero más cerca de la calle que del fondo.\nNada más quitar la capa de escombro revuelto, apareció la arcilla natural, marcándose algunos rellenos de tipo circular correspondientes a pozos o silos, y una de forma alargada.\nLos circulares fueron tres, y correspondieron a silos de sección troncocónica y fondo cóncavo, conservados con una profundidad variable entre 0,25, y 1 m. Estos silos se construyen en el interior de las viviendas andalusíes para conservan alimentos bajo el suelo.\nEl de planta alargada resultó ser el fondo de la cámara de combustión de un horno, conservándose una profundidad de 0,67 m. En parte, estaba rellenado de piedras bien colocadas, con el fin de que no haya posteriores hundimientos del terreno.\nNo se han conservado ni estructuras ni suelos correspondientes a las viviendas asociadas a estos restos, lo que implica que el urbanismo anterior se disponía en una ladera con más pendiente y ha sido cortado al hacer una vivienda más moderna con una superficie más grande.\nLas cerámicas halladas en el interior de estos silos y el horno proporcionan una cronología de amortización del siglo IX, sin que hayan aparecido piezas destacables.\n\n", "ubi_mat_dep_perm": "Almacén Servicio Arqueología Gobierno de Navarra. Cordovilla.", "ubi_mat_falta_depos": null, "ubi_mat_dep_tempo": null, "bibliografia": null, "colaboradores": null }, "geometry": { "type": "Point", "coordinates": [ -1.608447819506744, 42.065623544126872 ] } },
{ "type": "Feature", "properties": { "fid": 1526, "numero_int": 42, "denominacion": "Gayarre 11", "n_sigla": null, "direccion": "Calle Gayarre 11.", "fecha": "Febrero 2002.", "z_pepri": 5, "director": "Juan José Bienes Calvo.", "promotor": "Ayuntamiento de Tudela.\nPromociones Pérez de Lazarraga.\n", "descrip_restos": "Durante tres días se procedió a realizar el seguimiento de vaciado del solar, que se rebajó hasta una cota de 1,5 m. Todo el terreno estaba formado por tierra de huerta, más compacta a mayor profundidad, hasta llegar a un limo limpio y grava. No se apreciaron restos cerámicos con antigüedad notable, ni elementos constructivos, salvo la cimentación de una antigua tapia.\nSegún documentación existente en el Archivo Municipal, referente a la apertura de la Calle Gayarre, sobre lo que eran huertas, corrales y un trujal, en el año 1885, este solar estaba ocupado por una huerta tapiada perteneciente a Don Tomás Morales.\nEl área en que se ha actuado se sitúa dentro del recinto de la Morería, el barrio que se crea extramuros de la medina islámica tras la conquista cristiana, y en el que se ubicará la población musulmana desalojada de sus casas en 1120.\nEl caserío de la Morería debió de estar situado en una zona más cercana a la muralla andalusí, junto a la calle Herrerías y la Puerta del Mercado, estando la zona de la calle Gayarre ocupada por huertas, cuya actividad no ha cambiado hasta la construcción de edificio actual.\n", "ubi_mat_dep_perm": "Sin materiales.", "ubi_mat_falta_depos": null, "ubi_mat_dep_tempo": null, "bibliografia": null, "colaboradores": null }, "geometry": { "type": "Point", "coordinates": [ -1.608811220393759, 42.062087083245629 ] } },
{ "type": "Feature", "properties": { "fid": 1527, "numero_int": 45, "denominacion": "Sondeo RA12 Cerro", "n_sigla": "TU.2.02.x y TU.3.03.x._0", "direccion": "Cerro de Santa Bárbara. Sector 7. Ra 12.", "fecha": "1 de Agosto a 12 de Noviembre de 2002.\n23 de Junio a 28 de Septiembre de 2003.\n", "z_pepri": 1, "director": "Juan José Bienes Calvo.", "promotor": "Ayuntamiento de Tudela.", "descrip_restos": "Tercero de los sondeos que se realizan en el Cerro de Santa Bárbara, siguiendo el Plan de Viabilidad que se aprobó en el año 2000 para recabar datos ante un futuro Plan Director.\nEn esta ocasión se planteó en 2002 un sondeo de 5 x 5 m para estudiar una estratigrafía sobre el poblamiento en el Cerro desde sus orígenes, ya que en los cortados cercanos se veían a gran profundidad niveles arqueológicos de I Edad del Hierro. Se realiza en una planicie aterrazada en la Edad Media para la construcción de la Judería Nueva y es aprovechada en el siglo XIX para los patios de un fortín en la Tercera Guerra Carlista. En 2003, el sondeo se amplió hasta una superficie de 5 x 11 m.\nLos primeros rellenos revueltos corresponden al abandono del fortín, derribo de las tapias que rodeaban esta explanada y aportes de tierra para la plantación de pinos. Bajo el suelo de la fase del fortín, apareció un relleno también revuelto producto de desmantelar los muros de las viviendas de la Judería Nueva. De esta fase, fechada desde finales del siglo XII hasta el año 1498 en que se expulsa a los judíos en Navarra, aparecieron algunos muros de mampostería encofrada, suelos de losas muy cuarteadas y zanjas que quedaron de expoliar los muro. Son pocos restos pero permiten seguir el trazado de las viviendas.\nBajo esta fase de la Judería, aparecen niveles de ocupación andalusí. Los más modernos, de los siglos X y XI, corresponden a varios muros de una estancia de planta cuadrangular con hogar central y hueco para colocar una tinaja. En el siglo XI aparece asociada a una reforma que deja una pequeña habitación donde se ubicaría un pozo ciego.\nA más profundidad se localizan nuevos muros de viviendas con la característica de que la orientación en totalmente diferente, con una desviación de 45º, por lo que aparecen totalmente cruzadas en X. Estos muros más profundos también son de cronología andalusí, pero con unas fechas del siglo VIII o principios del IX y caracterizándose por tener espacios rectangulares alargados, definiéndose dos estancias, siendo una de ellas más estrecha y con un mayor número de pozos para silos de contener alimentos.\nEsta diferencia de ordenación en el urbanismo solo puede obedecer a un proceso de abandono temporal en este sector del Cerro en la primera mitad del siglo IX, quizás correspondiente a la construcción de la alcazaba y a un progresivo repoblamiento del entorno a partir del siglo X.\nSería en este momento de nueva repoblación cuando se localiza un enterramiento infantil realizado bajo el suelo de una de las viviendas o en una zona de ladera antes de su construcción.\nLos hallazgos de cerámicas del siglo VIII probaban que la etapa andalusí de Tudela no comenzaba en el 802, sino que estaba presente desde principios del siglo VIII tras la capitulación de Zaragoza.\nEl urbanismo andalusí no estaba asentado en una terraza, sino en una ladera con fuerte pendiente hacia el Sur, acusándose en la profundidad en ese lateral de la cata.\nPara buscar elementos más antiguos se continuó bajando en la parte más profunda de la cata, en un rincón que no afectara a la zona de estructuras andalusíes. No se localizaron niveles arqueológicos de cronología romana ni de II Edad del Hierro, si bien en los rellenos andalusíes más antiguos fue frecuente encontrar cerámicas de ambas etapas, incluyendo una moneda y un pequeño fragmento de inscripción.\nA cuatro metros de profundidad comenzaron a encontrarse fragmentos de cerámicas de I Edad del Hierro, al principio en capas de arrastre, pero a más profundidad en relación a una serie de estructuras domésticas arrasadas en una remodelación del suelo, con gran cantidad de cenizas y adobes quemados en zona de hornos o fogones. En esta zona se recogieron abundantes fragmentos de cerámica aplastada.\nEl hallazgo de estas cerámicas de Edad del Hierro complementan a las halladas en la excavación de 1988, con una distancia de 115 m entre ellas, lo que unido a la calidad de las decoraciones en algunas de sus formas, implica la existencia de un poblado de gran importancia para una época temprana que se puede llevar al siglo VIII a C.\nEn 2024, ante el deterioro de la cata se apostó por la consolidación de los restos, vallado y colocación de carteles interpretativos. Las zonas más profundas ya se cubrieron en 2003 y en 2024 se actuó sobre el urbanismo andalusí, ya que era el mejor conservado.\n", "ubi_mat_dep_perm": "Almacén Servicio Arqueología Gobierno de Navarra. Cordovilla.\nSala de Arqueología. Bodega Museo de Tudela.\n", "ubi_mat_falta_depos": null, "ubi_mat_dep_tempo": null, "bibliografia": "<ul>\n    <li>BIENES CALVO, Juan José. “Urbanismo”. En <i>Serie Retrospectiva y Futuro 802 – 2002 nº 5</i>. Tudela, 2002.</li>\n    <li>BIENES CALVO, Juan José. Tudela islámica. En <i>Villa 2: villes et campagnes de Tarraconaise et d’Al-Andalus</i>. Págs. 199 a 218. Zaragoza, 2007.</li>\n    <li>MARÍN ROYO, Luís María. <i>Temas tudelanos III. La Tudela desconocida</i>. Aspectos recónditos de la historia de la ciudad. Culturas antiguas. Primeras huellas humanas. Reino de Tudela y dominación musulmana. Tudela, 2003.</li>\n    <li>ORTA RUBIO, Esteban. <i>Tudela</i>. En <i>Serie Panorama nº 41</i>. Pág. 12. Pamplona, 2009.</li>\n    <li>SESMA SESMA, Jesús, BIENES CALVO, Juan José, et alii. Las cerámicas de estilo Cogotas I y los ciclos culturales en las postrimerías de la Edad del Bronce en Navarra. En <i>Revista Cuadernos de Arqueología de la Universidad de Navarra nº 17</i>. Pág. 50. Pamplona, 2009.</li>\n</ul>", "colaboradores": null }, "geometry": { "type": "Point", "coordinates": [ -1.607254569817248, 42.06676236989135 ] } },
{ "type": "Feature", "properties": { "fid": 1528, "numero_int": 44, "denominacion": "Catedral ", "n_sigla": "TUD 124.02.2._0", "direccion": "CATEDRAL DE TUDELA", "fecha": "2002-2006", "z_pepri": 2, "director": "Inés Tabar Sarrías y Jesús Sesma Sesma", "promotor": "Fundación para la Conservación del Patrimonio Histórico", "descrip_restos": "Entre los años 2002 y 2006 se llevó a cabo una restauración integral de la Catedral, promovida por la Fundación para la Conservación del Patrimonio Histórico de Navarra, durante la cual se acometió, entre otras actuaciones, la excavación arqueológica del interior del templo, sobre una superficie de 2.950 m2.\nEl resultado más destacable ha sido la posibilidad de poder conocer la secuencia cronológica completa de este lugar, desde sus orígenes más remotos hasta la actualidad. \nLas evidencias más antiguas descubiertas en el solar de la catedral corresponden fragmentos cerámicos de la Edad del Hierro, periodo celtibérico y evidencias de época romana. \nLa llegada del islam en las primeras décadas del siglo VIII supuso el empuje definitivo para la configuración urbana de Tudela, lo que conllevó a la ocupación urbanística de este espacio. \nÉpoca Andalusí:\nMezquita. Fase inicial, siglo IX:\nLos únicos restos conservados de esta fase son los que se descubrieron en la excavación de la plaza Vieja en 1993. En ella se pudieron identificar restos de este primer oratorio islámico datado en torno a la primera mitad del siglo IX. Gracias a estos restos se estima que la mezquita original tendría una planta casi cuadrangular (40 x 45 codos), con la sala de oraciones y el patio (ṣaḥn) de dimensiones muy similares.\nUrbanismo en el entorno de la Mezquita: \nDurante los siglos IX-X, el área urbana circundante a la mezquita iría siendo cada vez más codiciado, debido a la intensa actividad política, económica y social que allí se desarrollaba. Las excavaciones realizadas en la cabecera de la catedral, han permitido descubrir restos de este urbanismo residencial, aunque su fragmentario estado de conservación no permite conocer la planta o distribución de estas edificaciones. \nMezquita. Fase ampliación, siglo XI:\nEn el siglo XI, se acomete la ampliación y reforma de la aljama de Tudela, siguiendo el modelo de la mezquita de Córdoba de al-Ḥakam II.\nDe esta segunda etapa del oratorio se han localizado un mayor número de restos arqueológicos, descubiertos bajo la plaza Vieja, en el interior de la catedral y en el claustro, además de los integrados en los alzados de los muros de la catedral. La mezquita mantuvo su muro norte, pero se amplió lateralmente y hacia el sur, duplicando la longitud de la sala de oraciones hasta alcanzar 71 x 32 metros y siete naves. El patio también se ensanchó, incorporando tres azaquefas y un alminar alineado con el muro norte.\nUrbanismo en el entorno de la Mezquita. Siglo XI: \nLa ampliación de la mezquita supuso un cambio en el urbanismo circundante. En la excavación se han encontrado restos una calle y otra serie de restos que se han relacionado con un edificio con sala de abluciones menores (mīḍā´a) vinculado con la mezquita, descartándose su interpretación como baño (ḥammām) debido a diferencias en estructura y necesidades.\nÉpoca Cristiana:\nEn 1119 la ciudad capituló ante las tropas de Alfonso I «el Batallador». La conquista de la medina supuso para los musulmanes el desalojo de la mezquita, viviendas y propiedades que poseían en el interior del recinto amurallado. Este cambio de orden político, religioso, cultural y social afectó directamente al terreno en estudio, puesto que en 1121 la mezquita mayor pasó a ser consagrada al culto cristiano, bajo el nombre de Santa María de Tudela. \nDesde el punto de vista arqueológico, con base en la documentación conservada, se ha diferenciado varias fases en la edificación del edificio:\n1)\tEntre 1121 y 1188: Conversión de la mezquita aljama de Tudela en iglesia. \n2)\tPrimera fase constructiva de la catedral entre 1170 y 1188, de estilo tardorrománico: Construcción de la cabecera y las partes bajas del lado oriental del crucero. Implicó la demolición de las estructuras islámicas anexas a la Mezquita. \n3)\tSegunda fase constructiva de la catedral entre 1188 y 1234, de estilo tardorrománico: Tras la consagración de 1188, las capillas de la nueva cabecera eran ya utilizables para el culto cristiano. Se levantan las naves del templo, procediéndose al derribo del antiguo ḥarām de la mezquita. \n4)\tTercera fase constructiva, a mediados del siglo XIII, de estilo gótico: Se acomete el cierre del templo con la portada del Juicio. \nNecrópolis: \nEl templo tudelano fue utilizado como necrópolis parroquial de forma exhaustiva. La colegiata es un enorme camposanto, el más extenso y más importante en el medievo de la ciudad, en el que están representados todos los estratos sociales de Tudela a lo largo de los siglos XII-XIX.\nPeriodo Medieval: \nEl cementerio parroquial más antiguo se ubicó en la periferia de la Mezquita consagrada al rito cristiano. Las tumbas tienden a colocarse alineadas y pegadas al muro del templo, sin extenderse hacia la periferia. \nLas inhumaciones en el interior de la colegiata de Tudela comenzaron a practicarse desde momentos muy tempranos, en torno a mediados del siglo XIII, reservándose para altos cargos del clero o de la nobleza. \nDentro de la colegiata existieron espacios destacados para el entierro de individuos relevantes de la ciudad, especialmente caballeros, que portaban ajuares singulares, como espuelas doradas y espadas, localizados en la capilla de San Martín, la sacristía y capilla del Espíritu Santo.\nSerá durante el siglo XV cuando, además de las familias importantes y el clero, la gente del pueblo también quiera ser enterrada dentro de la iglesia. \nPeriodo moderno y contemporáneo: \nEs durante este período cuando en la seo tudelana se produce la casi total ocupación de su espacio interior como camposanto, albergando un elevado número de sepulturas. De las 818 inhumaciones en conexión anatómica exhumadas en el templo, 653 corresponden a este momento. A estas deben sumarse los yacentes en sepulcros colectivos, osarios y niveles revueltos, en número indeterminado. \nA finales del siglo XVIII con la llegada del pensamiento ilustrado trajo consigo una serie de principios para fomento de la higiene pública que llevaron a prohibir los enterramientos dentro de las iglesias y cementerios adyacentes. Tras la Real Cédula de Carlos III de 1787, se promovió la creación de cementerios civiles fuera de las ciudades. En Tudela, esta medida se concretó en 1833 con la inauguración del cementerio municipal en las afueras, cerca de la ermita de Santa Quiteria, terminando así el uso funerario de la catedral.\n", "ubi_mat_dep_perm": "Almacén Servicio de Arqueología Gobierno de Navarra. Cordovilla.\nMuseo de Tudela. Transepto Claustro Catedral.\n", "ubi_mat_falta_depos": null, "ubi_mat_dep_tempo": null, "bibliografia": "<ul>\n    <li>TABAR SARRIAS, Inés y SESMA SESMA, Jesús. Excavaciones en la Catedral de Tudela 2002 – 2003. En <i>La Catedral de Tudela</i>. Págs. 398 a 417. Pamplona, 2006. <a target=\"_blank\" href=\"https://www.culturanavarra.es/es/santa-maria-de-tudela-de-mezquita-a-catedral\">Enlace a bibliografía</a></li>\n    <li>TABAR SARRIAS, Inés, SESMA SESMA, Jesús y NAVAS CÁMARA, Luís. Intervención arqueológica. En <i>Tudela, el legado de una catedral</i>. Págs. 54 a 174. Pamplona, 2006.</li>\n    <li>TABAR SARRIAS, Inés y SESMA SESMA, Jesús. Enterramientos en la Catedral de Tudela. En <i>La Tierra te Sea Leve, Arqueología de la Muerte en Navarra</i>. Pág. 220. Pamplona, 2008.</li>\n    <li>SESMA SESMA, Jesús y TABAR SARRIAS, Inés. <i>Santa María de Tudela: de mezquita a catedral</i>. 401 págs. Pamplona, 2019.</li>\n    <li><a target=\"_blank\" href=\"https://www.culturanavarra.es/es/santa-maria-de-tudela-de-mezquita-a-catedral\">https://www.culturanavarra.es/es/santa-maria-de-tudela-de-mezquita-a-catedral</a></li>\n    <li><a target=\"_blank\" href=\"https://www.researchgate.net/publication/338234934_Santa_Maria_de_Tudela_de_mezquita_a_catedral\">https://www.researchgate.net/publication/338234934_Santa_Maria_de_Tudela_de_mezquita_a_catedral</a></li>\n</ul>", "colaboradores": null }, "geometry": { "type": "Point", "coordinates": [ -1.605239120148638, 42.063639763749784 ] } },
{ "type": "Feature", "properties": { "fid": 1529, "numero_int": 44, "denominacion": "Catedral ", "n_sigla": "TUD 124.02.2._0_1", "direccion": "CATEDRAL DE TUDELA", "fecha": "2002-2006", "z_pepri": 2, "director": "Inés Tabar Sarrías y Jesús Sesma Sesma", "promotor": "Fundación para la Conservación del Patrimonio Histórico", "descrip_restos": "Entre los años 2002 y 2006 se llevó a cabo una restauración integral de la Catedral, promovida por la Fundación para la Conservación del Patrimonio Histórico de Navarra, durante la cual se acometió, entre otras actuaciones, la excavación arqueológica del interior del templo, sobre una superficie de 2.950 m2.\nEl resultado más destacable ha sido la posibilidad de poder conocer la secuencia cronológica completa de este lugar, desde sus orígenes más remotos hasta la actualidad. \nLas evidencias más antiguas descubiertas en el solar de la catedral corresponden fragmentos cerámicos de la Edad del Hierro, periodo celtibérico y evidencias de época romana. \nLa llegada del islam en las primeras décadas del siglo VIII supuso el empuje definitivo para la configuración urbana de Tudela, lo que conllevó a la ocupación urbanística de este espacio. \nÉpoca Andalusí:\nMezquita. Fase inicial, siglo IX:\nLos únicos restos conservados de esta fase son los que se descubrieron en la excavación de la plaza Vieja en 1993. En ella se pudieron identificar restos de este primer oratorio islámico datado en torno a la primera mitad del siglo IX. Gracias a estos restos se estima que la mezquita original tendría una planta casi cuadrangular (40 x 45 codos), con la sala de oraciones y el patio (ṣaḥn) de dimensiones muy similares.\nUrbanismo en el entorno de la Mezquita: \nDurante los siglos IX-X, el área urbana circundante a la mezquita iría siendo cada vez más codiciado, debido a la intensa actividad política, económica y social que allí se desarrollaba. Las excavaciones realizadas en la cabecera de la catedral, han permitido descubrir restos de este urbanismo residencial, aunque su fragmentario estado de conservación no permite conocer la planta o distribución de estas edificaciones. \nMezquita. Fase ampliación, siglo XI:\nEn el siglo XI, se acomete la ampliación y reforma de la aljama de Tudela, siguiendo el modelo de la mezquita de Córdoba de al-Ḥakam II.\nDe esta segunda etapa del oratorio se han localizado un mayor número de restos arqueológicos, descubiertos bajo la plaza Vieja, en el interior de la catedral y en el claustro, además de los integrados en los alzados de los muros de la catedral. La mezquita mantuvo su muro norte, pero se amplió lateralmente y hacia el sur, duplicando la longitud de la sala de oraciones hasta alcanzar 71 x 32 metros y siete naves. El patio también se ensanchó, incorporando tres azaquefas y un alminar alineado con el muro norte.\nUrbanismo en el entorno de la Mezquita. Siglo XI: \nLa ampliación de la mezquita supuso un cambio en el urbanismo circundante. En la excavación se han encontrado restos una calle y otra serie de restos que se han relacionado con un edificio con sala de abluciones menores (mīḍā´a) vinculado con la mezquita, descartándose su interpretación como baño (ḥammām) debido a diferencias en estructura y necesidades.\nÉpoca Cristiana:\nEn 1119 la ciudad capituló ante las tropas de Alfonso I «el Batallador». La conquista de la medina supuso para los musulmanes el desalojo de la mezquita, viviendas y propiedades que poseían en el interior del recinto amurallado. Este cambio de orden político, religioso, cultural y social afectó directamente al terreno en estudio, puesto que en 1121 la mezquita mayor pasó a ser consagrada al culto cristiano, bajo el nombre de Santa María de Tudela. \nDesde el punto de vista arqueológico, con base en la documentación conservada, se ha diferenciado varias fases en la edificación del edificio:\n1)\tEntre 1121 y 1188: Conversión de la mezquita aljama de Tudela en iglesia. \n2)\tPrimera fase constructiva de la catedral entre 1170 y 1188, de estilo tardorrománico: Construcción de la cabecera y las partes bajas del lado oriental del crucero. Implicó la demolición de las estructuras islámicas anexas a la Mezquita. \n3)\tSegunda fase constructiva de la catedral entre 1188 y 1234, de estilo tardorrománico: Tras la consagración de 1188, las capillas de la nueva cabecera eran ya utilizables para el culto cristiano. Se levantan las naves del templo, procediéndose al derribo del antiguo ḥarām de la mezquita. \n4)\tTercera fase constructiva, a mediados del siglo XIII, de estilo gótico: Se acomete el cierre del templo con la portada del Juicio. \nNecrópolis: \nEl templo tudelano fue utilizado como necrópolis parroquial de forma exhaustiva. La colegiata es un enorme camposanto, el más extenso y más importante en el medievo de la ciudad, en el que están representados todos los estratos sociales de Tudela a lo largo de los siglos XII-XIX.\nPeriodo Medieval: \nEl cementerio parroquial más antiguo se ubicó en la periferia de la Mezquita consagrada al rito cristiano. Las tumbas tienden a colocarse alineadas y pegadas al muro del templo, sin extenderse hacia la periferia. \nLas inhumaciones en el interior de la colegiata de Tudela comenzaron a practicarse desde momentos muy tempranos, en torno a mediados del siglo XIII, reservándose para altos cargos del clero o de la nobleza. \nDentro de la colegiata existieron espacios destacados para el entierro de individuos relevantes de la ciudad, especialmente caballeros, que portaban ajuares singulares, como espuelas doradas y espadas, localizados en la capilla de San Martín, la sacristía y capilla del Espíritu Santo.\nSerá durante el siglo XV cuando, además de las familias importantes y el clero, la gente del pueblo también quiera ser enterrada dentro de la iglesia. \nPeriodo moderno y contemporáneo: \nEs durante este período cuando en la seo tudelana se produce la casi total ocupación de su espacio interior como camposanto, albergando un elevado número de sepulturas. De las 818 inhumaciones en conexión anatómica exhumadas en el templo, 653 corresponden a este momento. A estas deben sumarse los yacentes en sepulcros colectivos, osarios y niveles revueltos, en número indeterminado. \nA finales del siglo XVIII con la llegada del pensamiento ilustrado trajo consigo una serie de principios para fomento de la higiene pública que llevaron a prohibir los enterramientos dentro de las iglesias y cementerios adyacentes. Tras la Real Cédula de Carlos III de 1787, se promovió la creación de cementerios civiles fuera de las ciudades. En Tudela, esta medida se concretó en 1833 con la inauguración del cementerio municipal en las afueras, cerca de la ermita de Santa Quiteria, terminando así el uso funerario de la catedral.\n", "ubi_mat_dep_perm": "Almacén Servicio de Arqueología Gobierno de Navarra. Cordovilla.\nMuseo de Tudela. Transepto Claustro Catedral.\n", "ubi_mat_falta_depos": null, "ubi_mat_dep_tempo": null, "bibliografia": "<ul>\n    <li>TABAR SARRIAS, Inés y SESMA SESMA, Jesús. Excavaciones en la Catedral de Tudela 2002 – 2003. En <i>La Catedral de Tudela</i>. Págs. 398 a 417. Pamplona, 2006. <a target=\"_blank\" href=\"https://www.culturanavarra.es/es/santa-maria-de-tudela-de-mezquita-a-catedral\">Enlace a bibliografía</a></li>\n    <li>TABAR SARRIAS, Inés, SESMA SESMA, Jesús y NAVAS CÁMARA, Luís. Intervención arqueológica. En <i>Tudela, el legado de una catedral</i>. Págs. 54 a 174. Pamplona, 2006.</li>\n    <li>TABAR SARRIAS, Inés y SESMA SESMA, Jesús. Enterramientos en la Catedral de Tudela. En <i>La Tierra te Sea Leve, Arqueología de la Muerte en Navarra</i>. Pág. 220. Pamplona, 2008.</li>\n    <li>SESMA SESMA, Jesús y TABAR SARRIAS, Inés. <i>Santa María de Tudela: de mezquita a catedral</i>. 401 págs. Pamplona, 2019.</li>\n    <li><a target=\"_blank\" href=\"https://www.culturanavarra.es/es/santa-maria-de-tudela-de-mezquita-a-catedral\">https://www.culturanavarra.es/es/santa-maria-de-tudela-de-mezquita-a-catedral</a></li>\n    <li><a target=\"_blank\" href=\"https://www.researchgate.net/publication/338234934_Santa_Maria_de_Tudela_de_mezquita_a_catedral\">https://www.researchgate.net/publication/338234934_Santa_Maria_de_Tudela_de_mezquita_a_catedral</a></li>\n</ul>", "colaboradores": null }, "geometry": { "type": "Point", "coordinates": [ -1.605340215859999, 42.063243857675893 ] } },
{ "type": "Feature", "properties": { "fid": 1530, "numero_int": 55, "denominacion": "Calahorra 11", "n_sigla": "_11_1_8_7_0", "direccion": null, "fecha": null, "z_pepri": null, "director": null, "promotor": null, "descrip_restos": null, "ubi_mat_dep_perm": null, "ubi_mat_falta_depos": null, "ubi_mat_dep_tempo": null, "bibliografia": null, "colaboradores": null }, "geometry": { "type": "Point", "coordinates": [ -1.608226640959859, 42.065307069760408 ] } },
{ "type": "Feature", "properties": { "fid": 1531, "numero_int": 54, "denominacion": "SanMiguel 50", "n_sigla": "_11_1_8_8_0", "direccion": null, "fecha": null, "z_pepri": null, "director": null, "promotor": null, "descrip_restos": null, "ubi_mat_dep_perm": null, "ubi_mat_falta_depos": null, "ubi_mat_dep_tempo": null, "bibliografia": null, "colaboradores": null }, "geometry": { "type": "Point", "coordinates": [ -1.608076482632411, 42.065783882444684 ] } },
{ "type": "Feature", "properties": { "fid": 1532, "numero_int": 57, "denominacion": "Arguedicas Portal 30", "n_sigla": "_11_1_8_9_0", "direccion": null, "fecha": null, "z_pepri": null, "director": null, "promotor": null, "descrip_restos": null, "ubi_mat_dep_perm": null, "ubi_mat_falta_depos": null, "ubi_mat_dep_tempo": null, "bibliografia": null, "colaboradores": null }, "geometry": { "type": "Point", "coordinates": [ -1.603542878261353, 42.064196374995433 ] } },
{ "type": "Feature", "properties": { "fid": 1533, "numero_int": 56, "denominacion": "Carrera 15-13", "n_sigla": "_11_1_8_10_0", "direccion": null, "fecha": null, "z_pepri": null, "director": null, "promotor": null, "descrip_restos": null, "ubi_mat_dep_perm": null, "ubi_mat_falta_depos": null, "ubi_mat_dep_tempo": null, "bibliografia": null, "colaboradores": null }, "geometry": { "type": "Point", "coordinates": [ -1.604075221314448, 42.062125613432201 ] } },
{ "type": "Feature", "properties": { "fid": 1534, "numero_int": 51, "denominacion": "Dominicas 1", "n_sigla": "_11_1_8_11_0", "direccion": null, "fecha": null, "z_pepri": null, "director": null, "promotor": null, "descrip_restos": null, "ubi_mat_dep_perm": null, "ubi_mat_falta_depos": null, "ubi_mat_dep_tempo": null, "bibliografia": null, "colaboradores": null }, "geometry": { "type": "Point", "coordinates": [ -1.609535308196582, 42.063366791041616 ] } },
{ "type": "Feature", "properties": { "fid": 1535, "numero_int": 50, "denominacion": "BodegaJudia", "n_sigla": "_11_1_8_12_0", "direccion": null, "fecha": null, "z_pepri": null, "director": null, "promotor": null, "descrip_restos": null, "ubi_mat_dep_perm": null, "ubi_mat_falta_depos": null, "ubi_mat_dep_tempo": null, "bibliografia": null, "colaboradores": null }, "geometry": { "type": "Point", "coordinates": [ -1.605960596239826, 42.066882721258615 ] } },
{ "type": "Feature", "properties": { "fid": 1536, "numero_int": 53, "denominacion": "Gayarre 8", "n_sigla": "_11_1_8_13_0", "direccion": null, "fecha": null, "z_pepri": null, "director": null, "promotor": null, "descrip_restos": null, "ubi_mat_dep_perm": null, "ubi_mat_falta_depos": null, "ubi_mat_dep_tempo": null, "bibliografia": null, "colaboradores": null }, "geometry": { "type": "Point", "coordinates": [ -1.60880079199905, 42.062414104534938 ] } },
{ "type": "Feature", "properties": { "fid": 1537, "numero_int": 52, "denominacion": "Muro 17bis", "n_sigla": "_11_1_8_14_0", "direccion": null, "fecha": null, "z_pepri": null, "director": null, "promotor": null, "descrip_restos": null, "ubi_mat_dep_perm": null, "ubi_mat_falta_depos": null, "ubi_mat_dep_tempo": null, "bibliografia": null, "colaboradores": null }, "geometry": { "type": "Point", "coordinates": [ -1.604827311354402, 42.06233136492682 ] } },
{ "type": "Feature", "properties": { "fid": 1538, "numero_int": 63, "denominacion": "Muro 25", "n_sigla": "_11_1_8_15_0", "direccion": null, "fecha": null, "z_pepri": null, "director": null, "promotor": null, "descrip_restos": null, "ubi_mat_dep_perm": null, "ubi_mat_falta_depos": null, "ubi_mat_dep_tempo": null, "bibliografia": null, "colaboradores": null }, "geometry": { "type": "Point", "coordinates": [ -1.604479441468661, 42.062446834692203 ] } },
{ "type": "Feature", "properties": { "fid": 1539, "numero_int": 62, "denominacion": "PaseoCastillo 7", "n_sigla": "_11_1_8_16_0", "direccion": null, "fecha": null, "z_pepri": null, "director": null, "promotor": null, "descrip_restos": null, "ubi_mat_dep_perm": null, "ubi_mat_falta_depos": null, "ubi_mat_dep_tempo": null, "bibliografia": null, "colaboradores": null }, "geometry": { "type": "Point", "coordinates": [ -1.604987454398176, 42.065545240743809 ] } },
{ "type": "Feature", "properties": { "fid": 1540, "numero_int": 65, "denominacion": "LaParra 9", "n_sigla": "_11_1_8_17_0", "direccion": null, "fecha": null, "z_pepri": null, "director": null, "promotor": null, "descrip_restos": null, "ubi_mat_dep_perm": null, "ubi_mat_falta_depos": null, "ubi_mat_dep_tempo": null, "bibliografia": null, "colaboradores": null }, "geometry": { "type": "Point", "coordinates": [ -1.603487170785154, 42.063324336823122 ] } },
{ "type": "Feature", "properties": { "fid": 1541, "numero_int": 64, "denominacion": "Aldehuela 6", "n_sigla": "_11_1_8_18_0", "direccion": null, "fecha": null, "z_pepri": null, "director": null, "promotor": null, "descrip_restos": null, "ubi_mat_dep_perm": null, "ubi_mat_falta_depos": null, "ubi_mat_dep_tempo": null, "bibliografia": null, "colaboradores": null }, "geometry": { "type": "Point", "coordinates": [ -1.606089095269289, 42.065096903755624 ] } },
{ "type": "Feature", "properties": { "fid": 1542, "numero_int": 59, "denominacion": "CALLE HERRERIAS ", "n_sigla": "_11_1_8_19_0", "direccion": null, "fecha": null, "z_pepri": null, "director": null, "promotor": null, "descrip_restos": null, "ubi_mat_dep_perm": null, "ubi_mat_falta_depos": null, "ubi_mat_dep_tempo": null, "bibliografia": null, "colaboradores": null }, "geometry": { "type": "Point", "coordinates": [ -1.607690231284014, 42.062808143520421 ] } },
{ "type": "Feature", "properties": { "fid": 1543, "numero_int": 58, "denominacion": "Herrerias 1", "n_sigla": "_11_1_8_20_0", "direccion": null, "fecha": null, "z_pepri": null, "director": null, "promotor": null, "descrip_restos": null, "ubi_mat_dep_perm": null, "ubi_mat_falta_depos": null, "ubi_mat_dep_tempo": null, "bibliografia": null, "colaboradores": null }, "geometry": { "type": "Point", "coordinates": [ -1.607766544199988, 42.062561766435564 ] } },
{ "type": "Feature", "properties": { "fid": 1544, "numero_int": 61, "denominacion": "Parra 8", "n_sigla": "_11_1_8_21_0", "direccion": null, "fecha": null, "z_pepri": null, "director": null, "promotor": null, "descrip_restos": null, "ubi_mat_dep_perm": null, "ubi_mat_falta_depos": null, "ubi_mat_dep_tempo": null, "bibliografia": null, "colaboradores": null }, "geometry": { "type": "Point", "coordinates": [ -1.603370697819395, 42.063049947052392 ] } },
{ "type": "Feature", "properties": { "fid": 1545, "numero_int": 60, "denominacion": "Descalzos 4", "n_sigla": "_20_2_0", "direccion": null, "fecha": null, "z_pepri": null, "director": null, "promotor": null, "descrip_restos": null, "ubi_mat_dep_perm": null, "ubi_mat_falta_depos": null, "ubi_mat_dep_tempo": null, "bibliografia": null, "colaboradores": null }, "geometry": { "type": "Point", "coordinates": [ -1.608607355471026, 42.063472922391931 ] } },
{ "type": "Feature", "properties": { "fid": 1546, "numero_int": 71, "denominacion": "DiazBRavo 30", "n_sigla": "_20_3_0", "direccion": null, "fecha": null, "z_pepri": null, "director": null, "promotor": null, "descrip_restos": null, "ubi_mat_dep_perm": null, "ubi_mat_falta_depos": null, "ubi_mat_dep_tempo": null, "bibliografia": null, "colaboradores": null }, "geometry": { "type": "Point", "coordinates": [ -1.610614730203194, 42.062650516420149 ] } },
{ "type": "Feature", "properties": { "fid": 1547, "numero_int": 70, "denominacion": "Magallon 5", "n_sigla": "_20_4_0", "direccion": null, "fecha": null, "z_pepri": null, "director": null, "promotor": null, "descrip_restos": null, "ubi_mat_dep_perm": null, "ubi_mat_falta_depos": null, "ubi_mat_dep_tempo": null, "bibliografia": null, "colaboradores": null }, "geometry": { "type": "Point", "coordinates": [ -1.60427136849538, 42.063645371897572 ] } },
{ "type": "Feature", "properties": { "fid": 1548, "numero_int": 73, "denominacion": "ConventoSanFrancisco-Sementales", "n_sigla": "_20_5_0", "direccion": null, "fecha": null, "z_pepri": null, "director": null, "promotor": null, "descrip_restos": null, "ubi_mat_dep_perm": null, "ubi_mat_falta_depos": null, "ubi_mat_dep_tempo": null, "bibliografia": null, "colaboradores": null }, "geometry": { "type": "Point", "coordinates": [ -1.602731800296533, 42.063049673137435 ] } },
{ "type": "Feature", "properties": { "fid": 1549, "numero_int": 72, "denominacion": "Corte", "n_sigla": "_20_6_0", "direccion": null, "fecha": null, "z_pepri": null, "director": null, "promotor": null, "descrip_restos": null, "ubi_mat_dep_perm": null, "ubi_mat_falta_depos": null, "ubi_mat_dep_tempo": null, "bibliografia": null, "colaboradores": null }, "geometry": { "type": "Point", "coordinates": [ -1.60326212285428, 42.06332375959694 ] } },
{ "type": "Feature", "properties": { "fid": 1550, "numero_int": 67, "denominacion": "Herrerias 12", "n_sigla": "_20_7_0", "direccion": null, "fecha": null, "z_pepri": null, "director": null, "promotor": null, "descrip_restos": null, "ubi_mat_dep_perm": null, "ubi_mat_falta_depos": null, "ubi_mat_dep_tempo": null, "bibliografia": null, "colaboradores": null }, "geometry": { "type": "Point", "coordinates": [ -1.607195293237818, 42.062628492701855 ] } },
{ "type": "Feature", "properties": { "fid": 1551, "numero_int": 66, "denominacion": "Ugarte 4", "n_sigla": "_20_8_0", "direccion": "Paseo el Queiles", "fecha": "Del 25 de septiembre de 2024 al 30 de septiembre de 2024", "z_pepri": null, "director": "Miguel Pérez Lahoz", "promotor": "Ayuntamiento de Zaragoza", "descrip_restos": null, "ubi_mat_dep_perm": null, "ubi_mat_falta_depos": null, "ubi_mat_dep_tempo": null, "bibliografia": null, "colaboradores": null }, "geometry": { "type": "Point", "coordinates": [ -1.60644681539947, 42.061281779278907 ] } },
{ "type": "Feature", "properties": { "fid": 1552, "numero_int": 69, "denominacion": "LaParra 18", "n_sigla": "_20_9_0", "direccion": null, "fecha": null, "z_pepri": null, "director": null, "promotor": null, "descrip_restos": null, "ubi_mat_dep_perm": null, "ubi_mat_falta_depos": null, "ubi_mat_dep_tempo": null, "bibliografia": null, "colaboradores": null }, "geometry": { "type": "Point", "coordinates": [ -1.604403765674154, 42.063764185249958 ] } },
{ "type": "Feature", "properties": { "fid": 1553, "numero_int": 68, "denominacion": "YanguasMiranda 2", "n_sigla": "_20_10_0", "direccion": null, "fecha": null, "z_pepri": null, "director": null, "promotor": null, "descrip_restos": null, "ubi_mat_dep_perm": null, "ubi_mat_falta_depos": null, "ubi_mat_dep_tempo": null, "bibliografia": null, "colaboradores": null }, "geometry": { "type": "Point", "coordinates": [ -1.60650057339078, 42.061798882539925 ] } },
{ "type": "Feature", "properties": { "fid": 1554, "numero_int": 79, "denominacion": "Pasaje", "n_sigla": "_20_11_0", "direccion": null, "fecha": null, "z_pepri": null, "director": null, "promotor": null, "descrip_restos": null, "ubi_mat_dep_perm": null, "ubi_mat_falta_depos": null, "ubi_mat_dep_tempo": null, "bibliografia": null, "colaboradores": null }, "geometry": { "type": "Point", "coordinates": [ -1.606485022652915, 42.063407619215972 ] } },
{ "type": "Feature", "properties": { "fid": 1555, "numero_int": 78, "denominacion": "SanNicolas", "n_sigla": "_20_12_0", "direccion": null, "fecha": null, "z_pepri": null, "director": null, "promotor": null, "descrip_restos": null, "ubi_mat_dep_perm": null, "ubi_mat_falta_depos": null, "ubi_mat_dep_tempo": null, "bibliografia": null, "colaboradores": null }, "geometry": { "type": "Point", "coordinates": [ -1.606631170823804, 42.064577750520613 ] } },
{ "type": "Feature", "properties": { "fid": 1556, "numero_int": 81, "denominacion": "Coscolin", "n_sigla": "_20_13_0", "direccion": "Calle Mayor", "fecha": "6 de junio de 2024", "z_pepri": 3, "director": "Juan Roble Díaz", "promotor": "Ayuntamiento de Tudela", "descrip_restos": "En este espacio se encuentran almacenados restos de utensilios de elaboración casera con cerámica que servían para el uso doméstico. Además hay una zona amplia donde se podía almacenar los alimentos y las bebidas.", "ubi_mat_dep_perm": null, "ubi_mat_falta_depos": null, "ubi_mat_dep_tempo": null, "bibliografia": null, "colaboradores": null }, "geometry": { "type": "Point", "coordinates": [ -1.605422843852672, 42.06433243119897 ] } },
{ "type": "Feature", "properties": { "fid": 1557, "numero_int": 80, "denominacion": "AbsideSanJorge Pasaje", "n_sigla": "_20_14_0", "direccion": null, "fecha": null, "z_pepri": null, "director": null, "promotor": null, "descrip_restos": null, "ubi_mat_dep_perm": null, "ubi_mat_falta_depos": null, "ubi_mat_dep_tempo": null, "bibliografia": null, "colaboradores": null }, "geometry": { "type": "Point", "coordinates": [ -1.606707811831838, 42.063365105960195 ] } },
{ "type": "Feature", "properties": { "fid": 1558, "numero_int": 75, "denominacion": "SanJuan y Salvador", "n_sigla": "_20_15_0", "direccion": null, "fecha": null, "z_pepri": null, "director": null, "promotor": null, "descrip_restos": null, "ubi_mat_dep_perm": null, "ubi_mat_falta_depos": null, "ubi_mat_dep_tempo": null, "bibliografia": null, "colaboradores": null }, "geometry": { "type": "Point", "coordinates": [ -1.607786988396835, 42.064997519434058 ] } },
{ "type": "Feature", "properties": { "fid": 1559, "numero_int": 75, "denominacion": "SanJuan y Salvador", "n_sigla": "_20_15_0_1", "direccion": null, "fecha": null, "z_pepri": null, "director": null, "promotor": null, "descrip_restos": null, "ubi_mat_dep_perm": null, "ubi_mat_falta_depos": null, "ubi_mat_dep_tempo": null, "bibliografia": null, "colaboradores": null }, "geometry": { "type": "Point", "coordinates": [ -1.608971601425042, 42.063771527039222 ] } },
{ "type": "Feature", "properties": { "fid": 1560, "numero_int": 75, "denominacion": "SanJuan y Salvador", "n_sigla": "_20_15_0_1_2", "direccion": null, "fecha": null, "z_pepri": null, "director": null, "promotor": null, "descrip_restos": null, "ubi_mat_dep_perm": null, "ubi_mat_falta_depos": null, "ubi_mat_dep_tempo": null, "bibliografia": null, "colaboradores": null }, "geometry": { "type": "Point", "coordinates": [ -1.609021152229545, 42.064478686142273 ] } },
{ "type": "Feature", "properties": { "fid": 1561, "numero_int": 74, "denominacion": "Granados", "n_sigla": "_20_16_0", "direccion": null, "fecha": null, "z_pepri": null, "director": null, "promotor": null, "descrip_restos": null, "ubi_mat_dep_perm": null, "ubi_mat_falta_depos": null, "ubi_mat_dep_tempo": null, "bibliografia": null, "colaboradores": null }, "geometry": { "type": "Point", "coordinates": [ -1.608005067051687, 42.064323132091204 ] } },
{ "type": "Feature", "properties": { "fid": 1562, "numero_int": 77, "denominacion": "Figueruelas", "n_sigla": "_20_17_0", "direccion": null, "fecha": null, "z_pepri": null, "director": null, "promotor": null, "descrip_restos": null, "ubi_mat_dep_perm": null, "ubi_mat_falta_depos": null, "ubi_mat_dep_tempo": null, "bibliografia": null, "colaboradores": null }, "geometry": { "type": "Point", "coordinates": [ -1.609280511802224, 42.062747461683585 ] } },
{ "type": "Feature", "properties": { "fid": 1563, "numero_int": 76, "denominacion": "Matadero", "n_sigla": "_20_18_0", "direccion": null, "fecha": null, "z_pepri": null, "director": null, "promotor": null, "descrip_restos": null, "ubi_mat_dep_perm": null, "ubi_mat_falta_depos": null, "ubi_mat_dep_tempo": null, "bibliografia": null, "colaboradores": null }, "geometry": { "type": "Point", "coordinates": [ -1.606572046185671, 42.062001968666962 ] } },
{ "type": "Feature", "properties": { "fid": 1564, "numero_int": 87, "denominacion": "LaParra", "n_sigla": "_20_19_0", "direccion": null, "fecha": null, "z_pepri": null, "director": null, "promotor": null, "descrip_restos": null, "ubi_mat_dep_perm": null, "ubi_mat_falta_depos": null, "ubi_mat_dep_tempo": null, "bibliografia": null, "colaboradores": null }, "geometry": { "type": "Point", "coordinates": [ -1.603353911933033, 42.063219915406975 ] } },
{ "type": "Feature", "properties": { "fid": 1565, "numero_int": 86, "denominacion": "Mercadal", "n_sigla": "_20_20_0", "direccion": null, "fecha": null, "z_pepri": null, "director": null, "promotor": null, "descrip_restos": null, "ubi_mat_dep_perm": null, "ubi_mat_falta_depos": null, "ubi_mat_dep_tempo": null, "bibliografia": null, "colaboradores": null }, "geometry": { "type": "Point", "coordinates": [ -1.606908478010477, 42.062967290716699 ] } },
{ "type": "Feature", "properties": { "fid": 1566, "numero_int": 89, "denominacion": "Pasaje", "n_sigla": "_20_21_0", "direccion": null, "fecha": null, "z_pepri": null, "director": null, "promotor": null, "descrip_restos": null, "ubi_mat_dep_perm": null, "ubi_mat_falta_depos": null, "ubi_mat_dep_tempo": null, "bibliografia": null, "colaboradores": null }, "geometry": { "type": "Point", "coordinates": [ -1.606617607777696, 42.062847721259445 ] } },
{ "type": "Feature", "properties": { "fid": 1567, "numero_int": 88, "denominacion": "Rua", "n_sigla": "_20_22_0", "direccion": null, "fecha": null, "z_pepri": null, "director": null, "promotor": null, "descrip_restos": null, "ubi_mat_dep_perm": null, "ubi_mat_falta_depos": null, "ubi_mat_dep_tempo": null, "bibliografia": null, "colaboradores": null }, "geometry": { "type": "Point", "coordinates": [ -1.606652767141117, 42.06413960090218 ] } },
{ "type": "Feature", "properties": { "fid": 1568, "numero_int": 83, "denominacion": "Cementerio", "n_sigla": "_20_23_0", "direccion": null, "fecha": null, "z_pepri": null, "director": null, "promotor": null, "descrip_restos": null, "ubi_mat_dep_perm": null, "ubi_mat_falta_depos": null, "ubi_mat_dep_tempo": null, "bibliografia": null, "colaboradores": null }, "geometry": { "type": "Point", "coordinates": [ -1.610555837188214, 42.056124244326064 ] } },
{ "type": "Feature", "properties": { "fid": 1569, "numero_int": 82, "denominacion": "Batalla Tudela", "n_sigla": "_20_24_0", "direccion": null, "fecha": null, "z_pepri": null, "director": null, "promotor": null, "descrip_restos": null, "ubi_mat_dep_perm": null, "ubi_mat_falta_depos": null, "ubi_mat_dep_tempo": null, "bibliografia": null, "colaboradores": null }, "geometry": { "type": "Point", "coordinates": [ -1.61390144457857, 42.053829499958788 ] } },
{ "type": "Feature", "properties": { "fid": 1570, "numero_int": 85, "denominacion": "SanAnton", "n_sigla": "_20_25_0", "direccion": null, "fecha": null, "z_pepri": null, "director": null, "promotor": null, "descrip_restos": null, "ubi_mat_dep_perm": null, "ubi_mat_falta_depos": null, "ubi_mat_dep_tempo": null, "bibliografia": null, "colaboradores": null }, "geometry": { "type": "Point", "coordinates": [ -1.605593616783483, 42.064430718691952 ] } },
{ "type": "Feature", "properties": { "fid": 1571, "numero_int": 84, "denominacion": "SanNicolas", "n_sigla": "_20_26_0", "direccion": null, "fecha": null, "z_pepri": null, "director": null, "promotor": null, "descrip_restos": null, "ubi_mat_dep_perm": null, "ubi_mat_falta_depos": null, "ubi_mat_dep_tempo": null, "bibliografia": null, "colaboradores": null }, "geometry": { "type": "Point", "coordinates": [ -1.607056463599213, 42.064600140676738 ] } }
]
}
