{
"type": "FeatureCollection",
"name": "Documentos multimedia",
"features": [
{ "type": "Feature", "properties": { "fid": 241496, "numero_int": 10, "tipo": "(Fotos intervención)", "ruta": "./media/10/media/Fotos intervención/público/1.jpg", "publico": 1, "url": null }, "geometry": null },
{ "type": "Feature", "properties": { "fid": 241497, "numero_int": 10, "tipo": "(Fotos intervención)", "ruta": "./media/10/media/Fotos intervención/público/2.jpg", "publico": 1, "url": null }, "geometry": null },
{ "type": "Feature", "properties": { "fid": 241498, "numero_int": 10, "tipo": "(Fotos intervención)", "ruta": "./media/10/media/Fotos intervención/público/3.jpg", "publico": 1, "url": null }, "geometry": null },
{ "type": "Feature", "properties": { "fid": 241499, "numero_int": 10, "tipo": "(Fotos intervención)", "ruta": "./media/10/media/Fotos intervención/público/4.jpg", "publico": 1, "url": null }, "geometry": null },
{ "type": "Feature", "properties": { "fid": 241500, "numero_int": 10, "tipo": "(Fotos intervención)", "ruta": "./media/10/media/Fotos intervención/público/ROLLO1-32.jpg", "publico": 1, "url": null }, "geometry": null },
{ "type": "Feature", "properties": { "fid": 241501, "numero_int": 10, "tipo": "(Fotos intervención)", "ruta": "./media/10/media/Fotos intervención/público/ROLLO1-33.jpg", "publico": 1, "url": null }, "geometry": null },
{ "type": "Feature", "properties": { "fid": 241502, "numero_int": 10, "tipo": "(Fotos intervención)", "ruta": "./media/10/media/Fotos intervención/público/ROLLO1-34.jpg", "publico": 1, "url": null }, "geometry": null },
{ "type": "Feature", "properties": { "fid": 241503, "numero_int": 10, "tipo": "(Fotos intervención)", "ruta": "./media/10/media/Fotos intervención/público/ROLLO1-35.jpg", "publico": 1, "url": null }, "geometry": null },
{ "type": "Feature", "properties": { "fid": 241504, "numero_int": 10, "tipo": "(Fotos intervención)", "ruta": "./media/10/media/Fotos intervención/público/ROLLO2-00.jpg", "publico": 1, "url": null }, "geometry": null },
{ "type": "Feature", "properties": { "fid": 241505, "numero_int": 10, "tipo": "(Fotos intervención)", "ruta": "./media/10/media/Fotos intervención/público/ROLLO2-01.jpg", "publico": 1, "url": null }, "geometry": null },
{ "type": "Feature", "properties": { "fid": 241506, "numero_int": 10, "tipo": "(Fotos intervención)", "ruta": "./media/10/media/Fotos intervención/público/ROLLO2-02.jpg", "publico": 1, "url": null }, "geometry": null },
{ "type": "Feature", "properties": { "fid": 241507, "numero_int": 10, "tipo": "(Fotos intervención)", "ruta": "./media/10/media/Fotos intervención/público/ROLLO2-03.jpg", "publico": 1, "url": null }, "geometry": null },
{ "type": "Feature", "properties": { "fid": 241508, "numero_int": 10, "tipo": "(Fotos intervención)", "ruta": "./media/10/media/Fotos intervención/público/ROLLO2-04.jpg", "publico": 1, "url": null }, "geometry": null },
{ "type": "Feature", "properties": { "fid": 241509, "numero_int": 10, "tipo": "(Fotos intervención)", "ruta": "./media/10/media/Fotos intervención/público/ROLLO2-05.jpg", "publico": 1, "url": null }, "geometry": null },
{ "type": "Feature", "properties": { "fid": 241510, "numero_int": 10, "tipo": "(Fotos intervención)", "ruta": "./media/10/media/Fotos intervención/público/ROLLO2-06.jpg", "publico": 1, "url": null }, "geometry": null },
{ "type": "Feature", "properties": { "fid": 241511, "numero_int": 10, "tipo": "(Fotos intervención)", "ruta": "./media/10/media/Fotos intervención/público/ROLLO2-07.jpg", "publico": 1, "url": null }, "geometry": null },
{ "type": "Feature", "properties": { "fid": 241512, "numero_int": 10, "tipo": "(Fotos intervención)", "ruta": "./media/10/media/Fotos intervención/público/ROLLO2-08.jpg", "publico": 1, "url": null }, "geometry": null },
{ "type": "Feature", "properties": { "fid": 241513, "numero_int": 10, "tipo": "(Fotos intervención)", "ruta": "./media/10/media/Fotos intervención/público/ROLLO2-09.jpg", "publico": 1, "url": null }, "geometry": null },
{ "type": "Feature", "properties": { "fid": 241514, "numero_int": 10, "tipo": "(Fotos intervención)", "ruta": "./media/10/media/Fotos intervención/público/ROLLO2-10.jpg", "publico": 1, "url": null }, "geometry": null },
{ "type": "Feature", "properties": { "fid": 241515, "numero_int": 10, "tipo": "(Fotos intervención)", "ruta": "./media/10/media/Fotos intervención/público/ROLLO2-11.jpg", "publico": 1, "url": null }, "geometry": null },
{ "type": "Feature", "properties": { "fid": 241516, "numero_int": 10, "tipo": "(Fotos intervención)", "ruta": "./media/10/media/Fotos intervención/público/ROLLO2-12.jpg", "publico": 1, "url": null }, "geometry": null },
{ "type": "Feature", "properties": { "fid": 241517, "numero_int": 10, "tipo": "(Fotos intervención)", "ruta": "./media/10/media/Fotos intervención/público/ROLLO2-13.jpg", "publico": 1, "url": null }, "geometry": null },
{ "type": "Feature", "properties": { "fid": 241518, "numero_int": 10, "tipo": "(Fotos intervención)", "ruta": "./media/10/media/Fotos intervención/público/ROLLO2-14.jpg", "publico": 1, "url": null }, "geometry": null },
{ "type": "Feature", "properties": { "fid": 241519, "numero_int": 10, "tipo": "(Fotos intervención)", "ruta": "./media/10/media/Fotos intervención/público/ROLLO2-15.jpg", "publico": 1, "url": null }, "geometry": null },
{ "type": "Feature", "properties": { "fid": 241520, "numero_int": 10, "tipo": "(Fotos intervención)", "ruta": "./media/10/media/Fotos intervención/público/ROLLO2-16.jpg", "publico": 1, "url": null }, "geometry": null },
{ "type": "Feature", "properties": { "fid": 241521, "numero_int": 10, "tipo": "(Fotos intervención)", "ruta": "./media/10/media/Fotos intervención/público/ROLLO2-17.jpg", "publico": 1, "url": null }, "geometry": null },
{ "type": "Feature", "properties": { "fid": 241606, "numero_int": 10, "tipo": "Planimetrías", "ruta": "./media/10/media/Planimetrías/público/INT_27_PlazaMercadal.rar", "publico": 1, "url": null }, "geometry": null },
{ "type": "Feature", "properties": { "fid": 241607, "numero_int": 11, "tipo": "(Fotos intervención)", "ruta": "./media/11/media/Fotos intervención/público/1.jpg", "publico": 1, "url": null }, "geometry": null },
{ "type": "Feature", "properties": { "fid": 241608, "numero_int": 11, "tipo": "(Fotos intervención)", "ruta": "./media/11/media/Fotos intervención/público/10.jpg", "publico": 1, "url": null }, "geometry": null },
{ "type": "Feature", "properties": { "fid": 241609, "numero_int": 11, "tipo": "(Fotos intervención)", "ruta": "./media/11/media/Fotos intervención/público/11.jpg", "publico": 1, "url": null }, "geometry": null },
{ "type": "Feature", "properties": { "fid": 241610, "numero_int": 11, "tipo": "(Fotos intervención)", "ruta": "./media/11/media/Fotos intervención/público/2.jpg", "publico": 1, "url": null }, "geometry": null },
{ "type": "Feature", "properties": { "fid": 241611, "numero_int": 11, "tipo": "(Fotos intervención)", "ruta": "./media/11/media/Fotos intervención/público/3.jpg", "publico": 1, "url": null }, "geometry": null },
{ "type": "Feature", "properties": { "fid": 241612, "numero_int": 11, "tipo": "(Fotos intervención)", "ruta": "./media/11/media/Fotos intervención/público/4.jpg", "publico": 1, "url": null }, "geometry": null },
{ "type": "Feature", "properties": { "fid": 241613, "numero_int": 11, "tipo": "(Fotos intervención)", "ruta": "./media/11/media/Fotos intervención/público/5.jpg", "publico": 1, "url": null }, "geometry": null },
{ "type": "Feature", "properties": { "fid": 241614, "numero_int": 11, "tipo": "(Fotos intervención)", "ruta": "./media/11/media/Fotos intervención/público/6.jpg", "publico": 1, "url": null }, "geometry": null },
{ "type": "Feature", "properties": { "fid": 241615, "numero_int": 11, "tipo": "(Fotos intervención)", "ruta": "./media/11/media/Fotos intervención/público/7.jpg", "publico": 1, "url": null }, "geometry": null },
{ "type": "Feature", "properties": { "fid": 241616, "numero_int": 11, "tipo": "(Fotos intervención)", "ruta": "./media/11/media/Fotos intervención/público/8.jpg", "publico": 1, "url": null }, "geometry": null },
{ "type": "Feature", "properties": { "fid": 241617, "numero_int": 11, "tipo": "(Fotos intervención)", "ruta": "./media/11/media/Fotos intervención/público/9.jpg", "publico": 1, "url": null }, "geometry": null },
{ "type": "Feature", "properties": { "fid": 241652, "numero_int": 12, "tipo": "(Fotos intervención)", "ruta": "./media/12/media/Fotos intervención/público/1.jpg", "publico": 1, "url": null }, "geometry": null },
{ "type": "Feature", "properties": { "fid": 241653, "numero_int": 12, "tipo": "(Fotos intervención)", "ruta": "./media/12/media/Fotos intervención/público/10.jpg", "publico": 1, "url": null }, "geometry": null },
{ "type": "Feature", "properties": { "fid": 241654, "numero_int": 12, "tipo": "(Fotos intervención)", "ruta": "./media/12/media/Fotos intervención/público/11.jpg", "publico": 1, "url": null }, "geometry": null },
{ "type": "Feature", "properties": { "fid": 241655, "numero_int": 12, "tipo": "(Fotos intervención)", "ruta": "./media/12/media/Fotos intervención/público/12.jpg", "publico": 1, "url": null }, "geometry": null },
{ "type": "Feature", "properties": { "fid": 241656, "numero_int": 12, "tipo": "(Fotos intervención)", "ruta": "./media/12/media/Fotos intervención/público/13.jpg", "publico": 1, "url": null }, "geometry": null },
{ "type": "Feature", "properties": { "fid": 241657, "numero_int": 12, "tipo": "(Fotos intervención)", "ruta": "./media/12/media/Fotos intervención/público/2.jpg", "publico": 1, "url": null }, "geometry": null },
{ "type": "Feature", "properties": { "fid": 241658, "numero_int": 12, "tipo": "(Fotos intervención)", "ruta": "./media/12/media/Fotos intervención/público/3.jpg", "publico": 1, "url": null }, "geometry": null },
{ "type": "Feature", "properties": { "fid": 241659, "numero_int": 12, "tipo": "(Fotos intervención)", "ruta": "./media/12/media/Fotos intervención/público/4.jpg", "publico": 1, "url": null }, "geometry": null },
{ "type": "Feature", "properties": { "fid": 241660, "numero_int": 12, "tipo": "(Fotos intervención)", "ruta": "./media/12/media/Fotos intervención/público/5.jpg", "publico": 1, "url": null }, "geometry": null },
{ "type": "Feature", "properties": { "fid": 241661, "numero_int": 12, "tipo": "(Fotos intervención)", "ruta": "./media/12/media/Fotos intervención/público/6.jpg", "publico": 1, "url": null }, "geometry": null },
{ "type": "Feature", "properties": { "fid": 241662, "numero_int": 12, "tipo": "(Fotos intervención)", "ruta": "./media/12/media/Fotos intervención/público/7.jpg", "publico": 1, "url": null }, "geometry": null },
{ "type": "Feature", "properties": { "fid": 241663, "numero_int": 12, "tipo": "(Fotos intervención)", "ruta": "./media/12/media/Fotos intervención/público/8.jpg", "publico": 1, "url": null }, "geometry": null },
{ "type": "Feature", "properties": { "fid": 241664, "numero_int": 12, "tipo": "(Fotos intervención)", "ruta": "./media/12/media/Fotos intervención/público/9.jpg", "publico": 1, "url": null }, "geometry": null },
{ "type": "Feature", "properties": { "fid": 241720, "numero_int": 13, "tipo": "(Fotos intervención)", "ruta": "./media/13/media/Fotos intervención/público/1.jpg", "publico": 1, "url": null }, "geometry": null },
{ "type": "Feature", "properties": { "fid": 241721, "numero_int": 13, "tipo": "(Fotos intervención)", "ruta": "./media/13/media/Fotos intervención/público/10.jpg", "publico": 1, "url": null }, "geometry": null },
{ "type": "Feature", "properties": { "fid": 241722, "numero_int": 13, "tipo": "(Fotos intervención)", "ruta": "./media/13/media/Fotos intervención/público/11.jpg", "publico": 1, "url": null }, "geometry": null },
{ "type": "Feature", "properties": { "fid": 241723, "numero_int": 13, "tipo": "(Fotos intervención)", "ruta": "./media/13/media/Fotos intervención/público/12.jpg", "publico": 1, "url": null }, "geometry": null },
{ "type": "Feature", "properties": { "fid": 241724, "numero_int": 13, "tipo": "(Fotos intervención)", "ruta": "./media/13/media/Fotos intervención/público/13.jpg", "publico": 1, "url": null }, "geometry": null },
{ "type": "Feature", "properties": { "fid": 241725, "numero_int": 13, "tipo": "(Fotos intervención)", "ruta": "./media/13/media/Fotos intervención/público/14.jpg", "publico": 1, "url": null }, "geometry": null },
{ "type": "Feature", "properties": { "fid": 241726, "numero_int": 13, "tipo": "(Fotos intervención)", "ruta": "./media/13/media/Fotos intervención/público/15.jpg", "publico": 1, "url": null }, "geometry": null },
{ "type": "Feature", "properties": { "fid": 241727, "numero_int": 13, "tipo": "(Fotos intervención)", "ruta": "./media/13/media/Fotos intervención/público/2.jpg", "publico": 1, "url": null }, "geometry": null },
{ "type": "Feature", "properties": { "fid": 241728, "numero_int": 13, "tipo": "(Fotos intervención)", "ruta": "./media/13/media/Fotos intervención/público/4.jpg", "publico": 1, "url": null }, "geometry": null },
{ "type": "Feature", "properties": { "fid": 241729, "numero_int": 13, "tipo": "(Fotos intervención)", "ruta": "./media/13/media/Fotos intervención/público/5.jpg", "publico": 1, "url": null }, "geometry": null },
{ "type": "Feature", "properties": { "fid": 241730, "numero_int": 13, "tipo": "(Fotos intervención)", "ruta": "./media/13/media/Fotos intervención/público/6.jpg", "publico": 1, "url": null }, "geometry": null },
{ "type": "Feature", "properties": { "fid": 241731, "numero_int": 13, "tipo": "(Fotos intervención)", "ruta": "./media/13/media/Fotos intervención/público/7.jpg", "publico": 1, "url": null }, "geometry": null },
{ "type": "Feature", "properties": { "fid": 241732, "numero_int": 13, "tipo": "(Fotos intervención)", "ruta": "./media/13/media/Fotos intervención/público/8.jpg", "publico": 1, "url": null }, "geometry": null },
{ "type": "Feature", "properties": { "fid": 241733, "numero_int": 13, "tipo": "(Fotos intervención)", "ruta": "./media/13/media/Fotos intervención/público/fallo ii.jpg", "publico": 1, "url": null }, "geometry": null },
{ "type": "Feature", "properties": { "fid": 241734, "numero_int": 13, "tipo": "(Fotos intervención)", "ruta": "./media/13/media/Fotos intervención/público/fallo.jpg", "publico": 1, "url": null }, "geometry": null },
{ "type": "Feature", "properties": { "fid": 241751, "numero_int": 14, "tipo": "(Fotos intervención)", "ruta": "./media/14/media/Fotos intervención/público/1.jpg", "publico": 1, "url": null }, "geometry": null },
{ "type": "Feature", "properties": { "fid": 241752, "numero_int": 14, "tipo": "(Fotos intervención)", "ruta": "./media/14/media/Fotos intervención/público/2.jpg", "publico": 1, "url": null }, "geometry": null },
{ "type": "Feature", "properties": { "fid": 241753, "numero_int": 14, "tipo": "(Fotos intervención)", "ruta": "./media/14/media/Fotos intervención/público/3.jpg", "publico": 1, "url": null }, "geometry": null },
{ "type": "Feature", "properties": { "fid": 241754, "numero_int": 14, "tipo": "(Fotos intervención)", "ruta": "./media/14/media/Fotos intervención/público/4.jpg", "publico": 1, "url": null }, "geometry": null },
{ "type": "Feature", "properties": { "fid": 241755, "numero_int": 14, "tipo": "(Fotos intervención)", "ruta": "./media/14/media/Fotos intervención/público/5.jpg", "publico": 1, "url": null }, "geometry": null },
{ "type": "Feature", "properties": { "fid": 241756, "numero_int": 14, "tipo": "(Fotos intervención)", "ruta": "./media/14/media/Fotos intervención/público/6.jpg", "publico": 1, "url": null }, "geometry": null },
{ "type": "Feature", "properties": { "fid": 241774, "numero_int": 15, "tipo": "(Fotos intervención)", "ruta": "./media/15/media/Fotos intervención/público/Fig.10.jpg", "publico": 1, "url": null }, "geometry": null },
{ "type": "Feature", "properties": { "fid": 241775, "numero_int": 15, "tipo": "(Fotos intervención)", "ruta": "./media/15/media/Fotos intervención/público/Fig.130.jpg", "publico": 1, "url": null }, "geometry": null },
{ "type": "Feature", "properties": { "fid": 241776, "numero_int": 15, "tipo": "(Fotos intervención)", "ruta": "./media/15/media/Fotos intervención/público/Fig.131.jpg", "publico": 1, "url": null }, "geometry": null },
{ "type": "Feature", "properties": { "fid": 241777, "numero_int": 15, "tipo": "(Fotos intervención)", "ruta": "./media/15/media/Fotos intervención/público/Fig.186. Restos identificados de la mezquita.jpg", "publico": 1, "url": null }, "geometry": null },
{ "type": "Feature", "properties": { "fid": 241778, "numero_int": 15, "tipo": "(Fotos intervención)", "ruta": "./media/15/media/Fotos intervención/público/Fig.187. Mezquita, reconstrucción tridimensional.jpg", "publico": 1, "url": null }, "geometry": null },
{ "type": "Feature", "properties": { "fid": 241779, "numero_int": 15, "tipo": "(Fotos intervención)", "ruta": "./media/15/media/Fotos intervención/público/Fig.19.jpg", "publico": 1, "url": null }, "geometry": null },
{ "type": "Feature", "properties": { "fid": 241780, "numero_int": 15, "tipo": "(Fotos intervención)", "ruta": "./media/15/media/Fotos intervención/público/Fig.21.jpg", "publico": 1, "url": null }, "geometry": null },
{ "type": "Feature", "properties": { "fid": 241781, "numero_int": 15, "tipo": "(Fotos intervención)", "ruta": "./media/15/media/Fotos intervención/público/Fig.40.jpg", "publico": 1, "url": null }, "geometry": null },
{ "type": "Feature", "properties": { "fid": 241782, "numero_int": 15, "tipo": "(Fotos intervención)", "ruta": "./media/15/media/Fotos intervención/público/Fig.98.jpg", "publico": 1, "url": null }, "geometry": null },
{ "type": "Feature", "properties": { "fid": 241790, "numero_int": 16, "tipo": "(Fotos intervención)", "ruta": "./media/16/media/Fotos intervención/público/1.jpg", "publico": 1, "url": null }, "geometry": null },
{ "type": "Feature", "properties": { "fid": 241791, "numero_int": 16, "tipo": "(Fotos intervención)", "ruta": "./media/16/media/Fotos intervención/público/10.jpg", "publico": 1, "url": null }, "geometry": null },
{ "type": "Feature", "properties": { "fid": 241792, "numero_int": 16, "tipo": "(Fotos intervención)", "ruta": "./media/16/media/Fotos intervención/público/12.jpg", "publico": 1, "url": null }, "geometry": null },
{ "type": "Feature", "properties": { "fid": 241793, "numero_int": 16, "tipo": "(Fotos intervención)", "ruta": "./media/16/media/Fotos intervención/público/13.jpg", "publico": 1, "url": null }, "geometry": null },
{ "type": "Feature", "properties": { "fid": 241794, "numero_int": 16, "tipo": "(Fotos intervención)", "ruta": "./media/16/media/Fotos intervención/público/14.jpg", "publico": 1, "url": null }, "geometry": null },
{ "type": "Feature", "properties": { "fid": 241795, "numero_int": 16, "tipo": "(Fotos intervención)", "ruta": "./media/16/media/Fotos intervención/público/15.jpg", "publico": 1, "url": null }, "geometry": null },
{ "type": "Feature", "properties": { "fid": 241796, "numero_int": 16, "tipo": "(Fotos intervención)", "ruta": "./media/16/media/Fotos intervención/público/16.jpg", "publico": 1, "url": null }, "geometry": null },
{ "type": "Feature", "properties": { "fid": 241797, "numero_int": 16, "tipo": "(Fotos intervención)", "ruta": "./media/16/media/Fotos intervención/público/17.jpg", "publico": 1, "url": null }, "geometry": null },
{ "type": "Feature", "properties": { "fid": 241798, "numero_int": 16, "tipo": "(Fotos intervención)", "ruta": "./media/16/media/Fotos intervención/público/18.jpg", "publico": 1, "url": null }, "geometry": null },
{ "type": "Feature", "properties": { "fid": 241799, "numero_int": 16, "tipo": "(Fotos intervención)", "ruta": "./media/16/media/Fotos intervención/público/19.jpg", "publico": 1, "url": null }, "geometry": null },
{ "type": "Feature", "properties": { "fid": 241800, "numero_int": 16, "tipo": "(Fotos intervención)", "ruta": "./media/16/media/Fotos intervención/público/2.jpg", "publico": 1, "url": null }, "geometry": null },
{ "type": "Feature", "properties": { "fid": 241801, "numero_int": 16, "tipo": "(Fotos intervención)", "ruta": "./media/16/media/Fotos intervención/público/20.jpg", "publico": 1, "url": null }, "geometry": null },
{ "type": "Feature", "properties": { "fid": 241802, "numero_int": 16, "tipo": "(Fotos intervención)", "ruta": "./media/16/media/Fotos intervención/público/21.jpg", "publico": 1, "url": null }, "geometry": null },
{ "type": "Feature", "properties": { "fid": 241803, "numero_int": 16, "tipo": "(Fotos intervención)", "ruta": "./media/16/media/Fotos intervención/público/22.jpg", "publico": 1, "url": null }, "geometry": null },
{ "type": "Feature", "properties": { "fid": 241804, "numero_int": 16, "tipo": "(Fotos intervención)", "ruta": "./media/16/media/Fotos intervención/público/23.jpg", "publico": 1, "url": null }, "geometry": null },
{ "type": "Feature", "properties": { "fid": 241805, "numero_int": 16, "tipo": "(Fotos intervención)", "ruta": "./media/16/media/Fotos intervención/público/24.jpg", "publico": 1, "url": null }, "geometry": null },
{ "type": "Feature", "properties": { "fid": 241806, "numero_int": 16, "tipo": "(Fotos intervención)", "ruta": "./media/16/media/Fotos intervención/público/25.jpg", "publico": 1, "url": null }, "geometry": null },
{ "type": "Feature", "properties": { "fid": 241807, "numero_int": 16, "tipo": "(Fotos intervención)", "ruta": "./media/16/media/Fotos intervención/público/26.jpg", "publico": 1, "url": null }, "geometry": null },
{ "type": "Feature", "properties": { "fid": 241808, "numero_int": 16, "tipo": "(Fotos intervención)", "ruta": "./media/16/media/Fotos intervención/público/27.jpg", "publico": 1, "url": null }, "geometry": null },
{ "type": "Feature", "properties": { "fid": 241809, "numero_int": 16, "tipo": "(Fotos intervención)", "ruta": "./media/16/media/Fotos intervención/público/28.jpg", "publico": 1, "url": null }, "geometry": null },
{ "type": "Feature", "properties": { "fid": 241810, "numero_int": 16, "tipo": "(Fotos intervención)", "ruta": "./media/16/media/Fotos intervención/público/29.jpg", "publico": 1, "url": null }, "geometry": null },
{ "type": "Feature", "properties": { "fid": 241811, "numero_int": 16, "tipo": "(Fotos intervención)", "ruta": "./media/16/media/Fotos intervención/público/3.jpg", "publico": 1, "url": null }, "geometry": null },
{ "type": "Feature", "properties": { "fid": 241812, "numero_int": 16, "tipo": "(Fotos intervención)", "ruta": "./media/16/media/Fotos intervención/público/30.jpg", "publico": 1, "url": null }, "geometry": null },
{ "type": "Feature", "properties": { "fid": 241813, "numero_int": 16, "tipo": "(Fotos intervención)", "ruta": "./media/16/media/Fotos intervención/público/31.jpg", "publico": 1, "url": null }, "geometry": null },
{ "type": "Feature", "properties": { "fid": 241814, "numero_int": 16, "tipo": "(Fotos intervención)", "ruta": "./media/16/media/Fotos intervención/público/32.jpg", "publico": 1, "url": null }, "geometry": null },
{ "type": "Feature", "properties": { "fid": 241815, "numero_int": 16, "tipo": "(Fotos intervención)", "ruta": "./media/16/media/Fotos intervención/público/33.jpg", "publico": 1, "url": null }, "geometry": null },
{ "type": "Feature", "properties": { "fid": 241816, "numero_int": 16, "tipo": "(Fotos intervención)", "ruta": "./media/16/media/Fotos intervención/público/34.jpg", "publico": 1, "url": null }, "geometry": null },
{ "type": "Feature", "properties": { "fid": 241817, "numero_int": 16, "tipo": "(Fotos intervención)", "ruta": "./media/16/media/Fotos intervención/público/35.jpg", "publico": 1, "url": null }, "geometry": null },
{ "type": "Feature", "properties": { "fid": 241818, "numero_int": 16, "tipo": "(Fotos intervención)", "ruta": "./media/16/media/Fotos intervención/público/5.jpg", "publico": 1, "url": null }, "geometry": null },
{ "type": "Feature", "properties": { "fid": 241819, "numero_int": 16, "tipo": "(Fotos intervención)", "ruta": "./media/16/media/Fotos intervención/público/6.jpg", "publico": 1, "url": null }, "geometry": null },
{ "type": "Feature", "properties": { "fid": 241820, "numero_int": 16, "tipo": "(Fotos intervención)", "ruta": "./media/16/media/Fotos intervención/público/7.jpg", "publico": 1, "url": null }, "geometry": null },
{ "type": "Feature", "properties": { "fid": 241821, "numero_int": 16, "tipo": "(Fotos intervención)", "ruta": "./media/16/media/Fotos intervención/público/8.jpg", "publico": 1, "url": null }, "geometry": null },
{ "type": "Feature", "properties": { "fid": 241822, "numero_int": 16, "tipo": "(Fotos intervención)", "ruta": "./media/16/media/Fotos intervención/público/9.jpg", "publico": 1, "url": null }, "geometry": null },
{ "type": "Feature", "properties": { "fid": 242101, "numero_int": 18, "tipo": "(Fotos intervención)", "ruta": "./media/18/media/Fotos intervención/público/1.jpg", "publico": 1, "url": null }, "geometry": null },
{ "type": "Feature", "properties": { "fid": 242102, "numero_int": 18, "tipo": "(Fotos intervención)", "ruta": "./media/18/media/Fotos intervención/público/2.jpg", "publico": 1, "url": null }, "geometry": null },
{ "type": "Feature", "properties": { "fid": 242103, "numero_int": 18, "tipo": "(Fotos intervención)", "ruta": "./media/18/media/Fotos intervención/público/3.jpg", "publico": 1, "url": null }, "geometry": null },
{ "type": "Feature", "properties": { "fid": 242104, "numero_int": 18, "tipo": "(Fotos intervención)", "ruta": "./media/18/media/Fotos intervención/público/4.jpg", "publico": 1, "url": null }, "geometry": null },
{ "type": "Feature", "properties": { "fid": 242105, "numero_int": 18, "tipo": "(Fotos intervención)", "ruta": "./media/18/media/Fotos intervención/público/5.jpg", "publico": 1, "url": null }, "geometry": null },
{ "type": "Feature", "properties": { "fid": 242106, "numero_int": 18, "tipo": "(Fotos intervención)", "ruta": "./media/18/media/Fotos intervención/público/6.jpg", "publico": 1, "url": null }, "geometry": null },
{ "type": "Feature", "properties": { "fid": 242120, "numero_int": 19, "tipo": "(Fotos intervención)", "ruta": "./media/19/media/Fotos intervención/público/1.jpg", "publico": 1, "url": null }, "geometry": null },
{ "type": "Feature", "properties": { "fid": 242121, "numero_int": 19, "tipo": "(Fotos intervención)", "ruta": "./media/19/media/Fotos intervención/público/10.jpg", "publico": 1, "url": null }, "geometry": null },
{ "type": "Feature", "properties": { "fid": 242122, "numero_int": 19, "tipo": "(Fotos intervención)", "ruta": "./media/19/media/Fotos intervención/público/2.jpg", "publico": 1, "url": null }, "geometry": null },
{ "type": "Feature", "properties": { "fid": 242123, "numero_int": 19, "tipo": "(Fotos intervención)", "ruta": "./media/19/media/Fotos intervención/público/3.jpg", "publico": 1, "url": null }, "geometry": null },
{ "type": "Feature", "properties": { "fid": 242124, "numero_int": 19, "tipo": "(Fotos intervención)", "ruta": "./media/19/media/Fotos intervención/público/4.jpg", "publico": 1, "url": null }, "geometry": null },
{ "type": "Feature", "properties": { "fid": 242125, "numero_int": 19, "tipo": "(Fotos intervención)", "ruta": "./media/19/media/Fotos intervención/público/5.jpg", "publico": 1, "url": null }, "geometry": null },
{ "type": "Feature", "properties": { "fid": 242126, "numero_int": 19, "tipo": "(Fotos intervención)", "ruta": "./media/19/media/Fotos intervención/público/6.jpg", "publico": 1, "url": null }, "geometry": null },
{ "type": "Feature", "properties": { "fid": 242127, "numero_int": 19, "tipo": "(Fotos intervención)", "ruta": "./media/19/media/Fotos intervención/público/7.jpg", "publico": 1, "url": null }, "geometry": null },
{ "type": "Feature", "properties": { "fid": 242128, "numero_int": 19, "tipo": "(Fotos intervención)", "ruta": "./media/19/media/Fotos intervención/público/8.jpg", "publico": 1, "url": null }, "geometry": null },
{ "type": "Feature", "properties": { "fid": 242129, "numero_int": 19, "tipo": "(Fotos intervención)", "ruta": "./media/19/media/Fotos intervención/público/9.jpg", "publico": 1, "url": null }, "geometry": null },
{ "type": "Feature", "properties": { "fid": 242162, "numero_int": 20, "tipo": "(Fotos intervención)", "ruta": "./media/20/media/Fotos intervención/público/1.jpg", "publico": 1, "url": null }, "geometry": null },
{ "type": "Feature", "properties": { "fid": 242163, "numero_int": 20, "tipo": "(Fotos intervención)", "ruta": "./media/20/media/Fotos intervención/público/10.jpg", "publico": 1, "url": null }, "geometry": null },
{ "type": "Feature", "properties": { "fid": 242164, "numero_int": 20, "tipo": "(Fotos intervención)", "ruta": "./media/20/media/Fotos intervención/público/11.jpg", "publico": 1, "url": null }, "geometry": null },
{ "type": "Feature", "properties": { "fid": 242165, "numero_int": 20, "tipo": "(Fotos intervención)", "ruta": "./media/20/media/Fotos intervención/público/12.jpg", "publico": 1, "url": null }, "geometry": null },
{ "type": "Feature", "properties": { "fid": 242166, "numero_int": 20, "tipo": "(Fotos intervención)", "ruta": "./media/20/media/Fotos intervención/público/13.jpg", "publico": 1, "url": null }, "geometry": null },
{ "type": "Feature", "properties": { "fid": 242167, "numero_int": 20, "tipo": "(Fotos intervención)", "ruta": "./media/20/media/Fotos intervención/público/14.jpg", "publico": 1, "url": null }, "geometry": null },
{ "type": "Feature", "properties": { "fid": 242168, "numero_int": 20, "tipo": "(Fotos intervención)", "ruta": "./media/20/media/Fotos intervención/público/15.jpg", "publico": 1, "url": null }, "geometry": null },
{ "type": "Feature", "properties": { "fid": 242169, "numero_int": 20, "tipo": "(Fotos intervención)", "ruta": "./media/20/media/Fotos intervención/público/16.jpg", "publico": 1, "url": null }, "geometry": null },
{ "type": "Feature", "properties": { "fid": 242170, "numero_int": 20, "tipo": "(Fotos intervención)", "ruta": "./media/20/media/Fotos intervención/público/17.jpg", "publico": 1, "url": null }, "geometry": null },
{ "type": "Feature", "properties": { "fid": 242171, "numero_int": 20, "tipo": "(Fotos intervención)", "ruta": "./media/20/media/Fotos intervención/público/18.jpg", "publico": 1, "url": null }, "geometry": null },
{ "type": "Feature", "properties": { "fid": 242172, "numero_int": 20, "tipo": "(Fotos intervención)", "ruta": "./media/20/media/Fotos intervención/público/19.jpg", "publico": 1, "url": null }, "geometry": null },
{ "type": "Feature", "properties": { "fid": 242173, "numero_int": 20, "tipo": "(Fotos intervención)", "ruta": "./media/20/media/Fotos intervención/público/2.jpg", "publico": 1, "url": null }, "geometry": null },
{ "type": "Feature", "properties": { "fid": 242174, "numero_int": 20, "tipo": "(Fotos intervención)", "ruta": "./media/20/media/Fotos intervención/público/3.jpg", "publico": 1, "url": null }, "geometry": null },
{ "type": "Feature", "properties": { "fid": 242175, "numero_int": 20, "tipo": "(Fotos intervención)", "ruta": "./media/20/media/Fotos intervención/público/4.jpg", "publico": 1, "url": null }, "geometry": null },
{ "type": "Feature", "properties": { "fid": 242176, "numero_int": 20, "tipo": "(Fotos intervención)", "ruta": "./media/20/media/Fotos intervención/público/5.jpg", "publico": 1, "url": null }, "geometry": null },
{ "type": "Feature", "properties": { "fid": 242177, "numero_int": 20, "tipo": "(Fotos intervención)", "ruta": "./media/20/media/Fotos intervención/público/6.jpg", "publico": 1, "url": null }, "geometry": null },
{ "type": "Feature", "properties": { "fid": 242178, "numero_int": 20, "tipo": "(Fotos intervención)", "ruta": "./media/20/media/Fotos intervención/público/7.jpg", "publico": 1, "url": null }, "geometry": null },
{ "type": "Feature", "properties": { "fid": 242179, "numero_int": 20, "tipo": "(Fotos intervención)", "ruta": "./media/20/media/Fotos intervención/público/8.jpg", "publico": 1, "url": null }, "geometry": null },
{ "type": "Feature", "properties": { "fid": 242180, "numero_int": 20, "tipo": "(Fotos intervención)", "ruta": "./media/20/media/Fotos intervención/público/9.jpg", "publico": 1, "url": null }, "geometry": null },
{ "type": "Feature", "properties": { "fid": 242306, "numero_int": 22, "tipo": "(Fotos intervención)", "ruta": "./media/22/media/Fotos intervención/público/1.jpg", "publico": 1, "url": null }, "geometry": null },
{ "type": "Feature", "properties": { "fid": 242307, "numero_int": 22, "tipo": "(Fotos intervención)", "ruta": "./media/22/media/Fotos intervención/público/10.jpg", "publico": 1, "url": null }, "geometry": null },
{ "type": "Feature", "properties": { "fid": 242308, "numero_int": 22, "tipo": "(Fotos intervención)", "ruta": "./media/22/media/Fotos intervención/público/11.jpg", "publico": 1, "url": null }, "geometry": null },
{ "type": "Feature", "properties": { "fid": 242309, "numero_int": 22, "tipo": "(Fotos intervención)", "ruta": "./media/22/media/Fotos intervención/público/12.jpg", "publico": 1, "url": null }, "geometry": null },
{ "type": "Feature", "properties": { "fid": 242310, "numero_int": 22, "tipo": "(Fotos intervención)", "ruta": "./media/22/media/Fotos intervención/público/13.jpg", "publico": 1, "url": null }, "geometry": null },
{ "type": "Feature", "properties": { "fid": 242311, "numero_int": 22, "tipo": "(Fotos intervención)", "ruta": "./media/22/media/Fotos intervención/público/14.jpg", "publico": 1, "url": null }, "geometry": null },
{ "type": "Feature", "properties": { "fid": 242312, "numero_int": 22, "tipo": "(Fotos intervención)", "ruta": "./media/22/media/Fotos intervención/público/15.jpg", "publico": 1, "url": null }, "geometry": null },
{ "type": "Feature", "properties": { "fid": 242313, "numero_int": 22, "tipo": "(Fotos intervención)", "ruta": "./media/22/media/Fotos intervención/público/16.jpg", "publico": 1, "url": null }, "geometry": null },
{ "type": "Feature", "properties": { "fid": 242314, "numero_int": 22, "tipo": "(Fotos intervención)", "ruta": "./media/22/media/Fotos intervención/público/17.jpg", "publico": 1, "url": null }, "geometry": null },
{ "type": "Feature", "properties": { "fid": 242315, "numero_int": 22, "tipo": "(Fotos intervención)", "ruta": "./media/22/media/Fotos intervención/público/18.jpg", "publico": 1, "url": null }, "geometry": null },
{ "type": "Feature", "properties": { "fid": 242316, "numero_int": 22, "tipo": "(Fotos intervención)", "ruta": "./media/22/media/Fotos intervención/público/19.jpg", "publico": 1, "url": null }, "geometry": null },
{ "type": "Feature", "properties": { "fid": 242317, "numero_int": 22, "tipo": "(Fotos intervención)", "ruta": "./media/22/media/Fotos intervención/público/2.jpg", "publico": 1, "url": null }, "geometry": null },
{ "type": "Feature", "properties": { "fid": 242318, "numero_int": 22, "tipo": "(Fotos intervención)", "ruta": "./media/22/media/Fotos intervención/público/20.jpg", "publico": 1, "url": null }, "geometry": null },
{ "type": "Feature", "properties": { "fid": 242319, "numero_int": 22, "tipo": "(Fotos intervención)", "ruta": "./media/22/media/Fotos intervención/público/21.jpg", "publico": 1, "url": null }, "geometry": null },
{ "type": "Feature", "properties": { "fid": 242320, "numero_int": 22, "tipo": "(Fotos intervención)", "ruta": "./media/22/media/Fotos intervención/público/22.jpg", "publico": 1, "url": null }, "geometry": null },
{ "type": "Feature", "properties": { "fid": 242321, "numero_int": 22, "tipo": "(Fotos intervención)", "ruta": "./media/22/media/Fotos intervención/público/23.jpg", "publico": 1, "url": null }, "geometry": null },
{ "type": "Feature", "properties": { "fid": 242322, "numero_int": 22, "tipo": "(Fotos intervención)", "ruta": "./media/22/media/Fotos intervención/público/24.jpg", "publico": 1, "url": null }, "geometry": null },
{ "type": "Feature", "properties": { "fid": 242323, "numero_int": 22, "tipo": "(Fotos intervención)", "ruta": "./media/22/media/Fotos intervención/público/25.jpg", "publico": 1, "url": null }, "geometry": null },
{ "type": "Feature", "properties": { "fid": 242324, "numero_int": 22, "tipo": "(Fotos intervención)", "ruta": "./media/22/media/Fotos intervención/público/26.jpg", "publico": 1, "url": null }, "geometry": null },
{ "type": "Feature", "properties": { "fid": 242325, "numero_int": 22, "tipo": "(Fotos intervención)", "ruta": "./media/22/media/Fotos intervención/público/27.jpg", "publico": 1, "url": null }, "geometry": null },
{ "type": "Feature", "properties": { "fid": 242326, "numero_int": 22, "tipo": "(Fotos intervención)", "ruta": "./media/22/media/Fotos intervención/público/28.jpg", "publico": 1, "url": null }, "geometry": null },
{ "type": "Feature", "properties": { "fid": 242327, "numero_int": 22, "tipo": "(Fotos intervención)", "ruta": "./media/22/media/Fotos intervención/público/29.jpg", "publico": 1, "url": null }, "geometry": null },
{ "type": "Feature", "properties": { "fid": 242328, "numero_int": 22, "tipo": "(Fotos intervención)", "ruta": "./media/22/media/Fotos intervención/público/3.jpg", "publico": 1, "url": null }, "geometry": null },
{ "type": "Feature", "properties": { "fid": 242329, "numero_int": 22, "tipo": "(Fotos intervención)", "ruta": "./media/22/media/Fotos intervención/público/30.jpg", "publico": 1, "url": null }, "geometry": null },
{ "type": "Feature", "properties": { "fid": 242330, "numero_int": 22, "tipo": "(Fotos intervención)", "ruta": "./media/22/media/Fotos intervención/público/31.jpg", "publico": 1, "url": null }, "geometry": null },
{ "type": "Feature", "properties": { "fid": 242331, "numero_int": 22, "tipo": "(Fotos intervención)", "ruta": "./media/22/media/Fotos intervención/público/32.jpg", "publico": 1, "url": null }, "geometry": null },
{ "type": "Feature", "properties": { "fid": 242332, "numero_int": 22, "tipo": "(Fotos intervención)", "ruta": "./media/22/media/Fotos intervención/público/33.jpg", "publico": 1, "url": null }, "geometry": null },
{ "type": "Feature", "properties": { "fid": 242333, "numero_int": 22, "tipo": "(Fotos intervención)", "ruta": "./media/22/media/Fotos intervención/público/34.jpg", "publico": 1, "url": null }, "geometry": null },
{ "type": "Feature", "properties": { "fid": 242334, "numero_int": 22, "tipo": "(Fotos intervención)", "ruta": "./media/22/media/Fotos intervención/público/35.jpg", "publico": 1, "url": null }, "geometry": null },
{ "type": "Feature", "properties": { "fid": 242335, "numero_int": 22, "tipo": "(Fotos intervención)", "ruta": "./media/22/media/Fotos intervención/público/4.jpg", "publico": 1, "url": null }, "geometry": null },
{ "type": "Feature", "properties": { "fid": 242336, "numero_int": 22, "tipo": "(Fotos intervención)", "ruta": "./media/22/media/Fotos intervención/público/5.jpg", "publico": 1, "url": null }, "geometry": null },
{ "type": "Feature", "properties": { "fid": 242337, "numero_int": 22, "tipo": "(Fotos intervención)", "ruta": "./media/22/media/Fotos intervención/público/6.jpg", "publico": 1, "url": null }, "geometry": null },
{ "type": "Feature", "properties": { "fid": 242338, "numero_int": 22, "tipo": "(Fotos intervención)", "ruta": "./media/22/media/Fotos intervención/público/7.jpg", "publico": 1, "url": null }, "geometry": null },
{ "type": "Feature", "properties": { "fid": 242339, "numero_int": 22, "tipo": "(Fotos intervención)", "ruta": "./media/22/media/Fotos intervención/público/8.jpg", "publico": 1, "url": null }, "geometry": null },
{ "type": "Feature", "properties": { "fid": 242340, "numero_int": 22, "tipo": "(Fotos intervención)", "ruta": "./media/22/media/Fotos intervención/público/9.jpg", "publico": 1, "url": null }, "geometry": null },
{ "type": "Feature", "properties": { "fid": 242531, "numero_int": 22, "tipo": "(Hemeroteca)", "ruta": "./media/22/media/Hemeroteca/público/PRENSA_palenque.jpg", "publico": 1, "url": null }, "geometry": null },
{ "type": "Feature", "properties": { "fid": 242536, "numero_int": 27, "tipo": "(Fotos intervención)", "ruta": "./media/27/media/Fotos intervención/público/1.jpg", "publico": 1, "url": null }, "geometry": null },
{ "type": "Feature", "properties": { "fid": 242537, "numero_int": 27, "tipo": "(Fotos intervención)", "ruta": "./media/27/media/Fotos intervención/público/10.jpg", "publico": 1, "url": null }, "geometry": null },
{ "type": "Feature", "properties": { "fid": 242538, "numero_int": 27, "tipo": "(Fotos intervención)", "ruta": "./media/27/media/Fotos intervención/público/11.jpg", "publico": 1, "url": null }, "geometry": null },
{ "type": "Feature", "properties": { "fid": 242539, "numero_int": 27, "tipo": "(Fotos intervención)", "ruta": "./media/27/media/Fotos intervención/público/12.jpg", "publico": 1, "url": null }, "geometry": null },
{ "type": "Feature", "properties": { "fid": 242540, "numero_int": 27, "tipo": "(Fotos intervención)", "ruta": "./media/27/media/Fotos intervención/público/13.jpg", "publico": 1, "url": null }, "geometry": null },
{ "type": "Feature", "properties": { "fid": 242541, "numero_int": 27, "tipo": "(Fotos intervención)", "ruta": "./media/27/media/Fotos intervención/público/14.jpg", "publico": 1, "url": null }, "geometry": null },
{ "type": "Feature", "properties": { "fid": 242542, "numero_int": 27, "tipo": "(Fotos intervención)", "ruta": "./media/27/media/Fotos intervención/público/15.jpg", "publico": 1, "url": null }, "geometry": null },
{ "type": "Feature", "properties": { "fid": 242543, "numero_int": 27, "tipo": "(Fotos intervención)", "ruta": "./media/27/media/Fotos intervención/público/16.jpg", "publico": 1, "url": null }, "geometry": null },
{ "type": "Feature", "properties": { "fid": 242544, "numero_int": 27, "tipo": "(Fotos intervención)", "ruta": "./media/27/media/Fotos intervención/público/17.jpg", "publico": 1, "url": null }, "geometry": null },
{ "type": "Feature", "properties": { "fid": 242545, "numero_int": 27, "tipo": "(Fotos intervención)", "ruta": "./media/27/media/Fotos intervención/público/18.jpg", "publico": 1, "url": null }, "geometry": null },
{ "type": "Feature", "properties": { "fid": 242546, "numero_int": 27, "tipo": "(Fotos intervención)", "ruta": "./media/27/media/Fotos intervención/público/19.jpg", "publico": 1, "url": null }, "geometry": null },
{ "type": "Feature", "properties": { "fid": 242547, "numero_int": 27, "tipo": "(Fotos intervención)", "ruta": "./media/27/media/Fotos intervención/público/2.jpg", "publico": 1, "url": null }, "geometry": null },
{ "type": "Feature", "properties": { "fid": 242548, "numero_int": 27, "tipo": "(Fotos intervención)", "ruta": "./media/27/media/Fotos intervención/público/20.jpg", "publico": 1, "url": null }, "geometry": null },
{ "type": "Feature", "properties": { "fid": 242549, "numero_int": 27, "tipo": "(Fotos intervención)", "ruta": "./media/27/media/Fotos intervención/público/21.jpg", "publico": 1, "url": null }, "geometry": null },
{ "type": "Feature", "properties": { "fid": 242550, "numero_int": 27, "tipo": "(Fotos intervención)", "ruta": "./media/27/media/Fotos intervención/público/3.jpg", "publico": 1, "url": null }, "geometry": null },
{ "type": "Feature", "properties": { "fid": 242551, "numero_int": 27, "tipo": "(Fotos intervención)", "ruta": "./media/27/media/Fotos intervención/público/4.jpg", "publico": 1, "url": null }, "geometry": null },
{ "type": "Feature", "properties": { "fid": 242552, "numero_int": 27, "tipo": "(Fotos intervención)", "ruta": "./media/27/media/Fotos intervención/público/5.jpg", "publico": 1, "url": null }, "geometry": null },
{ "type": "Feature", "properties": { "fid": 242553, "numero_int": 27, "tipo": "(Fotos intervención)", "ruta": "./media/27/media/Fotos intervención/público/6.jpg", "publico": 1, "url": null }, "geometry": null },
{ "type": "Feature", "properties": { "fid": 242554, "numero_int": 27, "tipo": "(Fotos intervención)", "ruta": "./media/27/media/Fotos intervención/público/7.jpg", "publico": 1, "url": null }, "geometry": null },
{ "type": "Feature", "properties": { "fid": 242555, "numero_int": 27, "tipo": "(Fotos intervención)", "ruta": "./media/27/media/Fotos intervención/público/8.jpg", "publico": 1, "url": null }, "geometry": null },
{ "type": "Feature", "properties": { "fid": 242556, "numero_int": 27, "tipo": "(Fotos intervención)", "ruta": "./media/27/media/Fotos intervención/público/9.jpg", "publico": 1, "url": null }, "geometry": null },
{ "type": "Feature", "properties": { "fid": 242637, "numero_int": 27, "tipo": "(Hemeroteca)", "ruta": "./media/27/media/Hemeroteca/público/MERCADAL_2000-004.jpg", "publico": 1, "url": null }, "geometry": null },
{ "type": "Feature", "properties": { "fid": 242638, "numero_int": 27, "tipo": "(Hemeroteca)", "ruta": "./media/27/media/Hemeroteca/público/Prensa_MERCADAL_2000.jpg", "publico": 1, "url": null }, "geometry": null },
{ "type": "Feature", "properties": { "fid": 242641, "numero_int": 27, "tipo": "Planimetrías", "ruta": "./media/27/media/Planimetrías/público/INT_27_PlazaMercadal.rar", "publico": 1, "url": null }, "geometry": null },
{ "type": "Feature", "properties": { "fid": 242642, "numero_int": 28, "tipo": "(Fotos intervención)", "ruta": "./media/28/media/Fotos intervención/público/1.jpg", "publico": 1, "url": null }, "geometry": null },
{ "type": "Feature", "properties": { "fid": 242643, "numero_int": 28, "tipo": "(Fotos intervención)", "ruta": "./media/28/media/Fotos intervención/público/2.jpg", "publico": 1, "url": null }, "geometry": null },
{ "type": "Feature", "properties": { "fid": 242644, "numero_int": 28, "tipo": "(Fotos intervención)", "ruta": "./media/28/media/Fotos intervención/público/3.jpg", "publico": 1, "url": null }, "geometry": null },
{ "type": "Feature", "properties": { "fid": 242668, "numero_int": 29, "tipo": "(Fotos intervención)", "ruta": "./media/29/media/Fotos intervención/público/1.jpg", "publico": 1, "url": null }, "geometry": null },
{ "type": "Feature", "properties": { "fid": 242669, "numero_int": 29, "tipo": "(Fotos intervención)", "ruta": "./media/29/media/Fotos intervención/público/10.jpg", "publico": 1, "url": null }, "geometry": null },
{ "type": "Feature", "properties": { "fid": 242670, "numero_int": 29, "tipo": "(Fotos intervención)", "ruta": "./media/29/media/Fotos intervención/público/11.jpg", "publico": 1, "url": null }, "geometry": null },
{ "type": "Feature", "properties": { "fid": 242671, "numero_int": 29, "tipo": "(Fotos intervención)", "ruta": "./media/29/media/Fotos intervención/público/2.jpg", "publico": 1, "url": null }, "geometry": null },
{ "type": "Feature", "properties": { "fid": 242672, "numero_int": 29, "tipo": "(Fotos intervención)", "ruta": "./media/29/media/Fotos intervención/público/3.jpg", "publico": 1, "url": null }, "geometry": null },
{ "type": "Feature", "properties": { "fid": 242673, "numero_int": 29, "tipo": "(Fotos intervención)", "ruta": "./media/29/media/Fotos intervención/público/4.jpg", "publico": 1, "url": null }, "geometry": null },
{ "type": "Feature", "properties": { "fid": 242674, "numero_int": 29, "tipo": "(Fotos intervención)", "ruta": "./media/29/media/Fotos intervención/público/5.jpg", "publico": 1, "url": null }, "geometry": null },
{ "type": "Feature", "properties": { "fid": 242675, "numero_int": 29, "tipo": "(Fotos intervención)", "ruta": "./media/29/media/Fotos intervención/público/6.jpg", "publico": 1, "url": null }, "geometry": null },
{ "type": "Feature", "properties": { "fid": 242676, "numero_int": 29, "tipo": "(Fotos intervención)", "ruta": "./media/29/media/Fotos intervención/público/7.jpg", "publico": 1, "url": null }, "geometry": null },
{ "type": "Feature", "properties": { "fid": 242677, "numero_int": 29, "tipo": "(Fotos intervención)", "ruta": "./media/29/media/Fotos intervención/público/8.jpg", "publico": 1, "url": null }, "geometry": null },
{ "type": "Feature", "properties": { "fid": 242678, "numero_int": 29, "tipo": "(Fotos intervención)", "ruta": "./media/29/media/Fotos intervención/público/9.jpg", "publico": 1, "url": null }, "geometry": null },
{ "type": "Feature", "properties": { "fid": 242693, "numero_int": 32, "tipo": "(Fotos intervención)", "ruta": "./media/32/media/Fotos intervención/público/1.JPG", "publico": 1, "url": null }, "geometry": null },
{ "type": "Feature", "properties": { "fid": 242694, "numero_int": 32, "tipo": "(Fotos intervención)", "ruta": "./media/32/media/Fotos intervención/público/2.JPG", "publico": 1, "url": null }, "geometry": null },
{ "type": "Feature", "properties": { "fid": 242695, "numero_int": 32, "tipo": "(Fotos intervención)", "ruta": "./media/32/media/Fotos intervención/público/3.JPG", "publico": 1, "url": null }, "geometry": null },
{ "type": "Feature", "properties": { "fid": 242696, "numero_int": 32, "tipo": "(Fotos intervención)", "ruta": "./media/32/media/Fotos intervención/público/4.JPG", "publico": 1, "url": null }, "geometry": null },
{ "type": "Feature", "properties": { "fid": 242697, "numero_int": 32, "tipo": "(Fotos intervención)", "ruta": "./media/32/media/Fotos intervención/público/5.JPG", "publico": 1, "url": null }, "geometry": null },
{ "type": "Feature", "properties": { "fid": 242698, "numero_int": 32, "tipo": "(Fotos intervención)", "ruta": "./media/32/media/Fotos intervención/público/1.jpg", "publico": 1, "url": null }, "geometry": null },
{ "type": "Feature", "properties": { "fid": 242699, "numero_int": 32, "tipo": "(Fotos intervención)", "ruta": "./media/32/media/Fotos intervención/público/2.jpg", "publico": 1, "url": null }, "geometry": null },
{ "type": "Feature", "properties": { "fid": 242700, "numero_int": 32, "tipo": "(Fotos intervención)", "ruta": "./media/32/media/Fotos intervención/público/3.jpg", "publico": 1, "url": null }, "geometry": null },
{ "type": "Feature", "properties": { "fid": 242701, "numero_int": 32, "tipo": "(Fotos intervención)", "ruta": "./media/32/media/Fotos intervención/público/4.jpg", "publico": 1, "url": null }, "geometry": null },
{ "type": "Feature", "properties": { "fid": 242702, "numero_int": 32, "tipo": "(Fotos intervención)", "ruta": "./media/32/media/Fotos intervención/público/5.jpg", "publico": 1, "url": null }, "geometry": null },
{ "type": "Feature", "properties": { "fid": 242726, "numero_int": 33, "tipo": "(Fotos intervención)", "ruta": "./media/33/media/Fotos intervención/público/1.jpg", "publico": 1, "url": null }, "geometry": null },
{ "type": "Feature", "properties": { "fid": 242727, "numero_int": 33, "tipo": "(Fotos intervención)", "ruta": "./media/33/media/Fotos intervención/público/10.jpg", "publico": 1, "url": null }, "geometry": null },
{ "type": "Feature", "properties": { "fid": 242728, "numero_int": 33, "tipo": "(Fotos intervención)", "ruta": "./media/33/media/Fotos intervención/público/11.jpg", "publico": 1, "url": null }, "geometry": null },
{ "type": "Feature", "properties": { "fid": 242729, "numero_int": 33, "tipo": "(Fotos intervención)", "ruta": "./media/33/media/Fotos intervención/público/12.jpg", "publico": 1, "url": null }, "geometry": null },
{ "type": "Feature", "properties": { "fid": 242730, "numero_int": 33, "tipo": "(Fotos intervención)", "ruta": "./media/33/media/Fotos intervención/público/13.jpg", "publico": 1, "url": null }, "geometry": null },
{ "type": "Feature", "properties": { "fid": 242731, "numero_int": 33, "tipo": "(Fotos intervención)", "ruta": "./media/33/media/Fotos intervención/público/14.jpg", "publico": 1, "url": null }, "geometry": null },
{ "type": "Feature", "properties": { "fid": 242732, "numero_int": 33, "tipo": "(Fotos intervención)", "ruta": "./media/33/media/Fotos intervención/público/15.jpg", "publico": 1, "url": null }, "geometry": null },
{ "type": "Feature", "properties": { "fid": 242733, "numero_int": 33, "tipo": "(Fotos intervención)", "ruta": "./media/33/media/Fotos intervención/público/16.jpg", "publico": 1, "url": null }, "geometry": null },
{ "type": "Feature", "properties": { "fid": 242734, "numero_int": 33, "tipo": "(Fotos intervención)", "ruta": "./media/33/media/Fotos intervención/público/17.jpg", "publico": 1, "url": null }, "geometry": null },
{ "type": "Feature", "properties": { "fid": 242735, "numero_int": 33, "tipo": "(Fotos intervención)", "ruta": "./media/33/media/Fotos intervención/público/18.jpg", "publico": 1, "url": null }, "geometry": null },
{ "type": "Feature", "properties": { "fid": 242736, "numero_int": 33, "tipo": "(Fotos intervención)", "ruta": "./media/33/media/Fotos intervención/público/19.jpg", "publico": 1, "url": null }, "geometry": null },
{ "type": "Feature", "properties": { "fid": 242737, "numero_int": 33, "tipo": "(Fotos intervención)", "ruta": "./media/33/media/Fotos intervención/público/2.jpg", "publico": 1, "url": null }, "geometry": null },
{ "type": "Feature", "properties": { "fid": 242738, "numero_int": 33, "tipo": "(Fotos intervención)", "ruta": "./media/33/media/Fotos intervención/público/20.jpg", "publico": 1, "url": null }, "geometry": null },
{ "type": "Feature", "properties": { "fid": 242739, "numero_int": 33, "tipo": "(Fotos intervención)", "ruta": "./media/33/media/Fotos intervención/público/21.jpg", "publico": 1, "url": null }, "geometry": null },
{ "type": "Feature", "properties": { "fid": 242740, "numero_int": 33, "tipo": "(Fotos intervención)", "ruta": "./media/33/media/Fotos intervención/público/22.jpg", "publico": 1, "url": null }, "geometry": null },
{ "type": "Feature", "properties": { "fid": 242741, "numero_int": 33, "tipo": "(Fotos intervención)", "ruta": "./media/33/media/Fotos intervención/público/23.jpg", "publico": 1, "url": null }, "geometry": null },
{ "type": "Feature", "properties": { "fid": 242742, "numero_int": 33, "tipo": "(Fotos intervención)", "ruta": "./media/33/media/Fotos intervención/público/24.jpg", "publico": 1, "url": null }, "geometry": null },
{ "type": "Feature", "properties": { "fid": 242743, "numero_int": 33, "tipo": "(Fotos intervención)", "ruta": "./media/33/media/Fotos intervención/público/25.jpg", "publico": 1, "url": null }, "geometry": null },
{ "type": "Feature", "properties": { "fid": 242744, "numero_int": 33, "tipo": "(Fotos intervención)", "ruta": "./media/33/media/Fotos intervención/público/26.jpg", "publico": 1, "url": null }, "geometry": null },
{ "type": "Feature", "properties": { "fid": 242745, "numero_int": 33, "tipo": "(Fotos intervención)", "ruta": "./media/33/media/Fotos intervención/público/27.jpg", "publico": 1, "url": null }, "geometry": null },
{ "type": "Feature", "properties": { "fid": 242746, "numero_int": 33, "tipo": "(Fotos intervención)", "ruta": "./media/33/media/Fotos intervención/público/3.jpg", "publico": 1, "url": null }, "geometry": null },
{ "type": "Feature", "properties": { "fid": 242747, "numero_int": 33, "tipo": "(Fotos intervención)", "ruta": "./media/33/media/Fotos intervención/público/4.jpg", "publico": 1, "url": null }, "geometry": null },
{ "type": "Feature", "properties": { "fid": 242748, "numero_int": 33, "tipo": "(Fotos intervención)", "ruta": "./media/33/media/Fotos intervención/público/5.jpg", "publico": 1, "url": null }, "geometry": null },
{ "type": "Feature", "properties": { "fid": 242749, "numero_int": 33, "tipo": "(Fotos intervención)", "ruta": "./media/33/media/Fotos intervención/público/6.jpg", "publico": 1, "url": null }, "geometry": null },
{ "type": "Feature", "properties": { "fid": 242750, "numero_int": 33, "tipo": "(Fotos intervención)", "ruta": "./media/33/media/Fotos intervención/público/7.jpg", "publico": 1, "url": null }, "geometry": null },
{ "type": "Feature", "properties": { "fid": 242751, "numero_int": 33, "tipo": "(Fotos intervención)", "ruta": "./media/33/media/Fotos intervención/público/8.jpg", "publico": 1, "url": null }, "geometry": null },
{ "type": "Feature", "properties": { "fid": 242752, "numero_int": 33, "tipo": "(Fotos intervención)", "ruta": "./media/33/media/Fotos intervención/público/9.jpg", "publico": 1, "url": null }, "geometry": null },
{ "type": "Feature", "properties": { "fid": 242890, "numero_int": 34, "tipo": "(Fotos intervención)", "ruta": "./media/34/media/Fotos intervención/público/1.jpg", "publico": 1, "url": null }, "geometry": null },
{ "type": "Feature", "properties": { "fid": 242891, "numero_int": 34, "tipo": "(Fotos intervención)", "ruta": "./media/34/media/Fotos intervención/público/10.jpg", "publico": 1, "url": null }, "geometry": null },
{ "type": "Feature", "properties": { "fid": 242892, "numero_int": 34, "tipo": "(Fotos intervención)", "ruta": "./media/34/media/Fotos intervención/público/11.jpg", "publico": 1, "url": null }, "geometry": null },
{ "type": "Feature", "properties": { "fid": 242893, "numero_int": 34, "tipo": "(Fotos intervención)", "ruta": "./media/34/media/Fotos intervención/público/12.jpg", "publico": 1, "url": null }, "geometry": null },
{ "type": "Feature", "properties": { "fid": 242894, "numero_int": 34, "tipo": "(Fotos intervención)", "ruta": "./media/34/media/Fotos intervención/público/13.jpg", "publico": 1, "url": null }, "geometry": null },
{ "type": "Feature", "properties": { "fid": 242895, "numero_int": 34, "tipo": "(Fotos intervención)", "ruta": "./media/34/media/Fotos intervención/público/14.jpg", "publico": 1, "url": null }, "geometry": null },
{ "type": "Feature", "properties": { "fid": 242896, "numero_int": 34, "tipo": "(Fotos intervención)", "ruta": "./media/34/media/Fotos intervención/público/15.jpg", "publico": 1, "url": null }, "geometry": null },
{ "type": "Feature", "properties": { "fid": 242897, "numero_int": 34, "tipo": "(Fotos intervención)", "ruta": "./media/34/media/Fotos intervención/público/16.jpg", "publico": 1, "url": null }, "geometry": null },
{ "type": "Feature", "properties": { "fid": 242898, "numero_int": 34, "tipo": "(Fotos intervención)", "ruta": "./media/34/media/Fotos intervención/público/17.jpg", "publico": 1, "url": null }, "geometry": null },
{ "type": "Feature", "properties": { "fid": 242899, "numero_int": 34, "tipo": "(Fotos intervención)", "ruta": "./media/34/media/Fotos intervención/público/18.jpg", "publico": 1, "url": null }, "geometry": null },
{ "type": "Feature", "properties": { "fid": 242900, "numero_int": 34, "tipo": "(Fotos intervención)", "ruta": "./media/34/media/Fotos intervención/público/19.jpg", "publico": 1, "url": null }, "geometry": null },
{ "type": "Feature", "properties": { "fid": 242901, "numero_int": 34, "tipo": "(Fotos intervención)", "ruta": "./media/34/media/Fotos intervención/público/2.jpg", "publico": 1, "url": null }, "geometry": null },
{ "type": "Feature", "properties": { "fid": 242902, "numero_int": 34, "tipo": "(Fotos intervención)", "ruta": "./media/34/media/Fotos intervención/público/20.jpg", "publico": 1, "url": null }, "geometry": null },
{ "type": "Feature", "properties": { "fid": 242903, "numero_int": 34, "tipo": "(Fotos intervención)", "ruta": "./media/34/media/Fotos intervención/público/21.jpg", "publico": 1, "url": null }, "geometry": null },
{ "type": "Feature", "properties": { "fid": 242904, "numero_int": 34, "tipo": "(Fotos intervención)", "ruta": "./media/34/media/Fotos intervención/público/3.jpg", "publico": 1, "url": null }, "geometry": null },
{ "type": "Feature", "properties": { "fid": 242905, "numero_int": 34, "tipo": "(Fotos intervención)", "ruta": "./media/34/media/Fotos intervención/público/4.jpg", "publico": 1, "url": null }, "geometry": null },
{ "type": "Feature", "properties": { "fid": 242906, "numero_int": 34, "tipo": "(Fotos intervención)", "ruta": "./media/34/media/Fotos intervención/público/5.jpg", "publico": 1, "url": null }, "geometry": null },
{ "type": "Feature", "properties": { "fid": 242907, "numero_int": 34, "tipo": "(Fotos intervención)", "ruta": "./media/34/media/Fotos intervención/público/6.jpg", "publico": 1, "url": null }, "geometry": null },
{ "type": "Feature", "properties": { "fid": 242908, "numero_int": 34, "tipo": "(Fotos intervención)", "ruta": "./media/34/media/Fotos intervención/público/7.jpg", "publico": 1, "url": null }, "geometry": null },
{ "type": "Feature", "properties": { "fid": 242909, "numero_int": 34, "tipo": "(Fotos intervención)", "ruta": "./media/34/media/Fotos intervención/público/8.jpg", "publico": 1, "url": null }, "geometry": null },
{ "type": "Feature", "properties": { "fid": 242910, "numero_int": 34, "tipo": "(Fotos intervención)", "ruta": "./media/34/media/Fotos intervención/público/9.jpg", "publico": 1, "url": null }, "geometry": null },
{ "type": "Feature", "properties": { "fid": 242911, "numero_int": 34, "tipo": "(Fotos intervención)", "ruta": "./media/34/media/Fotos intervención/público/Restos_Islamicos.jpg", "publico": 1, "url": null }, "geometry": null },
{ "type": "Feature", "properties": { "fid": 243018, "numero_int": 35, "tipo": "(Fotos intervención)", "ruta": "./media/35/media/Fotos intervención/público/01.JPG", "publico": 1, "url": null }, "geometry": null },
{ "type": "Feature", "properties": { "fid": 243019, "numero_int": 35, "tipo": "(Fotos intervención)", "ruta": "./media/35/media/Fotos intervención/público/10.JPG", "publico": 1, "url": null }, "geometry": null },
{ "type": "Feature", "properties": { "fid": 243020, "numero_int": 35, "tipo": "(Fotos intervención)", "ruta": "./media/35/media/Fotos intervención/público/11.JPG", "publico": 1, "url": null }, "geometry": null },
{ "type": "Feature", "properties": { "fid": 243021, "numero_int": 35, "tipo": "(Fotos intervención)", "ruta": "./media/35/media/Fotos intervención/público/12.JPG", "publico": 1, "url": null }, "geometry": null },
{ "type": "Feature", "properties": { "fid": 243022, "numero_int": 35, "tipo": "(Fotos intervención)", "ruta": "./media/35/media/Fotos intervención/público/13.JPG", "publico": 1, "url": null }, "geometry": null },
{ "type": "Feature", "properties": { "fid": 243023, "numero_int": 35, "tipo": "(Fotos intervención)", "ruta": "./media/35/media/Fotos intervención/público/14.JPG", "publico": 1, "url": null }, "geometry": null },
{ "type": "Feature", "properties": { "fid": 243024, "numero_int": 35, "tipo": "(Fotos intervención)", "ruta": "./media/35/media/Fotos intervención/público/2.JPG", "publico": 1, "url": null }, "geometry": null },
{ "type": "Feature", "properties": { "fid": 243025, "numero_int": 35, "tipo": "(Fotos intervención)", "ruta": "./media/35/media/Fotos intervención/público/3.JPG", "publico": 1, "url": null }, "geometry": null },
{ "type": "Feature", "properties": { "fid": 243026, "numero_int": 35, "tipo": "(Fotos intervención)", "ruta": "./media/35/media/Fotos intervención/público/4.JPG", "publico": 1, "url": null }, "geometry": null },
{ "type": "Feature", "properties": { "fid": 243027, "numero_int": 35, "tipo": "(Fotos intervención)", "ruta": "./media/35/media/Fotos intervención/público/5.JPG", "publico": 1, "url": null }, "geometry": null },
{ "type": "Feature", "properties": { "fid": 243028, "numero_int": 35, "tipo": "(Fotos intervención)", "ruta": "./media/35/media/Fotos intervención/público/6.JPG", "publico": 1, "url": null }, "geometry": null },
{ "type": "Feature", "properties": { "fid": 243029, "numero_int": 35, "tipo": "(Fotos intervención)", "ruta": "./media/35/media/Fotos intervención/público/7.JPG", "publico": 1, "url": null }, "geometry": null },
{ "type": "Feature", "properties": { "fid": 243030, "numero_int": 35, "tipo": "(Fotos intervención)", "ruta": "./media/35/media/Fotos intervención/público/8.JPG", "publico": 1, "url": null }, "geometry": null },
{ "type": "Feature", "properties": { "fid": 243031, "numero_int": 35, "tipo": "(Fotos intervención)", "ruta": "./media/35/media/Fotos intervención/público/9.JPG", "publico": 1, "url": null }, "geometry": null },
{ "type": "Feature", "properties": { "fid": 243083, "numero_int": 36, "tipo": "(Fotos intervención)", "ruta": "./media/36/media/Fotos intervención/público/1.jpg", "publico": 1, "url": null }, "geometry": null },
{ "type": "Feature", "properties": { "fid": 243084, "numero_int": 36, "tipo": "(Fotos intervención)", "ruta": "./media/36/media/Fotos intervención/público/2.jpg", "publico": 1, "url": null }, "geometry": null },
{ "type": "Feature", "properties": { "fid": 243085, "numero_int": 36, "tipo": "(Fotos intervención)", "ruta": "./media/36/media/Fotos intervención/público/3.jpg", "publico": 1, "url": null }, "geometry": null },
{ "type": "Feature", "properties": { "fid": 243086, "numero_int": 36, "tipo": "(Fotos intervención)", "ruta": "./media/36/media/Fotos intervención/público/4.jpg", "publico": 1, "url": null }, "geometry": null },
{ "type": "Feature", "properties": { "fid": 243087, "numero_int": 36, "tipo": "(Fotos intervención)", "ruta": "./media/36/media/Fotos intervención/público/5.jpg", "publico": 1, "url": null }, "geometry": null },
{ "type": "Feature", "properties": { "fid": 243088, "numero_int": 36, "tipo": "(Fotos intervención)", "ruta": "./media/36/media/Fotos intervención/público/6.jpg", "publico": 1, "url": null }, "geometry": null },
{ "type": "Feature", "properties": { "fid": 243089, "numero_int": 36, "tipo": "(Fotos intervención)", "ruta": "./media/36/media/Fotos intervención/público/7.jpg", "publico": 1, "url": null }, "geometry": null },
{ "type": "Feature", "properties": { "fid": 243090, "numero_int": 36, "tipo": "(Fotos intervención)", "ruta": "./media/36/media/Fotos intervención/público/8.jpg", "publico": 1, "url": null }, "geometry": null },
{ "type": "Feature", "properties": { "fid": 243091, "numero_int": 36, "tipo": "(Fotos intervención)", "ruta": "./media/36/media/Fotos intervención/público/9.jpg", "publico": 1, "url": null }, "geometry": null },
{ "type": "Feature", "properties": { "fid": 243158, "numero_int": 37, "tipo": "(Fotos intervención)", "ruta": "./media/37/media/Fotos intervención/público/01.jpg", "publico": 1, "url": null }, "geometry": null },
{ "type": "Feature", "properties": { "fid": 243159, "numero_int": 37, "tipo": "(Fotos intervención)", "ruta": "./media/37/media/Fotos intervención/público/02.jpg", "publico": 1, "url": null }, "geometry": null },
{ "type": "Feature", "properties": { "fid": 243160, "numero_int": 37, "tipo": "(Fotos intervención)", "ruta": "./media/37/media/Fotos intervención/público/03.jpg", "publico": 1, "url": null }, "geometry": null },
{ "type": "Feature", "properties": { "fid": 243161, "numero_int": 37, "tipo": "(Fotos intervención)", "ruta": "./media/37/media/Fotos intervención/público/04.jpg", "publico": 1, "url": null }, "geometry": null },
{ "type": "Feature", "properties": { "fid": 243162, "numero_int": 37, "tipo": "(Fotos intervención)", "ruta": "./media/37/media/Fotos intervención/público/05.jpg", "publico": 1, "url": null }, "geometry": null },
{ "type": "Feature", "properties": { "fid": 243163, "numero_int": 37, "tipo": "(Fotos intervención)", "ruta": "./media/37/media/Fotos intervención/público/06.jpg", "publico": 1, "url": null }, "geometry": null },
{ "type": "Feature", "properties": { "fid": 243164, "numero_int": 37, "tipo": "(Fotos intervención)", "ruta": "./media/37/media/Fotos intervención/público/07.jpg", "publico": 1, "url": null }, "geometry": null },
{ "type": "Feature", "properties": { "fid": 243165, "numero_int": 37, "tipo": "(Fotos intervención)", "ruta": "./media/37/media/Fotos intervención/público/08.jpg", "publico": 1, "url": null }, "geometry": null },
{ "type": "Feature", "properties": { "fid": 243166, "numero_int": 37, "tipo": "(Fotos intervención)", "ruta": "./media/37/media/Fotos intervención/público/09.jpg", "publico": 1, "url": null }, "geometry": null },
{ "type": "Feature", "properties": { "fid": 243167, "numero_int": 37, "tipo": "(Fotos intervención)", "ruta": "./media/37/media/Fotos intervención/público/10.jpg", "publico": 1, "url": null }, "geometry": null },
{ "type": "Feature", "properties": { "fid": 243168, "numero_int": 37, "tipo": "(Fotos intervención)", "ruta": "./media/37/media/Fotos intervención/público/11.jpg", "publico": 1, "url": null }, "geometry": null },
{ "type": "Feature", "properties": { "fid": 243169, "numero_int": 37, "tipo": "(Fotos intervención)", "ruta": "./media/37/media/Fotos intervención/público/12.jpg", "publico": 1, "url": null }, "geometry": null },
{ "type": "Feature", "properties": { "fid": 243170, "numero_int": 37, "tipo": "(Fotos intervención)", "ruta": "./media/37/media/Fotos intervención/público/13.jpg", "publico": 1, "url": null }, "geometry": null },
{ "type": "Feature", "properties": { "fid": 243171, "numero_int": 37, "tipo": "(Fotos intervención)", "ruta": "./media/37/media/Fotos intervención/público/14.jpg", "publico": 1, "url": null }, "geometry": null },
{ "type": "Feature", "properties": { "fid": 243172, "numero_int": 37, "tipo": "(Fotos intervención)", "ruta": "./media/37/media/Fotos intervención/público/15.jpg", "publico": 1, "url": null }, "geometry": null },
{ "type": "Feature", "properties": { "fid": 243173, "numero_int": 37, "tipo": "(Fotos intervención)", "ruta": "./media/37/media/Fotos intervención/público/16.jpg", "publico": 1, "url": null }, "geometry": null },
{ "type": "Feature", "properties": { "fid": 243190, "numero_int": 38, "tipo": "(Fotos intervención)", "ruta": "./media/38/media/Fotos intervención/público/1.jpg", "publico": 1, "url": null }, "geometry": null },
{ "type": "Feature", "properties": { "fid": 243191, "numero_int": 38, "tipo": "(Fotos intervención)", "ruta": "./media/38/media/Fotos intervención/público/10.jpg", "publico": 1, "url": null }, "geometry": null },
{ "type": "Feature", "properties": { "fid": 243192, "numero_int": 38, "tipo": "(Fotos intervención)", "ruta": "./media/38/media/Fotos intervención/público/11.jpg", "publico": 1, "url": null }, "geometry": null },
{ "type": "Feature", "properties": { "fid": 243193, "numero_int": 38, "tipo": "(Fotos intervención)", "ruta": "./media/38/media/Fotos intervención/público/12.jpg", "publico": 1, "url": null }, "geometry": null },
{ "type": "Feature", "properties": { "fid": 243194, "numero_int": 38, "tipo": "(Fotos intervención)", "ruta": "./media/38/media/Fotos intervención/público/13.jpg", "publico": 1, "url": null }, "geometry": null },
{ "type": "Feature", "properties": { "fid": 243195, "numero_int": 38, "tipo": "(Fotos intervención)", "ruta": "./media/38/media/Fotos intervención/público/2.jpg", "publico": 1, "url": null }, "geometry": null },
{ "type": "Feature", "properties": { "fid": 243196, "numero_int": 38, "tipo": "(Fotos intervención)", "ruta": "./media/38/media/Fotos intervención/público/3.jpg", "publico": 1, "url": null }, "geometry": null },
{ "type": "Feature", "properties": { "fid": 243197, "numero_int": 38, "tipo": "(Fotos intervención)", "ruta": "./media/38/media/Fotos intervención/público/4.jpg", "publico": 1, "url": null }, "geometry": null },
{ "type": "Feature", "properties": { "fid": 243198, "numero_int": 38, "tipo": "(Fotos intervención)", "ruta": "./media/38/media/Fotos intervención/público/5.jpg", "publico": 1, "url": null }, "geometry": null },
{ "type": "Feature", "properties": { "fid": 243199, "numero_int": 38, "tipo": "(Fotos intervención)", "ruta": "./media/38/media/Fotos intervención/público/6.jpg", "publico": 1, "url": null }, "geometry": null },
{ "type": "Feature", "properties": { "fid": 243200, "numero_int": 38, "tipo": "(Fotos intervención)", "ruta": "./media/38/media/Fotos intervención/público/7.jpg", "publico": 1, "url": null }, "geometry": null },
{ "type": "Feature", "properties": { "fid": 243201, "numero_int": 38, "tipo": "(Fotos intervención)", "ruta": "./media/38/media/Fotos intervención/público/8.jpg", "publico": 1, "url": null }, "geometry": null },
{ "type": "Feature", "properties": { "fid": 243202, "numero_int": 38, "tipo": "(Fotos intervención)", "ruta": "./media/38/media/Fotos intervención/público/9.jpg", "publico": 1, "url": null }, "geometry": null },
{ "type": "Feature", "properties": { "fid": 243247, "numero_int": 39, "tipo": "(Fotos intervención)", "ruta": "./media/39/media/Fotos intervención/público/1.jpg", "publico": 1, "url": null }, "geometry": null },
{ "type": "Feature", "properties": { "fid": 243248, "numero_int": 39, "tipo": "(Fotos intervención)", "ruta": "./media/39/media/Fotos intervención/público/10.jpg", "publico": 1, "url": null }, "geometry": null },
{ "type": "Feature", "properties": { "fid": 243249, "numero_int": 39, "tipo": "(Fotos intervención)", "ruta": "./media/39/media/Fotos intervención/público/11.jpg", "publico": 1, "url": null }, "geometry": null },
{ "type": "Feature", "properties": { "fid": 243250, "numero_int": 39, "tipo": "(Fotos intervención)", "ruta": "./media/39/media/Fotos intervención/público/12.jpg", "publico": 1, "url": null }, "geometry": null },
{ "type": "Feature", "properties": { "fid": 243251, "numero_int": 39, "tipo": "(Fotos intervención)", "ruta": "./media/39/media/Fotos intervención/público/13.jpg", "publico": 1, "url": null }, "geometry": null },
{ "type": "Feature", "properties": { "fid": 243252, "numero_int": 39, "tipo": "(Fotos intervención)", "ruta": "./media/39/media/Fotos intervención/público/14.jpg", "publico": 1, "url": null }, "geometry": null },
{ "type": "Feature", "properties": { "fid": 243253, "numero_int": 39, "tipo": "(Fotos intervención)", "ruta": "./media/39/media/Fotos intervención/público/15.jpg", "publico": 1, "url": null }, "geometry": null },
{ "type": "Feature", "properties": { "fid": 243254, "numero_int": 39, "tipo": "(Fotos intervención)", "ruta": "./media/39/media/Fotos intervención/público/2.jpg", "publico": 1, "url": null }, "geometry": null },
{ "type": "Feature", "properties": { "fid": 243255, "numero_int": 39, "tipo": "(Fotos intervención)", "ruta": "./media/39/media/Fotos intervención/público/3.jpg", "publico": 1, "url": null }, "geometry": null },
{ "type": "Feature", "properties": { "fid": 243256, "numero_int": 39, "tipo": "(Fotos intervención)", "ruta": "./media/39/media/Fotos intervención/público/4.jpg", "publico": 1, "url": null }, "geometry": null },
{ "type": "Feature", "properties": { "fid": 243257, "numero_int": 39, "tipo": "(Fotos intervención)", "ruta": "./media/39/media/Fotos intervención/público/5.jpg", "publico": 1, "url": null }, "geometry": null },
{ "type": "Feature", "properties": { "fid": 243258, "numero_int": 39, "tipo": "(Fotos intervención)", "ruta": "./media/39/media/Fotos intervención/público/6.jpg", "publico": 1, "url": null }, "geometry": null },
{ "type": "Feature", "properties": { "fid": 243259, "numero_int": 39, "tipo": "(Fotos intervención)", "ruta": "./media/39/media/Fotos intervención/público/7.jpg", "publico": 1, "url": null }, "geometry": null },
{ "type": "Feature", "properties": { "fid": 243260, "numero_int": 39, "tipo": "(Fotos intervención)", "ruta": "./media/39/media/Fotos intervención/público/8.jpg", "publico": 1, "url": null }, "geometry": null },
{ "type": "Feature", "properties": { "fid": 243261, "numero_int": 39, "tipo": "(Fotos intervención)", "ruta": "./media/39/media/Fotos intervención/público/9.jpg", "publico": 1, "url": null }, "geometry": null },
{ "type": "Feature", "properties": { "fid": 243408, "numero_int": 39, "tipo": "(Hemeroteca)", "ruta": "./media/39/media/Hemeroteca/público/Noticia_Humilladero.jpg", "publico": 1, "url": null }, "geometry": null },
{ "type": "Feature", "properties": { "fid": 243421, "numero_int": 4, "tipo": "(Fotos intervención)", "ruta": "./media/4/media/Fotos intervención/público/1.jpg", "publico": 1, "url": null }, "geometry": null },
{ "type": "Feature", "properties": { "fid": 243422, "numero_int": 4, "tipo": "(Fotos intervención)", "ruta": "./media/4/media/Fotos intervención/público/2.jpg", "publico": 1, "url": null }, "geometry": null },
{ "type": "Feature", "properties": { "fid": 243423, "numero_int": 4, "tipo": "(Fotos intervención)", "ruta": "./media/4/media/Fotos intervención/público/3.jpg", "publico": 1, "url": null }, "geometry": null },
{ "type": "Feature", "properties": { "fid": 243424, "numero_int": 4, "tipo": "(Fotos intervención)", "ruta": "./media/4/media/Fotos intervención/público/4.jpg", "publico": 1, "url": null }, "geometry": null },
{ "type": "Feature", "properties": { "fid": 243425, "numero_int": 4, "tipo": "(Fotos intervención)", "ruta": "./media/4/media/Fotos intervención/público/5.jpg", "publico": 1, "url": null }, "geometry": null },
{ "type": "Feature", "properties": { "fid": 243426, "numero_int": 4, "tipo": "(Fotos intervención)", "ruta": "./media/4/media/Fotos intervención/público/6.jpg", "publico": 1, "url": null }, "geometry": null },
{ "type": "Feature", "properties": { "fid": 243427, "numero_int": 4, "tipo": "(Fotos intervención)", "ruta": "./media/4/media/Fotos intervención/público/7.jpg", "publico": 1, "url": null }, "geometry": null },
{ "type": "Feature", "properties": { "fid": 243428, "numero_int": 4, "tipo": "(Fotos intervención)", "ruta": "./media/4/media/Fotos intervención/público/8.jpg", "publico": 1, "url": null }, "geometry": null },
{ "type": "Feature", "properties": { "fid": 243429, "numero_int": 4, "tipo": "(Fotos intervención)", "ruta": "./media/4/media/Fotos intervención/público/9.jpg", "publico": 1, "url": null }, "geometry": null },
{ "type": "Feature", "properties": { "fid": 243453, "numero_int": 40, "tipo": "(Fotos intervención)", "ruta": "./media/40/media/Fotos intervención/público/1.jpg", "publico": 1, "url": null }, "geometry": null },
{ "type": "Feature", "properties": { "fid": 243454, "numero_int": 40, "tipo": "(Fotos intervención)", "ruta": "./media/40/media/Fotos intervención/público/2.jpg", "publico": 1, "url": null }, "geometry": null },
{ "type": "Feature", "properties": { "fid": 243455, "numero_int": 40, "tipo": "(Fotos intervención)", "ruta": "./media/40/media/Fotos intervención/público/3.jpg", "publico": 1, "url": null }, "geometry": null },
{ "type": "Feature", "properties": { "fid": 243456, "numero_int": 40, "tipo": "(Fotos intervención)", "ruta": "./media/40/media/Fotos intervención/público/4.jpg", "publico": 1, "url": null }, "geometry": null },
{ "type": "Feature", "properties": { "fid": 243464, "numero_int": 41, "tipo": "(Fotos intervención)", "ruta": "./media/41/media/Fotos intervención/público/1.jpg", "publico": 1, "url": null }, "geometry": null },
{ "type": "Feature", "properties": { "fid": 243465, "numero_int": 41, "tipo": "(Fotos intervención)", "ruta": "./media/41/media/Fotos intervención/público/10.jpg", "publico": 1, "url": null }, "geometry": null },
{ "type": "Feature", "properties": { "fid": 243466, "numero_int": 41, "tipo": "(Fotos intervención)", "ruta": "./media/41/media/Fotos intervención/público/11.jpg", "publico": 1, "url": null }, "geometry": null },
{ "type": "Feature", "properties": { "fid": 243467, "numero_int": 41, "tipo": "(Fotos intervención)", "ruta": "./media/41/media/Fotos intervención/público/12.jpg", "publico": 1, "url": null }, "geometry": null },
{ "type": "Feature", "properties": { "fid": 243468, "numero_int": 41, "tipo": "(Fotos intervención)", "ruta": "./media/41/media/Fotos intervención/público/13.jpg", "publico": 1, "url": null }, "geometry": null },
{ "type": "Feature", "properties": { "fid": 243469, "numero_int": 41, "tipo": "(Fotos intervención)", "ruta": "./media/41/media/Fotos intervención/público/14.jpg", "publico": 1, "url": null }, "geometry": null },
{ "type": "Feature", "properties": { "fid": 243470, "numero_int": 41, "tipo": "(Fotos intervención)", "ruta": "./media/41/media/Fotos intervención/público/15.jpg", "publico": 1, "url": null }, "geometry": null },
{ "type": "Feature", "properties": { "fid": 243471, "numero_int": 41, "tipo": "(Fotos intervención)", "ruta": "./media/41/media/Fotos intervención/público/16.jpg", "publico": 1, "url": null }, "geometry": null },
{ "type": "Feature", "properties": { "fid": 243472, "numero_int": 41, "tipo": "(Fotos intervención)", "ruta": "./media/41/media/Fotos intervención/público/2.jpg", "publico": 1, "url": null }, "geometry": null },
{ "type": "Feature", "properties": { "fid": 243473, "numero_int": 41, "tipo": "(Fotos intervención)", "ruta": "./media/41/media/Fotos intervención/público/3.jpg", "publico": 1, "url": null }, "geometry": null },
{ "type": "Feature", "properties": { "fid": 243474, "numero_int": 41, "tipo": "(Fotos intervención)", "ruta": "./media/41/media/Fotos intervención/público/4.jpg", "publico": 1, "url": null }, "geometry": null },
{ "type": "Feature", "properties": { "fid": 243475, "numero_int": 41, "tipo": "(Fotos intervención)", "ruta": "./media/41/media/Fotos intervención/público/5.jpg", "publico": 1, "url": null }, "geometry": null },
{ "type": "Feature", "properties": { "fid": 243476, "numero_int": 41, "tipo": "(Fotos intervención)", "ruta": "./media/41/media/Fotos intervención/público/6.jpg", "publico": 1, "url": null }, "geometry": null },
{ "type": "Feature", "properties": { "fid": 243477, "numero_int": 41, "tipo": "(Fotos intervención)", "ruta": "./media/41/media/Fotos intervención/público/7.jpg", "publico": 1, "url": null }, "geometry": null },
{ "type": "Feature", "properties": { "fid": 243478, "numero_int": 41, "tipo": "(Fotos intervención)", "ruta": "./media/41/media/Fotos intervención/público/8.jpg", "publico": 1, "url": null }, "geometry": null },
{ "type": "Feature", "properties": { "fid": 243479, "numero_int": 41, "tipo": "(Fotos intervención)", "ruta": "./media/41/media/Fotos intervención/público/9.jpg", "publico": 1, "url": null }, "geometry": null },
{ "type": "Feature", "properties": { "fid": 243531, "numero_int": 42, "tipo": "(Fotos intervención)", "ruta": "./media/42/media/Fotos intervención/público/1.jpg", "publico": 1, "url": null }, "geometry": null },
{ "type": "Feature", "properties": { "fid": 243532, "numero_int": 42, "tipo": "(Fotos intervención)", "ruta": "./media/42/media/Fotos intervención/público/2.jpg", "publico": 1, "url": null }, "geometry": null },
{ "type": "Feature", "properties": { "fid": 243533, "numero_int": 42, "tipo": "(Fotos intervención)", "ruta": "./media/42/media/Fotos intervención/público/3.jpg", "publico": 1, "url": null }, "geometry": null },
{ "type": "Feature", "properties": { "fid": 243534, "numero_int": 42, "tipo": "(Fotos intervención)", "ruta": "./media/42/media/Fotos intervención/público/4.jpg", "publico": 1, "url": null }, "geometry": null },
{ "type": "Feature", "properties": { "fid": 243535, "numero_int": 42, "tipo": "(Fotos intervención)", "ruta": "./media/42/media/Fotos intervención/público/5.jpg", "publico": 1, "url": null }, "geometry": null },
{ "type": "Feature", "properties": { "fid": 243536, "numero_int": 42, "tipo": "(Fotos intervención)", "ruta": "./media/42/media/Fotos intervención/público/6.jpg", "publico": 1, "url": null }, "geometry": null },
{ "type": "Feature", "properties": { "fid": 243545, "numero_int": 43, "tipo": "(Fotos intervención)", "ruta": "./media/43/media/Fotos intervención/público/1.jpg", "publico": 1, "url": null }, "geometry": null },
{ "type": "Feature", "properties": { "fid": 243546, "numero_int": 43, "tipo": "(Fotos intervención)", "ruta": "./media/43/media/Fotos intervención/público/2.jpg", "publico": 1, "url": null }, "geometry": null },
{ "type": "Feature", "properties": { "fid": 243547, "numero_int": 43, "tipo": "(Fotos intervención)", "ruta": "./media/43/media/Fotos intervención/público/3.jpg", "publico": 1, "url": null }, "geometry": null },
{ "type": "Feature", "properties": { "fid": 243548, "numero_int": 43, "tipo": "(Fotos intervención)", "ruta": "./media/43/media/Fotos intervención/público/4.jpg", "publico": 1, "url": null }, "geometry": null },
{ "type": "Feature", "properties": { "fid": 243549, "numero_int": 43, "tipo": "(Fotos intervención)", "ruta": "./media/43/media/Fotos intervención/público/5.jpg", "publico": 1, "url": null }, "geometry": null },
{ "type": "Feature", "properties": { "fid": 243550, "numero_int": 43, "tipo": "(Fotos intervención)", "ruta": "./media/43/media/Fotos intervención/público/6.jpg", "publico": 1, "url": null }, "geometry": null },
{ "type": "Feature", "properties": { "fid": 243551, "numero_int": 43, "tipo": "(Fotos intervención)", "ruta": "./media/43/media/Fotos intervención/público/7.jpg", "publico": 1, "url": null }, "geometry": null },
{ "type": "Feature", "properties": { "fid": 243580, "numero_int": 44, "tipo": "(Fotos intervención)", "ruta": "./media/44/media/Fotos intervención/público/Fig.10.jpg", "publico": 1, "url": null }, "geometry": null },
{ "type": "Feature", "properties": { "fid": 243581, "numero_int": 44, "tipo": "(Fotos intervención)", "ruta": "./media/44/media/Fotos intervención/público/Fig.116.jpg", "publico": 1, "url": null }, "geometry": null },
{ "type": "Feature", "properties": { "fid": 243582, "numero_int": 44, "tipo": "(Fotos intervención)", "ruta": "./media/44/media/Fotos intervención/público/Fig.118.jpg", "publico": 1, "url": null }, "geometry": null },
{ "type": "Feature", "properties": { "fid": 243583, "numero_int": 44, "tipo": "(Fotos intervención)", "ruta": "./media/44/media/Fotos intervención/público/Fig.119.jpg", "publico": 1, "url": null }, "geometry": null },
{ "type": "Feature", "properties": { "fid": 243584, "numero_int": 44, "tipo": "(Fotos intervención)", "ruta": "./media/44/media/Fotos intervención/público/Fig.126.jpg", "publico": 1, "url": null }, "geometry": null },
{ "type": "Feature", "properties": { "fid": 243585, "numero_int": 44, "tipo": "(Fotos intervención)", "ruta": "./media/44/media/Fotos intervención/público/Fig.129.jpg", "publico": 1, "url": null }, "geometry": null },
{ "type": "Feature", "properties": { "fid": 243586, "numero_int": 44, "tipo": "(Fotos intervención)", "ruta": "./media/44/media/Fotos intervención/público/Fig.130.jpg", "publico": 1, "url": null }, "geometry": null },
{ "type": "Feature", "properties": { "fid": 243587, "numero_int": 44, "tipo": "(Fotos intervención)", "ruta": "./media/44/media/Fotos intervención/público/Fig.131.jpg", "publico": 1, "url": null }, "geometry": null },
{ "type": "Feature", "properties": { "fid": 243588, "numero_int": 44, "tipo": "(Fotos intervención)", "ruta": "./media/44/media/Fotos intervención/público/Fig.134. Retocada.jpg", "publico": 1, "url": null }, "geometry": null },
{ "type": "Feature", "properties": { "fid": 243589, "numero_int": 44, "tipo": "(Fotos intervención)", "ruta": "./media/44/media/Fotos intervención/público/Fig.138.jpg", "publico": 1, "url": null }, "geometry": null },
{ "type": "Feature", "properties": { "fid": 243590, "numero_int": 44, "tipo": "(Fotos intervención)", "ruta": "./media/44/media/Fotos intervención/público/Fig.139.jpg", "publico": 1, "url": null }, "geometry": null },
{ "type": "Feature", "properties": { "fid": 243591, "numero_int": 44, "tipo": "(Fotos intervención)", "ruta": "./media/44/media/Fotos intervención/público/Fig.144.jpg", "publico": 1, "url": null }, "geometry": null },
{ "type": "Feature", "properties": { "fid": 243592, "numero_int": 44, "tipo": "(Fotos intervención)", "ruta": "./media/44/media/Fotos intervención/público/Fig.145.jpg", "publico": 1, "url": null }, "geometry": null },
{ "type": "Feature", "properties": { "fid": 243593, "numero_int": 44, "tipo": "(Fotos intervención)", "ruta": "./media/44/media/Fotos intervención/público/Fig.147.jpg", "publico": 1, "url": null }, "geometry": null },
{ "type": "Feature", "properties": { "fid": 243594, "numero_int": 44, "tipo": "(Fotos intervención)", "ruta": "./media/44/media/Fotos intervención/público/Fig.155.jpg", "publico": 1, "url": null }, "geometry": null },
{ "type": "Feature", "properties": { "fid": 243595, "numero_int": 44, "tipo": "(Fotos intervención)", "ruta": "./media/44/media/Fotos intervención/público/Fig.157.jpg", "publico": 1, "url": null }, "geometry": null },
{ "type": "Feature", "properties": { "fid": 243596, "numero_int": 44, "tipo": "(Fotos intervención)", "ruta": "./media/44/media/Fotos intervención/público/Fig.158.jpg", "publico": 1, "url": null }, "geometry": null },
{ "type": "Feature", "properties": { "fid": 243597, "numero_int": 44, "tipo": "(Fotos intervención)", "ruta": "./media/44/media/Fotos intervención/público/Fig.161.jpg", "publico": 1, "url": null }, "geometry": null },
{ "type": "Feature", "properties": { "fid": 243598, "numero_int": 44, "tipo": "(Fotos intervención)", "ruta": "./media/44/media/Fotos intervención/público/Fig.162.jpg", "publico": 1, "url": null }, "geometry": null },
{ "type": "Feature", "properties": { "fid": 243599, "numero_int": 44, "tipo": "(Fotos intervención)", "ruta": "./media/44/media/Fotos intervención/público/Fig.163.jpg", "publico": 1, "url": null }, "geometry": null },
{ "type": "Feature", "properties": { "fid": 243600, "numero_int": 44, "tipo": "(Fotos intervención)", "ruta": "./media/44/media/Fotos intervención/público/Fig.186. Restos identificados de la mezquita.jpg", "publico": 1, "url": null }, "geometry": null },
{ "type": "Feature", "properties": { "fid": 243601, "numero_int": 44, "tipo": "(Fotos intervención)", "ruta": "./media/44/media/Fotos intervención/público/Fig.187. Mezquita, reconstrucción tridimensional.jpg", "publico": 1, "url": null }, "geometry": null },
{ "type": "Feature", "properties": { "fid": 243602, "numero_int": 44, "tipo": "(Fotos intervención)", "ruta": "./media/44/media/Fotos intervención/público/Fig.19.jpg", "publico": 1, "url": null }, "geometry": null },
{ "type": "Feature", "properties": { "fid": 243603, "numero_int": 44, "tipo": "(Fotos intervención)", "ruta": "./media/44/media/Fotos intervención/público/Fig.2. Excavación simultánea en área.jpg", "publico": 1, "url": null }, "geometry": null },
{ "type": "Feature", "properties": { "fid": 243604, "numero_int": 44, "tipo": "(Fotos intervención)", "ruta": "./media/44/media/Fotos intervención/público/Fig.21.jpg", "publico": 1, "url": null }, "geometry": null },
{ "type": "Feature", "properties": { "fid": 243605, "numero_int": 44, "tipo": "(Fotos intervención)", "ruta": "./media/44/media/Fotos intervención/público/Fig.23.jpg", "publico": 1, "url": null }, "geometry": null },
{ "type": "Feature", "properties": { "fid": 243606, "numero_int": 44, "tipo": "(Fotos intervención)", "ruta": "./media/44/media/Fotos intervención/público/Fig.31.jpg", "publico": 1, "url": null }, "geometry": null },
{ "type": "Feature", "properties": { "fid": 243607, "numero_int": 44, "tipo": "(Fotos intervención)", "ruta": "./media/44/media/Fotos intervención/público/Fig.39.jpg", "publico": 1, "url": null }, "geometry": null },
{ "type": "Feature", "properties": { "fid": 243608, "numero_int": 44, "tipo": "(Fotos intervención)", "ruta": "./media/44/media/Fotos intervención/público/Fig.40.jpg", "publico": 1, "url": null }, "geometry": null },
{ "type": "Feature", "properties": { "fid": 243609, "numero_int": 44, "tipo": "(Fotos intervención)", "ruta": "./media/44/media/Fotos intervención/público/Fig.53.jpg", "publico": 1, "url": null }, "geometry": null },
{ "type": "Feature", "properties": { "fid": 243610, "numero_int": 44, "tipo": "(Fotos intervención)", "ruta": "./media/44/media/Fotos intervención/público/Fig.54.jpg", "publico": 1, "url": null }, "geometry": null },
{ "type": "Feature", "properties": { "fid": 243611, "numero_int": 44, "tipo": "(Fotos intervención)", "ruta": "./media/44/media/Fotos intervención/público/Fig.69.jpg", "publico": 1, "url": null }, "geometry": null },
{ "type": "Feature", "properties": { "fid": 243612, "numero_int": 44, "tipo": "(Fotos intervención)", "ruta": "./media/44/media/Fotos intervención/público/Fig.85.jpg", "publico": 1, "url": null }, "geometry": null },
{ "type": "Feature", "properties": { "fid": 243613, "numero_int": 44, "tipo": "(Fotos intervención)", "ruta": "./media/44/media/Fotos intervención/público/Fig.88.jpg", "publico": 1, "url": null }, "geometry": null },
{ "type": "Feature", "properties": { "fid": 243614, "numero_int": 44, "tipo": "(Fotos intervención)", "ruta": "./media/44/media/Fotos intervención/público/Fig.90.jpg", "publico": 1, "url": null }, "geometry": null },
{ "type": "Feature", "properties": { "fid": 243615, "numero_int": 44, "tipo": "(Fotos intervención)", "ruta": "./media/44/media/Fotos intervención/público/Fig.92.jpg", "publico": 1, "url": null }, "geometry": null },
{ "type": "Feature", "properties": { "fid": 243616, "numero_int": 44, "tipo": "(Fotos intervención)", "ruta": "./media/44/media/Fotos intervención/público/Fig.93.jpg", "publico": 1, "url": null }, "geometry": null },
{ "type": "Feature", "properties": { "fid": 243617, "numero_int": 44, "tipo": "(Fotos intervención)", "ruta": "./media/44/media/Fotos intervención/público/Fig.94.jpg", "publico": 1, "url": null }, "geometry": null },
{ "type": "Feature", "properties": { "fid": 243618, "numero_int": 44, "tipo": "(Fotos intervención)", "ruta": "./media/44/media/Fotos intervención/público/Fig.95.jpg", "publico": 1, "url": null }, "geometry": null },
{ "type": "Feature", "properties": { "fid": 243619, "numero_int": 44, "tipo": "(Fotos intervención)", "ruta": "./media/44/media/Fotos intervención/público/Fig.98.jpg", "publico": 1, "url": null }, "geometry": null },
{ "type": "Feature", "properties": { "fid": 243660, "numero_int": 45, "tipo": "(Fotos intervención)", "ruta": "./media/45/media/Fotos intervención/público/1.jpg", "publico": 1, "url": null }, "geometry": null },
{ "type": "Feature", "properties": { "fid": 243661, "numero_int": 45, "tipo": "(Fotos intervención)", "ruta": "./media/45/media/Fotos intervención/público/10.jpg", "publico": 1, "url": null }, "geometry": null },
{ "type": "Feature", "properties": { "fid": 243662, "numero_int": 45, "tipo": "(Fotos intervención)", "ruta": "./media/45/media/Fotos intervención/público/11.jpg", "publico": 1, "url": null }, "geometry": null },
{ "type": "Feature", "properties": { "fid": 243663, "numero_int": 45, "tipo": "(Fotos intervención)", "ruta": "./media/45/media/Fotos intervención/público/12.jpg", "publico": 1, "url": null }, "geometry": null },
{ "type": "Feature", "properties": { "fid": 243664, "numero_int": 45, "tipo": "(Fotos intervención)", "ruta": "./media/45/media/Fotos intervención/público/13.jpg", "publico": 1, "url": null }, "geometry": null },
{ "type": "Feature", "properties": { "fid": 243665, "numero_int": 45, "tipo": "(Fotos intervención)", "ruta": "./media/45/media/Fotos intervención/público/14.jpg", "publico": 1, "url": null }, "geometry": null },
{ "type": "Feature", "properties": { "fid": 243666, "numero_int": 45, "tipo": "(Fotos intervención)", "ruta": "./media/45/media/Fotos intervención/público/15.jpg", "publico": 1, "url": null }, "geometry": null },
{ "type": "Feature", "properties": { "fid": 243667, "numero_int": 45, "tipo": "(Fotos intervención)", "ruta": "./media/45/media/Fotos intervención/público/16.jpg", "publico": 1, "url": null }, "geometry": null },
{ "type": "Feature", "properties": { "fid": 243668, "numero_int": 45, "tipo": "(Fotos intervención)", "ruta": "./media/45/media/Fotos intervención/público/17.jpg", "publico": 1, "url": null }, "geometry": null },
{ "type": "Feature", "properties": { "fid": 243669, "numero_int": 45, "tipo": "(Fotos intervención)", "ruta": "./media/45/media/Fotos intervención/público/18.jpg", "publico": 1, "url": null }, "geometry": null },
{ "type": "Feature", "properties": { "fid": 243670, "numero_int": 45, "tipo": "(Fotos intervención)", "ruta": "./media/45/media/Fotos intervención/público/19.jpg", "publico": 1, "url": null }, "geometry": null },
{ "type": "Feature", "properties": { "fid": 243671, "numero_int": 45, "tipo": "(Fotos intervención)", "ruta": "./media/45/media/Fotos intervención/público/2.jpg", "publico": 1, "url": null }, "geometry": null },
{ "type": "Feature", "properties": { "fid": 243672, "numero_int": 45, "tipo": "(Fotos intervención)", "ruta": "./media/45/media/Fotos intervención/público/20.jpg", "publico": 1, "url": null }, "geometry": null },
{ "type": "Feature", "properties": { "fid": 243673, "numero_int": 45, "tipo": "(Fotos intervención)", "ruta": "./media/45/media/Fotos intervención/público/21.jpg", "publico": 1, "url": null }, "geometry": null },
{ "type": "Feature", "properties": { "fid": 243674, "numero_int": 45, "tipo": "(Fotos intervención)", "ruta": "./media/45/media/Fotos intervención/público/22.jpg", "publico": 1, "url": null }, "geometry": null },
{ "type": "Feature", "properties": { "fid": 243675, "numero_int": 45, "tipo": "(Fotos intervención)", "ruta": "./media/45/media/Fotos intervención/público/23.jpg", "publico": 1, "url": null }, "geometry": null },
{ "type": "Feature", "properties": { "fid": 243676, "numero_int": 45, "tipo": "(Fotos intervención)", "ruta": "./media/45/media/Fotos intervención/público/24.jpg", "publico": 1, "url": null }, "geometry": null },
{ "type": "Feature", "properties": { "fid": 243677, "numero_int": 45, "tipo": "(Fotos intervención)", "ruta": "./media/45/media/Fotos intervención/público/25.jpg", "publico": 1, "url": null }, "geometry": null },
{ "type": "Feature", "properties": { "fid": 243678, "numero_int": 45, "tipo": "(Fotos intervención)", "ruta": "./media/45/media/Fotos intervención/público/26.jpg", "publico": 1, "url": null }, "geometry": null },
{ "type": "Feature", "properties": { "fid": 243679, "numero_int": 45, "tipo": "(Fotos intervención)", "ruta": "./media/45/media/Fotos intervención/público/27.jpg", "publico": 1, "url": null }, "geometry": null },
{ "type": "Feature", "properties": { "fid": 243680, "numero_int": 45, "tipo": "(Fotos intervención)", "ruta": "./media/45/media/Fotos intervención/público/28.jpg", "publico": 1, "url": null }, "geometry": null },
{ "type": "Feature", "properties": { "fid": 243681, "numero_int": 45, "tipo": "(Fotos intervención)", "ruta": "./media/45/media/Fotos intervención/público/29.jpg", "publico": 1, "url": null }, "geometry": null },
{ "type": "Feature", "properties": { "fid": 243682, "numero_int": 45, "tipo": "(Fotos intervención)", "ruta": "./media/45/media/Fotos intervención/público/3.jpg", "publico": 1, "url": null }, "geometry": null },
{ "type": "Feature", "properties": { "fid": 243683, "numero_int": 45, "tipo": "(Fotos intervención)", "ruta": "./media/45/media/Fotos intervención/público/30.jpg", "publico": 1, "url": null }, "geometry": null },
{ "type": "Feature", "properties": { "fid": 243684, "numero_int": 45, "tipo": "(Fotos intervención)", "ruta": "./media/45/media/Fotos intervención/público/4.jpg", "publico": 1, "url": null }, "geometry": null },
{ "type": "Feature", "properties": { "fid": 243685, "numero_int": 45, "tipo": "(Fotos intervención)", "ruta": "./media/45/media/Fotos intervención/público/5.jpg", "publico": 1, "url": null }, "geometry": null },
{ "type": "Feature", "properties": { "fid": 243686, "numero_int": 45, "tipo": "(Fotos intervención)", "ruta": "./media/45/media/Fotos intervención/público/6.jpg", "publico": 1, "url": null }, "geometry": null },
{ "type": "Feature", "properties": { "fid": 243687, "numero_int": 45, "tipo": "(Fotos intervención)", "ruta": "./media/45/media/Fotos intervención/público/7.jpg", "publico": 1, "url": null }, "geometry": null },
{ "type": "Feature", "properties": { "fid": 243688, "numero_int": 45, "tipo": "(Fotos intervención)", "ruta": "./media/45/media/Fotos intervención/público/8.jpg", "publico": 1, "url": null }, "geometry": null },
{ "type": "Feature", "properties": { "fid": 243689, "numero_int": 45, "tipo": "(Fotos intervención)", "ruta": "./media/45/media/Fotos intervención/público/9.jpg", "publico": 1, "url": null }, "geometry": null },
{ "type": "Feature", "properties": { "fid": 243690, "numero_int": 45, "tipo": "(Fotos intervención)", "ruta": "./media/45/media/Fotos intervención/público/Atril_CataSector_7.jpg", "publico": 1, "url": null }, "geometry": null },
{ "type": "Feature", "properties": { "fid": 243827, "numero_int": 45, "tipo": "(Hemeroteca)", "ruta": "./media/45/media/Hemeroteca/público/PRENSA023.jpg", "publico": 1, "url": null }, "geometry": null },
{ "type": "Feature", "properties": { "fid": 243869, "numero_int": 46, "tipo": "(Fotos intervención)", "ruta": "./media/46/media/Fotos intervención/público/1.jpg", "publico": 1, "url": null }, "geometry": null },
{ "type": "Feature", "properties": { "fid": 243870, "numero_int": 46, "tipo": "(Fotos intervención)", "ruta": "./media/46/media/Fotos intervención/público/10.jpg", "publico": 1, "url": null }, "geometry": null },
{ "type": "Feature", "properties": { "fid": 243871, "numero_int": 46, "tipo": "(Fotos intervención)", "ruta": "./media/46/media/Fotos intervención/público/11.jpg", "publico": 1, "url": null }, "geometry": null },
{ "type": "Feature", "properties": { "fid": 243872, "numero_int": 46, "tipo": "(Fotos intervención)", "ruta": "./media/46/media/Fotos intervención/público/12.jpg", "publico": 1, "url": null }, "geometry": null },
{ "type": "Feature", "properties": { "fid": 243873, "numero_int": 46, "tipo": "(Fotos intervención)", "ruta": "./media/46/media/Fotos intervención/público/13.jpg", "publico": 1, "url": null }, "geometry": null },
{ "type": "Feature", "properties": { "fid": 243874, "numero_int": 46, "tipo": "(Fotos intervención)", "ruta": "./media/46/media/Fotos intervención/público/14.jpg", "publico": 1, "url": null }, "geometry": null },
{ "type": "Feature", "properties": { "fid": 243875, "numero_int": 46, "tipo": "(Fotos intervención)", "ruta": "./media/46/media/Fotos intervención/público/2.jpg", "publico": 1, "url": null }, "geometry": null },
{ "type": "Feature", "properties": { "fid": 243876, "numero_int": 46, "tipo": "(Fotos intervención)", "ruta": "./media/46/media/Fotos intervención/público/3.jpg", "publico": 1, "url": null }, "geometry": null },
{ "type": "Feature", "properties": { "fid": 243877, "numero_int": 46, "tipo": "(Fotos intervención)", "ruta": "./media/46/media/Fotos intervención/público/4.jpg", "publico": 1, "url": null }, "geometry": null },
{ "type": "Feature", "properties": { "fid": 243878, "numero_int": 46, "tipo": "(Fotos intervención)", "ruta": "./media/46/media/Fotos intervención/público/5.jpg", "publico": 1, "url": null }, "geometry": null },
{ "type": "Feature", "properties": { "fid": 243879, "numero_int": 46, "tipo": "(Fotos intervención)", "ruta": "./media/46/media/Fotos intervención/público/6.jpg", "publico": 1, "url": null }, "geometry": null },
{ "type": "Feature", "properties": { "fid": 243880, "numero_int": 46, "tipo": "(Fotos intervención)", "ruta": "./media/46/media/Fotos intervención/público/7.jpg", "publico": 1, "url": null }, "geometry": null },
{ "type": "Feature", "properties": { "fid": 243881, "numero_int": 46, "tipo": "(Fotos intervención)", "ruta": "./media/46/media/Fotos intervención/público/8.jpg", "publico": 1, "url": null }, "geometry": null },
{ "type": "Feature", "properties": { "fid": 243882, "numero_int": 46, "tipo": "(Fotos intervención)", "ruta": "./media/46/media/Fotos intervención/público/9.jpg", "publico": 1, "url": null }, "geometry": null },
{ "type": "Feature", "properties": { "fid": 243965, "numero_int": 47, "tipo": "(Fotos intervención)", "ruta": "./media/47/media/Fotos intervención/público/1.jpg", "publico": 1, "url": null }, "geometry": null },
{ "type": "Feature", "properties": { "fid": 243966, "numero_int": 47, "tipo": "(Fotos intervención)", "ruta": "./media/47/media/Fotos intervención/público/10.jpg", "publico": 1, "url": null }, "geometry": null },
{ "type": "Feature", "properties": { "fid": 243967, "numero_int": 47, "tipo": "(Fotos intervención)", "ruta": "./media/47/media/Fotos intervención/público/2.jpg", "publico": 1, "url": null }, "geometry": null },
{ "type": "Feature", "properties": { "fid": 243968, "numero_int": 47, "tipo": "(Fotos intervención)", "ruta": "./media/47/media/Fotos intervención/público/3.jpg", "publico": 1, "url": null }, "geometry": null },
{ "type": "Feature", "properties": { "fid": 243969, "numero_int": 47, "tipo": "(Fotos intervención)", "ruta": "./media/47/media/Fotos intervención/público/4.jpg", "publico": 1, "url": null }, "geometry": null },
{ "type": "Feature", "properties": { "fid": 243970, "numero_int": 47, "tipo": "(Fotos intervención)", "ruta": "./media/47/media/Fotos intervención/público/5.jpg", "publico": 1, "url": null }, "geometry": null },
{ "type": "Feature", "properties": { "fid": 243971, "numero_int": 47, "tipo": "(Fotos intervención)", "ruta": "./media/47/media/Fotos intervención/público/6.jpg", "publico": 1, "url": null }, "geometry": null },
{ "type": "Feature", "properties": { "fid": 243972, "numero_int": 47, "tipo": "(Fotos intervención)", "ruta": "./media/47/media/Fotos intervención/público/7.jpg", "publico": 1, "url": null }, "geometry": null },
{ "type": "Feature", "properties": { "fid": 243973, "numero_int": 47, "tipo": "(Fotos intervención)", "ruta": "./media/47/media/Fotos intervención/público/8.jpg", "publico": 1, "url": null }, "geometry": null },
{ "type": "Feature", "properties": { "fid": 243974, "numero_int": 47, "tipo": "(Fotos intervención)", "ruta": "./media/47/media/Fotos intervención/público/9.jpg", "publico": 1, "url": null }, "geometry": null },
{ "type": "Feature", "properties": { "fid": 244028, "numero_int": 48, "tipo": "(Fotos intervención)", "ruta": "./media/48/media/Fotos intervención/público/1.jpg", "publico": 1, "url": null }, "geometry": null },
{ "type": "Feature", "properties": { "fid": 244029, "numero_int": 48, "tipo": "(Fotos intervención)", "ruta": "./media/48/media/Fotos intervención/público/10.jpg", "publico": 1, "url": null }, "geometry": null },
{ "type": "Feature", "properties": { "fid": 244030, "numero_int": 48, "tipo": "(Fotos intervención)", "ruta": "./media/48/media/Fotos intervención/público/11.jpg", "publico": 1, "url": null }, "geometry": null },
{ "type": "Feature", "properties": { "fid": 244031, "numero_int": 48, "tipo": "(Fotos intervención)", "ruta": "./media/48/media/Fotos intervención/público/12.jpg", "publico": 1, "url": null }, "geometry": null },
{ "type": "Feature", "properties": { "fid": 244032, "numero_int": 48, "tipo": "(Fotos intervención)", "ruta": "./media/48/media/Fotos intervención/público/13.jpg", "publico": 1, "url": null }, "geometry": null },
{ "type": "Feature", "properties": { "fid": 244033, "numero_int": 48, "tipo": "(Fotos intervención)", "ruta": "./media/48/media/Fotos intervención/público/14.jpg", "publico": 1, "url": null }, "geometry": null },
{ "type": "Feature", "properties": { "fid": 244034, "numero_int": 48, "tipo": "(Fotos intervención)", "ruta": "./media/48/media/Fotos intervención/público/15.jpg", "publico": 1, "url": null }, "geometry": null },
{ "type": "Feature", "properties": { "fid": 244035, "numero_int": 48, "tipo": "(Fotos intervención)", "ruta": "./media/48/media/Fotos intervención/público/16.jpg", "publico": 1, "url": null }, "geometry": null },
{ "type": "Feature", "properties": { "fid": 244036, "numero_int": 48, "tipo": "(Fotos intervención)", "ruta": "./media/48/media/Fotos intervención/público/17.jpg", "publico": 1, "url": null }, "geometry": null },
{ "type": "Feature", "properties": { "fid": 244037, "numero_int": 48, "tipo": "(Fotos intervención)", "ruta": "./media/48/media/Fotos intervención/público/18.jpg", "publico": 1, "url": null }, "geometry": null },
{ "type": "Feature", "properties": { "fid": 244038, "numero_int": 48, "tipo": "(Fotos intervención)", "ruta": "./media/48/media/Fotos intervención/público/19.jpg", "publico": 1, "url": null }, "geometry": null },
{ "type": "Feature", "properties": { "fid": 244039, "numero_int": 48, "tipo": "(Fotos intervención)", "ruta": "./media/48/media/Fotos intervención/público/2.jpg", "publico": 1, "url": null }, "geometry": null },
{ "type": "Feature", "properties": { "fid": 244040, "numero_int": 48, "tipo": "(Fotos intervención)", "ruta": "./media/48/media/Fotos intervención/público/20.jpg", "publico": 1, "url": null }, "geometry": null },
{ "type": "Feature", "properties": { "fid": 244041, "numero_int": 48, "tipo": "(Fotos intervención)", "ruta": "./media/48/media/Fotos intervención/público/21.jpg", "publico": 1, "url": null }, "geometry": null },
{ "type": "Feature", "properties": { "fid": 244042, "numero_int": 48, "tipo": "(Fotos intervención)", "ruta": "./media/48/media/Fotos intervención/público/22.jpg", "publico": 1, "url": null }, "geometry": null },
{ "type": "Feature", "properties": { "fid": 244043, "numero_int": 48, "tipo": "(Fotos intervención)", "ruta": "./media/48/media/Fotos intervención/público/23.jpg", "publico": 1, "url": null }, "geometry": null },
{ "type": "Feature", "properties": { "fid": 244044, "numero_int": 48, "tipo": "(Fotos intervención)", "ruta": "./media/48/media/Fotos intervención/público/24.jpg", "publico": 1, "url": null }, "geometry": null },
{ "type": "Feature", "properties": { "fid": 244045, "numero_int": 48, "tipo": "(Fotos intervención)", "ruta": "./media/48/media/Fotos intervención/público/3.jpg", "publico": 1, "url": null }, "geometry": null },
{ "type": "Feature", "properties": { "fid": 244046, "numero_int": 48, "tipo": "(Fotos intervención)", "ruta": "./media/48/media/Fotos intervención/público/4.jpg", "publico": 1, "url": null }, "geometry": null },
{ "type": "Feature", "properties": { "fid": 244047, "numero_int": 48, "tipo": "(Fotos intervención)", "ruta": "./media/48/media/Fotos intervención/público/5.jpg", "publico": 1, "url": null }, "geometry": null },
{ "type": "Feature", "properties": { "fid": 244048, "numero_int": 48, "tipo": "(Fotos intervención)", "ruta": "./media/48/media/Fotos intervención/público/6.jpg", "publico": 1, "url": null }, "geometry": null },
{ "type": "Feature", "properties": { "fid": 244049, "numero_int": 48, "tipo": "(Fotos intervención)", "ruta": "./media/48/media/Fotos intervención/público/7.jpg", "publico": 1, "url": null }, "geometry": null },
{ "type": "Feature", "properties": { "fid": 244050, "numero_int": 48, "tipo": "(Fotos intervención)", "ruta": "./media/48/media/Fotos intervención/público/8.jpg", "publico": 1, "url": null }, "geometry": null },
{ "type": "Feature", "properties": { "fid": 244051, "numero_int": 48, "tipo": "(Fotos intervención)", "ruta": "./media/48/media/Fotos intervención/público/9.jpg", "publico": 1, "url": null }, "geometry": null },
{ "type": "Feature", "properties": { "fid": 244325, "numero_int": 49, "tipo": "(Fotos intervención)", "ruta": "./media/49/media/Fotos intervención/público/1.jpg", "publico": 1, "url": null }, "geometry": null },
{ "type": "Feature", "properties": { "fid": 244326, "numero_int": 49, "tipo": "(Fotos intervención)", "ruta": "./media/49/media/Fotos intervención/público/10.jpg", "publico": 1, "url": null }, "geometry": null },
{ "type": "Feature", "properties": { "fid": 244327, "numero_int": 49, "tipo": "(Fotos intervención)", "ruta": "./media/49/media/Fotos intervención/público/11.jpg", "publico": 1, "url": null }, "geometry": null },
{ "type": "Feature", "properties": { "fid": 244328, "numero_int": 49, "tipo": "(Fotos intervención)", "ruta": "./media/49/media/Fotos intervención/público/12.jpg", "publico": 1, "url": null }, "geometry": null },
{ "type": "Feature", "properties": { "fid": 244329, "numero_int": 49, "tipo": "(Fotos intervención)", "ruta": "./media/49/media/Fotos intervención/público/13.jpg", "publico": 1, "url": null }, "geometry": null },
{ "type": "Feature", "properties": { "fid": 244330, "numero_int": 49, "tipo": "(Fotos intervención)", "ruta": "./media/49/media/Fotos intervención/público/14.jpg", "publico": 1, "url": null }, "geometry": null },
{ "type": "Feature", "properties": { "fid": 244331, "numero_int": 49, "tipo": "(Fotos intervención)", "ruta": "./media/49/media/Fotos intervención/público/15.jpg", "publico": 1, "url": null }, "geometry": null },
{ "type": "Feature", "properties": { "fid": 244332, "numero_int": 49, "tipo": "(Fotos intervención)", "ruta": "./media/49/media/Fotos intervención/público/16.jpg", "publico": 1, "url": null }, "geometry": null },
{ "type": "Feature", "properties": { "fid": 244333, "numero_int": 49, "tipo": "(Fotos intervención)", "ruta": "./media/49/media/Fotos intervención/público/17.jpg", "publico": 1, "url": null }, "geometry": null },
{ "type": "Feature", "properties": { "fid": 244334, "numero_int": 49, "tipo": "(Fotos intervención)", "ruta": "./media/49/media/Fotos intervención/público/2.jpg", "publico": 1, "url": null }, "geometry": null },
{ "type": "Feature", "properties": { "fid": 244335, "numero_int": 49, "tipo": "(Fotos intervención)", "ruta": "./media/49/media/Fotos intervención/público/3.jpg", "publico": 1, "url": null }, "geometry": null },
{ "type": "Feature", "properties": { "fid": 244336, "numero_int": 49, "tipo": "(Fotos intervención)", "ruta": "./media/49/media/Fotos intervención/público/4.jpg", "publico": 1, "url": null }, "geometry": null },
{ "type": "Feature", "properties": { "fid": 244337, "numero_int": 49, "tipo": "(Fotos intervención)", "ruta": "./media/49/media/Fotos intervención/público/5.jpg", "publico": 1, "url": null }, "geometry": null },
{ "type": "Feature", "properties": { "fid": 244338, "numero_int": 49, "tipo": "(Fotos intervención)", "ruta": "./media/49/media/Fotos intervención/público/6.jpg", "publico": 1, "url": null }, "geometry": null },
{ "type": "Feature", "properties": { "fid": 244339, "numero_int": 49, "tipo": "(Fotos intervención)", "ruta": "./media/49/media/Fotos intervención/público/7.jpg", "publico": 1, "url": null }, "geometry": null },
{ "type": "Feature", "properties": { "fid": 244340, "numero_int": 49, "tipo": "(Fotos intervención)", "ruta": "./media/49/media/Fotos intervención/público/8.jpg", "publico": 1, "url": null }, "geometry": null },
{ "type": "Feature", "properties": { "fid": 244341, "numero_int": 49, "tipo": "(Fotos intervención)", "ruta": "./media/49/media/Fotos intervención/público/9.jpg", "publico": 1, "url": null }, "geometry": null },
{ "type": "Feature", "properties": { "fid": 244411, "numero_int": 49, "tipo": "(Hemeroteca)", "ruta": "./media/49/media/Hemeroteca/público/IMG-20200111-WA0002.jpg", "publico": 1, "url": null }, "geometry": null },
{ "type": "Feature", "properties": { "fid": 244412, "numero_int": 49, "tipo": "(Hemeroteca)", "ruta": "./media/49/media/Hemeroteca/público/IMG-20200111-WA0003.jpg", "publico": 1, "url": null }, "geometry": null },
{ "type": "Feature", "properties": { "fid": 244417, "numero_int": 5, "tipo": "(Fotos intervención)", "ruta": "./media/5/media/Fotos intervención/público/1.jpg", "publico": 1, "url": null }, "geometry": null },
{ "type": "Feature", "properties": { "fid": 244418, "numero_int": 5, "tipo": "(Fotos intervención)", "ruta": "./media/5/media/Fotos intervención/público/10.jpg", "publico": 1, "url": null }, "geometry": null },
{ "type": "Feature", "properties": { "fid": 244419, "numero_int": 5, "tipo": "(Fotos intervención)", "ruta": "./media/5/media/Fotos intervención/público/11.jpg", "publico": 1, "url": null }, "geometry": null },
{ "type": "Feature", "properties": { "fid": 244420, "numero_int": 5, "tipo": "(Fotos intervención)", "ruta": "./media/5/media/Fotos intervención/público/12.jpg", "publico": 1, "url": null }, "geometry": null },
{ "type": "Feature", "properties": { "fid": 244421, "numero_int": 5, "tipo": "(Fotos intervención)", "ruta": "./media/5/media/Fotos intervención/público/13.jpg", "publico": 1, "url": null }, "geometry": null },
{ "type": "Feature", "properties": { "fid": 244422, "numero_int": 5, "tipo": "(Fotos intervención)", "ruta": "./media/5/media/Fotos intervención/público/14.jpg", "publico": 1, "url": null }, "geometry": null },
{ "type": "Feature", "properties": { "fid": 244423, "numero_int": 5, "tipo": "(Fotos intervención)", "ruta": "./media/5/media/Fotos intervención/público/2.jpg", "publico": 1, "url": null }, "geometry": null },
{ "type": "Feature", "properties": { "fid": 244424, "numero_int": 5, "tipo": "(Fotos intervención)", "ruta": "./media/5/media/Fotos intervención/público/3.jpg", "publico": 1, "url": null }, "geometry": null },
{ "type": "Feature", "properties": { "fid": 244425, "numero_int": 5, "tipo": "(Fotos intervención)", "ruta": "./media/5/media/Fotos intervención/público/4.jpg", "publico": 1, "url": null }, "geometry": null },
{ "type": "Feature", "properties": { "fid": 244426, "numero_int": 5, "tipo": "(Fotos intervención)", "ruta": "./media/5/media/Fotos intervención/público/5.jpg", "publico": 1, "url": null }, "geometry": null },
{ "type": "Feature", "properties": { "fid": 244427, "numero_int": 5, "tipo": "(Fotos intervención)", "ruta": "./media/5/media/Fotos intervención/público/6.jpg", "publico": 1, "url": null }, "geometry": null },
{ "type": "Feature", "properties": { "fid": 244428, "numero_int": 5, "tipo": "(Fotos intervención)", "ruta": "./media/5/media/Fotos intervención/público/7.jpg", "publico": 1, "url": null }, "geometry": null },
{ "type": "Feature", "properties": { "fid": 244429, "numero_int": 5, "tipo": "(Fotos intervención)", "ruta": "./media/5/media/Fotos intervención/público/8.jpg", "publico": 1, "url": null }, "geometry": null },
{ "type": "Feature", "properties": { "fid": 244430, "numero_int": 5, "tipo": "(Fotos intervención)", "ruta": "./media/5/media/Fotos intervención/público/9.jpg", "publico": 1, "url": null }, "geometry": null },
{ "type": "Feature", "properties": { "fid": 244482, "numero_int": 50, "tipo": "(Fotos intervención)", "ruta": "./media/50/media/Fotos intervención/público/1.jpg", "publico": 1, "url": null }, "geometry": null },
{ "type": "Feature", "properties": { "fid": 244483, "numero_int": 50, "tipo": "(Fotos intervención)", "ruta": "./media/50/media/Fotos intervención/público/10.jpg", "publico": 1, "url": null }, "geometry": null },
{ "type": "Feature", "properties": { "fid": 244484, "numero_int": 50, "tipo": "(Fotos intervención)", "ruta": "./media/50/media/Fotos intervención/público/11.jpg", "publico": 1, "url": null }, "geometry": null },
{ "type": "Feature", "properties": { "fid": 244485, "numero_int": 50, "tipo": "(Fotos intervención)", "ruta": "./media/50/media/Fotos intervención/público/12.jpg", "publico": 1, "url": null }, "geometry": null },
{ "type": "Feature", "properties": { "fid": 244486, "numero_int": 50, "tipo": "(Fotos intervención)", "ruta": "./media/50/media/Fotos intervención/público/13.jpg", "publico": 1, "url": null }, "geometry": null },
{ "type": "Feature", "properties": { "fid": 244487, "numero_int": 50, "tipo": "(Fotos intervención)", "ruta": "./media/50/media/Fotos intervención/público/14.jpg", "publico": 1, "url": null }, "geometry": null },
{ "type": "Feature", "properties": { "fid": 244488, "numero_int": 50, "tipo": "(Fotos intervención)", "ruta": "./media/50/media/Fotos intervención/público/15.jpg", "publico": 1, "url": null }, "geometry": null },
{ "type": "Feature", "properties": { "fid": 244489, "numero_int": 50, "tipo": "(Fotos intervención)", "ruta": "./media/50/media/Fotos intervención/público/16.jpg", "publico": 1, "url": null }, "geometry": null },
{ "type": "Feature", "properties": { "fid": 244490, "numero_int": 50, "tipo": "(Fotos intervención)", "ruta": "./media/50/media/Fotos intervención/público/17.jpg", "publico": 1, "url": null }, "geometry": null },
{ "type": "Feature", "properties": { "fid": 244491, "numero_int": 50, "tipo": "(Fotos intervención)", "ruta": "./media/50/media/Fotos intervención/público/18.jpg", "publico": 1, "url": null }, "geometry": null },
{ "type": "Feature", "properties": { "fid": 244492, "numero_int": 50, "tipo": "(Fotos intervención)", "ruta": "./media/50/media/Fotos intervención/público/19.jpg", "publico": 1, "url": null }, "geometry": null },
{ "type": "Feature", "properties": { "fid": 244493, "numero_int": 50, "tipo": "(Fotos intervención)", "ruta": "./media/50/media/Fotos intervención/público/2.jpg", "publico": 1, "url": null }, "geometry": null },
{ "type": "Feature", "properties": { "fid": 244494, "numero_int": 50, "tipo": "(Fotos intervención)", "ruta": "./media/50/media/Fotos intervención/público/20.jpg", "publico": 1, "url": null }, "geometry": null },
{ "type": "Feature", "properties": { "fid": 244495, "numero_int": 50, "tipo": "(Fotos intervención)", "ruta": "./media/50/media/Fotos intervención/público/21.jpg", "publico": 1, "url": null }, "geometry": null },
{ "type": "Feature", "properties": { "fid": 244496, "numero_int": 50, "tipo": "(Fotos intervención)", "ruta": "./media/50/media/Fotos intervención/público/22.jpg", "publico": 1, "url": null }, "geometry": null },
{ "type": "Feature", "properties": { "fid": 244497, "numero_int": 50, "tipo": "(Fotos intervención)", "ruta": "./media/50/media/Fotos intervención/público/23.jpg", "publico": 1, "url": null }, "geometry": null },
{ "type": "Feature", "properties": { "fid": 244498, "numero_int": 50, "tipo": "(Fotos intervención)", "ruta": "./media/50/media/Fotos intervención/público/24.jpg", "publico": 1, "url": null }, "geometry": null },
{ "type": "Feature", "properties": { "fid": 244499, "numero_int": 50, "tipo": "(Fotos intervención)", "ruta": "./media/50/media/Fotos intervención/público/25.jpg", "publico": 1, "url": null }, "geometry": null },
{ "type": "Feature", "properties": { "fid": 244500, "numero_int": 50, "tipo": "(Fotos intervención)", "ruta": "./media/50/media/Fotos intervención/público/26.jpg", "publico": 1, "url": null }, "geometry": null },
{ "type": "Feature", "properties": { "fid": 244501, "numero_int": 50, "tipo": "(Fotos intervención)", "ruta": "./media/50/media/Fotos intervención/público/27.jpg", "publico": 1, "url": null }, "geometry": null },
{ "type": "Feature", "properties": { "fid": 244502, "numero_int": 50, "tipo": "(Fotos intervención)", "ruta": "./media/50/media/Fotos intervención/público/3.jpg", "publico": 1, "url": null }, "geometry": null },
{ "type": "Feature", "properties": { "fid": 244503, "numero_int": 50, "tipo": "(Fotos intervención)", "ruta": "./media/50/media/Fotos intervención/público/4.jpg", "publico": 1, "url": null }, "geometry": null },
{ "type": "Feature", "properties": { "fid": 244504, "numero_int": 50, "tipo": "(Fotos intervención)", "ruta": "./media/50/media/Fotos intervención/público/5.jpg", "publico": 1, "url": null }, "geometry": null },
{ "type": "Feature", "properties": { "fid": 244505, "numero_int": 50, "tipo": "(Fotos intervención)", "ruta": "./media/50/media/Fotos intervención/público/6.jpg", "publico": 1, "url": null }, "geometry": null },
{ "type": "Feature", "properties": { "fid": 244506, "numero_int": 50, "tipo": "(Fotos intervención)", "ruta": "./media/50/media/Fotos intervención/público/7.jpg", "publico": 1, "url": null }, "geometry": null },
{ "type": "Feature", "properties": { "fid": 244507, "numero_int": 50, "tipo": "(Fotos intervención)", "ruta": "./media/50/media/Fotos intervención/público/8.jpg", "publico": 1, "url": null }, "geometry": null },
{ "type": "Feature", "properties": { "fid": 244508, "numero_int": 50, "tipo": "(Fotos intervención)", "ruta": "./media/50/media/Fotos intervención/público/9.jpg", "publico": 1, "url": null }, "geometry": null },
{ "type": "Feature", "properties": { "fid": 244619, "numero_int": 52, "tipo": "(Fotos intervención)", "ruta": "./media/52/media/Fotos intervención/público/1.jpg", "publico": 1, "url": null }, "geometry": null },
{ "type": "Feature", "properties": { "fid": 244620, "numero_int": 52, "tipo": "(Fotos intervención)", "ruta": "./media/52/media/Fotos intervención/público/10.jpg", "publico": 1, "url": null }, "geometry": null },
{ "type": "Feature", "properties": { "fid": 244621, "numero_int": 52, "tipo": "(Fotos intervención)", "ruta": "./media/52/media/Fotos intervención/público/11.jpg", "publico": 1, "url": null }, "geometry": null },
{ "type": "Feature", "properties": { "fid": 244622, "numero_int": 52, "tipo": "(Fotos intervención)", "ruta": "./media/52/media/Fotos intervención/público/12.jpg", "publico": 1, "url": null }, "geometry": null },
{ "type": "Feature", "properties": { "fid": 244623, "numero_int": 52, "tipo": "(Fotos intervención)", "ruta": "./media/52/media/Fotos intervención/público/13.jpg", "publico": 1, "url": null }, "geometry": null },
{ "type": "Feature", "properties": { "fid": 244624, "numero_int": 52, "tipo": "(Fotos intervención)", "ruta": "./media/52/media/Fotos intervención/público/14.jpg", "publico": 1, "url": null }, "geometry": null },
{ "type": "Feature", "properties": { "fid": 244625, "numero_int": 52, "tipo": "(Fotos intervención)", "ruta": "./media/52/media/Fotos intervención/público/15.jpg", "publico": 1, "url": null }, "geometry": null },
{ "type": "Feature", "properties": { "fid": 244626, "numero_int": 52, "tipo": "(Fotos intervención)", "ruta": "./media/52/media/Fotos intervención/público/16.jpg", "publico": 1, "url": null }, "geometry": null },
{ "type": "Feature", "properties": { "fid": 244627, "numero_int": 52, "tipo": "(Fotos intervención)", "ruta": "./media/52/media/Fotos intervención/público/17.jpg", "publico": 1, "url": null }, "geometry": null },
{ "type": "Feature", "properties": { "fid": 244628, "numero_int": 52, "tipo": "(Fotos intervención)", "ruta": "./media/52/media/Fotos intervención/público/18.jpg", "publico": 1, "url": null }, "geometry": null },
{ "type": "Feature", "properties": { "fid": 244629, "numero_int": 52, "tipo": "(Fotos intervención)", "ruta": "./media/52/media/Fotos intervención/público/19.jpg", "publico": 1, "url": null }, "geometry": null },
{ "type": "Feature", "properties": { "fid": 244630, "numero_int": 52, "tipo": "(Fotos intervención)", "ruta": "./media/52/media/Fotos intervención/público/2.jpg", "publico": 1, "url": null }, "geometry": null },
{ "type": "Feature", "properties": { "fid": 244631, "numero_int": 52, "tipo": "(Fotos intervención)", "ruta": "./media/52/media/Fotos intervención/público/20.jpg", "publico": 1, "url": null }, "geometry": null },
{ "type": "Feature", "properties": { "fid": 244632, "numero_int": 52, "tipo": "(Fotos intervención)", "ruta": "./media/52/media/Fotos intervención/público/21.jpg", "publico": 1, "url": null }, "geometry": null },
{ "type": "Feature", "properties": { "fid": 244633, "numero_int": 52, "tipo": "(Fotos intervención)", "ruta": "./media/52/media/Fotos intervención/público/22.jpg", "publico": 1, "url": null }, "geometry": null },
{ "type": "Feature", "properties": { "fid": 244634, "numero_int": 52, "tipo": "(Fotos intervención)", "ruta": "./media/52/media/Fotos intervención/público/3.jpg", "publico": 1, "url": null }, "geometry": null },
{ "type": "Feature", "properties": { "fid": 244635, "numero_int": 52, "tipo": "(Fotos intervención)", "ruta": "./media/52/media/Fotos intervención/público/4.jpg", "publico": 1, "url": null }, "geometry": null },
{ "type": "Feature", "properties": { "fid": 244636, "numero_int": 52, "tipo": "(Fotos intervención)", "ruta": "./media/52/media/Fotos intervención/público/5.jpg", "publico": 1, "url": null }, "geometry": null },
{ "type": "Feature", "properties": { "fid": 244637, "numero_int": 52, "tipo": "(Fotos intervención)", "ruta": "./media/52/media/Fotos intervención/público/6.jpg", "publico": 1, "url": null }, "geometry": null },
{ "type": "Feature", "properties": { "fid": 244638, "numero_int": 52, "tipo": "(Fotos intervención)", "ruta": "./media/52/media/Fotos intervención/público/7.jpg", "publico": 1, "url": null }, "geometry": null },
{ "type": "Feature", "properties": { "fid": 244639, "numero_int": 52, "tipo": "(Fotos intervención)", "ruta": "./media/52/media/Fotos intervención/público/8.jpg", "publico": 1, "url": null }, "geometry": null },
{ "type": "Feature", "properties": { "fid": 244640, "numero_int": 52, "tipo": "(Fotos intervención)", "ruta": "./media/52/media/Fotos intervención/público/9.jpg", "publico": 1, "url": null }, "geometry": null },
{ "type": "Feature", "properties": { "fid": 244762, "numero_int": 52, "tipo": "(Hemeroteca)", "ruta": "./media/52/media/Hemeroteca/público/PRENSA022.jpg", "publico": 1, "url": null }, "geometry": null },
{ "type": "Feature", "properties": { "fid": 244768, "numero_int": 53, "tipo": "(Fotos intervención)", "ruta": "./media/53/media/Fotos intervención/público/1.jpg", "publico": 1, "url": null }, "geometry": null },
{ "type": "Feature", "properties": { "fid": 244769, "numero_int": 53, "tipo": "(Fotos intervención)", "ruta": "./media/53/media/Fotos intervención/público/2.jpg", "publico": 1, "url": null }, "geometry": null },
{ "type": "Feature", "properties": { "fid": 244770, "numero_int": 53, "tipo": "(Fotos intervención)", "ruta": "./media/53/media/Fotos intervención/público/3.jpg", "publico": 1, "url": null }, "geometry": null },
{ "type": "Feature", "properties": { "fid": 244771, "numero_int": 53, "tipo": "(Fotos intervención)", "ruta": "./media/53/media/Fotos intervención/público/4.jpg", "publico": 1, "url": null }, "geometry": null },
{ "type": "Feature", "properties": { "fid": 244772, "numero_int": 53, "tipo": "(Fotos intervención)", "ruta": "./media/53/media/Fotos intervención/público/5.jpg", "publico": 1, "url": null }, "geometry": null },
{ "type": "Feature", "properties": { "fid": 244773, "numero_int": 53, "tipo": "(Fotos intervención)", "ruta": "./media/53/media/Fotos intervención/público/6.jpg", "publico": 1, "url": null }, "geometry": null },
{ "type": "Feature", "properties": { "fid": 244774, "numero_int": 53, "tipo": "(Fotos intervención)", "ruta": "./media/53/media/Fotos intervención/público/7.jpg", "publico": 1, "url": null }, "geometry": null },
{ "type": "Feature", "properties": { "fid": 244775, "numero_int": 53, "tipo": "(Fotos intervención)", "ruta": "./media/53/media/Fotos intervención/público/8.jpg", "publico": 1, "url": null }, "geometry": null },
{ "type": "Feature", "properties": { "fid": 244776, "numero_int": 53, "tipo": "(Fotos intervención)", "ruta": "./media/53/media/Fotos intervención/público/9.jpg", "publico": 1, "url": null }, "geometry": null },
{ "type": "Feature", "properties": { "fid": 244777, "numero_int": 55, "tipo": "(Fotos intervención)", "ruta": "./media/55/media/Fotos intervención/público/img045.jpg", "publico": 1, "url": null }, "geometry": null },
{ "type": "Feature", "properties": { "fid": 244778, "numero_int": 55, "tipo": "(Fotos intervención)", "ruta": "./media/55/media/Fotos intervención/público/img046.jpg", "publico": 1, "url": null }, "geometry": null },
{ "type": "Feature", "properties": { "fid": 244779, "numero_int": 55, "tipo": "(Fotos intervención)", "ruta": "./media/55/media/Fotos intervención/público/img047.jpg", "publico": 1, "url": null }, "geometry": null },
{ "type": "Feature", "properties": { "fid": 246485, "numero_int": 57, "tipo": "(Fotos intervención)", "ruta": "./media/57/media/Fotos intervención/público/1.jpg", "publico": 1, "url": null }, "geometry": null },
{ "type": "Feature", "properties": { "fid": 246486, "numero_int": 57, "tipo": "(Fotos intervención)", "ruta": "./media/57/media/Fotos intervención/público/2.jpg", "publico": 1, "url": null }, "geometry": null },
{ "type": "Feature", "properties": { "fid": 246487, "numero_int": 57, "tipo": "(Fotos intervención)", "ruta": "./media/57/media/Fotos intervención/público/3.jpg", "publico": 1, "url": null }, "geometry": null },
{ "type": "Feature", "properties": { "fid": 246488, "numero_int": 57, "tipo": "(Fotos intervención)", "ruta": "./media/57/media/Fotos intervención/público/4.jpg", "publico": 1, "url": null }, "geometry": null },
{ "type": "Feature", "properties": { "fid": 246489, "numero_int": 57, "tipo": "(Fotos intervención)", "ruta": "./media/57/media/Fotos intervención/público/5.jpg", "publico": 1, "url": null }, "geometry": null },
{ "type": "Feature", "properties": { "fid": 246490, "numero_int": 57, "tipo": "(Fotos intervención)", "ruta": "./media/57/media/Fotos intervención/público/6.jpg", "publico": 1, "url": null }, "geometry": null },
{ "type": "Feature", "properties": { "fid": 246491, "numero_int": 57, "tipo": "(Fotos intervención)", "ruta": "./media/57/media/Fotos intervención/público/7.jpg", "publico": 1, "url": null }, "geometry": null },
{ "type": "Feature", "properties": { "fid": 246499, "numero_int": 58, "tipo": "(Fotos intervención)", "ruta": "./media/58/media/Fotos intervención/público/1.jpg", "publico": 1, "url": null }, "geometry": null },
{ "type": "Feature", "properties": { "fid": 246500, "numero_int": 58, "tipo": "(Fotos intervención)", "ruta": "./media/58/media/Fotos intervención/público/10.jpg", "publico": 1, "url": null }, "geometry": null },
{ "type": "Feature", "properties": { "fid": 246501, "numero_int": 58, "tipo": "(Fotos intervención)", "ruta": "./media/58/media/Fotos intervención/público/11.jpg", "publico": 1, "url": null }, "geometry": null },
{ "type": "Feature", "properties": { "fid": 246502, "numero_int": 58, "tipo": "(Fotos intervención)", "ruta": "./media/58/media/Fotos intervención/público/12.jpg", "publico": 1, "url": null }, "geometry": null },
{ "type": "Feature", "properties": { "fid": 246503, "numero_int": 58, "tipo": "(Fotos intervención)", "ruta": "./media/58/media/Fotos intervención/público/13.jpg", "publico": 1, "url": null }, "geometry": null },
{ "type": "Feature", "properties": { "fid": 246504, "numero_int": 58, "tipo": "(Fotos intervención)", "ruta": "./media/58/media/Fotos intervención/público/14.jpg", "publico": 1, "url": null }, "geometry": null },
{ "type": "Feature", "properties": { "fid": 246505, "numero_int": 58, "tipo": "(Fotos intervención)", "ruta": "./media/58/media/Fotos intervención/público/2.jpg", "publico": 1, "url": null }, "geometry": null },
{ "type": "Feature", "properties": { "fid": 246506, "numero_int": 58, "tipo": "(Fotos intervención)", "ruta": "./media/58/media/Fotos intervención/público/3.jpg", "publico": 1, "url": null }, "geometry": null },
{ "type": "Feature", "properties": { "fid": 246507, "numero_int": 58, "tipo": "(Fotos intervención)", "ruta": "./media/58/media/Fotos intervención/público/4.jpg", "publico": 1, "url": null }, "geometry": null },
{ "type": "Feature", "properties": { "fid": 246508, "numero_int": 58, "tipo": "(Fotos intervención)", "ruta": "./media/58/media/Fotos intervención/público/5.jpg", "publico": 1, "url": null }, "geometry": null },
{ "type": "Feature", "properties": { "fid": 246509, "numero_int": 58, "tipo": "(Fotos intervención)", "ruta": "./media/58/media/Fotos intervención/público/6.jpg", "publico": 1, "url": null }, "geometry": null },
{ "type": "Feature", "properties": { "fid": 246510, "numero_int": 58, "tipo": "(Fotos intervención)", "ruta": "./media/58/media/Fotos intervención/público/7.jpg", "publico": 1, "url": null }, "geometry": null },
{ "type": "Feature", "properties": { "fid": 246511, "numero_int": 58, "tipo": "(Fotos intervención)", "ruta": "./media/58/media/Fotos intervención/público/8.jpg", "publico": 1, "url": null }, "geometry": null },
{ "type": "Feature", "properties": { "fid": 246512, "numero_int": 58, "tipo": "(Fotos intervención)", "ruta": "./media/58/media/Fotos intervención/público/9.jpg", "publico": 1, "url": null }, "geometry": null },
{ "type": "Feature", "properties": { "fid": 246564, "numero_int": 58, "tipo": "(Hemeroteca)", "ruta": "./media/58/media/Hemeroteca/público/PRENSA021.jpg", "publico": 1, "url": null }, "geometry": null },
{ "type": "Feature", "properties": { "fid": 246568, "numero_int": 59, "tipo": "(Fotos intervención)", "ruta": "./media/59/media/Fotos intervención/público/1.jpg", "publico": 1, "url": null }, "geometry": null },
{ "type": "Feature", "properties": { "fid": 246569, "numero_int": 59, "tipo": "(Fotos intervención)", "ruta": "./media/59/media/Fotos intervención/público/10.jpg", "publico": 1, "url": null }, "geometry": null },
{ "type": "Feature", "properties": { "fid": 246570, "numero_int": 59, "tipo": "(Fotos intervención)", "ruta": "./media/59/media/Fotos intervención/público/11.jpg", "publico": 1, "url": null }, "geometry": null },
{ "type": "Feature", "properties": { "fid": 246571, "numero_int": 59, "tipo": "(Fotos intervención)", "ruta": "./media/59/media/Fotos intervención/público/12.jpg", "publico": 1, "url": null }, "geometry": null },
{ "type": "Feature", "properties": { "fid": 246572, "numero_int": 59, "tipo": "(Fotos intervención)", "ruta": "./media/59/media/Fotos intervención/público/13.jpg", "publico": 1, "url": null }, "geometry": null },
{ "type": "Feature", "properties": { "fid": 246573, "numero_int": 59, "tipo": "(Fotos intervención)", "ruta": "./media/59/media/Fotos intervención/público/14.jpg", "publico": 1, "url": null }, "geometry": null },
{ "type": "Feature", "properties": { "fid": 246574, "numero_int": 59, "tipo": "(Fotos intervención)", "ruta": "./media/59/media/Fotos intervención/público/15.jpg", "publico": 1, "url": null }, "geometry": null },
{ "type": "Feature", "properties": { "fid": 246575, "numero_int": 59, "tipo": "(Fotos intervención)", "ruta": "./media/59/media/Fotos intervención/público/16.jpg", "publico": 1, "url": null }, "geometry": null },
{ "type": "Feature", "properties": { "fid": 246576, "numero_int": 59, "tipo": "(Fotos intervención)", "ruta": "./media/59/media/Fotos intervención/público/17.jpg", "publico": 1, "url": null }, "geometry": null },
{ "type": "Feature", "properties": { "fid": 246577, "numero_int": 59, "tipo": "(Fotos intervención)", "ruta": "./media/59/media/Fotos intervención/público/18.jpg", "publico": 1, "url": null }, "geometry": null },
{ "type": "Feature", "properties": { "fid": 246578, "numero_int": 59, "tipo": "(Fotos intervención)", "ruta": "./media/59/media/Fotos intervención/público/19.jpg", "publico": 1, "url": null }, "geometry": null },
{ "type": "Feature", "properties": { "fid": 246579, "numero_int": 59, "tipo": "(Fotos intervención)", "ruta": "./media/59/media/Fotos intervención/público/2.jpg", "publico": 1, "url": null }, "geometry": null },
{ "type": "Feature", "properties": { "fid": 246580, "numero_int": 59, "tipo": "(Fotos intervención)", "ruta": "./media/59/media/Fotos intervención/público/20.jpg", "publico": 1, "url": null }, "geometry": null },
{ "type": "Feature", "properties": { "fid": 246581, "numero_int": 59, "tipo": "(Fotos intervención)", "ruta": "./media/59/media/Fotos intervención/público/21.jpg", "publico": 1, "url": null }, "geometry": null },
{ "type": "Feature", "properties": { "fid": 246582, "numero_int": 59, "tipo": "(Fotos intervención)", "ruta": "./media/59/media/Fotos intervención/público/22.jpg", "publico": 1, "url": null }, "geometry": null },
{ "type": "Feature", "properties": { "fid": 246583, "numero_int": 59, "tipo": "(Fotos intervención)", "ruta": "./media/59/media/Fotos intervención/público/23.jpg", "publico": 1, "url": null }, "geometry": null },
{ "type": "Feature", "properties": { "fid": 246584, "numero_int": 59, "tipo": "(Fotos intervención)", "ruta": "./media/59/media/Fotos intervención/público/24.jpg", "publico": 1, "url": null }, "geometry": null },
{ "type": "Feature", "properties": { "fid": 246585, "numero_int": 59, "tipo": "(Fotos intervención)", "ruta": "./media/59/media/Fotos intervención/público/25.jpg", "publico": 1, "url": null }, "geometry": null },
{ "type": "Feature", "properties": { "fid": 246586, "numero_int": 59, "tipo": "(Fotos intervención)", "ruta": "./media/59/media/Fotos intervención/público/26.jpg", "publico": 1, "url": null }, "geometry": null },
{ "type": "Feature", "properties": { "fid": 246587, "numero_int": 59, "tipo": "(Fotos intervención)", "ruta": "./media/59/media/Fotos intervención/público/27.jpg", "publico": 1, "url": null }, "geometry": null },
{ "type": "Feature", "properties": { "fid": 246588, "numero_int": 59, "tipo": "(Fotos intervención)", "ruta": "./media/59/media/Fotos intervención/público/28.jpg", "publico": 1, "url": null }, "geometry": null },
{ "type": "Feature", "properties": { "fid": 246589, "numero_int": 59, "tipo": "(Fotos intervención)", "ruta": "./media/59/media/Fotos intervención/público/29.jpg", "publico": 1, "url": null }, "geometry": null },
{ "type": "Feature", "properties": { "fid": 246590, "numero_int": 59, "tipo": "(Fotos intervención)", "ruta": "./media/59/media/Fotos intervención/público/3.jpg", "publico": 1, "url": null }, "geometry": null },
{ "type": "Feature", "properties": { "fid": 246591, "numero_int": 59, "tipo": "(Fotos intervención)", "ruta": "./media/59/media/Fotos intervención/público/30.jpg", "publico": 1, "url": null }, "geometry": null },
{ "type": "Feature", "properties": { "fid": 246592, "numero_int": 59, "tipo": "(Fotos intervención)", "ruta": "./media/59/media/Fotos intervención/público/31.jpg", "publico": 1, "url": null }, "geometry": null },
{ "type": "Feature", "properties": { "fid": 246593, "numero_int": 59, "tipo": "(Fotos intervención)", "ruta": "./media/59/media/Fotos intervención/público/32.jpg", "publico": 1, "url": null }, "geometry": null },
{ "type": "Feature", "properties": { "fid": 246594, "numero_int": 59, "tipo": "(Fotos intervención)", "ruta": "./media/59/media/Fotos intervención/público/33.jpg", "publico": 1, "url": null }, "geometry": null },
{ "type": "Feature", "properties": { "fid": 246595, "numero_int": 59, "tipo": "(Fotos intervención)", "ruta": "./media/59/media/Fotos intervención/público/34.jpg", "publico": 1, "url": null }, "geometry": null },
{ "type": "Feature", "properties": { "fid": 246596, "numero_int": 59, "tipo": "(Fotos intervención)", "ruta": "./media/59/media/Fotos intervención/público/35.jpg", "publico": 1, "url": null }, "geometry": null },
{ "type": "Feature", "properties": { "fid": 246597, "numero_int": 59, "tipo": "(Fotos intervención)", "ruta": "./media/59/media/Fotos intervención/público/36.jpg", "publico": 1, "url": null }, "geometry": null },
{ "type": "Feature", "properties": { "fid": 246598, "numero_int": 59, "tipo": "(Fotos intervención)", "ruta": "./media/59/media/Fotos intervención/público/37.jpg", "publico": 1, "url": null }, "geometry": null },
{ "type": "Feature", "properties": { "fid": 246599, "numero_int": 59, "tipo": "(Fotos intervención)", "ruta": "./media/59/media/Fotos intervención/público/38.jpg", "publico": 1, "url": null }, "geometry": null },
{ "type": "Feature", "properties": { "fid": 246600, "numero_int": 59, "tipo": "(Fotos intervención)", "ruta": "./media/59/media/Fotos intervención/público/39.jpg", "publico": 1, "url": null }, "geometry": null },
{ "type": "Feature", "properties": { "fid": 246601, "numero_int": 59, "tipo": "(Fotos intervención)", "ruta": "./media/59/media/Fotos intervención/público/4.jpg", "publico": 1, "url": null }, "geometry": null },
{ "type": "Feature", "properties": { "fid": 246602, "numero_int": 59, "tipo": "(Fotos intervención)", "ruta": "./media/59/media/Fotos intervención/público/40.jpg", "publico": 1, "url": null }, "geometry": null },
{ "type": "Feature", "properties": { "fid": 246603, "numero_int": 59, "tipo": "(Fotos intervención)", "ruta": "./media/59/media/Fotos intervención/público/41.jpg", "publico": 1, "url": null }, "geometry": null },
{ "type": "Feature", "properties": { "fid": 246604, "numero_int": 59, "tipo": "(Fotos intervención)", "ruta": "./media/59/media/Fotos intervención/público/42.jpg", "publico": 1, "url": null }, "geometry": null },
{ "type": "Feature", "properties": { "fid": 246605, "numero_int": 59, "tipo": "(Fotos intervención)", "ruta": "./media/59/media/Fotos intervención/público/43.jpg", "publico": 1, "url": null }, "geometry": null },
{ "type": "Feature", "properties": { "fid": 246606, "numero_int": 59, "tipo": "(Fotos intervención)", "ruta": "./media/59/media/Fotos intervención/público/44.jpg", "publico": 1, "url": null }, "geometry": null },
{ "type": "Feature", "properties": { "fid": 246607, "numero_int": 59, "tipo": "(Fotos intervención)", "ruta": "./media/59/media/Fotos intervención/público/45.jpg", "publico": 1, "url": null }, "geometry": null },
{ "type": "Feature", "properties": { "fid": 246608, "numero_int": 59, "tipo": "(Fotos intervención)", "ruta": "./media/59/media/Fotos intervención/público/46.jpg", "publico": 1, "url": null }, "geometry": null },
{ "type": "Feature", "properties": { "fid": 246609, "numero_int": 59, "tipo": "(Fotos intervención)", "ruta": "./media/59/media/Fotos intervención/público/47.jpg", "publico": 1, "url": null }, "geometry": null },
{ "type": "Feature", "properties": { "fid": 246610, "numero_int": 59, "tipo": "(Fotos intervención)", "ruta": "./media/59/media/Fotos intervención/público/48.jpg", "publico": 1, "url": null }, "geometry": null },
{ "type": "Feature", "properties": { "fid": 246611, "numero_int": 59, "tipo": "(Fotos intervención)", "ruta": "./media/59/media/Fotos intervención/público/49.jpg", "publico": 1, "url": null }, "geometry": null },
{ "type": "Feature", "properties": { "fid": 246612, "numero_int": 59, "tipo": "(Fotos intervención)", "ruta": "./media/59/media/Fotos intervención/público/5.jpg", "publico": 1, "url": null }, "geometry": null },
{ "type": "Feature", "properties": { "fid": 246613, "numero_int": 59, "tipo": "(Fotos intervención)", "ruta": "./media/59/media/Fotos intervención/público/50.jpg", "publico": 1, "url": null }, "geometry": null },
{ "type": "Feature", "properties": { "fid": 246614, "numero_int": 59, "tipo": "(Fotos intervención)", "ruta": "./media/59/media/Fotos intervención/público/51.jpg", "publico": 1, "url": null }, "geometry": null },
{ "type": "Feature", "properties": { "fid": 246615, "numero_int": 59, "tipo": "(Fotos intervención)", "ruta": "./media/59/media/Fotos intervención/público/52.jpg", "publico": 1, "url": null }, "geometry": null },
{ "type": "Feature", "properties": { "fid": 246616, "numero_int": 59, "tipo": "(Fotos intervención)", "ruta": "./media/59/media/Fotos intervención/público/53.jpg", "publico": 1, "url": null }, "geometry": null },
{ "type": "Feature", "properties": { "fid": 246617, "numero_int": 59, "tipo": "(Fotos intervención)", "ruta": "./media/59/media/Fotos intervención/público/54.jpg", "publico": 1, "url": null }, "geometry": null },
{ "type": "Feature", "properties": { "fid": 246618, "numero_int": 59, "tipo": "(Fotos intervención)", "ruta": "./media/59/media/Fotos intervención/público/55.jpg", "publico": 1, "url": null }, "geometry": null },
{ "type": "Feature", "properties": { "fid": 246619, "numero_int": 59, "tipo": "(Fotos intervención)", "ruta": "./media/59/media/Fotos intervención/público/56.jpg", "publico": 1, "url": null }, "geometry": null },
{ "type": "Feature", "properties": { "fid": 246620, "numero_int": 59, "tipo": "(Fotos intervención)", "ruta": "./media/59/media/Fotos intervención/público/57.jpg", "publico": 1, "url": null }, "geometry": null },
{ "type": "Feature", "properties": { "fid": 246621, "numero_int": 59, "tipo": "(Fotos intervención)", "ruta": "./media/59/media/Fotos intervención/público/58.jpg", "publico": 1, "url": null }, "geometry": null },
{ "type": "Feature", "properties": { "fid": 246622, "numero_int": 59, "tipo": "(Fotos intervención)", "ruta": "./media/59/media/Fotos intervención/público/59.jpg", "publico": 1, "url": null }, "geometry": null },
{ "type": "Feature", "properties": { "fid": 246623, "numero_int": 59, "tipo": "(Fotos intervención)", "ruta": "./media/59/media/Fotos intervención/público/6.jpg", "publico": 1, "url": null }, "geometry": null },
{ "type": "Feature", "properties": { "fid": 246624, "numero_int": 59, "tipo": "(Fotos intervención)", "ruta": "./media/59/media/Fotos intervención/público/60.jpg", "publico": 1, "url": null }, "geometry": null },
{ "type": "Feature", "properties": { "fid": 246625, "numero_int": 59, "tipo": "(Fotos intervención)", "ruta": "./media/59/media/Fotos intervención/público/61.jpg", "publico": 1, "url": null }, "geometry": null },
{ "type": "Feature", "properties": { "fid": 246626, "numero_int": 59, "tipo": "(Fotos intervención)", "ruta": "./media/59/media/Fotos intervención/público/62.jpg", "publico": 1, "url": null }, "geometry": null },
{ "type": "Feature", "properties": { "fid": 246627, "numero_int": 59, "tipo": "(Fotos intervención)", "ruta": "./media/59/media/Fotos intervención/público/7.jpg", "publico": 1, "url": null }, "geometry": null },
{ "type": "Feature", "properties": { "fid": 246628, "numero_int": 59, "tipo": "(Fotos intervención)", "ruta": "./media/59/media/Fotos intervención/público/8.jpg", "publico": 1, "url": null }, "geometry": null },
{ "type": "Feature", "properties": { "fid": 246629, "numero_int": 59, "tipo": "(Fotos intervención)", "ruta": "./media/59/media/Fotos intervención/público/9.jpg", "publico": 1, "url": null }, "geometry": null },
{ "type": "Feature", "properties": { "fid": 247268, "numero_int": 59, "tipo": "(Hemeroteca)", "ruta": "./media/59/media/Hemeroteca/público/PRENSA.jpg", "publico": 1, "url": null }, "geometry": null },
{ "type": "Feature", "properties": { "fid": 247269, "numero_int": 59, "tipo": "(Hemeroteca)", "ruta": "./media/59/media/Hemeroteca/público/prensa008.jpg", "publico": 1, "url": null }, "geometry": null },
{ "type": "Feature", "properties": { "fid": 247270, "numero_int": 59, "tipo": "(Hemeroteca)", "ruta": "./media/59/media/Hemeroteca/público/PRENSA017.jpg", "publico": 1, "url": null }, "geometry": null },
{ "type": "Feature", "properties": { "fid": 247271, "numero_int": 59, "tipo": "(Hemeroteca)", "ruta": "./media/59/media/Hemeroteca/público/PRENSA018.jpg", "publico": 1, "url": null }, "geometry": null },
{ "type": "Feature", "properties": { "fid": 247272, "numero_int": 59, "tipo": "(Hemeroteca)", "ruta": "./media/59/media/Hemeroteca/público/PRENSA019.jpg", "publico": 1, "url": null }, "geometry": null },
{ "type": "Feature", "properties": { "fid": 247273, "numero_int": 59, "tipo": "(Hemeroteca)", "ruta": "./media/59/media/Hemeroteca/público/PRENSA020.jpg", "publico": 1, "url": null }, "geometry": null },
{ "type": "Feature", "properties": { "fid": 247280, "numero_int": 59, "tipo": "Planimetrías", "ruta": "./media/59/media/Planimetrías/público/NecropolisHerrerias_.jpg", "publico": 1, "url": null }, "geometry": null },
{ "type": "Feature", "properties": { "fid": 247284, "numero_int": 6, "tipo": "(Fotos intervención)", "ruta": "./media/6/media/Fotos intervención/público/1.jpg", "publico": 1, "url": null }, "geometry": null },
{ "type": "Feature", "properties": { "fid": 247285, "numero_int": 6, "tipo": "(Fotos intervención)", "ruta": "./media/6/media/Fotos intervención/público/2.jpg", "publico": 1, "url": null }, "geometry": null },
{ "type": "Feature", "properties": { "fid": 247289, "numero_int": 60, "tipo": "(Fotos intervención)", "ruta": "./media/60/media/Fotos intervención/público/Bodega.jpg", "publico": 1, "url": null }, "geometry": null },
{ "type": "Feature", "properties": { "fid": 247290, "numero_int": 60, "tipo": "(Fotos intervención)", "ruta": "./media/60/media/Fotos intervención/público/DSC00269.jpg", "publico": 1, "url": null }, "geometry": null },
{ "type": "Feature", "properties": { "fid": 247291, "numero_int": 60, "tipo": "(Fotos intervención)", "ruta": "./media/60/media/Fotos intervención/público/Selección informe Batache 1  UE 2, UE 4, UE 6. copia.jpg", "publico": 1, "url": null }, "geometry": null },
{ "type": "Feature", "properties": { "fid": 247292, "numero_int": 60, "tipo": "(Fotos intervención)", "ruta": "./media/60/media/Fotos intervención/público/Selección informe batache 1 UE 6, UE 4, UE 2, UE 5..jpg", "publico": 1, "url": null }, "geometry": null },
{ "type": "Feature", "properties": { "fid": 247293, "numero_int": 60, "tipo": "(Fotos intervención)", "ruta": "./media/60/media/Fotos intervención/público/Selección informe Batache 4.3  Foto final Batache..jpg", "publico": 1, "url": null }, "geometry": null },
{ "type": "Feature", "properties": { "fid": 247294, "numero_int": 60, "tipo": "(Fotos intervención)", "ruta": "./media/60/media/Fotos intervención/público/Selección informe Batache 5.2.jpg", "publico": 1, "url": null }, "geometry": null },
{ "type": "Feature", "properties": { "fid": 247295, "numero_int": 60, "tipo": "(Fotos intervención)", "ruta": "./media/60/media/Fotos intervención/público/Selección informe Batache 5.4.jpg", "publico": 1, "url": null }, "geometry": null },
{ "type": "Feature", "properties": { "fid": 247296, "numero_int": 60, "tipo": "(Fotos intervención)", "ruta": "./media/60/media/Fotos intervención/público/Selección informe Batache 7.5.jpg", "publico": 1, "url": null }, "geometry": null },
{ "type": "Feature", "properties": { "fid": 247297, "numero_int": 60, "tipo": "(Fotos intervención)", "ruta": "./media/60/media/Fotos intervención/público/Selección informe Batache 7.6.jpg", "publico": 1, "url": null }, "geometry": null },
{ "type": "Feature", "properties": { "fid": 247298, "numero_int": 60, "tipo": "(Fotos intervención)", "ruta": "./media/60/media/Fotos intervención/público/Selección informe Espacio 1  UE 5, 16.jpg", "publico": 1, "url": null }, "geometry": null },
{ "type": "Feature", "properties": { "fid": 247299, "numero_int": 60, "tipo": "(Fotos intervención)", "ruta": "./media/60/media/Fotos intervención/público/Selección informe espacio 1  UE 5, 18, 8.jpg", "publico": 1, "url": null }, "geometry": null },
{ "type": "Feature", "properties": { "fid": 247352, "numero_int": 63, "tipo": "(Fotos intervención)", "ruta": "./media/63/media/Fotos intervención/público/1.jpg", "publico": 1, "url": null }, "geometry": null },
{ "type": "Feature", "properties": { "fid": 247353, "numero_int": 63, "tipo": "(Fotos intervención)", "ruta": "./media/63/media/Fotos intervención/público/10.jpg", "publico": 1, "url": null }, "geometry": null },
{ "type": "Feature", "properties": { "fid": 247354, "numero_int": 63, "tipo": "(Fotos intervención)", "ruta": "./media/63/media/Fotos intervención/público/11.jpg", "publico": 1, "url": null }, "geometry": null },
{ "type": "Feature", "properties": { "fid": 247355, "numero_int": 63, "tipo": "(Fotos intervención)", "ruta": "./media/63/media/Fotos intervención/público/12.jpg", "publico": 1, "url": null }, "geometry": null },
{ "type": "Feature", "properties": { "fid": 247356, "numero_int": 63, "tipo": "(Fotos intervención)", "ruta": "./media/63/media/Fotos intervención/público/13.jpg", "publico": 1, "url": null }, "geometry": null },
{ "type": "Feature", "properties": { "fid": 247357, "numero_int": 63, "tipo": "(Fotos intervención)", "ruta": "./media/63/media/Fotos intervención/público/14.jpg", "publico": 1, "url": null }, "geometry": null },
{ "type": "Feature", "properties": { "fid": 247358, "numero_int": 63, "tipo": "(Fotos intervención)", "ruta": "./media/63/media/Fotos intervención/público/15.jpg", "publico": 1, "url": null }, "geometry": null },
{ "type": "Feature", "properties": { "fid": 247359, "numero_int": 63, "tipo": "(Fotos intervención)", "ruta": "./media/63/media/Fotos intervención/público/2.jpg", "publico": 1, "url": null }, "geometry": null },
{ "type": "Feature", "properties": { "fid": 247360, "numero_int": 63, "tipo": "(Fotos intervención)", "ruta": "./media/63/media/Fotos intervención/público/3.jpg", "publico": 1, "url": null }, "geometry": null },
{ "type": "Feature", "properties": { "fid": 247361, "numero_int": 63, "tipo": "(Fotos intervención)", "ruta": "./media/63/media/Fotos intervención/público/4.jpg", "publico": 1, "url": null }, "geometry": null },
{ "type": "Feature", "properties": { "fid": 247362, "numero_int": 63, "tipo": "(Fotos intervención)", "ruta": "./media/63/media/Fotos intervención/público/5.jpg", "publico": 1, "url": null }, "geometry": null },
{ "type": "Feature", "properties": { "fid": 247363, "numero_int": 63, "tipo": "(Fotos intervención)", "ruta": "./media/63/media/Fotos intervención/público/6.jpg", "publico": 1, "url": null }, "geometry": null },
{ "type": "Feature", "properties": { "fid": 247364, "numero_int": 63, "tipo": "(Fotos intervención)", "ruta": "./media/63/media/Fotos intervención/público/7.jpg", "publico": 1, "url": null }, "geometry": null },
{ "type": "Feature", "properties": { "fid": 247365, "numero_int": 63, "tipo": "(Fotos intervención)", "ruta": "./media/63/media/Fotos intervención/público/8.jpg", "publico": 1, "url": null }, "geometry": null },
{ "type": "Feature", "properties": { "fid": 247366, "numero_int": 63, "tipo": "(Fotos intervención)", "ruta": "./media/63/media/Fotos intervención/público/9.jpg", "publico": 1, "url": null }, "geometry": null },
{ "type": "Feature", "properties": { "fid": 247549, "numero_int": 67, "tipo": "(Fotos intervención)", "ruta": "./media/67/media/Fotos intervención/público/1.jpg", "publico": 1, "url": null }, "geometry": null },
{ "type": "Feature", "properties": { "fid": 247550, "numero_int": 67, "tipo": "(Fotos intervención)", "ruta": "./media/67/media/Fotos intervención/público/10.jpg", "publico": 1, "url": null }, "geometry": null },
{ "type": "Feature", "properties": { "fid": 247551, "numero_int": 67, "tipo": "(Fotos intervención)", "ruta": "./media/67/media/Fotos intervención/público/11.jpg", "publico": 1, "url": null }, "geometry": null },
{ "type": "Feature", "properties": { "fid": 247552, "numero_int": 67, "tipo": "(Fotos intervención)", "ruta": "./media/67/media/Fotos intervención/público/12.jpg", "publico": 1, "url": null }, "geometry": null },
{ "type": "Feature", "properties": { "fid": 247553, "numero_int": 67, "tipo": "(Fotos intervención)", "ruta": "./media/67/media/Fotos intervención/público/13.jpg", "publico": 1, "url": null }, "geometry": null },
{ "type": "Feature", "properties": { "fid": 247554, "numero_int": 67, "tipo": "(Fotos intervención)", "ruta": "./media/67/media/Fotos intervención/público/14.jpg", "publico": 1, "url": null }, "geometry": null },
{ "type": "Feature", "properties": { "fid": 247555, "numero_int": 67, "tipo": "(Fotos intervención)", "ruta": "./media/67/media/Fotos intervención/público/15.jpg", "publico": 1, "url": null }, "geometry": null },
{ "type": "Feature", "properties": { "fid": 247556, "numero_int": 67, "tipo": "(Fotos intervención)", "ruta": "./media/67/media/Fotos intervención/público/16.jpg", "publico": 1, "url": null }, "geometry": null },
{ "type": "Feature", "properties": { "fid": 247557, "numero_int": 67, "tipo": "(Fotos intervención)", "ruta": "./media/67/media/Fotos intervención/público/17.jpg", "publico": 1, "url": null }, "geometry": null },
{ "type": "Feature", "properties": { "fid": 247558, "numero_int": 67, "tipo": "(Fotos intervención)", "ruta": "./media/67/media/Fotos intervención/público/18.jpg", "publico": 1, "url": null }, "geometry": null },
{ "type": "Feature", "properties": { "fid": 247559, "numero_int": 67, "tipo": "(Fotos intervención)", "ruta": "./media/67/media/Fotos intervención/público/19.jpg", "publico": 1, "url": null }, "geometry": null },
{ "type": "Feature", "properties": { "fid": 247560, "numero_int": 67, "tipo": "(Fotos intervención)", "ruta": "./media/67/media/Fotos intervención/público/2.jpg", "publico": 1, "url": null }, "geometry": null },
{ "type": "Feature", "properties": { "fid": 247561, "numero_int": 67, "tipo": "(Fotos intervención)", "ruta": "./media/67/media/Fotos intervención/público/20.jpg", "publico": 1, "url": null }, "geometry": null },
{ "type": "Feature", "properties": { "fid": 247562, "numero_int": 67, "tipo": "(Fotos intervención)", "ruta": "./media/67/media/Fotos intervención/público/21 (2).jpg", "publico": 1, "url": null }, "geometry": null },
{ "type": "Feature", "properties": { "fid": 247563, "numero_int": 67, "tipo": "(Fotos intervención)", "ruta": "./media/67/media/Fotos intervención/público/21.jpg", "publico": 1, "url": null }, "geometry": null },
{ "type": "Feature", "properties": { "fid": 247564, "numero_int": 67, "tipo": "(Fotos intervención)", "ruta": "./media/67/media/Fotos intervención/público/22.jpg", "publico": 1, "url": null }, "geometry": null },
{ "type": "Feature", "properties": { "fid": 247565, "numero_int": 67, "tipo": "(Fotos intervención)", "ruta": "./media/67/media/Fotos intervención/público/23.jpg", "publico": 1, "url": null }, "geometry": null },
{ "type": "Feature", "properties": { "fid": 247566, "numero_int": 67, "tipo": "(Fotos intervención)", "ruta": "./media/67/media/Fotos intervención/público/24.jpg", "publico": 1, "url": null }, "geometry": null },
{ "type": "Feature", "properties": { "fid": 247567, "numero_int": 67, "tipo": "(Fotos intervención)", "ruta": "./media/67/media/Fotos intervención/público/25.jpg", "publico": 1, "url": null }, "geometry": null },
{ "type": "Feature", "properties": { "fid": 247568, "numero_int": 67, "tipo": "(Fotos intervención)", "ruta": "./media/67/media/Fotos intervención/público/26.jpg", "publico": 1, "url": null }, "geometry": null },
{ "type": "Feature", "properties": { "fid": 247569, "numero_int": 67, "tipo": "(Fotos intervención)", "ruta": "./media/67/media/Fotos intervención/público/27.jpg", "publico": 1, "url": null }, "geometry": null },
{ "type": "Feature", "properties": { "fid": 247570, "numero_int": 67, "tipo": "(Fotos intervención)", "ruta": "./media/67/media/Fotos intervención/público/28.jpg", "publico": 1, "url": null }, "geometry": null },
{ "type": "Feature", "properties": { "fid": 247571, "numero_int": 67, "tipo": "(Fotos intervención)", "ruta": "./media/67/media/Fotos intervención/público/29.jpg", "publico": 1, "url": null }, "geometry": null },
{ "type": "Feature", "properties": { "fid": 247572, "numero_int": 67, "tipo": "(Fotos intervención)", "ruta": "./media/67/media/Fotos intervención/público/3.jpg", "publico": 1, "url": null }, "geometry": null },
{ "type": "Feature", "properties": { "fid": 247573, "numero_int": 67, "tipo": "(Fotos intervención)", "ruta": "./media/67/media/Fotos intervención/público/30.jpg", "publico": 1, "url": null }, "geometry": null },
{ "type": "Feature", "properties": { "fid": 247574, "numero_int": 67, "tipo": "(Fotos intervención)", "ruta": "./media/67/media/Fotos intervención/público/31.jpg", "publico": 1, "url": null }, "geometry": null },
{ "type": "Feature", "properties": { "fid": 247575, "numero_int": 67, "tipo": "(Fotos intervención)", "ruta": "./media/67/media/Fotos intervención/público/32.jpg", "publico": 1, "url": null }, "geometry": null },
{ "type": "Feature", "properties": { "fid": 247576, "numero_int": 67, "tipo": "(Fotos intervención)", "ruta": "./media/67/media/Fotos intervención/público/33.jpg", "publico": 1, "url": null }, "geometry": null },
{ "type": "Feature", "properties": { "fid": 247577, "numero_int": 67, "tipo": "(Fotos intervención)", "ruta": "./media/67/media/Fotos intervención/público/34.jpg", "publico": 1, "url": null }, "geometry": null },
{ "type": "Feature", "properties": { "fid": 247578, "numero_int": 67, "tipo": "(Fotos intervención)", "ruta": "./media/67/media/Fotos intervención/público/35.jpg", "publico": 1, "url": null }, "geometry": null },
{ "type": "Feature", "properties": { "fid": 247579, "numero_int": 67, "tipo": "(Fotos intervención)", "ruta": "./media/67/media/Fotos intervención/público/36.jpg", "publico": 1, "url": null }, "geometry": null },
{ "type": "Feature", "properties": { "fid": 247580, "numero_int": 67, "tipo": "(Fotos intervención)", "ruta": "./media/67/media/Fotos intervención/público/37.jpg", "publico": 1, "url": null }, "geometry": null },
{ "type": "Feature", "properties": { "fid": 247581, "numero_int": 67, "tipo": "(Fotos intervención)", "ruta": "./media/67/media/Fotos intervención/público/38.jpg", "publico": 1, "url": null }, "geometry": null },
{ "type": "Feature", "properties": { "fid": 247582, "numero_int": 67, "tipo": "(Fotos intervención)", "ruta": "./media/67/media/Fotos intervención/público/39.jpg", "publico": 1, "url": null }, "geometry": null },
{ "type": "Feature", "properties": { "fid": 247583, "numero_int": 67, "tipo": "(Fotos intervención)", "ruta": "./media/67/media/Fotos intervención/público/4.jpg", "publico": 1, "url": null }, "geometry": null },
{ "type": "Feature", "properties": { "fid": 247584, "numero_int": 67, "tipo": "(Fotos intervención)", "ruta": "./media/67/media/Fotos intervención/público/40.jpg", "publico": 1, "url": null }, "geometry": null },
{ "type": "Feature", "properties": { "fid": 247585, "numero_int": 67, "tipo": "(Fotos intervención)", "ruta": "./media/67/media/Fotos intervención/público/41.jpg", "publico": 1, "url": null }, "geometry": null },
{ "type": "Feature", "properties": { "fid": 247586, "numero_int": 67, "tipo": "(Fotos intervención)", "ruta": "./media/67/media/Fotos intervención/público/42.jpg", "publico": 1, "url": null }, "geometry": null },
{ "type": "Feature", "properties": { "fid": 247587, "numero_int": 67, "tipo": "(Fotos intervención)", "ruta": "./media/67/media/Fotos intervención/público/43.jpg", "publico": 1, "url": null }, "geometry": null },
{ "type": "Feature", "properties": { "fid": 247588, "numero_int": 67, "tipo": "(Fotos intervención)", "ruta": "./media/67/media/Fotos intervención/público/44.jpg", "publico": 1, "url": null }, "geometry": null },
{ "type": "Feature", "properties": { "fid": 247589, "numero_int": 67, "tipo": "(Fotos intervención)", "ruta": "./media/67/media/Fotos intervención/público/45.jpg", "publico": 1, "url": null }, "geometry": null },
{ "type": "Feature", "properties": { "fid": 247590, "numero_int": 67, "tipo": "(Fotos intervención)", "ruta": "./media/67/media/Fotos intervención/público/46.jpg", "publico": 1, "url": null }, "geometry": null },
{ "type": "Feature", "properties": { "fid": 247591, "numero_int": 67, "tipo": "(Fotos intervención)", "ruta": "./media/67/media/Fotos intervención/público/47.jpg", "publico": 1, "url": null }, "geometry": null },
{ "type": "Feature", "properties": { "fid": 247592, "numero_int": 67, "tipo": "(Fotos intervención)", "ruta": "./media/67/media/Fotos intervención/público/48.jpg", "publico": 1, "url": null }, "geometry": null },
{ "type": "Feature", "properties": { "fid": 247593, "numero_int": 67, "tipo": "(Fotos intervención)", "ruta": "./media/67/media/Fotos intervención/público/49.jpg", "publico": 1, "url": null }, "geometry": null },
{ "type": "Feature", "properties": { "fid": 247594, "numero_int": 67, "tipo": "(Fotos intervención)", "ruta": "./media/67/media/Fotos intervención/público/5.jpg", "publico": 1, "url": null }, "geometry": null },
{ "type": "Feature", "properties": { "fid": 247595, "numero_int": 67, "tipo": "(Fotos intervención)", "ruta": "./media/67/media/Fotos intervención/público/50.jpg", "publico": 1, "url": null }, "geometry": null },
{ "type": "Feature", "properties": { "fid": 247596, "numero_int": 67, "tipo": "(Fotos intervención)", "ruta": "./media/67/media/Fotos intervención/público/51.jpg", "publico": 1, "url": null }, "geometry": null },
{ "type": "Feature", "properties": { "fid": 247597, "numero_int": 67, "tipo": "(Fotos intervención)", "ruta": "./media/67/media/Fotos intervención/público/52.jpg", "publico": 1, "url": null }, "geometry": null },
{ "type": "Feature", "properties": { "fid": 247598, "numero_int": 67, "tipo": "(Fotos intervención)", "ruta": "./media/67/media/Fotos intervención/público/6.jpg", "publico": 1, "url": null }, "geometry": null },
{ "type": "Feature", "properties": { "fid": 247599, "numero_int": 67, "tipo": "(Fotos intervención)", "ruta": "./media/67/media/Fotos intervención/público/7.jpg", "publico": 1, "url": null }, "geometry": null },
{ "type": "Feature", "properties": { "fid": 247600, "numero_int": 67, "tipo": "(Fotos intervención)", "ruta": "./media/67/media/Fotos intervención/público/8.jpg", "publico": 1, "url": null }, "geometry": null },
{ "type": "Feature", "properties": { "fid": 247601, "numero_int": 67, "tipo": "(Fotos intervención)", "ruta": "./media/67/media/Fotos intervención/público/9.jpg", "publico": 1, "url": null }, "geometry": null },
{ "type": "Feature", "properties": { "fid": 248369, "numero_int": 67, "tipo": "Planimetrías", "ruta": "./media/67/media/Planimetrías/público/EPOC ISLAMICA_page-0001 (1).jpg", "publico": 1, "url": null }, "geometry": null },
{ "type": "Feature", "properties": { "fid": 248370, "numero_int": 67, "tipo": "Planimetrías", "ruta": "./media/67/media/Planimetrías/público/EPOC ROMANA_page-0001.jpg", "publico": 1, "url": null }, "geometry": null },
{ "type": "Feature", "properties": { "fid": 248371, "numero_int": 67, "tipo": "Planimetrías", "ruta": "./media/67/media/Planimetrías/público/EPOCA CONTEMPORANEA_page-0001.jpg", "publico": 1, "url": null }, "geometry": null },
{ "type": "Feature", "properties": { "fid": 248372, "numero_int": 67, "tipo": "Planimetrías", "ruta": "./media/67/media/Planimetrías/público/EPOCA MODERNA_page-0001.jpg", "publico": 1, "url": null }, "geometry": null },
{ "type": "Feature", "properties": { "fid": 248373, "numero_int": 67, "tipo": "Planimetrías", "ruta": "./media/67/media/Planimetrías/público/EPOCMEDIEVAL-CANTOS_page-0001.jpg", "publico": 1, "url": null }, "geometry": null },
{ "type": "Feature", "properties": { "fid": 248374, "numero_int": 67, "tipo": "Planimetrías", "ruta": "./media/67/media/Planimetrías/público/EPOCMEDIEVAL_page-0001.jpg", "publico": 1, "url": null }, "geometry": null },
{ "type": "Feature", "properties": { "fid": 248375, "numero_int": 67, "tipo": "Planimetrías", "ruta": "./media/67/media/Planimetrías/público/planimetria general-EPOCAS_page-0001.jpg", "publico": 1, "url": null }, "geometry": null },
{ "type": "Feature", "properties": { "fid": 248405, "numero_int": 68, "tipo": "(Fotos intervención)", "ruta": "./media/68/media/Fotos intervención/público/010.Sondeo 1.Apoyos UE 7 junto a la muralla y sobre el suelo UE 6..jpg", "publico": 1, "url": null }, "geometry": null },
{ "type": "Feature", "properties": { "fid": 248406, "numero_int": 68, "tipo": "(Fotos intervención)", "ruta": "./media/68/media/Fotos intervención/público/019.Sondeo 1. Afloramiento de agua al nivel de las piedras de drenaje UE 9..jpg", "publico": 1, "url": null }, "geometry": null },
{ "type": "Feature", "properties": { "fid": 248407, "numero_int": 68, "tipo": "(Fotos intervención)", "ruta": "./media/68/media/Fotos intervención/público/041.Sondeo 2.Afloramiento de agua a la altura de las piedras UE 10..jpg", "publico": 1, "url": null }, "geometry": null },
{ "type": "Feature", "properties": { "fid": 248408, "numero_int": 68, "tipo": "(Fotos intervención)", "ruta": "./media/68/media/Fotos intervención/público/043.Suelo de ladrillo de la bodega 1 junto a la muralla..jpg", "publico": 1, "url": null }, "geometry": null },
{ "type": "Feature", "properties": { "fid": 248409, "numero_int": 68, "tipo": "(Fotos intervención)", "ruta": "./media/68/media/Fotos intervención/público/073.detalle de las piedras de drenaje al comienzo de la excavación del tramo 4..jpg", "publico": 1, "url": null }, "geometry": null },
{ "type": "Feature", "properties": { "fid": 248410, "numero_int": 68, "tipo": "(Fotos intervención)", "ruta": "./media/68/media/Fotos intervención/público/076.Vista general de la muralla y las piedras de drenaje en el tramo 3..jpg", "publico": 1, "url": null }, "geometry": null },
{ "type": "Feature", "properties": { "fid": 248411, "numero_int": 68, "tipo": "(Fotos intervención)", "ruta": "./media/68/media/Fotos intervención/público/078.Vista de las piedras de drenaje junto a la cimentación..jpg", "publico": 1, "url": null }, "geometry": null },
{ "type": "Feature", "properties": { "fid": 248412, "numero_int": 68, "tipo": "(Fotos intervención)", "ruta": "./media/68/media/Fotos intervención/público/1.jpg", "publico": 1, "url": null }, "geometry": null },
{ "type": "Feature", "properties": { "fid": 248413, "numero_int": 68, "tipo": "(Fotos intervención)", "ruta": "./media/68/media/Fotos intervención/público/100.Vista del desagüe integrado en la muralla..jpg", "publico": 1, "url": null }, "geometry": null },
{ "type": "Feature", "properties": { "fid": 248414, "numero_int": 68, "tipo": "(Fotos intervención)", "ruta": "./media/68/media/Fotos intervención/público/3.jpg", "publico": 1, "url": null }, "geometry": null },
{ "type": "Feature", "properties": { "fid": 248415, "numero_int": 68, "tipo": "(Fotos intervención)", "ruta": "./media/68/media/Fotos intervención/público/4.jpg", "publico": 1, "url": null }, "geometry": null },
{ "type": "Feature", "properties": { "fid": 248416, "numero_int": 68, "tipo": "(Fotos intervención)", "ruta": "./media/68/media/Fotos intervención/público/5.jpg", "publico": 1, "url": null }, "geometry": null },
{ "type": "Feature", "properties": { "fid": 248417, "numero_int": 68, "tipo": "(Fotos intervención)", "ruta": "./media/68/media/Fotos intervención/público/6.jpg", "publico": 1, "url": null }, "geometry": null },
{ "type": "Feature", "properties": { "fid": 248418, "numero_int": 68, "tipo": "(Fotos intervención)", "ruta": "./media/68/media/Fotos intervención/público/7.jpg", "publico": 1, "url": null }, "geometry": null },
{ "type": "Feature", "properties": { "fid": 248419, "numero_int": 68, "tipo": "(Fotos intervención)", "ruta": "./media/68/media/Fotos intervención/público/8.jpg", "publico": 1, "url": null }, "geometry": null },
{ "type": "Feature", "properties": { "fid": 248420, "numero_int": 68, "tipo": "(Fotos intervención)", "ruta": "./media/68/media/Fotos intervención/público/9.jpg", "publico": 1, "url": null }, "geometry": null },
{ "type": "Feature", "properties": { "fid": 248421, "numero_int": 68, "tipo": "(Fotos intervención)", "ruta": "./media/68/media/Fotos intervención/público/Alzado completo muralla.jpg", "publico": 1, "url": null }, "geometry": null },
{ "type": "Feature", "properties": { "fid": 248422, "numero_int": 68, "tipo": "(Fotos intervención)", "ruta": "./media/68/media/Fotos intervención/público/Alzado tramo 1.jpg", "publico": 1, "url": null }, "geometry": null },
{ "type": "Feature", "properties": { "fid": 248423, "numero_int": 68, "tipo": "(Fotos intervención)", "ruta": "./media/68/media/Fotos intervención/público/Anchura muralla sondeo 1.jpg", "publico": 1, "url": null }, "geometry": null },
{ "type": "Feature", "properties": { "fid": 248424, "numero_int": 68, "tipo": "(Fotos intervención)", "ruta": "./media/68/media/Fotos intervención/público/Final sondeo 1.jpg", "publico": 1, "url": null }, "geometry": null },
{ "type": "Feature", "properties": { "fid": 248425, "numero_int": 68, "tipo": "(Fotos intervención)", "ruta": "./media/68/media/Fotos intervención/público/Muralla con reforma y cubierta bodega sobre UE 5 copia.jpg", "publico": 1, "url": null }, "geometry": null },
{ "type": "Feature", "properties": { "fid": 248426, "numero_int": 68, "tipo": "(Fotos intervención)", "ruta": "./media/68/media/Fotos intervención/público/Muro bodega con suelo de ladrillos.jpg", "publico": 1, "url": null }, "geometry": null },
{ "type": "Feature", "properties": { "fid": 248427, "numero_int": 68, "tipo": "(Fotos intervención)", "ruta": "./media/68/media/Fotos intervención/público/Piedras denaje junto a muralla.jpg", "publico": 1, "url": null }, "geometry": null },
{ "type": "Feature", "properties": { "fid": 248428, "numero_int": 68, "tipo": "(Fotos intervención)", "ruta": "./media/68/media/Fotos intervención/público/Planta y alzado tramo 2.jpg", "publico": 1, "url": null }, "geometry": null },
{ "type": "Feature", "properties": { "fid": 248429, "numero_int": 68, "tipo": "(Fotos intervención)", "ruta": "./media/68/media/Fotos intervención/público/Planta y alzado tramo 3.jpg", "publico": 1, "url": null }, "geometry": null },
{ "type": "Feature", "properties": { "fid": 248430, "numero_int": 68, "tipo": "(Fotos intervención)", "ruta": "./media/68/media/Fotos intervención/público/Sondeo 2.jpg", "publico": 1, "url": null }, "geometry": null },
{ "type": "Feature", "properties": { "fid": 248431, "numero_int": 68, "tipo": "(Fotos intervención)", "ruta": "./media/68/media/Fotos intervención/público/Ue 8 junto a muralla.jpg", "publico": 1, "url": null }, "geometry": null },
{ "type": "Feature", "properties": { "fid": 248432, "numero_int": 68, "tipo": "(Fotos intervención)", "ruta": "./media/68/media/Fotos intervención/público/Ue 9 piedras de drenaje.jpg", "publico": 1, "url": null }, "geometry": null },
{ "type": "Feature", "properties": { "fid": 248610, "numero_int": 69, "tipo": "(Fotos intervención)", "ruta": "./media/69/media/Fotos intervención/público/1.jpg", "publico": 1, "url": null }, "geometry": null },
{ "type": "Feature", "properties": { "fid": 248611, "numero_int": 69, "tipo": "(Fotos intervención)", "ruta": "./media/69/media/Fotos intervención/público/2.jpg", "publico": 1, "url": null }, "geometry": null },
{ "type": "Feature", "properties": { "fid": 248612, "numero_int": 69, "tipo": "(Fotos intervención)", "ruta": "./media/69/media/Fotos intervención/público/3.jpg", "publico": 1, "url": null }, "geometry": null },
{ "type": "Feature", "properties": { "fid": 248613, "numero_int": 69, "tipo": "(Fotos intervención)", "ruta": "./media/69/media/Fotos intervención/público/4.jpg", "publico": 1, "url": null }, "geometry": null },
{ "type": "Feature", "properties": { "fid": 248614, "numero_int": 69, "tipo": "(Fotos intervención)", "ruta": "./media/69/media/Fotos intervención/público/5.jpg", "publico": 1, "url": null }, "geometry": null },
{ "type": "Feature", "properties": { "fid": 248615, "numero_int": 69, "tipo": "(Fotos intervención)", "ruta": "./media/69/media/Fotos intervención/público/6.jpg", "publico": 1, "url": null }, "geometry": null },
{ "type": "Feature", "properties": { "fid": 248616, "numero_int": 69, "tipo": "(Fotos intervención)", "ruta": "./media/69/media/Fotos intervención/público/7.jpg", "publico": 1, "url": null }, "geometry": null },
{ "type": "Feature", "properties": { "fid": 248641, "numero_int": 69, "tipo": "(Hemeroteca)", "ruta": "./media/69/media/Hemeroteca/público/PRENSA014.jpg", "publico": 1, "url": null }, "geometry": null },
{ "type": "Feature", "properties": { "fid": 248645, "numero_int": 7, "tipo": "(Fotos intervención)", "ruta": "./media/7/media/Fotos intervención/público/1.jpg", "publico": 1, "url": null }, "geometry": null },
{ "type": "Feature", "properties": { "fid": 248646, "numero_int": 7, "tipo": "(Fotos intervención)", "ruta": "./media/7/media/Fotos intervención/público/10.jpg", "publico": 1, "url": null }, "geometry": null },
{ "type": "Feature", "properties": { "fid": 248647, "numero_int": 7, "tipo": "(Fotos intervención)", "ruta": "./media/7/media/Fotos intervención/público/11.jpg", "publico": 1, "url": null }, "geometry": null },
{ "type": "Feature", "properties": { "fid": 248648, "numero_int": 7, "tipo": "(Fotos intervención)", "ruta": "./media/7/media/Fotos intervención/público/12.jpg", "publico": 1, "url": null }, "geometry": null },
{ "type": "Feature", "properties": { "fid": 248649, "numero_int": 7, "tipo": "(Fotos intervención)", "ruta": "./media/7/media/Fotos intervención/público/13.jpg", "publico": 1, "url": null }, "geometry": null },
{ "type": "Feature", "properties": { "fid": 248650, "numero_int": 7, "tipo": "(Fotos intervención)", "ruta": "./media/7/media/Fotos intervención/público/14.jpg", "publico": 1, "url": null }, "geometry": null },
{ "type": "Feature", "properties": { "fid": 248651, "numero_int": 7, "tipo": "(Fotos intervención)", "ruta": "./media/7/media/Fotos intervención/público/15.jpg", "publico": 1, "url": null }, "geometry": null },
{ "type": "Feature", "properties": { "fid": 248652, "numero_int": 7, "tipo": "(Fotos intervención)", "ruta": "./media/7/media/Fotos intervención/público/16.jpg", "publico": 1, "url": null }, "geometry": null },
{ "type": "Feature", "properties": { "fid": 248653, "numero_int": 7, "tipo": "(Fotos intervención)", "ruta": "./media/7/media/Fotos intervención/público/17.jpg", "publico": 1, "url": null }, "geometry": null },
{ "type": "Feature", "properties": { "fid": 248654, "numero_int": 7, "tipo": "(Fotos intervención)", "ruta": "./media/7/media/Fotos intervención/público/18.jpg", "publico": 1, "url": null }, "geometry": null },
{ "type": "Feature", "properties": { "fid": 248655, "numero_int": 7, "tipo": "(Fotos intervención)", "ruta": "./media/7/media/Fotos intervención/público/19.jpg", "publico": 1, "url": null }, "geometry": null },
{ "type": "Feature", "properties": { "fid": 248656, "numero_int": 7, "tipo": "(Fotos intervención)", "ruta": "./media/7/media/Fotos intervención/público/2.jpg", "publico": 1, "url": null }, "geometry": null },
{ "type": "Feature", "properties": { "fid": 248657, "numero_int": 7, "tipo": "(Fotos intervención)", "ruta": "./media/7/media/Fotos intervención/público/20.jpg", "publico": 1, "url": null }, "geometry": null },
{ "type": "Feature", "properties": { "fid": 248658, "numero_int": 7, "tipo": "(Fotos intervención)", "ruta": "./media/7/media/Fotos intervención/público/21.jpg", "publico": 1, "url": null }, "geometry": null },
{ "type": "Feature", "properties": { "fid": 248659, "numero_int": 7, "tipo": "(Fotos intervención)", "ruta": "./media/7/media/Fotos intervención/público/22.jpg", "publico": 1, "url": null }, "geometry": null },
{ "type": "Feature", "properties": { "fid": 248660, "numero_int": 7, "tipo": "(Fotos intervención)", "ruta": "./media/7/media/Fotos intervención/público/23.jpg", "publico": 1, "url": null }, "geometry": null },
{ "type": "Feature", "properties": { "fid": 248661, "numero_int": 7, "tipo": "(Fotos intervención)", "ruta": "./media/7/media/Fotos intervención/público/24.jpg", "publico": 1, "url": null }, "geometry": null },
{ "type": "Feature", "properties": { "fid": 248662, "numero_int": 7, "tipo": "(Fotos intervención)", "ruta": "./media/7/media/Fotos intervención/público/25.jpg", "publico": 1, "url": null }, "geometry": null },
{ "type": "Feature", "properties": { "fid": 248663, "numero_int": 7, "tipo": "(Fotos intervención)", "ruta": "./media/7/media/Fotos intervención/público/26.jpg", "publico": 1, "url": null }, "geometry": null },
{ "type": "Feature", "properties": { "fid": 248664, "numero_int": 7, "tipo": "(Fotos intervención)", "ruta": "./media/7/media/Fotos intervención/público/27.jpg", "publico": 1, "url": null }, "geometry": null },
{ "type": "Feature", "properties": { "fid": 248665, "numero_int": 7, "tipo": "(Fotos intervención)", "ruta": "./media/7/media/Fotos intervención/público/28.jpg", "publico": 1, "url": null }, "geometry": null },
{ "type": "Feature", "properties": { "fid": 248666, "numero_int": 7, "tipo": "(Fotos intervención)", "ruta": "./media/7/media/Fotos intervención/público/29.jpg", "publico": 1, "url": null }, "geometry": null },
{ "type": "Feature", "properties": { "fid": 248667, "numero_int": 7, "tipo": "(Fotos intervención)", "ruta": "./media/7/media/Fotos intervención/público/3.jpg", "publico": 1, "url": null }, "geometry": null },
{ "type": "Feature", "properties": { "fid": 248668, "numero_int": 7, "tipo": "(Fotos intervención)", "ruta": "./media/7/media/Fotos intervención/público/4.jpg", "publico": 1, "url": null }, "geometry": null },
{ "type": "Feature", "properties": { "fid": 248669, "numero_int": 7, "tipo": "(Fotos intervención)", "ruta": "./media/7/media/Fotos intervención/público/5.jpg", "publico": 1, "url": null }, "geometry": null },
{ "type": "Feature", "properties": { "fid": 248670, "numero_int": 7, "tipo": "(Fotos intervención)", "ruta": "./media/7/media/Fotos intervención/público/6.jpg", "publico": 1, "url": null }, "geometry": null },
{ "type": "Feature", "properties": { "fid": 248671, "numero_int": 7, "tipo": "(Fotos intervención)", "ruta": "./media/7/media/Fotos intervención/público/7.jpg", "publico": 1, "url": null }, "geometry": null },
{ "type": "Feature", "properties": { "fid": 248672, "numero_int": 7, "tipo": "(Fotos intervención)", "ruta": "./media/7/media/Fotos intervención/público/8.jpg", "publico": 1, "url": null }, "geometry": null },
{ "type": "Feature", "properties": { "fid": 248673, "numero_int": 7, "tipo": "(Fotos intervención)", "ruta": "./media/7/media/Fotos intervención/público/9.jpg", "publico": 1, "url": null }, "geometry": null },
{ "type": "Feature", "properties": { "fid": 248963, "numero_int": 70, "tipo": "(Fotos intervención)", "ruta": "./media/70/media/Fotos intervención/público/1.jpg", "publico": 1, "url": null }, "geometry": null },
{ "type": "Feature", "properties": { "fid": 248964, "numero_int": 70, "tipo": "(Fotos intervención)", "ruta": "./media/70/media/Fotos intervención/público/10.jpg", "publico": 1, "url": null }, "geometry": null },
{ "type": "Feature", "properties": { "fid": 248965, "numero_int": 70, "tipo": "(Fotos intervención)", "ruta": "./media/70/media/Fotos intervención/público/11.jpg", "publico": 1, "url": null }, "geometry": null },
{ "type": "Feature", "properties": { "fid": 248966, "numero_int": 70, "tipo": "(Fotos intervención)", "ruta": "./media/70/media/Fotos intervención/público/12.jpg", "publico": 1, "url": null }, "geometry": null },
{ "type": "Feature", "properties": { "fid": 248967, "numero_int": 70, "tipo": "(Fotos intervención)", "ruta": "./media/70/media/Fotos intervención/público/13.jpg", "publico": 1, "url": null }, "geometry": null },
{ "type": "Feature", "properties": { "fid": 248968, "numero_int": 70, "tipo": "(Fotos intervención)", "ruta": "./media/70/media/Fotos intervención/público/14.jpg", "publico": 1, "url": null }, "geometry": null },
{ "type": "Feature", "properties": { "fid": 248969, "numero_int": 70, "tipo": "(Fotos intervención)", "ruta": "./media/70/media/Fotos intervención/público/15.jpg", "publico": 1, "url": null }, "geometry": null },
{ "type": "Feature", "properties": { "fid": 248970, "numero_int": 70, "tipo": "(Fotos intervención)", "ruta": "./media/70/media/Fotos intervención/público/16.jpg", "publico": 1, "url": null }, "geometry": null },
{ "type": "Feature", "properties": { "fid": 248971, "numero_int": 70, "tipo": "(Fotos intervención)", "ruta": "./media/70/media/Fotos intervención/público/2.jpg", "publico": 1, "url": null }, "geometry": null },
{ "type": "Feature", "properties": { "fid": 248972, "numero_int": 70, "tipo": "(Fotos intervención)", "ruta": "./media/70/media/Fotos intervención/público/3.jpg", "publico": 1, "url": null }, "geometry": null },
{ "type": "Feature", "properties": { "fid": 248973, "numero_int": 70, "tipo": "(Fotos intervención)", "ruta": "./media/70/media/Fotos intervención/público/4.jpg", "publico": 1, "url": null }, "geometry": null },
{ "type": "Feature", "properties": { "fid": 248974, "numero_int": 70, "tipo": "(Fotos intervención)", "ruta": "./media/70/media/Fotos intervención/público/5.jpg", "publico": 1, "url": null }, "geometry": null },
{ "type": "Feature", "properties": { "fid": 248975, "numero_int": 70, "tipo": "(Fotos intervención)", "ruta": "./media/70/media/Fotos intervención/público/6.jpg", "publico": 1, "url": null }, "geometry": null },
{ "type": "Feature", "properties": { "fid": 248976, "numero_int": 70, "tipo": "(Fotos intervención)", "ruta": "./media/70/media/Fotos intervención/público/7.jpg", "publico": 1, "url": null }, "geometry": null },
{ "type": "Feature", "properties": { "fid": 248977, "numero_int": 70, "tipo": "(Fotos intervención)", "ruta": "./media/70/media/Fotos intervención/público/8.jpg", "publico": 1, "url": null }, "geometry": null },
{ "type": "Feature", "properties": { "fid": 248978, "numero_int": 70, "tipo": "(Fotos intervención)", "ruta": "./media/70/media/Fotos intervención/público/9.jpg", "publico": 1, "url": null }, "geometry": null },
{ "type": "Feature", "properties": { "fid": 249051, "numero_int": 70, "tipo": "(Hemeroteca)", "ruta": "./media/70/media/Hemeroteca/público/PRENSA015.jpg", "publico": 1, "url": null }, "geometry": null },
{ "type": "Feature", "properties": { "fid": 249060, "numero_int": 71, "tipo": "(Fotos intervención)", "ruta": "./media/71/media/Fotos intervención/público/1.jpg", "publico": 1, "url": null }, "geometry": null },
{ "type": "Feature", "properties": { "fid": 249061, "numero_int": 71, "tipo": "(Fotos intervención)", "ruta": "./media/71/media/Fotos intervención/público/10.jpg", "publico": 1, "url": null }, "geometry": null },
{ "type": "Feature", "properties": { "fid": 249062, "numero_int": 71, "tipo": "(Fotos intervención)", "ruta": "./media/71/media/Fotos intervención/público/11.jpg", "publico": 1, "url": null }, "geometry": null },
{ "type": "Feature", "properties": { "fid": 249063, "numero_int": 71, "tipo": "(Fotos intervención)", "ruta": "./media/71/media/Fotos intervención/público/12.jpg", "publico": 1, "url": null }, "geometry": null },
{ "type": "Feature", "properties": { "fid": 249064, "numero_int": 71, "tipo": "(Fotos intervención)", "ruta": "./media/71/media/Fotos intervención/público/13.jpg", "publico": 1, "url": null }, "geometry": null },
{ "type": "Feature", "properties": { "fid": 249065, "numero_int": 71, "tipo": "(Fotos intervención)", "ruta": "./media/71/media/Fotos intervención/público/14.jpg", "publico": 1, "url": null }, "geometry": null },
{ "type": "Feature", "properties": { "fid": 249066, "numero_int": 71, "tipo": "(Fotos intervención)", "ruta": "./media/71/media/Fotos intervención/público/15.jpg", "publico": 1, "url": null }, "geometry": null },
{ "type": "Feature", "properties": { "fid": 249067, "numero_int": 71, "tipo": "(Fotos intervención)", "ruta": "./media/71/media/Fotos intervención/público/2.jpg", "publico": 1, "url": null }, "geometry": null },
{ "type": "Feature", "properties": { "fid": 249068, "numero_int": 71, "tipo": "(Fotos intervención)", "ruta": "./media/71/media/Fotos intervención/público/3.jpg", "publico": 1, "url": null }, "geometry": null },
{ "type": "Feature", "properties": { "fid": 249069, "numero_int": 71, "tipo": "(Fotos intervención)", "ruta": "./media/71/media/Fotos intervención/público/4.jpg", "publico": 1, "url": null }, "geometry": null },
{ "type": "Feature", "properties": { "fid": 249070, "numero_int": 71, "tipo": "(Fotos intervención)", "ruta": "./media/71/media/Fotos intervención/público/5.jpg", "publico": 1, "url": null }, "geometry": null },
{ "type": "Feature", "properties": { "fid": 249071, "numero_int": 71, "tipo": "(Fotos intervención)", "ruta": "./media/71/media/Fotos intervención/público/6.jpg", "publico": 1, "url": null }, "geometry": null },
{ "type": "Feature", "properties": { "fid": 249072, "numero_int": 71, "tipo": "(Fotos intervención)", "ruta": "./media/71/media/Fotos intervención/público/7.jpg", "publico": 1, "url": null }, "geometry": null },
{ "type": "Feature", "properties": { "fid": 249073, "numero_int": 71, "tipo": "(Fotos intervención)", "ruta": "./media/71/media/Fotos intervención/público/8.jpg", "publico": 1, "url": null }, "geometry": null },
{ "type": "Feature", "properties": { "fid": 249074, "numero_int": 71, "tipo": "(Fotos intervención)", "ruta": "./media/71/media/Fotos intervención/público/9.jpg", "publico": 1, "url": null }, "geometry": null },
{ "type": "Feature", "properties": { "fid": 249207, "numero_int": 71, "tipo": "Planimetrías", "ruta": "./media/71/media/Planimetrías/público/diaz_bravo.jpg", "publico": 1, "url": null }, "geometry": null },
{ "type": "Feature", "properties": { "fid": 249208, "numero_int": 71, "tipo": "Planimetrías", "ruta": "./media/71/media/Planimetrías/público/plano_diaz_bravo.jpg", "publico": 1, "url": null }, "geometry": null },
{ "type": "Feature", "properties": { "fid": 249212, "numero_int": 72, "tipo": "(Fotos intervención)", "ruta": "./media/72/media/Fotos intervención/público/1.jpg", "publico": 1, "url": null }, "geometry": null },
{ "type": "Feature", "properties": { "fid": 249213, "numero_int": 72, "tipo": "(Fotos intervención)", "ruta": "./media/72/media/Fotos intervención/público/2.jpg", "publico": 1, "url": null }, "geometry": null },
{ "type": "Feature", "properties": { "fid": 249214, "numero_int": 72, "tipo": "(Fotos intervención)", "ruta": "./media/72/media/Fotos intervención/público/3.jpg", "publico": 1, "url": null }, "geometry": null },
{ "type": "Feature", "properties": { "fid": 249215, "numero_int": 72, "tipo": "(Fotos intervención)", "ruta": "./media/72/media/Fotos intervención/público/4.jpg", "publico": 1, "url": null }, "geometry": null },
{ "type": "Feature", "properties": { "fid": 249216, "numero_int": 72, "tipo": "(Fotos intervención)", "ruta": "./media/72/media/Fotos intervención/público/5.jpg", "publico": 1, "url": null }, "geometry": null },
{ "type": "Feature", "properties": { "fid": 249217, "numero_int": 72, "tipo": "(Fotos intervención)", "ruta": "./media/72/media/Fotos intervención/público/6.jpg", "publico": 1, "url": null }, "geometry": null },
{ "type": "Feature", "properties": { "fid": 249218, "numero_int": 72, "tipo": "(Fotos intervención)", "ruta": "./media/72/media/Fotos intervención/público/7.jpg", "publico": 1, "url": null }, "geometry": null },
{ "type": "Feature", "properties": { "fid": 249265, "numero_int": 73, "tipo": "(Fotos intervención)", "ruta": "./media/73/media/Fotos intervención/público/1.jpg", "publico": 1, "url": null }, "geometry": null },
{ "type": "Feature", "properties": { "fid": 249266, "numero_int": 73, "tipo": "(Fotos intervención)", "ruta": "./media/73/media/Fotos intervención/público/10.jpg", "publico": 1, "url": null }, "geometry": null },
{ "type": "Feature", "properties": { "fid": 249267, "numero_int": 73, "tipo": "(Fotos intervención)", "ruta": "./media/73/media/Fotos intervención/público/11.jpg", "publico": 1, "url": null }, "geometry": null },
{ "type": "Feature", "properties": { "fid": 249268, "numero_int": 73, "tipo": "(Fotos intervención)", "ruta": "./media/73/media/Fotos intervención/público/12.jpg", "publico": 1, "url": null }, "geometry": null },
{ "type": "Feature", "properties": { "fid": 249269, "numero_int": 73, "tipo": "(Fotos intervención)", "ruta": "./media/73/media/Fotos intervención/público/13.jpg", "publico": 1, "url": null }, "geometry": null },
{ "type": "Feature", "properties": { "fid": 249270, "numero_int": 73, "tipo": "(Fotos intervención)", "ruta": "./media/73/media/Fotos intervención/público/14.jpg", "publico": 1, "url": null }, "geometry": null },
{ "type": "Feature", "properties": { "fid": 249271, "numero_int": 73, "tipo": "(Fotos intervención)", "ruta": "./media/73/media/Fotos intervención/público/15.jpg", "publico": 1, "url": null }, "geometry": null },
{ "type": "Feature", "properties": { "fid": 249272, "numero_int": 73, "tipo": "(Fotos intervención)", "ruta": "./media/73/media/Fotos intervención/público/16.jpg", "publico": 1, "url": null }, "geometry": null },
{ "type": "Feature", "properties": { "fid": 249273, "numero_int": 73, "tipo": "(Fotos intervención)", "ruta": "./media/73/media/Fotos intervención/público/17.jpg", "publico": 1, "url": null }, "geometry": null },
{ "type": "Feature", "properties": { "fid": 249274, "numero_int": 73, "tipo": "(Fotos intervención)", "ruta": "./media/73/media/Fotos intervención/público/18.jpg", "publico": 1, "url": null }, "geometry": null },
{ "type": "Feature", "properties": { "fid": 249275, "numero_int": 73, "tipo": "(Fotos intervención)", "ruta": "./media/73/media/Fotos intervención/público/19.jpg", "publico": 1, "url": null }, "geometry": null },
{ "type": "Feature", "properties": { "fid": 249276, "numero_int": 73, "tipo": "(Fotos intervención)", "ruta": "./media/73/media/Fotos intervención/público/2.jpg", "publico": 1, "url": null }, "geometry": null },
{ "type": "Feature", "properties": { "fid": 249277, "numero_int": 73, "tipo": "(Fotos intervención)", "ruta": "./media/73/media/Fotos intervención/público/20.jpg", "publico": 1, "url": null }, "geometry": null },
{ "type": "Feature", "properties": { "fid": 249278, "numero_int": 73, "tipo": "(Fotos intervención)", "ruta": "./media/73/media/Fotos intervención/público/21.jpg", "publico": 1, "url": null }, "geometry": null },
{ "type": "Feature", "properties": { "fid": 249279, "numero_int": 73, "tipo": "(Fotos intervención)", "ruta": "./media/73/media/Fotos intervención/público/22.jpg", "publico": 1, "url": null }, "geometry": null },
{ "type": "Feature", "properties": { "fid": 249280, "numero_int": 73, "tipo": "(Fotos intervención)", "ruta": "./media/73/media/Fotos intervención/público/23.jpg", "publico": 1, "url": null }, "geometry": null },
{ "type": "Feature", "properties": { "fid": 249281, "numero_int": 73, "tipo": "(Fotos intervención)", "ruta": "./media/73/media/Fotos intervención/público/24.jpg", "publico": 1, "url": null }, "geometry": null },
{ "type": "Feature", "properties": { "fid": 249282, "numero_int": 73, "tipo": "(Fotos intervención)", "ruta": "./media/73/media/Fotos intervención/público/25.jpg", "publico": 1, "url": null }, "geometry": null },
{ "type": "Feature", "properties": { "fid": 249283, "numero_int": 73, "tipo": "(Fotos intervención)", "ruta": "./media/73/media/Fotos intervención/público/26.jpg", "publico": 1, "url": null }, "geometry": null },
{ "type": "Feature", "properties": { "fid": 249284, "numero_int": 73, "tipo": "(Fotos intervención)", "ruta": "./media/73/media/Fotos intervención/público/27.jpg", "publico": 1, "url": null }, "geometry": null },
{ "type": "Feature", "properties": { "fid": 249285, "numero_int": 73, "tipo": "(Fotos intervención)", "ruta": "./media/73/media/Fotos intervención/público/28.jpg", "publico": 1, "url": null }, "geometry": null },
{ "type": "Feature", "properties": { "fid": 249286, "numero_int": 73, "tipo": "(Fotos intervención)", "ruta": "./media/73/media/Fotos intervención/público/29.jpg", "publico": 1, "url": null }, "geometry": null },
{ "type": "Feature", "properties": { "fid": 249287, "numero_int": 73, "tipo": "(Fotos intervención)", "ruta": "./media/73/media/Fotos intervención/público/3.jpg", "publico": 1, "url": null }, "geometry": null },
{ "type": "Feature", "properties": { "fid": 249288, "numero_int": 73, "tipo": "(Fotos intervención)", "ruta": "./media/73/media/Fotos intervención/público/30.jpg", "publico": 1, "url": null }, "geometry": null },
{ "type": "Feature", "properties": { "fid": 249289, "numero_int": 73, "tipo": "(Fotos intervención)", "ruta": "./media/73/media/Fotos intervención/público/31.jpg", "publico": 1, "url": null }, "geometry": null },
{ "type": "Feature", "properties": { "fid": 249290, "numero_int": 73, "tipo": "(Fotos intervención)", "ruta": "./media/73/media/Fotos intervención/público/32.jpg", "publico": 1, "url": null }, "geometry": null },
{ "type": "Feature", "properties": { "fid": 249291, "numero_int": 73, "tipo": "(Fotos intervención)", "ruta": "./media/73/media/Fotos intervención/público/33.jpg", "publico": 1, "url": null }, "geometry": null },
{ "type": "Feature", "properties": { "fid": 249292, "numero_int": 73, "tipo": "(Fotos intervención)", "ruta": "./media/73/media/Fotos intervención/público/34.jpg", "publico": 1, "url": null }, "geometry": null },
{ "type": "Feature", "properties": { "fid": 249293, "numero_int": 73, "tipo": "(Fotos intervención)", "ruta": "./media/73/media/Fotos intervención/público/35.jpg", "publico": 1, "url": null }, "geometry": null },
{ "type": "Feature", "properties": { "fid": 249294, "numero_int": 73, "tipo": "(Fotos intervención)", "ruta": "./media/73/media/Fotos intervención/público/36.jpg", "publico": 1, "url": null }, "geometry": null },
{ "type": "Feature", "properties": { "fid": 249295, "numero_int": 73, "tipo": "(Fotos intervención)", "ruta": "./media/73/media/Fotos intervención/público/37.jpg", "publico": 1, "url": null }, "geometry": null },
{ "type": "Feature", "properties": { "fid": 249296, "numero_int": 73, "tipo": "(Fotos intervención)", "ruta": "./media/73/media/Fotos intervención/público/38.jpg", "publico": 1, "url": null }, "geometry": null },
{ "type": "Feature", "properties": { "fid": 249297, "numero_int": 73, "tipo": "(Fotos intervención)", "ruta": "./media/73/media/Fotos intervención/público/39.jpg", "publico": 1, "url": null }, "geometry": null },
{ "type": "Feature", "properties": { "fid": 249298, "numero_int": 73, "tipo": "(Fotos intervención)", "ruta": "./media/73/media/Fotos intervención/público/4.jpg", "publico": 1, "url": null }, "geometry": null },
{ "type": "Feature", "properties": { "fid": 249299, "numero_int": 73, "tipo": "(Fotos intervención)", "ruta": "./media/73/media/Fotos intervención/público/5.jpg", "publico": 1, "url": null }, "geometry": null },
{ "type": "Feature", "properties": { "fid": 249300, "numero_int": 73, "tipo": "(Fotos intervención)", "ruta": "./media/73/media/Fotos intervención/público/6.jpg", "publico": 1, "url": null }, "geometry": null },
{ "type": "Feature", "properties": { "fid": 249301, "numero_int": 73, "tipo": "(Fotos intervención)", "ruta": "./media/73/media/Fotos intervención/público/7.jpg", "publico": 1, "url": null }, "geometry": null },
{ "type": "Feature", "properties": { "fid": 249302, "numero_int": 73, "tipo": "(Fotos intervención)", "ruta": "./media/73/media/Fotos intervención/público/8.jpg", "publico": 1, "url": null }, "geometry": null },
{ "type": "Feature", "properties": { "fid": 249303, "numero_int": 73, "tipo": "(Fotos intervención)", "ruta": "./media/73/media/Fotos intervención/público/9.jpg", "publico": 1, "url": null }, "geometry": null },
{ "type": "Feature", "properties": { "fid": 249769, "numero_int": 73, "tipo": "(Hemeroteca)", "ruta": "./media/73/media/Hemeroteca/público/1741613591588.jpg", "publico": 1, "url": null }, "geometry": null },
{ "type": "Feature", "properties": { "fid": 249770, "numero_int": 73, "tipo": "(Hemeroteca)", "ruta": "./media/73/media/Hemeroteca/público/PRENSA001.jpg", "publico": 1, "url": null }, "geometry": null },
{ "type": "Feature", "properties": { "fid": 249771, "numero_int": 73, "tipo": "(Hemeroteca)", "ruta": "./media/73/media/Hemeroteca/público/PRENSA002.jpg", "publico": 1, "url": null }, "geometry": null },
{ "type": "Feature", "properties": { "fid": 249772, "numero_int": 73, "tipo": "(Hemeroteca)", "ruta": "./media/73/media/Hemeroteca/público/PRENSA003.jpg", "publico": 1, "url": null }, "geometry": null },
{ "type": "Feature", "properties": { "fid": 249773, "numero_int": 73, "tipo": "(Hemeroteca)", "ruta": "./media/73/media/Hemeroteca/público/PRENSA004.jpg", "publico": 1, "url": null }, "geometry": null },
{ "type": "Feature", "properties": { "fid": 249774, "numero_int": 73, "tipo": "(Hemeroteca)", "ruta": "./media/73/media/Hemeroteca/público/PRENSA005.jpg", "publico": 1, "url": null }, "geometry": null },
{ "type": "Feature", "properties": { "fid": 249775, "numero_int": 73, "tipo": "(Hemeroteca)", "ruta": "./media/73/media/Hemeroteca/público/PRENSA006.jpg", "publico": 1, "url": null }, "geometry": null },
{ "type": "Feature", "properties": { "fid": 249776, "numero_int": 73, "tipo": "(Hemeroteca)", "ruta": "./media/73/media/Hemeroteca/público/PRENSA007.jpg", "publico": 1, "url": null }, "geometry": null },
{ "type": "Feature", "properties": { "fid": 249777, "numero_int": 73, "tipo": "(Hemeroteca)", "ruta": "./media/73/media/Hemeroteca/público/PRENSA08.jpg", "publico": 1, "url": null }, "geometry": null },
{ "type": "Feature", "properties": { "fid": 249778, "numero_int": 73, "tipo": "(Hemeroteca)", "ruta": "./media/73/media/Hemeroteca/público/PRENSA09.jpg", "publico": 1, "url": null }, "geometry": null },
{ "type": "Feature", "properties": { "fid": 249794, "numero_int": 74, "tipo": "(Fotos intervención)", "ruta": "./media/74/media/Fotos intervención/público/1.jpg", "publico": 1, "url": null }, "geometry": null },
{ "type": "Feature", "properties": { "fid": 249795, "numero_int": 74, "tipo": "(Fotos intervención)", "ruta": "./media/74/media/Fotos intervención/público/10.jpg", "publico": 1, "url": null }, "geometry": null },
{ "type": "Feature", "properties": { "fid": 249796, "numero_int": 74, "tipo": "(Fotos intervención)", "ruta": "./media/74/media/Fotos intervención/público/11.jpg", "publico": 1, "url": null }, "geometry": null },
{ "type": "Feature", "properties": { "fid": 249797, "numero_int": 74, "tipo": "(Fotos intervención)", "ruta": "./media/74/media/Fotos intervención/público/12.jpg", "publico": 1, "url": null }, "geometry": null },
{ "type": "Feature", "properties": { "fid": 249798, "numero_int": 74, "tipo": "(Fotos intervención)", "ruta": "./media/74/media/Fotos intervención/público/2.jpg", "publico": 1, "url": null }, "geometry": null },
{ "type": "Feature", "properties": { "fid": 249799, "numero_int": 74, "tipo": "(Fotos intervención)", "ruta": "./media/74/media/Fotos intervención/público/3.jpg", "publico": 1, "url": null }, "geometry": null },
{ "type": "Feature", "properties": { "fid": 249800, "numero_int": 74, "tipo": "(Fotos intervención)", "ruta": "./media/74/media/Fotos intervención/público/4.jpg", "publico": 1, "url": null }, "geometry": null },
{ "type": "Feature", "properties": { "fid": 249801, "numero_int": 74, "tipo": "(Fotos intervención)", "ruta": "./media/74/media/Fotos intervención/público/5.jpg", "publico": 1, "url": null }, "geometry": null },
{ "type": "Feature", "properties": { "fid": 249802, "numero_int": 74, "tipo": "(Fotos intervención)", "ruta": "./media/74/media/Fotos intervención/público/6.jpg", "publico": 1, "url": null }, "geometry": null },
{ "type": "Feature", "properties": { "fid": 249803, "numero_int": 74, "tipo": "(Fotos intervención)", "ruta": "./media/74/media/Fotos intervención/público/7.jpg", "publico": 1, "url": null }, "geometry": null },
{ "type": "Feature", "properties": { "fid": 249804, "numero_int": 74, "tipo": "(Fotos intervención)", "ruta": "./media/74/media/Fotos intervención/público/8.jpg", "publico": 1, "url": null }, "geometry": null },
{ "type": "Feature", "properties": { "fid": 249805, "numero_int": 74, "tipo": "(Fotos intervención)", "ruta": "./media/74/media/Fotos intervención/público/9.jpg", "publico": 1, "url": null }, "geometry": null },
{ "type": "Feature", "properties": { "fid": 249997, "numero_int": 75, "tipo": "(Fotos intervención)", "ruta": "./media/75/media/Fotos intervención/público/1.jpg", "publico": 1, "url": null }, "geometry": null },
{ "type": "Feature", "properties": { "fid": 249998, "numero_int": 75, "tipo": "(Fotos intervención)", "ruta": "./media/75/media/Fotos intervención/público/10.jpg", "publico": 1, "url": null }, "geometry": null },
{ "type": "Feature", "properties": { "fid": 249999, "numero_int": 75, "tipo": "(Fotos intervención)", "ruta": "./media/75/media/Fotos intervención/público/11.jpg", "publico": 1, "url": null }, "geometry": null },
{ "type": "Feature", "properties": { "fid": 250000, "numero_int": 75, "tipo": "(Fotos intervención)", "ruta": "./media/75/media/Fotos intervención/público/12.jpg", "publico": 1, "url": null }, "geometry": null },
{ "type": "Feature", "properties": { "fid": 250001, "numero_int": 75, "tipo": "(Fotos intervención)", "ruta": "./media/75/media/Fotos intervención/público/13.jpg", "publico": 1, "url": null }, "geometry": null },
{ "type": "Feature", "properties": { "fid": 250002, "numero_int": 75, "tipo": "(Fotos intervención)", "ruta": "./media/75/media/Fotos intervención/público/14.jpg", "publico": 1, "url": null }, "geometry": null },
{ "type": "Feature", "properties": { "fid": 250003, "numero_int": 75, "tipo": "(Fotos intervención)", "ruta": "./media/75/media/Fotos intervención/público/15.jpg", "publico": 1, "url": null }, "geometry": null },
{ "type": "Feature", "properties": { "fid": 250004, "numero_int": 75, "tipo": "(Fotos intervención)", "ruta": "./media/75/media/Fotos intervención/público/16.jpg", "publico": 1, "url": null }, "geometry": null },
{ "type": "Feature", "properties": { "fid": 250005, "numero_int": 75, "tipo": "(Fotos intervención)", "ruta": "./media/75/media/Fotos intervención/público/17.jpg", "publico": 1, "url": null }, "geometry": null },
{ "type": "Feature", "properties": { "fid": 250006, "numero_int": 75, "tipo": "(Fotos intervención)", "ruta": "./media/75/media/Fotos intervención/público/18.jpg", "publico": 1, "url": null }, "geometry": null },
{ "type": "Feature", "properties": { "fid": 250007, "numero_int": 75, "tipo": "(Fotos intervención)", "ruta": "./media/75/media/Fotos intervención/público/19.jpg", "publico": 1, "url": null }, "geometry": null },
{ "type": "Feature", "properties": { "fid": 250008, "numero_int": 75, "tipo": "(Fotos intervención)", "ruta": "./media/75/media/Fotos intervención/público/2.jpg", "publico": 1, "url": null }, "geometry": null },
{ "type": "Feature", "properties": { "fid": 250009, "numero_int": 75, "tipo": "(Fotos intervención)", "ruta": "./media/75/media/Fotos intervención/público/20.jpg", "publico": 1, "url": null }, "geometry": null },
{ "type": "Feature", "properties": { "fid": 250010, "numero_int": 75, "tipo": "(Fotos intervención)", "ruta": "./media/75/media/Fotos intervención/público/21.jpg", "publico": 1, "url": null }, "geometry": null },
{ "type": "Feature", "properties": { "fid": 250011, "numero_int": 75, "tipo": "(Fotos intervención)", "ruta": "./media/75/media/Fotos intervención/público/22.jpg", "publico": 1, "url": null }, "geometry": null },
{ "type": "Feature", "properties": { "fid": 250012, "numero_int": 75, "tipo": "(Fotos intervención)", "ruta": "./media/75/media/Fotos intervención/público/23.jpg", "publico": 1, "url": null }, "geometry": null },
{ "type": "Feature", "properties": { "fid": 250013, "numero_int": 75, "tipo": "(Fotos intervención)", "ruta": "./media/75/media/Fotos intervención/público/24.jpg", "publico": 1, "url": null }, "geometry": null },
{ "type": "Feature", "properties": { "fid": 250014, "numero_int": 75, "tipo": "(Fotos intervención)", "ruta": "./media/75/media/Fotos intervención/público/25.jpg", "publico": 1, "url": null }, "geometry": null },
{ "type": "Feature", "properties": { "fid": 250015, "numero_int": 75, "tipo": "(Fotos intervención)", "ruta": "./media/75/media/Fotos intervención/público/26.jpg", "publico": 1, "url": null }, "geometry": null },
{ "type": "Feature", "properties": { "fid": 250016, "numero_int": 75, "tipo": "(Fotos intervención)", "ruta": "./media/75/media/Fotos intervención/público/27.jpg", "publico": 1, "url": null }, "geometry": null },
{ "type": "Feature", "properties": { "fid": 250017, "numero_int": 75, "tipo": "(Fotos intervención)", "ruta": "./media/75/media/Fotos intervención/público/28.jpg", "publico": 1, "url": null }, "geometry": null },
{ "type": "Feature", "properties": { "fid": 250018, "numero_int": 75, "tipo": "(Fotos intervención)", "ruta": "./media/75/media/Fotos intervención/público/29.jpg", "publico": 1, "url": null }, "geometry": null },
{ "type": "Feature", "properties": { "fid": 250019, "numero_int": 75, "tipo": "(Fotos intervención)", "ruta": "./media/75/media/Fotos intervención/público/3.jpg", "publico": 1, "url": null }, "geometry": null },
{ "type": "Feature", "properties": { "fid": 250020, "numero_int": 75, "tipo": "(Fotos intervención)", "ruta": "./media/75/media/Fotos intervención/público/30.jpg", "publico": 1, "url": null }, "geometry": null },
{ "type": "Feature", "properties": { "fid": 250021, "numero_int": 75, "tipo": "(Fotos intervención)", "ruta": "./media/75/media/Fotos intervención/público/31.jpg", "publico": 1, "url": null }, "geometry": null },
{ "type": "Feature", "properties": { "fid": 250022, "numero_int": 75, "tipo": "(Fotos intervención)", "ruta": "./media/75/media/Fotos intervención/público/32.jpg", "publico": 1, "url": null }, "geometry": null },
{ "type": "Feature", "properties": { "fid": 250023, "numero_int": 75, "tipo": "(Fotos intervención)", "ruta": "./media/75/media/Fotos intervención/público/33.jpg", "publico": 1, "url": null }, "geometry": null },
{ "type": "Feature", "properties": { "fid": 250024, "numero_int": 75, "tipo": "(Fotos intervención)", "ruta": "./media/75/media/Fotos intervención/público/34.jpg", "publico": 1, "url": null }, "geometry": null },
{ "type": "Feature", "properties": { "fid": 250025, "numero_int": 75, "tipo": "(Fotos intervención)", "ruta": "./media/75/media/Fotos intervención/público/35.jpg", "publico": 1, "url": null }, "geometry": null },
{ "type": "Feature", "properties": { "fid": 250026, "numero_int": 75, "tipo": "(Fotos intervención)", "ruta": "./media/75/media/Fotos intervención/público/36 (2).jpg", "publico": 1, "url": null }, "geometry": null },
{ "type": "Feature", "properties": { "fid": 250027, "numero_int": 75, "tipo": "(Fotos intervención)", "ruta": "./media/75/media/Fotos intervención/público/36.jpg", "publico": 1, "url": null }, "geometry": null },
{ "type": "Feature", "properties": { "fid": 250028, "numero_int": 75, "tipo": "(Fotos intervención)", "ruta": "./media/75/media/Fotos intervención/público/37.jpg", "publico": 1, "url": null }, "geometry": null },
{ "type": "Feature", "properties": { "fid": 250029, "numero_int": 75, "tipo": "(Fotos intervención)", "ruta": "./media/75/media/Fotos intervención/público/38.jpg", "publico": 1, "url": null }, "geometry": null },
{ "type": "Feature", "properties": { "fid": 250030, "numero_int": 75, "tipo": "(Fotos intervención)", "ruta": "./media/75/media/Fotos intervención/público/39.jpg", "publico": 1, "url": null }, "geometry": null },
{ "type": "Feature", "properties": { "fid": 250031, "numero_int": 75, "tipo": "(Fotos intervención)", "ruta": "./media/75/media/Fotos intervención/público/4.jpg", "publico": 1, "url": null }, "geometry": null },
{ "type": "Feature", "properties": { "fid": 250032, "numero_int": 75, "tipo": "(Fotos intervención)", "ruta": "./media/75/media/Fotos intervención/público/40.jpg", "publico": 1, "url": null }, "geometry": null },
{ "type": "Feature", "properties": { "fid": 250033, "numero_int": 75, "tipo": "(Fotos intervención)", "ruta": "./media/75/media/Fotos intervención/público/41.jpg", "publico": 1, "url": null }, "geometry": null },
{ "type": "Feature", "properties": { "fid": 250034, "numero_int": 75, "tipo": "(Fotos intervención)", "ruta": "./media/75/media/Fotos intervención/público/42.jpg", "publico": 1, "url": null }, "geometry": null },
{ "type": "Feature", "properties": { "fid": 250035, "numero_int": 75, "tipo": "(Fotos intervención)", "ruta": "./media/75/media/Fotos intervención/público/43.jpg", "publico": 1, "url": null }, "geometry": null },
{ "type": "Feature", "properties": { "fid": 250036, "numero_int": 75, "tipo": "(Fotos intervención)", "ruta": "./media/75/media/Fotos intervención/público/5.jpg", "publico": 1, "url": null }, "geometry": null },
{ "type": "Feature", "properties": { "fid": 250037, "numero_int": 75, "tipo": "(Fotos intervención)", "ruta": "./media/75/media/Fotos intervención/público/6.jpg", "publico": 1, "url": null }, "geometry": null },
{ "type": "Feature", "properties": { "fid": 250038, "numero_int": 75, "tipo": "(Fotos intervención)", "ruta": "./media/75/media/Fotos intervención/público/7.jpg", "publico": 1, "url": null }, "geometry": null },
{ "type": "Feature", "properties": { "fid": 250039, "numero_int": 75, "tipo": "(Fotos intervención)", "ruta": "./media/75/media/Fotos intervención/público/8.jpg", "publico": 1, "url": null }, "geometry": null },
{ "type": "Feature", "properties": { "fid": 250040, "numero_int": 75, "tipo": "(Fotos intervención)", "ruta": "./media/75/media/Fotos intervención/público/9.jpg", "publico": 1, "url": null }, "geometry": null },
{ "type": "Feature", "properties": { "fid": 250312, "numero_int": 75, "tipo": "(Hemeroteca)", "ruta": "./media/75/media/Hemeroteca/público/PRENSA012.jpg", "publico": 1, "url": null }, "geometry": null },
{ "type": "Feature", "properties": { "fid": 250313, "numero_int": 75, "tipo": "(Hemeroteca)", "ruta": "./media/75/media/Hemeroteca/público/PRENSA013.jpg", "publico": 1, "url": null }, "geometry": null },
{ "type": "Feature", "properties": { "fid": 250316, "numero_int": 76, "tipo": "(Fotos intervención)", "ruta": "./media/76/media/Fotos intervención/público/1.jpg", "publico": 1, "url": null }, "geometry": null },
{ "type": "Feature", "properties": { "fid": 250317, "numero_int": 76, "tipo": "(Fotos intervención)", "ruta": "./media/76/media/Fotos intervención/público/2.jpg", "publico": 1, "url": null }, "geometry": null },
{ "type": "Feature", "properties": { "fid": 250318, "numero_int": 76, "tipo": "(Fotos intervención)", "ruta": "./media/76/media/Fotos intervención/público/3.jpg", "publico": 1, "url": null }, "geometry": null },
{ "type": "Feature", "properties": { "fid": 250319, "numero_int": 76, "tipo": "(Fotos intervención)", "ruta": "./media/76/media/Fotos intervención/público/4.jpg", "publico": 1, "url": null }, "geometry": null },
{ "type": "Feature", "properties": { "fid": 250320, "numero_int": 76, "tipo": "(Fotos intervención)", "ruta": "./media/76/media/Fotos intervención/público/5.jpg", "publico": 1, "url": null }, "geometry": null },
{ "type": "Feature", "properties": { "fid": 250321, "numero_int": 76, "tipo": "(Fotos intervención)", "ruta": "./media/76/media/Fotos intervención/público/6.jpg", "publico": 1, "url": null }, "geometry": null },
{ "type": "Feature", "properties": { "fid": 250335, "numero_int": 77, "tipo": "(Fotos intervención)", "ruta": "./media/77/media/Fotos intervención/público/1.jpg", "publico": 1, "url": null }, "geometry": null },
{ "type": "Feature", "properties": { "fid": 250336, "numero_int": 77, "tipo": "(Fotos intervención)", "ruta": "./media/77/media/Fotos intervención/público/2.jpg", "publico": 1, "url": null }, "geometry": null },
{ "type": "Feature", "properties": { "fid": 250337, "numero_int": 77, "tipo": "(Fotos intervención)", "ruta": "./media/77/media/Fotos intervención/público/3.jpg", "publico": 1, "url": null }, "geometry": null },
{ "type": "Feature", "properties": { "fid": 250338, "numero_int": 77, "tipo": "(Fotos intervención)", "ruta": "./media/77/media/Fotos intervención/público/4.jpg", "publico": 1, "url": null }, "geometry": null },
{ "type": "Feature", "properties": { "fid": 250353, "numero_int": 78, "tipo": "(Fotos intervención)", "ruta": "./media/78/media/Fotos intervención/público/1.jpg", "publico": 1, "url": null }, "geometry": null },
{ "type": "Feature", "properties": { "fid": 250354, "numero_int": 78, "tipo": "(Fotos intervención)", "ruta": "./media/78/media/Fotos intervención/público/10.jpg", "publico": 1, "url": null }, "geometry": null },
{ "type": "Feature", "properties": { "fid": 250355, "numero_int": 78, "tipo": "(Fotos intervención)", "ruta": "./media/78/media/Fotos intervención/público/11.jpg", "publico": 1, "url": null }, "geometry": null },
{ "type": "Feature", "properties": { "fid": 250356, "numero_int": 78, "tipo": "(Fotos intervención)", "ruta": "./media/78/media/Fotos intervención/público/12.jpg", "publico": 1, "url": null }, "geometry": null },
{ "type": "Feature", "properties": { "fid": 250357, "numero_int": 78, "tipo": "(Fotos intervención)", "ruta": "./media/78/media/Fotos intervención/público/13.jpg", "publico": 1, "url": null }, "geometry": null },
{ "type": "Feature", "properties": { "fid": 250358, "numero_int": 78, "tipo": "(Fotos intervención)", "ruta": "./media/78/media/Fotos intervención/público/14.jpg", "publico": 1, "url": null }, "geometry": null },
{ "type": "Feature", "properties": { "fid": 250359, "numero_int": 78, "tipo": "(Fotos intervención)", "ruta": "./media/78/media/Fotos intervención/público/2.jpg", "publico": 1, "url": null }, "geometry": null },
{ "type": "Feature", "properties": { "fid": 250360, "numero_int": 78, "tipo": "(Fotos intervención)", "ruta": "./media/78/media/Fotos intervención/público/3.jpg", "publico": 1, "url": null }, "geometry": null },
{ "type": "Feature", "properties": { "fid": 250361, "numero_int": 78, "tipo": "(Fotos intervención)", "ruta": "./media/78/media/Fotos intervención/público/4.jpg", "publico": 1, "url": null }, "geometry": null },
{ "type": "Feature", "properties": { "fid": 250362, "numero_int": 78, "tipo": "(Fotos intervención)", "ruta": "./media/78/media/Fotos intervención/público/5.jpg", "publico": 1, "url": null }, "geometry": null },
{ "type": "Feature", "properties": { "fid": 250363, "numero_int": 78, "tipo": "(Fotos intervención)", "ruta": "./media/78/media/Fotos intervención/público/6.jpg", "publico": 1, "url": null }, "geometry": null },
{ "type": "Feature", "properties": { "fid": 250364, "numero_int": 78, "tipo": "(Fotos intervención)", "ruta": "./media/78/media/Fotos intervención/público/7.jpg", "publico": 1, "url": null }, "geometry": null },
{ "type": "Feature", "properties": { "fid": 250365, "numero_int": 78, "tipo": "(Fotos intervención)", "ruta": "./media/78/media/Fotos intervención/público/8.jpg", "publico": 1, "url": null }, "geometry": null },
{ "type": "Feature", "properties": { "fid": 250366, "numero_int": 78, "tipo": "(Fotos intervención)", "ruta": "./media/78/media/Fotos intervención/público/9.jpg", "publico": 1, "url": null }, "geometry": null },
{ "type": "Feature", "properties": { "fid": 250577, "numero_int": 79, "tipo": "(Fotos intervención)", "ruta": "./media/79/media/Fotos intervención/público/1.jpg", "publico": 1, "url": null }, "geometry": null },
{ "type": "Feature", "properties": { "fid": 250578, "numero_int": 79, "tipo": "(Fotos intervención)", "ruta": "./media/79/media/Fotos intervención/público/10.jpg", "publico": 1, "url": null }, "geometry": null },
{ "type": "Feature", "properties": { "fid": 250579, "numero_int": 79, "tipo": "(Fotos intervención)", "ruta": "./media/79/media/Fotos intervención/público/11.jpg", "publico": 1, "url": null }, "geometry": null },
{ "type": "Feature", "properties": { "fid": 250580, "numero_int": 79, "tipo": "(Fotos intervención)", "ruta": "./media/79/media/Fotos intervención/público/12.jpg", "publico": 1, "url": null }, "geometry": null },
{ "type": "Feature", "properties": { "fid": 250581, "numero_int": 79, "tipo": "(Fotos intervención)", "ruta": "./media/79/media/Fotos intervención/público/13.jpg", "publico": 1, "url": null }, "geometry": null },
{ "type": "Feature", "properties": { "fid": 250582, "numero_int": 79, "tipo": "(Fotos intervención)", "ruta": "./media/79/media/Fotos intervención/público/14.jpg", "publico": 1, "url": null }, "geometry": null },
{ "type": "Feature", "properties": { "fid": 250583, "numero_int": 79, "tipo": "(Fotos intervención)", "ruta": "./media/79/media/Fotos intervención/público/15.jpg", "publico": 1, "url": null }, "geometry": null },
{ "type": "Feature", "properties": { "fid": 250584, "numero_int": 79, "tipo": "(Fotos intervención)", "ruta": "./media/79/media/Fotos intervención/público/16.jpg", "publico": 1, "url": null }, "geometry": null },
{ "type": "Feature", "properties": { "fid": 250585, "numero_int": 79, "tipo": "(Fotos intervención)", "ruta": "./media/79/media/Fotos intervención/público/17.jpg", "publico": 1, "url": null }, "geometry": null },
{ "type": "Feature", "properties": { "fid": 250586, "numero_int": 79, "tipo": "(Fotos intervención)", "ruta": "./media/79/media/Fotos intervención/público/18.jpg", "publico": 1, "url": null }, "geometry": null },
{ "type": "Feature", "properties": { "fid": 250587, "numero_int": 79, "tipo": "(Fotos intervención)", "ruta": "./media/79/media/Fotos intervención/público/19.jpg", "publico": 1, "url": null }, "geometry": null },
{ "type": "Feature", "properties": { "fid": 250588, "numero_int": 79, "tipo": "(Fotos intervención)", "ruta": "./media/79/media/Fotos intervención/público/2.jpg", "publico": 1, "url": null }, "geometry": null },
{ "type": "Feature", "properties": { "fid": 250589, "numero_int": 79, "tipo": "(Fotos intervención)", "ruta": "./media/79/media/Fotos intervención/público/20.jpg", "publico": 1, "url": null }, "geometry": null },
{ "type": "Feature", "properties": { "fid": 250590, "numero_int": 79, "tipo": "(Fotos intervención)", "ruta": "./media/79/media/Fotos intervención/público/21.jpg", "publico": 1, "url": null }, "geometry": null },
{ "type": "Feature", "properties": { "fid": 250591, "numero_int": 79, "tipo": "(Fotos intervención)", "ruta": "./media/79/media/Fotos intervención/público/3.jpg", "publico": 1, "url": null }, "geometry": null },
{ "type": "Feature", "properties": { "fid": 250592, "numero_int": 79, "tipo": "(Fotos intervención)", "ruta": "./media/79/media/Fotos intervención/público/4.jpg", "publico": 1, "url": null }, "geometry": null },
{ "type": "Feature", "properties": { "fid": 250593, "numero_int": 79, "tipo": "(Fotos intervención)", "ruta": "./media/79/media/Fotos intervención/público/5.jpg", "publico": 1, "url": null }, "geometry": null },
{ "type": "Feature", "properties": { "fid": 250594, "numero_int": 79, "tipo": "(Fotos intervención)", "ruta": "./media/79/media/Fotos intervención/público/6.jpg", "publico": 1, "url": null }, "geometry": null },
{ "type": "Feature", "properties": { "fid": 250595, "numero_int": 79, "tipo": "(Fotos intervención)", "ruta": "./media/79/media/Fotos intervención/público/7.jpg", "publico": 1, "url": null }, "geometry": null },
{ "type": "Feature", "properties": { "fid": 250596, "numero_int": 79, "tipo": "(Fotos intervención)", "ruta": "./media/79/media/Fotos intervención/público/8.jpg", "publico": 1, "url": null }, "geometry": null },
{ "type": "Feature", "properties": { "fid": 250597, "numero_int": 79, "tipo": "(Fotos intervención)", "ruta": "./media/79/media/Fotos intervención/público/9.jpg", "publico": 1, "url": null }, "geometry": null },
{ "type": "Feature", "properties": { "fid": 250823, "numero_int": 80, "tipo": "(Fotos intervención)", "ruta": "./media/80/media/Fotos intervención/público/1.jpg", "publico": 1, "url": null }, "geometry": null },
{ "type": "Feature", "properties": { "fid": 250824, "numero_int": 80, "tipo": "(Fotos intervención)", "ruta": "./media/80/media/Fotos intervención/público/2.jpg", "publico": 1, "url": null }, "geometry": null },
{ "type": "Feature", "properties": { "fid": 250825, "numero_int": 80, "tipo": "(Fotos intervención)", "ruta": "./media/80/media/Fotos intervención/público/3.jpg", "publico": 1, "url": null }, "geometry": null },
{ "type": "Feature", "properties": { "fid": 250826, "numero_int": 80, "tipo": "(Fotos intervención)", "ruta": "./media/80/media/Fotos intervención/público/4.jpg", "publico": 1, "url": null }, "geometry": null },
{ "type": "Feature", "properties": { "fid": 250827, "numero_int": 80, "tipo": "(Fotos intervención)", "ruta": "./media/80/media/Fotos intervención/público/5.jpg", "publico": 1, "url": null }, "geometry": null },
{ "type": "Feature", "properties": { "fid": 250842, "numero_int": 81, "tipo": "(Fotos intervención)", "ruta": "./media/81/media/Fotos intervención/público/14.jpg", "publico": 1, "url": null }, "geometry": null },
{ "type": "Feature", "properties": { "fid": 250843, "numero_int": 81, "tipo": "(Fotos intervención)", "ruta": "./media/81/media/Fotos intervención/público/189.jpg", "publico": 1, "url": null }, "geometry": null },
{ "type": "Feature", "properties": { "fid": 250844, "numero_int": 81, "tipo": "(Fotos intervención)", "ruta": "./media/81/media/Fotos intervención/público/1_171-.jpg", "publico": 1, "url": null }, "geometry": null },
{ "type": "Feature", "properties": { "fid": 250845, "numero_int": 81, "tipo": "(Fotos intervención)", "ruta": "./media/81/media/Fotos intervención/público/1_174.jpg", "publico": 1, "url": null }, "geometry": null },
{ "type": "Feature", "properties": { "fid": 250846, "numero_int": 81, "tipo": "(Fotos intervención)", "ruta": "./media/81/media/Fotos intervención/público/1_181-184.jpg", "publico": 1, "url": null }, "geometry": null },
{ "type": "Feature", "properties": { "fid": 250847, "numero_int": 81, "tipo": "(Fotos intervención)", "ruta": "./media/81/media/Fotos intervención/público/1_27.jpg", "publico": 1, "url": null }, "geometry": null },
{ "type": "Feature", "properties": { "fid": 250848, "numero_int": 81, "tipo": "(Fotos intervención)", "ruta": "./media/81/media/Fotos intervención/público/2.jpg", "publico": 1, "url": null }, "geometry": null },
{ "type": "Feature", "properties": { "fid": 250849, "numero_int": 81, "tipo": "(Fotos intervención)", "ruta": "./media/81/media/Fotos intervención/público/2_3.jpg", "publico": 1, "url": null }, "geometry": null },
{ "type": "Feature", "properties": { "fid": 250850, "numero_int": 81, "tipo": "(Fotos intervención)", "ruta": "./media/81/media/Fotos intervención/público/31.jpg", "publico": 1, "url": null }, "geometry": null },
{ "type": "Feature", "properties": { "fid": 250851, "numero_int": 81, "tipo": "(Fotos intervención)", "ruta": "./media/81/media/Fotos intervención/público/37.jpg", "publico": 1, "url": null }, "geometry": null },
{ "type": "Feature", "properties": { "fid": 250852, "numero_int": 81, "tipo": "(Fotos intervención)", "ruta": "./media/81/media/Fotos intervención/público/4_12-18.jpg", "publico": 1, "url": null }, "geometry": null },
{ "type": "Feature", "properties": { "fid": 250853, "numero_int": 81, "tipo": "(Fotos intervención)", "ruta": "./media/81/media/Fotos intervención/público/4_19_20_.jpg", "publico": 1, "url": null }, "geometry": null },
{ "type": "Feature", "properties": { "fid": 250854, "numero_int": 81, "tipo": "(Fotos intervención)", "ruta": "./media/81/media/Fotos intervención/público/4_43_.jpg", "publico": 1, "url": null }, "geometry": null },
{ "type": "Feature", "properties": { "fid": 250855, "numero_int": 81, "tipo": "(Fotos intervención)", "ruta": "./media/81/media/Fotos intervención/público/54.jpg", "publico": 1, "url": null }, "geometry": null },
{ "type": "Feature", "properties": { "fid": 250856, "numero_int": 81, "tipo": "(Fotos intervención)", "ruta": "./media/81/media/Fotos intervención/público/63.jpg", "publico": 1, "url": null }, "geometry": null },
{ "type": "Feature", "properties": { "fid": 250857, "numero_int": 81, "tipo": "(Fotos intervención)", "ruta": "./media/81/media/Fotos intervención/público/BodegaHundida1a-b.jpg", "publico": 1, "url": null }, "geometry": null },
{ "type": "Feature", "properties": { "fid": 250858, "numero_int": 81, "tipo": "(Fotos intervención)", "ruta": "./media/81/media/Fotos intervención/público/BodegaPiedraCasa3.jpg", "publico": 1, "url": null }, "geometry": null },
{ "type": "Feature", "properties": { "fid": 250859, "numero_int": 81, "tipo": "(Fotos intervención)", "ruta": "./media/81/media/Fotos intervención/público/Bodega_Piedra.jpg", "publico": 1, "url": null }, "geometry": null },
{ "type": "Feature", "properties": { "fid": 250860, "numero_int": 81, "tipo": "(Fotos intervención)", "ruta": "./media/81/media/Fotos intervención/público/Enterramiento_Sector4.jpg", "publico": 1, "url": null }, "geometry": null },
{ "type": "Feature", "properties": { "fid": 250861, "numero_int": 81, "tipo": "(Fotos intervención)", "ruta": "./media/81/media/Fotos intervención/público/IMG_3788.jpg", "publico": 1, "url": null }, "geometry": null },
{ "type": "Feature", "properties": { "fid": 250862, "numero_int": 81, "tipo": "(Fotos intervención)", "ruta": "./media/81/media/Fotos intervención/público/MuroIslamico.jpg", "publico": 1, "url": null }, "geometry": null },
{ "type": "Feature", "properties": { "fid": 250863, "numero_int": 81, "tipo": "(Fotos intervención)", "ruta": "./media/81/media/Fotos intervención/público/MuroIslamico_Vistageneral.jpg", "publico": 1, "url": null }, "geometry": null },
{ "type": "Feature", "properties": { "fid": 250864, "numero_int": 81, "tipo": "(Fotos intervención)", "ruta": "./media/81/media/Fotos intervención/público/OrtoSector1a_FaseMedievalCristiana.jpg", "publico": 1, "url": null }, "geometry": null },
{ "type": "Feature", "properties": { "fid": 250865, "numero_int": 81, "tipo": "(Fotos intervención)", "ruta": "./media/81/media/Fotos intervención/público/P1420383.jpg", "publico": 1, "url": null }, "geometry": null },
{ "type": "Feature", "properties": { "fid": 250866, "numero_int": 81, "tipo": "(Fotos intervención)", "ruta": "./media/81/media/Fotos intervención/público/PortadaInforme.jpg", "publico": 1, "url": null }, "geometry": null },
{ "type": "Feature", "properties": { "fid": 250867, "numero_int": 81, "tipo": "(Fotos intervención)", "ruta": "./media/81/media/Fotos intervención/público/Sector1a_Final.jpg", "publico": 1, "url": null }, "geometry": null },
{ "type": "Feature", "properties": { "fid": 250868, "numero_int": 81, "tipo": "(Fotos intervención)", "ruta": "./media/81/media/Fotos intervención/público/Sector1b_Final.jpg", "publico": 1, "url": null }, "geometry": null },
{ "type": "Feature", "properties": { "fid": 250869, "numero_int": 81, "tipo": "(Fotos intervención)", "ruta": "./media/81/media/Fotos intervención/público/Sector4_final.jpg", "publico": 1, "url": null }, "geometry": null },
{ "type": "Feature", "properties": { "fid": 250870, "numero_int": 81, "tipo": "(Fotos intervención)", "ruta": "./media/81/media/Fotos intervención/público/Sontano_MuroIslamico.jpg", "publico": 1, "url": null }, "geometry": null },
{ "type": "Feature", "properties": { "fid": 250871, "numero_int": 81, "tipo": "(Fotos intervención)", "ruta": "./media/81/media/Fotos intervención/público/SueloCantos_Medidas.jpg", "publico": 1, "url": null }, "geometry": null },
{ "type": "Feature", "properties": { "fid": 251172, "numero_int": 81, "tipo": "(Hemeroteca)", "ruta": "./media/81/media/Hemeroteca/público/MERCADAL_2000-004.jpg", "publico": 1, "url": null }, "geometry": null },
{ "type": "Feature", "properties": { "fid": 251173, "numero_int": 81, "tipo": "(Hemeroteca)", "ruta": "./media/81/media/Hemeroteca/público/Prensa_MERCADAL_2000.jpg", "publico": 1, "url": null }, "geometry": null },
{ "type": "Feature", "properties": { "fid": 251174, "numero_int": 81, "tipo": "Planimetrías", "ruta": "./media/81/media/Planimetrías/público/BodegasHornoCoscolin.jpg", "publico": 1, "url": null }, "geometry": null },
{ "type": "Feature", "properties": { "fid": 251175, "numero_int": 81, "tipo": "Planimetrías", "ruta": "./media/81/media/Planimetrías/público/Coscolin_Enterramiento.jpg", "publico": 1, "url": null }, "geometry": null },
{ "type": "Feature", "properties": { "fid": 251176, "numero_int": 81, "tipo": "Planimetrías", "ruta": "./media/81/media/Planimetrías/público/Coscolin_Enterramiento_1.jpg", "publico": 1, "url": null }, "geometry": null },
{ "type": "Feature", "properties": { "fid": 251177, "numero_int": 81, "tipo": "Planimetrías", "ruta": "./media/81/media/Planimetrías/público/DibujoMuroIslamico_3_6_Sector3.jpg", "publico": 1, "url": null }, "geometry": null },
{ "type": "Feature", "properties": { "fid": 251178, "numero_int": 81, "tipo": "Planimetrías", "ruta": "./media/81/media/Planimetrías/público/FaseAndalusi_1.jpg", "publico": 1, "url": null }, "geometry": null },
{ "type": "Feature", "properties": { "fid": 251179, "numero_int": 81, "tipo": "Planimetrías", "ruta": "./media/81/media/Planimetrías/público/FASE_ANDALUSÍ.jpg", "publico": 1, "url": null }, "geometry": null },
{ "type": "Feature", "properties": { "fid": 251180, "numero_int": 81, "tipo": "Planimetrías", "ruta": "./media/81/media/Planimetrías/público/FASE_CONTEMPORANEA.jpg", "publico": 1, "url": null }, "geometry": null },
{ "type": "Feature", "properties": { "fid": 251181, "numero_int": 81, "tipo": "Planimetrías", "ruta": "./media/81/media/Planimetrías/público/FASE_MEDIEVAL_CRISTIANA.jpg", "publico": 1, "url": null }, "geometry": null },
{ "type": "Feature", "properties": { "fid": 251182, "numero_int": 81, "tipo": "Planimetrías", "ruta": "./media/81/media/Planimetrías/público/FASE_MODERNA_.jpg", "publico": 1, "url": null }, "geometry": null },
{ "type": "Feature", "properties": { "fid": 251183, "numero_int": 81, "tipo": "Planimetrías", "ruta": "./media/81/media/Planimetrías/público/IntervencionCoscolinHorizontal.jpg", "publico": 1, "url": null }, "geometry": null },
{ "type": "Feature", "properties": { "fid": 251184, "numero_int": 81, "tipo": "Planimetrías", "ruta": "./media/81/media/Planimetrías/público/MuroIslámico.jpg", "publico": 1, "url": null }, "geometry": null },
{ "type": "Feature", "properties": { "fid": 251185, "numero_int": 81, "tipo": "Planimetrías", "ruta": "./media/81/media/Planimetrías/público/OrtoCoscolin_6Marzo2023.jpg", "publico": 1, "url": null }, "geometry": null },
{ "type": "Feature", "properties": { "fid": 251186, "numero_int": 81, "tipo": "Planimetrías", "ruta": "./media/81/media/Planimetrías/público/OrtoCoscolin_Sector1_FaseIslamica_2.jpg", "publico": 1, "url": null }, "geometry": null },
{ "type": "Feature", "properties": { "fid": 251514, "numero_int": 84, "tipo": "(Fotos intervención)", "ruta": "./media/84/media/Fotos intervención/público/1.jpg", "publico": 1, "url": null }, "geometry": null },
{ "type": "Feature", "properties": { "fid": 251515, "numero_int": 84, "tipo": "(Fotos intervención)", "ruta": "./media/84/media/Fotos intervención/público/10.jpg", "publico": 1, "url": null }, "geometry": null },
{ "type": "Feature", "properties": { "fid": 251516, "numero_int": 84, "tipo": "(Fotos intervención)", "ruta": "./media/84/media/Fotos intervención/público/11.jpg", "publico": 1, "url": null }, "geometry": null },
{ "type": "Feature", "properties": { "fid": 251517, "numero_int": 84, "tipo": "(Fotos intervención)", "ruta": "./media/84/media/Fotos intervención/público/12.jpg", "publico": 1, "url": null }, "geometry": null },
{ "type": "Feature", "properties": { "fid": 251518, "numero_int": 84, "tipo": "(Fotos intervención)", "ruta": "./media/84/media/Fotos intervención/público/13.jpg", "publico": 1, "url": null }, "geometry": null },
{ "type": "Feature", "properties": { "fid": 251519, "numero_int": 84, "tipo": "(Fotos intervención)", "ruta": "./media/84/media/Fotos intervención/público/14.jpg", "publico": 1, "url": null }, "geometry": null },
{ "type": "Feature", "properties": { "fid": 251520, "numero_int": 84, "tipo": "(Fotos intervención)", "ruta": "./media/84/media/Fotos intervención/público/15.jpg", "publico": 1, "url": null }, "geometry": null },
{ "type": "Feature", "properties": { "fid": 251521, "numero_int": 84, "tipo": "(Fotos intervención)", "ruta": "./media/84/media/Fotos intervención/público/16.jpg", "publico": 1, "url": null }, "geometry": null },
{ "type": "Feature", "properties": { "fid": 251522, "numero_int": 84, "tipo": "(Fotos intervención)", "ruta": "./media/84/media/Fotos intervención/público/17.jpg", "publico": 1, "url": null }, "geometry": null },
{ "type": "Feature", "properties": { "fid": 251523, "numero_int": 84, "tipo": "(Fotos intervención)", "ruta": "./media/84/media/Fotos intervención/público/18.jpg", "publico": 1, "url": null }, "geometry": null },
{ "type": "Feature", "properties": { "fid": 251524, "numero_int": 84, "tipo": "(Fotos intervención)", "ruta": "./media/84/media/Fotos intervención/público/19.jpg", "publico": 1, "url": null }, "geometry": null },
{ "type": "Feature", "properties": { "fid": 251525, "numero_int": 84, "tipo": "(Fotos intervención)", "ruta": "./media/84/media/Fotos intervención/público/2.jpg", "publico": 1, "url": null }, "geometry": null },
{ "type": "Feature", "properties": { "fid": 251526, "numero_int": 84, "tipo": "(Fotos intervención)", "ruta": "./media/84/media/Fotos intervención/público/20.jpg", "publico": 1, "url": null }, "geometry": null },
{ "type": "Feature", "properties": { "fid": 251527, "numero_int": 84, "tipo": "(Fotos intervención)", "ruta": "./media/84/media/Fotos intervención/público/21.jpg", "publico": 1, "url": null }, "geometry": null },
{ "type": "Feature", "properties": { "fid": 251528, "numero_int": 84, "tipo": "(Fotos intervención)", "ruta": "./media/84/media/Fotos intervención/público/22.jpg", "publico": 1, "url": null }, "geometry": null },
{ "type": "Feature", "properties": { "fid": 251529, "numero_int": 84, "tipo": "(Fotos intervención)", "ruta": "./media/84/media/Fotos intervención/público/23.jpg", "publico": 1, "url": null }, "geometry": null },
{ "type": "Feature", "properties": { "fid": 251530, "numero_int": 84, "tipo": "(Fotos intervención)", "ruta": "./media/84/media/Fotos intervención/público/24.jpg", "publico": 1, "url": null }, "geometry": null },
{ "type": "Feature", "properties": { "fid": 251531, "numero_int": 84, "tipo": "(Fotos intervención)", "ruta": "./media/84/media/Fotos intervención/público/25.jpg", "publico": 1, "url": null }, "geometry": null },
{ "type": "Feature", "properties": { "fid": 251532, "numero_int": 84, "tipo": "(Fotos intervención)", "ruta": "./media/84/media/Fotos intervención/público/26.jpg", "publico": 1, "url": null }, "geometry": null },
{ "type": "Feature", "properties": { "fid": 251533, "numero_int": 84, "tipo": "(Fotos intervención)", "ruta": "./media/84/media/Fotos intervención/público/27.jpg", "publico": 1, "url": null }, "geometry": null },
{ "type": "Feature", "properties": { "fid": 251534, "numero_int": 84, "tipo": "(Fotos intervención)", "ruta": "./media/84/media/Fotos intervención/público/28.jpg", "publico": 1, "url": null }, "geometry": null },
{ "type": "Feature", "properties": { "fid": 251535, "numero_int": 84, "tipo": "(Fotos intervención)", "ruta": "./media/84/media/Fotos intervención/público/29.jpg", "publico": 1, "url": null }, "geometry": null },
{ "type": "Feature", "properties": { "fid": 251536, "numero_int": 84, "tipo": "(Fotos intervención)", "ruta": "./media/84/media/Fotos intervención/público/3.jpg", "publico": 1, "url": null }, "geometry": null },
{ "type": "Feature", "properties": { "fid": 251537, "numero_int": 84, "tipo": "(Fotos intervención)", "ruta": "./media/84/media/Fotos intervención/público/30.jpg", "publico": 1, "url": null }, "geometry": null },
{ "type": "Feature", "properties": { "fid": 251538, "numero_int": 84, "tipo": "(Fotos intervención)", "ruta": "./media/84/media/Fotos intervención/público/31.jpg", "publico": 1, "url": null }, "geometry": null },
{ "type": "Feature", "properties": { "fid": 251539, "numero_int": 84, "tipo": "(Fotos intervención)", "ruta": "./media/84/media/Fotos intervención/público/32.jpg", "publico": 1, "url": null }, "geometry": null },
{ "type": "Feature", "properties": { "fid": 251540, "numero_int": 84, "tipo": "(Fotos intervención)", "ruta": "./media/84/media/Fotos intervención/público/33.jpg", "publico": 1, "url": null }, "geometry": null },
{ "type": "Feature", "properties": { "fid": 251541, "numero_int": 84, "tipo": "(Fotos intervención)", "ruta": "./media/84/media/Fotos intervención/público/34.jpg", "publico": 1, "url": null }, "geometry": null },
{ "type": "Feature", "properties": { "fid": 251542, "numero_int": 84, "tipo": "(Fotos intervención)", "ruta": "./media/84/media/Fotos intervención/público/35.jpg", "publico": 1, "url": null }, "geometry": null },
{ "type": "Feature", "properties": { "fid": 251543, "numero_int": 84, "tipo": "(Fotos intervención)", "ruta": "./media/84/media/Fotos intervención/público/36.jpg", "publico": 1, "url": null }, "geometry": null },
{ "type": "Feature", "properties": { "fid": 251544, "numero_int": 84, "tipo": "(Fotos intervención)", "ruta": "./media/84/media/Fotos intervención/público/37.jpg", "publico": 1, "url": null }, "geometry": null },
{ "type": "Feature", "properties": { "fid": 251545, "numero_int": 84, "tipo": "(Fotos intervención)", "ruta": "./media/84/media/Fotos intervención/público/38.jpg", "publico": 1, "url": null }, "geometry": null },
{ "type": "Feature", "properties": { "fid": 251546, "numero_int": 84, "tipo": "(Fotos intervención)", "ruta": "./media/84/media/Fotos intervención/público/39.jpg", "publico": 1, "url": null }, "geometry": null },
{ "type": "Feature", "properties": { "fid": 251547, "numero_int": 84, "tipo": "(Fotos intervención)", "ruta": "./media/84/media/Fotos intervención/público/4.jpg", "publico": 1, "url": null }, "geometry": null },
{ "type": "Feature", "properties": { "fid": 251548, "numero_int": 84, "tipo": "(Fotos intervención)", "ruta": "./media/84/media/Fotos intervención/público/40.jpg", "publico": 1, "url": null }, "geometry": null },
{ "type": "Feature", "properties": { "fid": 251549, "numero_int": 84, "tipo": "(Fotos intervención)", "ruta": "./media/84/media/Fotos intervención/público/41.jpg", "publico": 1, "url": null }, "geometry": null },
{ "type": "Feature", "properties": { "fid": 251550, "numero_int": 84, "tipo": "(Fotos intervención)", "ruta": "./media/84/media/Fotos intervención/público/42.jpg", "publico": 1, "url": null }, "geometry": null },
{ "type": "Feature", "properties": { "fid": 251551, "numero_int": 84, "tipo": "(Fotos intervención)", "ruta": "./media/84/media/Fotos intervención/público/43.jpg", "publico": 1, "url": null }, "geometry": null },
{ "type": "Feature", "properties": { "fid": 251552, "numero_int": 84, "tipo": "(Fotos intervención)", "ruta": "./media/84/media/Fotos intervención/público/44.jpg", "publico": 1, "url": null }, "geometry": null },
{ "type": "Feature", "properties": { "fid": 251553, "numero_int": 84, "tipo": "(Fotos intervención)", "ruta": "./media/84/media/Fotos intervención/público/45.jpg", "publico": 1, "url": null }, "geometry": null },
{ "type": "Feature", "properties": { "fid": 251554, "numero_int": 84, "tipo": "(Fotos intervención)", "ruta": "./media/84/media/Fotos intervención/público/46.jpg", "publico": 1, "url": null }, "geometry": null },
{ "type": "Feature", "properties": { "fid": 251555, "numero_int": 84, "tipo": "(Fotos intervención)", "ruta": "./media/84/media/Fotos intervención/público/47.jpg", "publico": 1, "url": null }, "geometry": null },
{ "type": "Feature", "properties": { "fid": 251556, "numero_int": 84, "tipo": "(Fotos intervención)", "ruta": "./media/84/media/Fotos intervención/público/48.jpg", "publico": 1, "url": null }, "geometry": null },
{ "type": "Feature", "properties": { "fid": 251557, "numero_int": 84, "tipo": "(Fotos intervención)", "ruta": "./media/84/media/Fotos intervención/público/49.jpg", "publico": 1, "url": null }, "geometry": null },
{ "type": "Feature", "properties": { "fid": 251558, "numero_int": 84, "tipo": "(Fotos intervención)", "ruta": "./media/84/media/Fotos intervención/público/5.jpg", "publico": 1, "url": null }, "geometry": null },
{ "type": "Feature", "properties": { "fid": 251559, "numero_int": 84, "tipo": "(Fotos intervención)", "ruta": "./media/84/media/Fotos intervención/público/50.jpg", "publico": 1, "url": null }, "geometry": null },
{ "type": "Feature", "properties": { "fid": 251560, "numero_int": 84, "tipo": "(Fotos intervención)", "ruta": "./media/84/media/Fotos intervención/público/51.jpg", "publico": 1, "url": null }, "geometry": null },
{ "type": "Feature", "properties": { "fid": 251561, "numero_int": 84, "tipo": "(Fotos intervención)", "ruta": "./media/84/media/Fotos intervención/público/52.jpg", "publico": 1, "url": null }, "geometry": null },
{ "type": "Feature", "properties": { "fid": 251562, "numero_int": 84, "tipo": "(Fotos intervención)", "ruta": "./media/84/media/Fotos intervención/público/53.jpg", "publico": 1, "url": null }, "geometry": null },
{ "type": "Feature", "properties": { "fid": 251563, "numero_int": 84, "tipo": "(Fotos intervención)", "ruta": "./media/84/media/Fotos intervención/público/54.jpg", "publico": 1, "url": null }, "geometry": null },
{ "type": "Feature", "properties": { "fid": 251564, "numero_int": 84, "tipo": "(Fotos intervención)", "ruta": "./media/84/media/Fotos intervención/público/55.jpg", "publico": 1, "url": null }, "geometry": null },
{ "type": "Feature", "properties": { "fid": 251565, "numero_int": 84, "tipo": "(Fotos intervención)", "ruta": "./media/84/media/Fotos intervención/público/56.jpg", "publico": 1, "url": null }, "geometry": null },
{ "type": "Feature", "properties": { "fid": 251566, "numero_int": 84, "tipo": "(Fotos intervención)", "ruta": "./media/84/media/Fotos intervención/público/57.jpg", "publico": 1, "url": null }, "geometry": null },
{ "type": "Feature", "properties": { "fid": 251567, "numero_int": 84, "tipo": "(Fotos intervención)", "ruta": "./media/84/media/Fotos intervención/público/58.jpg", "publico": 1, "url": null }, "geometry": null },
{ "type": "Feature", "properties": { "fid": 251568, "numero_int": 84, "tipo": "(Fotos intervención)", "ruta": "./media/84/media/Fotos intervención/público/59.jpg", "publico": 1, "url": null }, "geometry": null },
{ "type": "Feature", "properties": { "fid": 251569, "numero_int": 84, "tipo": "(Fotos intervención)", "ruta": "./media/84/media/Fotos intervención/público/6.jpg", "publico": 1, "url": null }, "geometry": null },
{ "type": "Feature", "properties": { "fid": 251570, "numero_int": 84, "tipo": "(Fotos intervención)", "ruta": "./media/84/media/Fotos intervención/público/60.jpg", "publico": 1, "url": null }, "geometry": null },
{ "type": "Feature", "properties": { "fid": 251571, "numero_int": 84, "tipo": "(Fotos intervención)", "ruta": "./media/84/media/Fotos intervención/público/61.jpg", "publico": 1, "url": null }, "geometry": null },
{ "type": "Feature", "properties": { "fid": 251572, "numero_int": 84, "tipo": "(Fotos intervención)", "ruta": "./media/84/media/Fotos intervención/público/62.jpg", "publico": 1, "url": null }, "geometry": null },
{ "type": "Feature", "properties": { "fid": 251573, "numero_int": 84, "tipo": "(Fotos intervención)", "ruta": "./media/84/media/Fotos intervención/público/63.jpg", "publico": 1, "url": null }, "geometry": null },
{ "type": "Feature", "properties": { "fid": 251574, "numero_int": 84, "tipo": "(Fotos intervención)", "ruta": "./media/84/media/Fotos intervención/público/64.jpg", "publico": 1, "url": null }, "geometry": null },
{ "type": "Feature", "properties": { "fid": 251575, "numero_int": 84, "tipo": "(Fotos intervención)", "ruta": "./media/84/media/Fotos intervención/público/65.jpg", "publico": 1, "url": null }, "geometry": null },
{ "type": "Feature", "properties": { "fid": 251576, "numero_int": 84, "tipo": "(Fotos intervención)", "ruta": "./media/84/media/Fotos intervención/público/66.jpg", "publico": 1, "url": null }, "geometry": null },
{ "type": "Feature", "properties": { "fid": 251577, "numero_int": 84, "tipo": "(Fotos intervención)", "ruta": "./media/84/media/Fotos intervención/público/67.jpg", "publico": 1, "url": null }, "geometry": null },
{ "type": "Feature", "properties": { "fid": 251578, "numero_int": 84, "tipo": "(Fotos intervención)", "ruta": "./media/84/media/Fotos intervención/público/7.jpg", "publico": 1, "url": null }, "geometry": null },
{ "type": "Feature", "properties": { "fid": 251579, "numero_int": 84, "tipo": "(Fotos intervención)", "ruta": "./media/84/media/Fotos intervención/público/8.jpg", "publico": 1, "url": null }, "geometry": null },
{ "type": "Feature", "properties": { "fid": 251580, "numero_int": 84, "tipo": "(Fotos intervención)", "ruta": "./media/84/media/Fotos intervención/público/9.jpg", "publico": 1, "url": null }, "geometry": null },
{ "type": "Feature", "properties": { "fid": 251649, "numero_int": 85, "tipo": "(Fotos intervención)", "ruta": "./media/85/media/Fotos intervención/público/1.jpg", "publico": 1, "url": null }, "geometry": null },
{ "type": "Feature", "properties": { "fid": 251650, "numero_int": 85, "tipo": "(Fotos intervención)", "ruta": "./media/85/media/Fotos intervención/público/2.jpg", "publico": 1, "url": null }, "geometry": null },
{ "type": "Feature", "properties": { "fid": 251651, "numero_int": 85, "tipo": "(Fotos intervención)", "ruta": "./media/85/media/Fotos intervención/público/3.jpg", "publico": 1, "url": null }, "geometry": null },
{ "type": "Feature", "properties": { "fid": 251665, "numero_int": 86, "tipo": "(Fotos intervención)", "ruta": "./media/86/media/Fotos intervención/público/2017-08-21 18.58.18.jpg", "publico": 1, "url": null }, "geometry": null },
{ "type": "Feature", "properties": { "fid": 251666, "numero_int": 86, "tipo": "(Fotos intervención)", "ruta": "./media/86/media/Fotos intervención/público/2017-08-21 19.48.10.jpg", "publico": 1, "url": null }, "geometry": null },
{ "type": "Feature", "properties": { "fid": 251670, "numero_int": 87, "tipo": "(Fotos intervención)", "ruta": "./media/87/media/Fotos intervención/público/1.jpg", "publico": 1, "url": null }, "geometry": null },
{ "type": "Feature", "properties": { "fid": 251671, "numero_int": 87, "tipo": "(Fotos intervención)", "ruta": "./media/87/media/Fotos intervención/público/2.jpg", "publico": 1, "url": null }, "geometry": null },
{ "type": "Feature", "properties": { "fid": 251672, "numero_int": 87, "tipo": "(Fotos intervención)", "ruta": "./media/87/media/Fotos intervención/público/3.jpg", "publico": 1, "url": null }, "geometry": null },
{ "type": "Feature", "properties": { "fid": 251681, "numero_int": 88, "tipo": "(Fotos intervención)", "ruta": "./media/88/media/Fotos intervención/público/20190903_120547.jpg", "publico": 1, "url": null }, "geometry": null },
{ "type": "Feature", "properties": { "fid": 251682, "numero_int": 88, "tipo": "(Fotos intervención)", "ruta": "./media/88/media/Fotos intervención/público/20190903_120605.jpg", "publico": 1, "url": null }, "geometry": null },
{ "type": "Feature", "properties": { "fid": 251683, "numero_int": 88, "tipo": "(Fotos intervención)", "ruta": "./media/88/media/Fotos intervención/público/20190903_120809.jpg", "publico": 1, "url": null }, "geometry": null },
{ "type": "Feature", "properties": { "fid": 251684, "numero_int": 88, "tipo": "(Fotos intervención)", "ruta": "./media/88/media/Fotos intervención/público/20190904_103522.jpg", "publico": 1, "url": null }, "geometry": null },
{ "type": "Feature", "properties": { "fid": 251685, "numero_int": 88, "tipo": "(Fotos intervención)", "ruta": "./media/88/media/Fotos intervención/público/IMG_4045.jpg", "publico": 1, "url": null }, "geometry": null },
{ "type": "Feature", "properties": { "fid": 251686, "numero_int": 88, "tipo": "(Fotos intervención)", "ruta": "./media/88/media/Fotos intervención/público/IMG_4049.jpg", "publico": 1, "url": null }, "geometry": null },
{ "type": "Feature", "properties": { "fid": 251687, "numero_int": 88, "tipo": "(Fotos intervención)", "ruta": "./media/88/media/Fotos intervención/público/IMG_4051.jpg", "publico": 1, "url": null }, "geometry": null },
{ "type": "Feature", "properties": { "fid": 251688, "numero_int": 88, "tipo": "(Fotos intervención)", "ruta": "./media/88/media/Fotos intervención/público/IMG_4058.jpg", "publico": 1, "url": null }, "geometry": null },
{ "type": "Feature", "properties": { "fid": 251689, "numero_int": 88, "tipo": "(Fotos intervención)", "ruta": "./media/88/media/Fotos intervención/público/IMG_4410.jpg", "publico": 1, "url": null }, "geometry": null },
{ "type": "Feature", "properties": { "fid": 251690, "numero_int": 88, "tipo": "(Fotos intervención)", "ruta": "./media/88/media/Fotos intervención/público/IMG_4411.jpg", "publico": 1, "url": null }, "geometry": null },
{ "type": "Feature", "properties": { "fid": 251691, "numero_int": 88, "tipo": "(Fotos intervención)", "ruta": "./media/88/media/Fotos intervención/público/IMG_4412.jpg", "publico": 1, "url": null }, "geometry": null },
{ "type": "Feature", "properties": { "fid": 251692, "numero_int": 88, "tipo": "(Fotos intervención)", "ruta": "./media/88/media/Fotos intervención/público/IMG_4421.jpg", "publico": 1, "url": null }, "geometry": null },
{ "type": "Feature", "properties": { "fid": 251693, "numero_int": 88, "tipo": "(Fotos intervención)", "ruta": "./media/88/media/Fotos intervención/público/IMG_4422.jpg", "publico": 1, "url": null }, "geometry": null },
{ "type": "Feature", "properties": { "fid": 251694, "numero_int": 88, "tipo": "(Fotos intervención)", "ruta": "./media/88/media/Fotos intervención/público/IMG_4423.jpg", "publico": 1, "url": null }, "geometry": null },
{ "type": "Feature", "properties": { "fid": 251695, "numero_int": 88, "tipo": "(Fotos intervención)", "ruta": "./media/88/media/Fotos intervención/público/IMG_4424.jpg", "publico": 1, "url": null }, "geometry": null },
{ "type": "Feature", "properties": { "fid": 251696, "numero_int": 88, "tipo": "(Fotos intervención)", "ruta": "./media/88/media/Fotos intervención/público/IMG_4425.jpg", "publico": 1, "url": null }, "geometry": null },
{ "type": "Feature", "properties": { "fid": 251697, "numero_int": 88, "tipo": "(Fotos intervención)", "ruta": "./media/88/media/Fotos intervención/público/IMG_4426.jpg", "publico": 1, "url": null }, "geometry": null },
{ "type": "Feature", "properties": { "fid": 251698, "numero_int": 88, "tipo": "(Fotos intervención)", "ruta": "./media/88/media/Fotos intervención/público/IMG_4427.jpg", "publico": 1, "url": null }, "geometry": null },
{ "type": "Feature", "properties": { "fid": 251699, "numero_int": 88, "tipo": "(Fotos intervención)", "ruta": "./media/88/media/Fotos intervención/público/IMG_4428.jpg", "publico": 1, "url": null }, "geometry": null },
{ "type": "Feature", "properties": { "fid": 251700, "numero_int": 88, "tipo": "(Fotos intervención)", "ruta": "./media/88/media/Fotos intervención/público/IMG_4429.jpg", "publico": 1, "url": null }, "geometry": null },
{ "type": "Feature", "properties": { "fid": 251701, "numero_int": 88, "tipo": "(Fotos intervención)", "ruta": "./media/88/media/Fotos intervención/público/IMG_4430.jpg", "publico": 1, "url": null }, "geometry": null },
{ "type": "Feature", "properties": { "fid": 251702, "numero_int": 88, "tipo": "(Fotos intervención)", "ruta": "./media/88/media/Fotos intervención/público/IMG_4458.jpg", "publico": 1, "url": null }, "geometry": null },
{ "type": "Feature", "properties": { "fid": 251703, "numero_int": 88, "tipo": "(Fotos intervención)", "ruta": "./media/88/media/Fotos intervención/público/IMG_4459.jpg", "publico": 1, "url": null }, "geometry": null },
{ "type": "Feature", "properties": { "fid": 251704, "numero_int": 88, "tipo": "(Fotos intervención)", "ruta": "./media/88/media/Fotos intervención/público/IMG_4460.jpg", "publico": 1, "url": null }, "geometry": null },
{ "type": "Feature", "properties": { "fid": 251705, "numero_int": 88, "tipo": "(Fotos intervención)", "ruta": "./media/88/media/Fotos intervención/público/IMG_4461.jpg", "publico": 1, "url": null }, "geometry": null },
{ "type": "Feature", "properties": { "fid": 251706, "numero_int": 88, "tipo": "(Fotos intervención)", "ruta": "./media/88/media/Fotos intervención/público/IMG_4462.jpg", "publico": 1, "url": null }, "geometry": null },
{ "type": "Feature", "properties": { "fid": 251707, "numero_int": 88, "tipo": "(Fotos intervención)", "ruta": "./media/88/media/Fotos intervención/público/IMG_4463.jpg", "publico": 1, "url": null }, "geometry": null },
{ "type": "Feature", "properties": { "fid": 251708, "numero_int": 88, "tipo": "(Fotos intervención)", "ruta": "./media/88/media/Fotos intervención/público/IMG_4471.jpg", "publico": 1, "url": null }, "geometry": null },
{ "type": "Feature", "properties": { "fid": 251709, "numero_int": 88, "tipo": "(Fotos intervención)", "ruta": "./media/88/media/Fotos intervención/público/IMG_4472.jpg", "publico": 1, "url": null }, "geometry": null },
{ "type": "Feature", "properties": { "fid": 251710, "numero_int": 88, "tipo": "(Fotos intervención)", "ruta": "./media/88/media/Fotos intervención/público/IMG_4473.jpg", "publico": 1, "url": null }, "geometry": null },
{ "type": "Feature", "properties": { "fid": 251711, "numero_int": 88, "tipo": "(Fotos intervención)", "ruta": "./media/88/media/Fotos intervención/público/IMG_4474.jpg", "publico": 1, "url": null }, "geometry": null },
{ "type": "Feature", "properties": { "fid": 251712, "numero_int": 88, "tipo": "(Fotos intervención)", "ruta": "./media/88/media/Fotos intervención/público/IMG_4475.jpg", "publico": 1, "url": null }, "geometry": null },
{ "type": "Feature", "properties": { "fid": 251713, "numero_int": 88, "tipo": "(Fotos intervención)", "ruta": "./media/88/media/Fotos intervención/público/IMG_4476.jpg", "publico": 1, "url": null }, "geometry": null },
{ "type": "Feature", "properties": { "fid": 251714, "numero_int": 88, "tipo": "(Fotos intervención)", "ruta": "./media/88/media/Fotos intervención/público/IMG_4477.jpg", "publico": 1, "url": null }, "geometry": null },
{ "type": "Feature", "properties": { "fid": 251715, "numero_int": 88, "tipo": "(Fotos intervención)", "ruta": "./media/88/media/Fotos intervención/público/IMG_4478.jpg", "publico": 1, "url": null }, "geometry": null },
{ "type": "Feature", "properties": { "fid": 251716, "numero_int": 88, "tipo": "(Fotos intervención)", "ruta": "./media/88/media/Fotos intervención/público/IMG_4479.jpg", "publico": 1, "url": null }, "geometry": null },
{ "type": "Feature", "properties": { "fid": 251717, "numero_int": 88, "tipo": "(Fotos intervención)", "ruta": "./media/88/media/Fotos intervención/público/IMG_4480.jpg", "publico": 1, "url": null }, "geometry": null },
{ "type": "Feature", "properties": { "fid": 251780, "numero_int": 9, "tipo": "(Fotos intervención)", "ruta": "./media/9/media/Fotos intervención/público/1.jpg", "publico": 1, "url": null }, "geometry": null },
{ "type": "Feature", "properties": { "fid": 251781, "numero_int": 9, "tipo": "(Fotos intervención)", "ruta": "./media/9/media/Fotos intervención/público/10.jpg", "publico": 1, "url": null }, "geometry": null },
{ "type": "Feature", "properties": { "fid": 251782, "numero_int": 9, "tipo": "(Fotos intervención)", "ruta": "./media/9/media/Fotos intervención/público/11.jpg", "publico": 1, "url": null }, "geometry": null },
{ "type": "Feature", "properties": { "fid": 251783, "numero_int": 9, "tipo": "(Fotos intervención)", "ruta": "./media/9/media/Fotos intervención/público/12.jpg", "publico": 1, "url": null }, "geometry": null },
{ "type": "Feature", "properties": { "fid": 251784, "numero_int": 9, "tipo": "(Fotos intervención)", "ruta": "./media/9/media/Fotos intervención/público/13.jpg", "publico": 1, "url": null }, "geometry": null },
{ "type": "Feature", "properties": { "fid": 251785, "numero_int": 9, "tipo": "(Fotos intervención)", "ruta": "./media/9/media/Fotos intervención/público/14.jpg", "publico": 1, "url": null }, "geometry": null },
{ "type": "Feature", "properties": { "fid": 251786, "numero_int": 9, "tipo": "(Fotos intervención)", "ruta": "./media/9/media/Fotos intervención/público/15.jpg", "publico": 1, "url": null }, "geometry": null },
{ "type": "Feature", "properties": { "fid": 251787, "numero_int": 9, "tipo": "(Fotos intervención)", "ruta": "./media/9/media/Fotos intervención/público/16.jpg", "publico": 1, "url": null }, "geometry": null },
{ "type": "Feature", "properties": { "fid": 251788, "numero_int": 9, "tipo": "(Fotos intervención)", "ruta": "./media/9/media/Fotos intervención/público/2.jpg", "publico": 1, "url": null }, "geometry": null },
{ "type": "Feature", "properties": { "fid": 251789, "numero_int": 9, "tipo": "(Fotos intervención)", "ruta": "./media/9/media/Fotos intervención/público/3.jpg", "publico": 1, "url": null }, "geometry": null },
{ "type": "Feature", "properties": { "fid": 251790, "numero_int": 9, "tipo": "(Fotos intervención)", "ruta": "./media/9/media/Fotos intervención/público/4.jpg", "publico": 1, "url": null }, "geometry": null },
{ "type": "Feature", "properties": { "fid": 251791, "numero_int": 9, "tipo": "(Fotos intervención)", "ruta": "./media/9/media/Fotos intervención/público/5.jpg", "publico": 1, "url": null }, "geometry": null },
{ "type": "Feature", "properties": { "fid": 251792, "numero_int": 9, "tipo": "(Fotos intervención)", "ruta": "./media/9/media/Fotos intervención/público/6.jpg", "publico": 1, "url": null }, "geometry": null },
{ "type": "Feature", "properties": { "fid": 251793, "numero_int": 9, "tipo": "(Fotos intervención)", "ruta": "./media/9/media/Fotos intervención/público/7.jpg", "publico": 1, "url": null }, "geometry": null },
{ "type": "Feature", "properties": { "fid": 251794, "numero_int": 9, "tipo": "(Fotos intervención)", "ruta": "./media/9/media/Fotos intervención/público/8.jpg", "publico": 1, "url": null }, "geometry": null },
{ "type": "Feature", "properties": { "fid": 251795, "numero_int": 9, "tipo": "(Fotos intervención)", "ruta": "./media/9/media/Fotos intervención/público/9.jpg", "publico": 1, "url": null }, "geometry": null },
{ "type": "Feature", "properties": { "fid": 251990, "numero_int": 90, "tipo": "(Fotos intervención)", "ruta": "./media/90/media/Fotos intervención/público/1.jpg", "publico": 1, "url": null }, "geometry": null },
{ "type": "Feature", "properties": { "fid": 251991, "numero_int": 90, "tipo": "(Fotos intervención)", "ruta": "./media/90/media/Fotos intervención/público/10.jpg", "publico": 1, "url": null }, "geometry": null },
{ "type": "Feature", "properties": { "fid": 251992, "numero_int": 90, "tipo": "(Fotos intervención)", "ruta": "./media/90/media/Fotos intervención/público/11.jpg", "publico": 1, "url": null }, "geometry": null },
{ "type": "Feature", "properties": { "fid": 251993, "numero_int": 90, "tipo": "(Fotos intervención)", "ruta": "./media/90/media/Fotos intervención/público/12.jpg", "publico": 1, "url": null }, "geometry": null },
{ "type": "Feature", "properties": { "fid": 251994, "numero_int": 90, "tipo": "(Fotos intervención)", "ruta": "./media/90/media/Fotos intervención/público/13.jpg", "publico": 1, "url": null }, "geometry": null },
{ "type": "Feature", "properties": { "fid": 251995, "numero_int": 90, "tipo": "(Fotos intervención)", "ruta": "./media/90/media/Fotos intervención/público/14.jpg", "publico": 1, "url": null }, "geometry": null },
{ "type": "Feature", "properties": { "fid": 251996, "numero_int": 90, "tipo": "(Fotos intervención)", "ruta": "./media/90/media/Fotos intervención/público/15.jpg", "publico": 1, "url": null }, "geometry": null },
{ "type": "Feature", "properties": { "fid": 251997, "numero_int": 90, "tipo": "(Fotos intervención)", "ruta": "./media/90/media/Fotos intervención/público/16.jpg", "publico": 1, "url": null }, "geometry": null },
{ "type": "Feature", "properties": { "fid": 251998, "numero_int": 90, "tipo": "(Fotos intervención)", "ruta": "./media/90/media/Fotos intervención/público/2.jpg", "publico": 1, "url": null }, "geometry": null },
{ "type": "Feature", "properties": { "fid": 251999, "numero_int": 90, "tipo": "(Fotos intervención)", "ruta": "./media/90/media/Fotos intervención/público/3.jpg", "publico": 1, "url": null }, "geometry": null },
{ "type": "Feature", "properties": { "fid": 252000, "numero_int": 90, "tipo": "(Fotos intervención)", "ruta": "./media/90/media/Fotos intervención/público/4.jpg", "publico": 1, "url": null }, "geometry": null },
{ "type": "Feature", "properties": { "fid": 252001, "numero_int": 90, "tipo": "(Fotos intervención)", "ruta": "./media/90/media/Fotos intervención/público/5.jpg", "publico": 1, "url": null }, "geometry": null },
{ "type": "Feature", "properties": { "fid": 252002, "numero_int": 90, "tipo": "(Fotos intervención)", "ruta": "./media/90/media/Fotos intervención/público/6.jpg", "publico": 1, "url": null }, "geometry": null },
{ "type": "Feature", "properties": { "fid": 252003, "numero_int": 90, "tipo": "(Fotos intervención)", "ruta": "./media/90/media/Fotos intervención/público/7.jpg", "publico": 1, "url": null }, "geometry": null },
{ "type": "Feature", "properties": { "fid": 252004, "numero_int": 90, "tipo": "(Fotos intervención)", "ruta": "./media/90/media/Fotos intervención/público/8.jpg", "publico": 1, "url": null }, "geometry": null },
{ "type": "Feature", "properties": { "fid": 252005, "numero_int": 90, "tipo": "(Fotos intervención)", "ruta": "./media/90/media/Fotos intervención/público/9.jpg", "publico": 1, "url": null }, "geometry": null },
{ "type": "Feature", "properties": { "fid": 252006, "numero_int": 90, "tipo": "(Fotos intervención)", "ruta": "./media/90/media/Fotos intervención/público/EjemploEnterramientoFosaTipo3.jpg", "publico": 1, "url": null }, "geometry": null },
{ "type": "Feature", "properties": { "fid": 252007, "numero_int": 90, "tipo": "(Fotos intervención)", "ruta": "./media/90/media/Fotos intervención/público/Fosa Final 2b y 1.jpg", "publico": 1, "url": null }, "geometry": null },
{ "type": "Feature", "properties": { "fid": 252008, "numero_int": 90, "tipo": "(Fotos intervención)", "ruta": "./media/90/media/Fotos intervención/público/Fosa Tipo 1 Ladrillos Supino.jpg", "publico": 1, "url": null }, "geometry": null },
{ "type": "Feature", "properties": { "fid": 252009, "numero_int": 90, "tipo": "(Fotos intervención)", "ruta": "./media/90/media/Fotos intervención/público/IMG_6227.jpg", "publico": 1, "url": null }, "geometry": null },
{ "type": "Feature", "properties": { "fid": 252010, "numero_int": 90, "tipo": "(Fotos intervención)", "ruta": "./media/90/media/Fotos intervención/público/Perfil Hoyo 12.jpg", "publico": 1, "url": null }, "geometry": null },
{ "type": "Feature", "properties": { "fid": 252065, "numero_int": 90, "tipo": "(Hemeroteca)", "ruta": "./media/90/media/Hemeroteca/público/IMG_20190305_171049.jpg", "publico": 1, "url": null }, "geometry": null },
{ "type": "Feature", "properties": { "fid": 252066, "numero_int": 90, "tipo": "(Hemeroteca)", "ruta": "./media/90/media/Hemeroteca/público/IMG_20190403_092614.jpg", "publico": 1, "url": null }, "geometry": null },
{ "type": "Feature", "properties": { "fid": 252067, "numero_int": 90, "tipo": "(Hemeroteca)", "ruta": "./media/90/media/Hemeroteca/público/IMG_20190620_112313.jpg", "publico": 1, "url": null }, "geometry": null },
{ "type": "Feature", "properties": { "fid": 252068, "numero_int": 90, "tipo": "(Hemeroteca)", "ruta": "./media/90/media/Hemeroteca/público/IMG_20190704_101347.jpg", "publico": 1, "url": null }, "geometry": null },
{ "type": "Feature", "properties": { "fid": 252069, "numero_int": 90, "tipo": "(Hemeroteca)", "ruta": "./media/90/media/Hemeroteca/público/TMprensa1.jpg", "publico": 1, "url": null }, "geometry": null },
{ "type": "Feature", "properties": { "fid": 252070, "numero_int": 90, "tipo": "(Hemeroteca)", "ruta": "./media/90/media/Hemeroteca/público/TMprensa3.jpg", "publico": 1, "url": null }, "geometry": null },
{ "type": "Feature", "properties": { "fid": 252071, "numero_int": 90, "tipo": "(Hemeroteca)", "ruta": "./media/90/media/Hemeroteca/público/TMprensa4.jpg", "publico": 1, "url": null }, "geometry": null },
{ "type": "Feature", "properties": { "fid": 252072, "numero_int": 90, "tipo": "(Hemeroteca)", "ruta": "./media/90/media/Hemeroteca/público/TorreMorealVivitas2.jpg", "publico": 1, "url": null }, "geometry": null },
{ "type": "Feature", "properties": { "fid": 252085, "numero_int": 90, "tipo": "Planimetrías", "ruta": "./media/90/media/Planimetrías/público/Extension_TorreMonreal.jpg", "publico": 1, "url": null }, "geometry": null },
{ "type": "Feature", "properties": { "fid": 252086, "numero_int": 90, "tipo": "Planimetrías", "ruta": "./media/90/media/Planimetrías/público/Figura3_C14_PlanoUbicacionTipologiaFosas_Tudela_T_Monreal_.jpg", "publico": 1, "url": null }, "geometry": null },
{ "type": "Feature", "properties": { "fid": 252087, "numero_int": 90, "tipo": "Planimetrías", "ruta": "./media/90/media/Planimetrías/público/Moreria_Tudela.jpeg", "publico": 1, "url": null }, "geometry": null },
{ "type": "Feature", "properties": { "fid": 252088, "numero_int": 90, "tipo": "Planimetrías", "ruta": "./media/90/media/Planimetrías/público/Moreria_Tudela.jpg", "publico": 1, "url": null }, "geometry": null },
{ "type": "Feature", "properties": { "fid": 252089, "numero_int": 90, "tipo": "Planimetrías", "ruta": "./media/90/media/Planimetrías/público/Orto2019_Zonas.jpg", "publico": 1, "url": null }, "geometry": null },
{ "type": "Feature", "properties": { "fid": 252097, "numero_int": 91, "tipo": "(Fotos intervención)", "ruta": "./media/91/media/Fotos intervención/público/1.jpg", "publico": 1, "url": null }, "geometry": null },
{ "type": "Feature", "properties": { "fid": 252098, "numero_int": 91, "tipo": "(Fotos intervención)", "ruta": "./media/91/media/Fotos intervención/público/10.jpg", "publico": 1, "url": null }, "geometry": null },
{ "type": "Feature", "properties": { "fid": 252099, "numero_int": 91, "tipo": "(Fotos intervención)", "ruta": "./media/91/media/Fotos intervención/público/11.jpg", "publico": 1, "url": null }, "geometry": null },
{ "type": "Feature", "properties": { "fid": 252100, "numero_int": 91, "tipo": "(Fotos intervención)", "ruta": "./media/91/media/Fotos intervención/público/12.jpg", "publico": 1, "url": null }, "geometry": null },
{ "type": "Feature", "properties": { "fid": 252101, "numero_int": 91, "tipo": "(Fotos intervención)", "ruta": "./media/91/media/Fotos intervención/público/13.jpg", "publico": 1, "url": null }, "geometry": null },
{ "type": "Feature", "properties": { "fid": 252102, "numero_int": 91, "tipo": "(Fotos intervención)", "ruta": "./media/91/media/Fotos intervención/público/14.jpg", "publico": 1, "url": null }, "geometry": null },
{ "type": "Feature", "properties": { "fid": 252103, "numero_int": 91, "tipo": "(Fotos intervención)", "ruta": "./media/91/media/Fotos intervención/público/15.jpg", "publico": 1, "url": null }, "geometry": null },
{ "type": "Feature", "properties": { "fid": 252104, "numero_int": 91, "tipo": "(Fotos intervención)", "ruta": "./media/91/media/Fotos intervención/público/16.jpg", "publico": 1, "url": null }, "geometry": null },
{ "type": "Feature", "properties": { "fid": 252105, "numero_int": 91, "tipo": "(Fotos intervención)", "ruta": "./media/91/media/Fotos intervención/público/17.jpg", "publico": 1, "url": null }, "geometry": null },
{ "type": "Feature", "properties": { "fid": 252106, "numero_int": 91, "tipo": "(Fotos intervención)", "ruta": "./media/91/media/Fotos intervención/público/18.jpg", "publico": 1, "url": null }, "geometry": null },
{ "type": "Feature", "properties": { "fid": 252107, "numero_int": 91, "tipo": "(Fotos intervención)", "ruta": "./media/91/media/Fotos intervención/público/19.jpg", "publico": 1, "url": null }, "geometry": null },
{ "type": "Feature", "properties": { "fid": 252108, "numero_int": 91, "tipo": "(Fotos intervención)", "ruta": "./media/91/media/Fotos intervención/público/2.jpg", "publico": 1, "url": null }, "geometry": null },
{ "type": "Feature", "properties": { "fid": 252109, "numero_int": 91, "tipo": "(Fotos intervención)", "ruta": "./media/91/media/Fotos intervención/público/3.jpg", "publico": 1, "url": null }, "geometry": null },
{ "type": "Feature", "properties": { "fid": 252110, "numero_int": 91, "tipo": "(Fotos intervención)", "ruta": "./media/91/media/Fotos intervención/público/4.jpg", "publico": 1, "url": null }, "geometry": null },
{ "type": "Feature", "properties": { "fid": 252111, "numero_int": 91, "tipo": "(Fotos intervención)", "ruta": "./media/91/media/Fotos intervención/público/5.jpg", "publico": 1, "url": null }, "geometry": null },
{ "type": "Feature", "properties": { "fid": 252112, "numero_int": 91, "tipo": "(Fotos intervención)", "ruta": "./media/91/media/Fotos intervención/público/6.jpg", "publico": 1, "url": null }, "geometry": null },
{ "type": "Feature", "properties": { "fid": 252113, "numero_int": 91, "tipo": "(Fotos intervención)", "ruta": "./media/91/media/Fotos intervención/público/7.jpg", "publico": 1, "url": null }, "geometry": null },
{ "type": "Feature", "properties": { "fid": 252114, "numero_int": 91, "tipo": "(Fotos intervención)", "ruta": "./media/91/media/Fotos intervención/público/8.jpg", "publico": 1, "url": null }, "geometry": null },
{ "type": "Feature", "properties": { "fid": 252115, "numero_int": 91, "tipo": "(Fotos intervención)", "ruta": "./media/91/media/Fotos intervención/público/9.jpg", "publico": 1, "url": null }, "geometry": null },
{ "type": "Feature", "properties": { "fid": 252320, "numero_int": 92, "tipo": "(Fotos intervención)", "ruta": "./media/92/media/Fotos intervención/público/1.jpg", "publico": 1, "url": null }, "geometry": null },
{ "type": "Feature", "properties": { "fid": 252321, "numero_int": 92, "tipo": "(Fotos intervención)", "ruta": "./media/92/media/Fotos intervención/público/10.jpg", "publico": 1, "url": null }, "geometry": null },
{ "type": "Feature", "properties": { "fid": 252322, "numero_int": 92, "tipo": "(Fotos intervención)", "ruta": "./media/92/media/Fotos intervención/público/11.jpg", "publico": 1, "url": null }, "geometry": null },
{ "type": "Feature", "properties": { "fid": 252323, "numero_int": 92, "tipo": "(Fotos intervención)", "ruta": "./media/92/media/Fotos intervención/público/12.jpg", "publico": 1, "url": null }, "geometry": null },
{ "type": "Feature", "properties": { "fid": 252324, "numero_int": 92, "tipo": "(Fotos intervención)", "ruta": "./media/92/media/Fotos intervención/público/13.jpg", "publico": 1, "url": null }, "geometry": null },
{ "type": "Feature", "properties": { "fid": 252325, "numero_int": 92, "tipo": "(Fotos intervención)", "ruta": "./media/92/media/Fotos intervención/público/14.jpg", "publico": 1, "url": null }, "geometry": null },
{ "type": "Feature", "properties": { "fid": 252326, "numero_int": 92, "tipo": "(Fotos intervención)", "ruta": "./media/92/media/Fotos intervención/público/15.jpg", "publico": 1, "url": null }, "geometry": null },
{ "type": "Feature", "properties": { "fid": 252327, "numero_int": 92, "tipo": "(Fotos intervención)", "ruta": "./media/92/media/Fotos intervención/público/16.jpg", "publico": 1, "url": null }, "geometry": null },
{ "type": "Feature", "properties": { "fid": 252328, "numero_int": 92, "tipo": "(Fotos intervención)", "ruta": "./media/92/media/Fotos intervención/público/17.jpg", "publico": 1, "url": null }, "geometry": null },
{ "type": "Feature", "properties": { "fid": 252329, "numero_int": 92, "tipo": "(Fotos intervención)", "ruta": "./media/92/media/Fotos intervención/público/2.jpg", "publico": 1, "url": null }, "geometry": null },
{ "type": "Feature", "properties": { "fid": 252330, "numero_int": 92, "tipo": "(Fotos intervención)", "ruta": "./media/92/media/Fotos intervención/público/3.jpg", "publico": 1, "url": null }, "geometry": null },
{ "type": "Feature", "properties": { "fid": 252331, "numero_int": 92, "tipo": "(Fotos intervención)", "ruta": "./media/92/media/Fotos intervención/público/4.jpg", "publico": 1, "url": null }, "geometry": null },
{ "type": "Feature", "properties": { "fid": 252332, "numero_int": 92, "tipo": "(Fotos intervención)", "ruta": "./media/92/media/Fotos intervención/público/5.jpg", "publico": 1, "url": null }, "geometry": null },
{ "type": "Feature", "properties": { "fid": 252333, "numero_int": 92, "tipo": "(Fotos intervención)", "ruta": "./media/92/media/Fotos intervención/público/6.jpg", "publico": 1, "url": null }, "geometry": null },
{ "type": "Feature", "properties": { "fid": 252334, "numero_int": 92, "tipo": "(Fotos intervención)", "ruta": "./media/92/media/Fotos intervención/público/7.jpg", "publico": 1, "url": null }, "geometry": null },
{ "type": "Feature", "properties": { "fid": 252335, "numero_int": 92, "tipo": "(Fotos intervención)", "ruta": "./media/92/media/Fotos intervención/público/8.jpg", "publico": 1, "url": null }, "geometry": null },
{ "type": "Feature", "properties": { "fid": 252336, "numero_int": 92, "tipo": "(Fotos intervención)", "ruta": "./media/92/media/Fotos intervención/público/9.jpg", "publico": 1, "url": null }, "geometry": null },
{ "type": "Feature", "properties": { "fid": 252475, "numero_int": 93, "tipo": "(Fotos intervención)", "ruta": "./media/93/media/Fotos intervención/público/1.jpg", "publico": 1, "url": null }, "geometry": null },
{ "type": "Feature", "properties": { "fid": 252476, "numero_int": 93, "tipo": "(Fotos intervención)", "ruta": "./media/93/media/Fotos intervención/público/10.jpg", "publico": 1, "url": null }, "geometry": null },
{ "type": "Feature", "properties": { "fid": 252477, "numero_int": 93, "tipo": "(Fotos intervención)", "ruta": "./media/93/media/Fotos intervención/público/11.JPG", "publico": 1, "url": null }, "geometry": null },
{ "type": "Feature", "properties": { "fid": 252478, "numero_int": 93, "tipo": "(Fotos intervención)", "ruta": "./media/93/media/Fotos intervención/público/12.jpg", "publico": 1, "url": null }, "geometry": null },
{ "type": "Feature", "properties": { "fid": 252479, "numero_int": 93, "tipo": "(Fotos intervención)", "ruta": "./media/93/media/Fotos intervención/público/13.jpg", "publico": 1, "url": null }, "geometry": null },
{ "type": "Feature", "properties": { "fid": 252480, "numero_int": 93, "tipo": "(Fotos intervención)", "ruta": "./media/93/media/Fotos intervención/público/14.JPG", "publico": 1, "url": null }, "geometry": null },
{ "type": "Feature", "properties": { "fid": 252481, "numero_int": 93, "tipo": "(Fotos intervención)", "ruta": "./media/93/media/Fotos intervención/público/2.JPG", "publico": 1, "url": null }, "geometry": null },
{ "type": "Feature", "properties": { "fid": 252482, "numero_int": 93, "tipo": "(Fotos intervención)", "ruta": "./media/93/media/Fotos intervención/público/3.JPG", "publico": 1, "url": null }, "geometry": null },
{ "type": "Feature", "properties": { "fid": 252483, "numero_int": 93, "tipo": "(Fotos intervención)", "ruta": "./media/93/media/Fotos intervención/público/4.jpg", "publico": 1, "url": null }, "geometry": null },
{ "type": "Feature", "properties": { "fid": 252484, "numero_int": 93, "tipo": "(Fotos intervención)", "ruta": "./media/93/media/Fotos intervención/público/5.jpg", "publico": 1, "url": null }, "geometry": null },
{ "type": "Feature", "properties": { "fid": 252485, "numero_int": 93, "tipo": "(Fotos intervención)", "ruta": "./media/93/media/Fotos intervención/público/6.jpg", "publico": 1, "url": null }, "geometry": null },
{ "type": "Feature", "properties": { "fid": 252486, "numero_int": 93, "tipo": "(Fotos intervención)", "ruta": "./media/93/media/Fotos intervención/público/7.jpg", "publico": 1, "url": null }, "geometry": null },
{ "type": "Feature", "properties": { "fid": 252487, "numero_int": 93, "tipo": "(Fotos intervención)", "ruta": "./media/93/media/Fotos intervención/público/8.jpg", "publico": 1, "url": null }, "geometry": null },
{ "type": "Feature", "properties": { "fid": 252488, "numero_int": 93, "tipo": "(Fotos intervención)", "ruta": "./media/93/media/Fotos intervención/público/9.jpg", "publico": 1, "url": null }, "geometry": null },
{ "type": "Feature", "properties": { "fid": 252489, "numero_int": 93, "tipo": "(Fotos intervención)", "ruta": "./media/93/media/Fotos intervención/público/EjemploHoyos.jpg", "publico": 1, "url": null }, "geometry": null },
{ "type": "Feature", "properties": { "fid": 252490, "numero_int": 93, "tipo": "(Fotos intervención)", "ruta": "./media/93/media/Fotos intervención/público/Enterramiento13_DLD_Prono.jpg", "publico": 1, "url": null }, "geometry": null },
{ "type": "Feature", "properties": { "fid": 252491, "numero_int": 93, "tipo": "(Fotos intervención)", "ruta": "./media/93/media/Fotos intervención/público/Enterramiento17_DLD_Prono.jpg", "publico": 1, "url": null }, "geometry": null },
{ "type": "Feature", "properties": { "fid": 252492, "numero_int": 93, "tipo": "(Fotos intervención)", "ruta": "./media/93/media/Fotos intervención/público/Enterramiento18_DLD_Prono.jpg", "publico": 1, "url": null }, "geometry": null },
{ "type": "Feature", "properties": { "fid": 252493, "numero_int": 93, "tipo": "(Fotos intervención)", "ruta": "./media/93/media/Fotos intervención/público/Enterramiento27_DLD.jpg", "publico": 1, "url": null }, "geometry": null },
{ "type": "Feature", "properties": { "fid": 252494, "numero_int": 93, "tipo": "(Fotos intervención)", "ruta": "./media/93/media/Fotos intervención/público/Enterramiento28_DLD.jpg", "publico": 1, "url": null }, "geometry": null },
{ "type": "Feature", "properties": { "fid": 252495, "numero_int": 93, "tipo": "(Fotos intervención)", "ruta": "./media/93/media/Fotos intervención/público/Enterramiento38_DLD.jpg", "publico": 1, "url": null }, "geometry": null },
{ "type": "Feature", "properties": { "fid": 252496, "numero_int": 93, "tipo": "(Fotos intervención)", "ruta": "./media/93/media/Fotos intervención/público/Enterramiento3_DLD_Prono.jpg", "publico": 1, "url": null }, "geometry": null },
{ "type": "Feature", "properties": { "fid": 252497, "numero_int": 93, "tipo": "(Fotos intervención)", "ruta": "./media/93/media/Fotos intervención/público/Enterra_8_Piedra en craneo.JPG", "publico": 1, "url": null }, "geometry": null },
{ "type": "Feature", "properties": { "fid": 252498, "numero_int": 93, "tipo": "(Fotos intervención)", "ruta": "./media/93/media/Fotos intervención/público/Fosa 3  4.JPG", "publico": 1, "url": null }, "geometry": null },
{ "type": "Feature", "properties": { "fid": 252499, "numero_int": 93, "tipo": "(Fotos intervención)", "ruta": "./media/93/media/Fotos intervención/público/Fosa77_AvdaBarrio46_1.jpg", "publico": 1, "url": null }, "geometry": null },
{ "type": "Feature", "properties": { "fid": 252500, "numero_int": 93, "tipo": "(Fotos intervención)", "ruta": "./media/93/media/Fotos intervención/público/FosaInfantil_nº 10.JPG", "publico": 1, "url": null }, "geometry": null },
{ "type": "Feature", "properties": { "fid": 252501, "numero_int": 93, "tipo": "(Fotos intervención)", "ruta": "./media/93/media/Fotos intervención/público/P1090319.JPG", "publico": 1, "url": null }, "geometry": null },
{ "type": "Feature", "properties": { "fid": 252502, "numero_int": 93, "tipo": "(Fotos intervención)", "ruta": "./media/93/media/Fotos intervención/público/P1090375.JPG", "publico": 1, "url": null }, "geometry": null },
{ "type": "Feature", "properties": { "fid": 252503, "numero_int": 93, "tipo": "(Fotos intervención)", "ruta": "./media/93/media/Fotos intervención/público/P1090417.JPG", "publico": 1, "url": null }, "geometry": null },
{ "type": "Feature", "properties": { "fid": 252546, "numero_int": 93, "tipo": "Planimetrías", "ruta": "./media/93/media/Planimetrías/público/Avd_Barrio_46_Excava_2021-2023.jpg", "publico": 1, "url": null }, "geometry": null }
]
}
