{
"type": "FeatureCollection",
"name": "Piezas destacadas",
"features": [
{ "type": "Feature", "properties": { "fid": 1, "num_pieza": 1, "numero_int": 10, "sigla": null, "morfologia": "Ataifor", "objeto": "Cerámica", "cronologia": "AND", "produccion": "Loza dorada", "descripcion": "Ataifor de perfil carenado. Pie anular bajo. Paredes rectas, divergentes. Carena con perfil ligeramente intravasado y borde plano con visera corta.", "decoracion": "Su interior tiene una profusa decoración, formada por un medallón central y tres bandas concéntricas. \nEl motivo central presenta una escena muy corriente en el arte islámico, sobre todo en tejidos, como son los animales enfrentados, en este caso se trata de dos leones separados por un árbol con hojas y frutos, junto con otros motivos menores que rellenan el espacio en blanco.\nEl centro se encuentra rodeado por tres bandas concéntricas, siendo iguales la interior y la exterior, que están formadas por una ancha banda pintada y decorada con bucles alternos esgrafiados. (El esgrafiado es una técnica que consiste en rascar con un punzón la zona pintada cuando ya está seca.).\nLa banda central es diferente, y está formada por una sucesión de signos iguales, que en su origen debieron de ser un nombre o fórmula religiosa reiterativa, pero que en manos de uno o varios alfareros que no sabían lo que escribían y se iban pasando los dibujos, acabó siendo una sucesión de signos indescifrable.\n", "dimensiones": "Altura 100 mm. Anchura 320 mm. Base 105 mm", "bibliografia": null, "enlace_3D": "" }, "geometry": null },
{ "type": "Feature", "properties": { "fid": 12, "num_pieza": 6, "numero_int": 3, "sigla": null, "morfologia": "Escudilla de orejetas", "objeto": "Cerámica", "cronologia": "MODE", "produccion": "Loza dorada", "descripcion": "Escudilla de orejetas de perfil curvo y base umbilicada. Orejeta rectangular con laterales lobulados.  ", "decoracion": "Loza dorada de color marrón. Producción de los talleres de Muel. Decoración articulada en un motivo cuadrado central dividido en nueve cuadros ajedrezados teniendo en sus lados cuatro escudos iguales divididos en dos campos. Uno con tres bandas anchas y otro con líneas onduladas paralelas. El campo blanco entre escudos se rellena con motivos vegetales. Las orejetas están decoradas con una retícula oblicua. El exterior presenta decoración con palmetas estilizadas. Moderna. (Siglo XV-XVI).", "dimensiones": "Altura 50 mm. Diámetro 150 mm. Diámetro base 63 mm", "bibliografia": null, "enlace_3D": null }, "geometry": null },
{ "type": "Feature", "properties": { "fid": 13, "num_pieza": 7, "numero_int": 3, "sigla": null, "morfologia": "Plato de sal", "objeto": "Cerámica", "cronologia": "ALT_IMP_ROMA", "produccion": "Vidriada de mesa", "descripcion": "Plato de sal con pie anular. Pared recta, oblicua, divergente. Carena con moldura triangular y borde recto, vertical ondulado a lo largo de todo el perímetro.  Presenta dos asitas de cinta pegadas al borde.", "decoracion": "Sin decoración. Presenta vedrío melado integral.", "dimensiones": "Altura 68 mm. Diámetro máximo 150 mm. Diámetro base 60 mm", "bibliografia": null, "enlace_3D": null }, "geometry": null },
{ "type": "Feature", "properties": { "fid": 14, "num_pieza": 8, "numero_int": 3, "sigla": null, "morfologia": "Jarra", "objeto": "Cerámica", "cronologia": "AND", "produccion": "Común oxidante (posible cuerda seca).", "descripcion": "Fragmento de asa de sección circular adosada a un fragmento de cuello de perfil vertical. Presenta un pequeño apéndice de botón vertical. Típico de las producciones andalusíes. Andalusí. (Siglo X-XI).", "decoracion": null, "dimensiones": null, "bibliografia": null, "enlace_3D": null }, "geometry": null },
{ "type": "Feature", "properties": { "fid": 15, "num_pieza": 10, "numero_int": 4, "sigla": null, "morfologia": "Escudilla carenada.", "objeto": "Cerámica", "cronologia": "MED_CRI", "produccion": "Verde y morado", "descripcion": "Fondo con pie anular. Pared oblicua divergente. Medieval cristiano (siglo XIV-XV)", "decoracion": "Motivo central estrellado sobre fondo blanco formado por dos óvalos apuntados cruzados. Motivos oculados en los cuatro ángulos exteriores. Vedrío verde exterior.", "dimensiones": null, "bibliografia": null, "enlace_3D": null }, "geometry": null },
{ "type": "Feature", "properties": { "fid": 16, "num_pieza": 18, "numero_int": 5, "sigla": "TUD.SB.85.a.25", "morfologia": "Ataifor", "objeto": "Cerámica", "cronologia": "MED_CRI", "produccion": "Vidriada de mesa.", "descripcion": "Fragmento de fondo, ataifor. Pie anular alto y grueso. Perfil curvo. Medieval cristiano. (Siglos XII-XIII).", "decoracion": "Banda concéntrica al interior con sucesión estampillada de manos de Fátima. Interior con vedrío verde y exterior melado. ", "dimensiones": "Dimensiones del fragmento: 87 x 52 mm. Diámetro de la base: 124 mm. ", "bibliografia": null, "enlace_3D": null }, "geometry": null },
{ "type": "Feature", "properties": { "fid": 17, "num_pieza": 24, "numero_int": 5, "sigla": null, "morfologia": "Azulejo", "objeto": "Cerámica", "cronologia": "ALT_IMP_ROMA", "produccion": "Loza azul cobalto. ", "descripcion": "Fragmento de placa rectangular con esmalte y dibujo a una sola cara. Medieval cristiano. (Siglos XIV-XV).", "decoracion": "Decoración pintada en azul sobre fondo blanco. Motivo de gran palmeta de hojas alargadas que están rellenas con unas líneas de puntos. ", "dimensiones": "60 x 62 mm. Grosor 21 mm. ", "bibliografia": null, "enlace_3D": null }, "geometry": null },
{ "type": "Feature", "properties": { "fid": 18, "num_pieza": 25, "numero_int": 5, "sigla": "TUD.SB.85.a.801", "morfologia": "Jarra", "objeto": "Cerámica", "cronologia": "MED_CRI", "produccion": "Común pintada a manganeso.", "descripcion": "Hombro con perfil curvo intravasado. Cuello y boca cilíndrica con perfil recto ligeramente intravasado. Labio engrosado al interior. Medieval cristiano. (Siglos XII-XIII).", "decoracion": "Decoración exclusivamente lineal con dos líneas en la parte superior del borde, dos en la parte inferior del cuello y dos bandas de tres líneas paralelas en el hombro dejando una sencilla entre ellas. ", "dimensiones": "Diámetro máximo del hombro: 256 mm. Altura máxima conservada: 111 mm. Altura del cuello: 74 mm. Diámetro máximo del cuello: 131 mm.", "bibliografia": null, "enlace_3D": null }, "geometry": null },
{ "type": "Feature", "properties": { "fid": 19, "num_pieza": 21, "numero_int": 5, "sigla": "TUD.SB.85.a.3", "morfologia": "Cabeza", "objeto": "Piedra", "cronologia": "MODE", "produccion": "Fragmento escultórico. ", "descripcion": "Cabeza esculpida en piedra caliza. Bulto redondo. Moderno. (Siglos XVI-XVII).", "decoracion": "Cabeza de angelote. Cara con fino estucado que conserva policromía rosa. Pelo finamente tallado con policromía directa dorada. ", "dimensiones": "Altura de la cabeza: 94 mm. Anchura: 82 mm. Fondo: 87 mm-", "bibliografia": null, "enlace_3D": null }, "geometry": null },
{ "type": "Feature", "properties": { "fid": 20, "num_pieza": 17, "numero_int": 5, "sigla": "TUD.SB.85.a.8", "morfologia": "Ataifor", "objeto": "Cerámica", "cronologia": "AND", "produccion": "Verde y manganeso.", "descripcion": "Dos fragmentos de fondo con pie anular bajo. Perfil curvo suave. Andalusí. (Siglos X-XI).", "decoracion": "Decoración formada por tres anchas bandas que cruzan el plato de parte a parte. La central está formada por una sucesión de hojas lanceoladas y las laterales por una sucesión de segmentos en S imbricados. Decoración bastante deteriorada. Vedrío melado exterior. ", "dimensiones": "Diámetro máximo conservado: 118 mm. Diámetro en la base: 95 mm. Altura conservada: 17 mm. ", "bibliografia": null, "enlace_3D": null }, "geometry": null },
{ "type": "Feature", "properties": { "fid": 21, "num_pieza": 12, "numero_int": 5, "sigla": "TUD.SB.85.a.12", "morfologia": "Jarro", "objeto": "Cerámica", "cronologia": "AND", "produccion": "Vidriada de mesa.", "descripcion": "Fragmentos de borde y cuello con perfil vertical ligeramente curvado y exvasado. Andalusí. (Siglos X-XI).", "decoracion": "Presenta decoración plástica aplicada con pequeños mamelones aplastados con pellizco. Superficie cubierta con vedrío melado integral. Pintada de manganeso en los mamelones. ", "dimensiones": "Diámetro máximo del cuello: 67 mm. Altura del cuello: 60 mm. ", "bibliografia": null, "enlace_3D": null }, "geometry": null },
{ "type": "Feature", "properties": { "fid": 22, "num_pieza": 15, "numero_int": 5, "sigla": "TUD.SB.85.a.14", "morfologia": "Jarra", "objeto": "Cerámica", "cronologia": "MED_CRI", "produccion": "Cuerda seca.", "descripcion": "Fragmento de asa. Sección plana irregular, con canal central. Medieval cristiano. (Siglo XII).", "decoracion": "Cuerda seca parcial pintada en manganeso. Canal central con banda de vedrío verde entre líneas. Laterales con línea quebrada, dientes de lobo, con pequeños segmentos en el interior de los ángulos.  ", "dimensiones": "Longitud conservada: 74 mm. Anchura: 44 mm. Grosor: 18 mm. ", "bibliografia": null, "enlace_3D": null }, "geometry": null },
{ "type": "Feature", "properties": { "fid": 23, "num_pieza": 16, "numero_int": 5, "sigla": "TUD.SB.85.a.17", "morfologia": "Jarra", "objeto": "Cerámica", "cronologia": "MED_CRI", "produccion": "Cuerda seca.", "descripcion": "Fragmento de hombro de jarra. Perfil carenado bitroncocónico. Medieval cristiano. (Siglo XII).", "decoracion": "Cuerda seca parcial. Triángulos enfrentados en alas de mariposa con vedrío verde. Los triángulos en cuerda seca se rellenan con tres puntos. Cada motivo está separado del siguiente por una banda vertical con dos puntos. La banda decorada se encuentra exclusivamente en el hombro y se delimita en la parte inferior por una banda de vedrío verde. ", "dimensiones": "53 x 44 mm. Diámetro en la carena: 170 mm. ", "bibliografia": null, "enlace_3D": null }, "geometry": null },
{ "type": "Feature", "properties": { "fid": 24, "num_pieza": 22, "numero_int": 5, "sigla": "TUD.SB.85.a.24", "morfologia": "Jarra", "objeto": "Cerámica", "cronologia": "MED_CRI", "produccion": "Pintada a manganeso. ", "descripcion": "Varios fragmentos de hombro y panza de una jarrita de perfil globular. Medieval cristiano. (Siglos XIV-XV).", "decoracion": "Profusa decoración en manganeso de tono muy oscuro. Banda en el hombro con cuadrantes metopados y triangulares con decoración vegetal esquemática. Panza con banda horizontal y sucesión de segmentos en V.", "dimensiones": "Diámetro máximo de la pieza: 140 mm. Altura conservada: 72 mm. ", "bibliografia": null, "enlace_3D": null }, "geometry": null },
{ "type": "Feature", "properties": { "fid": 25, "num_pieza": 13, "numero_int": 5, "sigla": "TUD.SB.85.a.77", "morfologia": "Jarrita", "objeto": "Cerámica", "cronologia": "MED_CRI", "produccion": "Vidriada de mesa.", "descripcion": "Jarrita con dos asas. Cuerpo globular achatado con pequeño pie anular. Cuello vertical curvado y ligeramente exvasado. Labio redondo. Dos asas de sección oval. Medieval cristiana. (Siglos XII-XIII).", "decoracion": "Interior y exterior con vedrío melado claro. ", "dimensiones": "Diámetro máximo: 90 mm. Altura: 67 mm. Diámetro en la boca: 77 mm. Diámetro en la base: 47 mm. ", "bibliografia": null, "enlace_3D": null }, "geometry": null },
{ "type": "Feature", "properties": { "fid": 26, "num_pieza": 14, "numero_int": 5, "sigla": "TUD.SB.85.a.786", "morfologia": "Jarra", "objeto": "Cerámica", "cronologia": "ALT_IMP_ROMA", "produccion": "Cuerda seca. ", "descripcion": "Cuello de jarra. Perfil cilíndrico, recto y vertical. Medieval cristiano. (Siglo XII).", "decoracion": "Decoración en cuerda seca parcial. Banda de rombos con vedrío verde delimitada arriba y abajo por bandas delgadas también en vedrío verde. Los triángulos sin vedrío que se alojan entre los rombos presentan un punto central.  ", "dimensiones": "Diámetro máximo del cuello: 99 mm. Altura: 57 mm. ", "bibliografia": null, "enlace_3D": null }, "geometry": null },
{ "type": "Feature", "properties": { "fid": 27, "num_pieza": 23, "numero_int": 5, "sigla": "TUD.SB.85.a.44", "morfologia": "Taza", "objeto": "Cerámica", "cronologia": "MED_CRI", "produccion": "Vidriada de mesa.", "descripcion": "Perfil troncocónico sobre una base plana con un diámetro menor. Presenta una sola asita de sección circula y una fina acanaladura a media altura. ", "decoracion": "Interior y exterior con vedrío melado con algunas manchas de vedrío verde. ", "dimensiones": "Altura: 55 mm. Diámetro máximo: 57 mm. Diámetro en la base: 47 mm. Diámetro en la boca: 38 mm. ", "bibliografia": null, "enlace_3D": null }, "geometry": null },
{ "type": "Feature", "properties": { "fid": 28, "num_pieza": 19, "numero_int": 5, "sigla": "TUD.SB.85.a.1", "morfologia": "Moneda", "objeto": "Metal", "cronologia": "MED_CRI", "produccion": "Dinero de vellón.", "descripcion": "Dinero de vellón de Sancho IV. Buena conservación. Anverso: busto desnudo a la izquierda en grafila circular. SANCIUS REX. REVERSO: cruz patada sobre vástago con adornos florales. NAVARA. Medieval cristiano. 1054-1076.", "decoracion": null, "dimensiones": "Módulo: 18,6 mm. Peso: 0,8 gramos.", "bibliografia": null, "enlace_3D": null }, "geometry": null },
{ "type": "Feature", "properties": { "fid": 29, "num_pieza": 20, "numero_int": 5, "sigla": "TUD.SB.85.a.2", "morfologia": "Moneda", "objeto": "Metal", "cronologia": "MED_CRI", "produccion": "Óbolo de vellón.", "descripcion": "Óbolo de vellón de Sancho VII. Buena conservación. Anverso: cabeza diademada a la izquierda. SANCIUS REX. Reverso: estrella sobre creciente. NAVARE. Medieval cristiano. 1194-1234.", "decoracion": null, "dimensiones": "Módulo: 16,7 mm. Peso: 0,5 gramos.", "bibliografia": null, "enlace_3D": null }, "geometry": null },
{ "type": "Feature", "properties": { "fid": 30, "num_pieza": 27, "numero_int": 6, "sigla": "TU.TM.C.85.B-4.A.33", "morfologia": "Cántara", "objeto": "Cerámica", "cronologia": "ALT_IMP_ROMA", "produccion": "Cerámica común pintada a manganeso.", "descripcion": "Fragmentos de hombro y cuello. Hombro de perfil curvo. Cuello de perfil troncocónico. Suave unión entre el cuello y el hombro sin moldura diferenciadora.  Medieval cristiano. (Siglos XII-XIII)", "decoracion": "Decoración pintada en manganeso con sucesión de bandas con líneas paralelas dejando una ancha banda central en la que se pintan dos líneas de festones entrecruzados. Bajo la última línea se pinta una línea de onda media.", "dimensiones": "Diámetro máximo del hombro 30 cm", "bibliografia": null, "enlace_3D": null }, "geometry": null },
{ "type": "Feature", "properties": { "fid": 31, "num_pieza": 29, "numero_int": 6, "sigla": "TU.TM.C.85.A-4.A 41-43", "morfologia": "Jarra", "objeto": "Cerámica", "cronologia": "MED_CRI", "produccion": "Vidriada en relieve.", "descripcion": "Tres fragmentos de galbo. Jarra de perfil globular. Medieval cristiano. (Siglos XII-XIII).", "decoracion": null, "dimensiones": null, "bibliografia": null, "enlace_3D": null }, "geometry": null },
{ "type": "Feature", "properties": { "fid": 32, "num_pieza": 28, "numero_int": 6, "sigla": "TU.TM.C.85.A-4.A.44", "morfologia": "Aerófono", "objeto": "Cerámica", "cronologia": "ALT_IMP_ROMA", "produccion": "Cerámica común.", "descripcion": "Varios fragmentos de un objeto con perfil troncocónico y estrecho. No presenta marcas de torno y la superficie exterior se encuentra acuchillada longitudinalmente. Medieval cristiano. (siglos XII-XIII).", "decoracion": "Presenta dos líneas paralelas alrededor de la pieza en la parte más estrecha.", "dimensiones": "Longitud conservada de 132mm. Diámetros entre 41 y 66 mm", "bibliografia": null, "enlace_3D": null }, "geometry": null },
{ "type": "Feature", "properties": { "fid": 33, "num_pieza": 47, "numero_int": 7, "sigla": null, "morfologia": "Zumbador", "objeto": "Piedra o argamasa", "cronologia": "MED_CRI", "produccion": "Pieza de juego", "descripcion": "Disco realizado en piedra porosa o argamasa que presenta dos orificios en la zona central. Puede tratarse de un tipo de botón o de un zumbador. Siglos XIV-XVI", "decoracion": null, "dimensiones": "Diámetro 49 mm. Grosor: 9 mm", "bibliografia": null, "enlace_3D": null }, "geometry": null },
{ "type": "Feature", "properties": { "fid": 34, "num_pieza": 48, "numero_int": 7, "sigla": null, "morfologia": "Especiero", "objeto": "Cerámica ", "cronologia": "ALT_IMP_ROMA", "produccion": "Loza azul cobalto.", "descripcion": "Caja de forma triangular en la que en su parte superior se incrustan tres pequeños recipientes con poca profundidad de los que solo se conservan dos. Los tres cuencos para especias presentan un reborde circular resaltado. Contemporáneo (XVIII-XIX).", "decoracion": "Presenta decoración en la cara superior y en las tres caras laterales con motivos vegetales esquemáticos. Las tres caras laterales presentan un botón central e relieve pintado también en azul.", "dimensiones": "Altura 55 mm. Medida lateral: 155mm", "bibliografia": null, "enlace_3D": null }, "geometry": null },
{ "type": "Feature", "properties": { "fid": 35, "num_pieza": 43, "numero_int": 7, "sigla": null, "morfologia": "Hoz/podadera.", "objeto": "Metal", "cronologia": "AND", "produccion": "Herramienta. ", "descripcion": "Herramienta de filo curvo y enmangue tubular de sección troncocónica. Conserva remache con clavo de hierro para sujetar la madera introducida en el enmangue.", "decoracion": null, "dimensiones": "Longitud total: 275 mm. Filo de anchura variable con un máximo de 31 mm. Enmangue con una anchura máxima de 30 mm y un mínimo de 20 mm. ", "bibliografia": "BIENES CALVO, Juan José. “Urbanismo”, Serie Retrospectiva y Futuro 802 – 2002 nº 5, Tudela, 2002.", "enlace_3D": null }, "geometry": null },
{ "type": "Feature", "properties": { "fid": 36, "num_pieza": 40, "numero_int": 7, "sigla": null, "morfologia": "Pica", "objeto": "Metal", "cronologia": "MED_CRI", "produccion": "Armamento", "descripcion": "Punta de hierro con enmangue tubular. Presenta hoja de sección romboidal con caras ligeramente cóncavas. Medieval cristiano (Siglos XII-XIII).", "decoracion": null, "dimensiones": "Longitud conservada (falta un poco de la punta): 340 mm. Anchura máxima: 52 mm. Diámetro interior del enmangue: 27 mm.", "bibliografia": "BIENES CALVO, Juan José. “Urbanismo”, Serie Retrospectiva y Futuro 802 – 2002 nº 5, Tudela, 2002.", "enlace_3D": null }, "geometry": null },
{ "type": "Feature", "properties": { "fid": 37, "num_pieza": 39, "numero_int": 7, "sigla": null, "morfologia": "Daga", "objeto": "Metal", "cronologia": "MED_CRI", "produccion": "Armamento", "descripcion": "Puñal largo y estrecho con enmangue macizo y de sección rectangular. Hoja plana. Conserva cuatro remaches para sujeción de las cachas. Pomo rectangular. Medieval cristiano. (Siglos XIV-XV).", "decoracion": null, "dimensiones": "Longitud total: 442 mm. Anchura máxima del filo: 28 mm. Longitud del enmangue: 120 mm. Pomo rectangular de 32 X 16 mm. Longitud de los remaches: 22 mm. ", "bibliografia": "BIENES CALVO, Juan José. “Urbanismo”, Serie Retrospectiva y Futuro 802 – 2002 nº 5, Tudela, 2002.", "enlace_3D": null }, "geometry": null },
{ "type": "Feature", "properties": { "fid": 38, "num_pieza": 67, "numero_int": 8, "sigla": null, "morfologia": "Botijo", "objeto": "Cerámica", "cronologia": "MODE", "produccion": "Común pintada a manganeso.", "descripcion": "Botijo/jarra (rallo). Hombro globular con panza decreciente hasta un fondo plano. Cuello cilíndrico y dos asas laterales desde el hombro hasta mutad del cuello. Presenta perforaciones para filtro y caño vertedor a mitad del hombro.  Moderno. (Siglo XVIII).", "decoracion": "Presenta decoración pintada en el hombro mediante una banda con motivos vegetales formados por palmas.", "dimensiones": "Altura 300mm. Diámetro máximo 205 mm. Diámetro\nFondo 90. Diámetro boca 78 mm. Altura del cuello\n72mm\n", "bibliografia": null, "enlace_3D": "https://sketchfab.com/3d-models/botijo-siglo-xviii-tudela-b2a508a4cfbb48ee8d9bd9bb3cb860ac" }, "geometry": null },
{ "type": "Feature", "properties": { "fid": 39, "num_pieza": 62, "numero_int": 8, "sigla": null, "morfologia": "Boteja", "objeto": "Cerámica", "cronologia": "MODE", "produccion": "Común pintada a manganeso.", "descripcion": "Jarra de cuello estrecho con hombro globular y panza decreciente hasta el fondo plano. Presenta cuello corto y estrecho y dos asas colocadas en el propio hombro sin llegar al cuello. Moderno. (Siglo XVIII).", "decoracion": "Decoración pintada en manganeso mediante dos bandas colocadas una en el hombro y otra en el cuello. La del cuello presenta línea de onda media entre líneas paralelas y la del hombro línea de onda larga entre líneas paralelas. Entre las dos existe una línea sencilla alrededor del hombro.", "dimensiones": "Altura 280 mm. Diámetro máximo 202 mm.\nDiámetro Base 90 mm. Diámetro boca 45 mm. Diámetro\n Mínimo del cuello 27mm.\n", "bibliografia": null, "enlace_3D": null }, "geometry": null },
{ "type": "Feature", "properties": { "fid": 40, "num_pieza": 61, "numero_int": 8, "sigla": null, "morfologia": "Boteja", "objeto": "Cerámica", "cronologia": "MODE", "produccion": "Común pintada a manganeso", "descripcion": "Jarra de cuello estrecho con hombro globular y panza decreciente hasta el fondo plano. Presenta cuello corto y estrecho y dos asas colocadas en el propio hombro sin llegar al cuello. Moderno. (Siglo XVIII).", "decoracion": "Decoración pintada en manganeso mediante dos bandas colocadas una en el hombro y otra en el cuello. La del cuello presenta banda con tres líneas paralelas y la del hombro línea de onda media entre líneas paralelas. \n\n", "dimensiones": "Altura 275 mm. diámetro máximo 188 mm Base 88 mm diámetro boca 44mm", "bibliografia": null, "enlace_3D": null }, "geometry": null },
{ "type": "Feature", "properties": { "fid": 41, "num_pieza": 59, "numero_int": 8, "sigla": null, "morfologia": "Mielero", "objeto": "Cerámica", "cronologia": "MODE", "produccion": "Vidriada de almacén", "descripcion": "Pieza cerámica completa de perfil bitroncocónico casi cilíndrico. Presenta ligero estrangulamiento cerca del borde, siendo este ligeramente oblicuo y exvasado. Base plana. Moderno. (Siglo XVIII).", "decoracion": "Sin decoración. Presenta vedrío melado al interior y exterior con algunas manchas y goterones.", "dimensiones": "Altura 205 mm. Diámetro base 130 mm. \nDiámetro boca: 11,8 mm\n", "bibliografia": null, "enlace_3D": null }, "geometry": null },
{ "type": "Feature", "properties": { "fid": 42, "num_pieza": 65, "numero_int": 8, "sigla": null, "morfologia": "Bacín/orinal", "objeto": "Cerámica", "cronologia": "MODE", "produccion": "Vidriada de almacén", "descripcion": "Orinal de perfil globular. Panza baja decreciente hacia el fondo plano. Bordes con perfil curvo exvasado. Presenta una sola asa desde la parte alta del hombro hasta la panza. Moderno. (Siglo XVIII).", "decoracion": "Presenta vedrío melado interior y vedrío verde exterior con jaspeado.", "dimensiones": "Altura 170 mm. Diámetro máximo boca: 210 mm. \nDiámetro panza 204 mm. Diámetro base102 mm\n", "bibliografia": null, "enlace_3D": null }, "geometry": null },
{ "type": "Feature", "properties": { "fid": 43, "num_pieza": 68, "numero_int": 8, "sigla": null, "morfologia": "Orinal", "objeto": "Cerámica", "cronologia": "ALT_IMP_ROMA", "produccion": "Loza azul y amarillo.", "descripcion": "Orinal de panza globular y cuerpo troncocónico con un pequeño borde oblicuo exvasado. Presenta pie anular bajo y una sola asa en la parte del perfil troncocónico.", "decoracion": "Decoración enfrentada al asa con un único motivo floral en forma de penacho con una flor bicroma en azul y amarillo. Varias hojas en azul y otras dos pequeñas flores bicromas que salen desde la parte baja del tallo.", "dimensiones": "Altura 145 mm. 154 mm diámetro máximo panza\nDiámetro pie: 107 mm. Diámetro boca 145mm\n", "bibliografia": null, "enlace_3D": null }, "geometry": null },
{ "type": "Feature", "properties": { "fid": 44, "num_pieza": 66, "numero_int": 8, "sigla": null, "morfologia": "Jarra", "objeto": "Cerámica", "cronologia": "MODE", "produccion": "Loza azul cobalto", "descripcion": "Jarra con suave perfil en” S”. Boca abocinada con pequeña moldura en el labio. Pie anular oblicuo sobreelevado. Presenta arranque para un asa.  Moderno. (Siglo XVIII).", "decoracion": "Decoración en azul enfrentada la asa. Motivo con anagrama de los jesuitas con letra H y otra marca en el centro de la letra", "dimensiones": "Altura 235 mm. Diámetro máximo 130 mm.\n Diámetro boca 92 mm. Pie 85 mm.\n", "bibliografia": null, "enlace_3D": null }, "geometry": null },
{ "type": "Feature", "properties": { "fid": 45, "num_pieza": 63, "numero_int": 8, "sigla": null, "morfologia": "Bacía de barbero", "objeto": "Cerámica", "cronologia": "MODE", "produccion": "Loza", "descripcion": "Bacía de barbero. Parte inferior de perfil curvo tipo cuenco y mitad superior de perfil recto, oblicuo y exvasado. Presenta pie anular y escotadura de forma curva en la mitad superior para poder colocar el cuello de la persona, Moderno. (Siglo XVIII).", "decoracion": null, "dimensiones": "Altura 88 mm. Diámetro borde 265 mm.\ndiámetro Base 76 mm\n", "bibliografia": null, "enlace_3D": null }, "geometry": null },
{ "type": "Feature", "properties": { "fid": 46, "num_pieza": 58, "numero_int": 8, "sigla": null, "morfologia": "Mancerina", "objeto": "Cerámica", "cronologia": "MODE", "produccion": "Loza", "descripcion": "Mancerina en forma de venera con pequeño recipiente cilíndrico adherido en el centro de la pieza. Perfil oblicuo exvasado con relieves gallonados. Presenta pie anular. Moderno. (Siglo XVIII).", "decoracion": null, "dimensiones": "Altura 40 mm. Diámetro máximo 16 vaso central con \n62 mm de diámetro. Pie 82 mm.\n", "bibliografia": null, "enlace_3D": null }, "geometry": null },
{ "type": "Feature", "properties": { "fid": 47, "num_pieza": 73, "numero_int": 8, "sigla": null, "morfologia": "Boliche", "objeto": "Cerámica", "cronologia": "ALT_IMP_ROMA", "produccion": "Vidriada de cocina.", "descripcion": "Pequeño puchero/boliche. Perfil globular en S. con una sola asa desde el borde hasta el máximo saliente del hombro. Base plana y borde ligeramente oblicuo, exvasado. Moderno. (Siglo XVIII).", "decoracion": "Vidriado marrón interior y al exterior solo la zona del borde y algunos goterones.", "dimensiones": "Altura 100mm. Diámetro máximo 94 mm.\nFondo diámetro 50 y boca 74 mm.\n", "bibliografia": null, "enlace_3D": null }, "geometry": null },
{ "type": "Feature", "properties": { "fid": 48, "num_pieza": 64, "numero_int": 8, "sigla": null, "morfologia": "Frutero", "objeto": "Cerámica", "cronologia": "MODE", "produccion": "Loza azul y amarillo.", "descripcion": "Gran cuenco de perfil curvo y alto suavizándose al llegar al borde. Presenta pie anular.Moderno. (Siglo XVIII).", "decoracion": "Decorado con una sola flor bicroma en forma de penacho en el centro. Colores azul y amarillo.", "dimensiones": "Altura 110mm. Diámetro máximo 265 mm.\nDiámetro pie 97 mm.\n", "bibliografia": null, "enlace_3D": null }, "geometry": null },
{ "type": "Feature", "properties": { "fid": 49, "num_pieza": 72, "numero_int": 8, "sigla": null, "morfologia": "Frutero", "objeto": "Cerámica", "cronologia": "MODE", "produccion": "Loza azul cobalto.", "descripcion": "Gran cuenco de perfil curvo y borde plano en visera corta. Presenta pie anular. Moderno. (Siglo XVII).", "decoracion": "Ramo de palmas con tallos. Borde con orla de festones. \n\n", "dimensiones": "Altura: 111. Diámetro máximo 265. Diámetro pie: 97 mm.", "bibliografia": null, "enlace_3D": null }, "geometry": null },
{ "type": "Feature", "properties": { "fid": 50, "num_pieza": 49, "numero_int": 8, "sigla": null, "morfologia": "Bote de polvos secantes.", "objeto": "Cerámica", "cronologia": "MODE", "produccion": "Loza policroma.", "descripcion": "Bote de sección poligonal cerrado por arriba y por abajo, aunque con varias perforaciones en la parte superior. Perfil ligeramente troncopiramidal. Base plana octogonal saliente del cuerpo de la pieza, tipo galleta. La parte superior también es saliente, aunque con el borde ligeramente levantado. Moderno. (Siglo XVII).\n \n", "decoracion": "Presenta decoración policroma en las ocho caras del cuerpo alternando motivo vegetal con motivo zoomorfo de ave. Las caras con motivo vegetal presentan una figura simétrica con siemprevivas. Las caras con motivo zoomorfo presentan diferentes posiciones de una misma ave, quizás una grulla estando solo bajo una de ellas una cartela con letras IN LAB  de difícil interpretación. La parte superior del bote, donde están las perforaciones también presenta un gran rosetón pintado.", "dimensiones": "80 mm de altura. 92 mm de diámetro en la base", "bibliografia": null, "enlace_3D": "https://sketchfab.com/3d-models/bote-de-polvo-secante-d01abf6feb214350b9b483581642ce4b" }, "geometry": null },
{ "type": "Feature", "properties": { "fid": 51, "num_pieza": 75, "numero_int": 8, "sigla": null, "morfologia": "Jícara", "objeto": "Cerámica", "cronologia": "MODE", "produccion": "Loza policroma.", "descripcion": "Vaso de perfil troncocónico invertido con pequeño pie anular. Labio fino apuntado. Moderno. (Siglo XVIII).", "decoracion": "Presentan variedad de decoración e incluso formas totalmente lisas. Hay decoraciones con estrellas, ramos de flores con tres colores.", "dimensiones": "Altura: 65 mm. 62 diámetro máximo. 30 mm en pie.", "bibliografia": null, "enlace_3D": null }, "geometry": null },
{ "type": "Feature", "properties": { "fid": 52, "num_pieza": 76, "numero_int": 8, "sigla": null, "morfologia": "Jícara", "objeto": "Cerámica", "cronologia": "CONT", "produccion": "Loza", "descripcion": "Vaso de perfil cilíndrico con pie anular y asa delgada que ocupa toda la altura de la pieza. Contemporáneo. (Siglo XVIII-XIX).\n\n", "decoracion": "Decoraciones sencillas con líneas azules o pequeños festones en el borde.", "dimensiones": "54 mm de altura y 50 mm de diámetro máximo", "bibliografia": null, "enlace_3D": null }, "geometry": null },
{ "type": "Feature", "properties": { "fid": 53, "num_pieza": 77, "numero_int": 8, "sigla": null, "morfologia": "Cuenco", "objeto": "Cerámica", "cronologia": "MODE", "produccion": "Loza amarilla, morada y manganeso. \n\n", "descripcion": "Cuenco de perfil carenado con carena baja y borde oblicuo exvasado. Pie anular. Moderno. (Siglo XVII).", "decoracion": "Presenta decoración al interior con orla castellana junto al borde y pequeño rosetón central con varias rayas dentro de un círculo.", "dimensiones": "58 mm altura. 90 mm diámetro máximo. Pie 43 mm\n\n", "bibliografia": null, "enlace_3D": null }, "geometry": null },
{ "type": "Feature", "properties": { "fid": 54, "num_pieza": 56, "numero_int": 8, "sigla": null, "morfologia": "Plato", "objeto": "Cerámica", "cronologia": "MODE", "produccion": "Loza azul cobalto.", "descripcion": "Plato hondo de base plana y perfil curvo. Borde recto oblicuo exvasado. Moderno. (Siglo XVIII).", "decoracion": "Guirnalda vegetal formando una banda alrededor del borde. \n\n", "dimensiones": "Altura 50 mm. Diámetro máximo 245", "bibliografia": null, "enlace_3D": null }, "geometry": null },
{ "type": "Feature", "properties": { "fid": 55, "num_pieza": 71, "numero_int": 8, "sigla": null, "morfologia": "Plato", "objeto": "Cerámica", "cronologia": "MODE", "produccion": "Loza azul cobalto y amarillo.", "descripcion": "Plato hondo de base plana y perfil curvo. Borde oblicuo exvasado con perfil ligeramente curvo. Moderno. (Siglo XVIII).\n\n", "decoracion": "Flor en forma de penacho central. Hojas y corola en azul y núcleo de la flor en amarillo.", "dimensiones": "Altura 28 mm diámetro 192 mm.", "bibliografia": null, "enlace_3D": null }, "geometry": null },
{ "type": "Feature", "properties": { "fid": 56, "num_pieza": 70, "numero_int": 8, "sigla": null, "morfologia": "Plato", "objeto": "Cerámica", "cronologia": "ALT_IMP_ROMA", "produccion": "Loza azul cobalto.", "descripcion": "Plato hondo de perfil curvo exvasado con base umbilicada.", "decoracion": "Decoración solo en azul formada por bandas de ancha pincelada entrecruzadas ortogonalmente formando una retícula.", "dimensiones": "Altura: 42 mm.\nDiámetro máximo: 170 mm.\n\n", "bibliografia": null, "enlace_3D": null }, "geometry": null },
{ "type": "Feature", "properties": { "fid": 57, "num_pieza": 69, "numero_int": 8, "sigla": null, "morfologia": "Plato", "objeto": "Cerámica", "cronologia": "MODE", "produccion": "Loza verde amarillo y manganeso.", "descripcion": "Fondo de gran plato. Perfil curvo y base umbilicada. Moderno. (Siglo XVII).", "decoracion": "Gran motivo floral central compuesto por tres ramos de hojas en colores verde y amarillo unidos en la parte baja por una especie de peana rustica.  ", "dimensiones": "Diámetro del fondo: 160 mm. Diámetro máximo conservado: 205. Altura máxima conservada 40 mm.", "bibliografia": null, "enlace_3D": null }, "geometry": null },
{ "type": "Feature", "properties": { "fid": 58, "num_pieza": 60, "numero_int": 8, "sigla": null, "morfologia": "Plato", "objeto": "Cerámica ", "cronologia": "MODE", "produccion": "Vidriada de cocina.", "descripcion": "Plato llano de base plana con alzado de perfil curvo y borde recto oblicuo exvasado. Borde lobulado y moldurado. Moderno. (Siglo XVIII).", "decoracion": "Plato vidriado con pasta y técnica similar a las de la cerámica de cocina. Vedrío integral de color marrón con trazos pintados en manganeso al interior.", "dimensiones": "Diámetro total: 210 mm.\nAltura 23 mm.\nDiámetro base 133 mm.\n\n", "bibliografia": null, "enlace_3D": null }, "geometry": null },
{ "type": "Feature", "properties": { "fid": 59, "num_pieza": 57, "numero_int": 8, "sigla": null, "morfologia": "Plato", "objeto": "Cerámica", "cronologia": "MODE", "produccion": "Loza azul, amarillo y morada.", "descripcion": "Plato hondo. Perfil curvo y borde curvo exvasado. Base umbilicada. Moderno. (Siglo XVII).", "decoracion": "Orla castellana junto al borde y pequeño motivo circular central con penacho de flores.", "dimensiones": "Diámetro total: 200 mm. 40 mm de altura.\n\n", "bibliografia": null, "enlace_3D": null }, "geometry": null },
{ "type": "Feature", "properties": { "fid": 60, "num_pieza": 51, "numero_int": 8, "sigla": null, "morfologia": "Plato", "objeto": "Cerámica", "cronologia": "MODE", "produccion": "Loza azul cobalto. Muel.", "descripcion": "Plato hondo. Perfil curvo y borde curvo exvasado. Base umbilicada. Moderno. (Siglo XVIII).", "decoracion": "Decoración azul sobre fondo blanco compuesta por cuatro grandes motivos vegetales repartidos simétricamente en el borde dejando en la parte central una figura zoomorfa, posiblemente una liebre. En el campo se aprecia un numeral 16.", "dimensiones": "Diámetro total: 185 mm altura: 42 mm", "bibliografia": null, "enlace_3D": null }, "geometry": null },
{ "type": "Feature", "properties": { "fid": 61, "num_pieza": 78, "numero_int": 8, "sigla": null, "morfologia": "Plato", "objeto": "Cerámica", "cronologia": "MODE", "produccion": "Loza azul y amarillo.", "descripcion": "Plato de base plana y perfil curvo. Borde de perfil cóncavo. Moderno. (Siglo XVIII).", "decoracion": "Decoración antroponimia con el nombre de MIG(UE)L BIAN. Presenta decoración con pequeñas flores bicromas, azul y amarillo, una en el centro del plato y seis repartidas en una orla alrededor del borde.", "dimensiones": "Diámetro total 185mm. altura 38 mm y diámetro base 90 mm\n\n", "bibliografia": null, "enlace_3D": null }, "geometry": null },
{ "type": "Feature", "properties": { "fid": 62, "num_pieza": 54, "numero_int": 8, "sigla": null, "morfologia": "Plato", "objeto": "Cerámica", "cronologia": "MODE", "produccion": "Loza azul cobalto. Villafeliche.", "descripcion": "Plato hondo con base umbilicada. Alzado con perfil curvo y borde de perfil curvo exvasado. Moderno. (Siglo XVIII).", "decoracion": "Decoración azul sobre fondo blanco con motivo de una planta de grandes hojas en la base, tallo grueso y gran flor azul formada por cuatro hojas y un penacho central.", "dimensiones": "Diámetro total: 172 mm\nDiámetro base: 60 mm\nAltura: 40mm\n\n", "bibliografia": null, "enlace_3D": null }, "geometry": null },
{ "type": "Feature", "properties": { "fid": 63, "num_pieza": 53, "numero_int": 8, "sigla": null, "morfologia": "Plato", "objeto": "Cerámica", "cronologia": "MODE", "produccion": "Loza azul cobalto.", "descripcion": "Gran plato hondo. Base umbilicada con pie anular muy bajo y cuerpo de perfil curvo. Borde curvo exvasado. Moderno. (Siglo XVIII).", "decoracion": "Decoración azul sobre fondo blanco compuesto por una gran planta con anchas hojas en la base, dos roleos a ambos lados del tallo y flor con dos grandes hojas y un penacho central. En el borde se distribuyen toda una serie de manchas azules con gruesas pinceladas.", "dimensiones": "Diámetro total: 230 mm.\nAltura: 54 mm\nDiámetro base: 80 mm\n\n", "bibliografia": null, "enlace_3D": null }, "geometry": null },
{ "type": "Feature", "properties": { "fid": 64, "num_pieza": 55, "numero_int": 8, "sigla": null, "morfologia": "Plato", "objeto": "Cerámica", "cronologia": "MODE", "produccion": null, "descripcion": "Plato hondo de base umbilicada y perfil en alzado curvo. Borde curvo exvasado. Moderno. (Siglo XVII).\n\n", "decoracion": "Decoración azul en tono morado sobre fondo blanco. Gran motivo central encerrado en doble circulo con dos círculos concéntricos representado una palmeta de hojas y tallos. El borde presenta una banda con otros dos círculos concéntricos.", "dimensiones": "Diámetro total: 205 mm.\nAltura total: 42 mm\nDiámetro base: 62 mm\n\n", "bibliografia": null, "enlace_3D": null }, "geometry": null },
{ "type": "Feature", "properties": { "fid": 65, "num_pieza": 74, "numero_int": 8, "sigla": null, "morfologia": "Plato", "objeto": "Cerámica", "cronologia": "ALT_IMP_ROMA", "produccion": "Loza azul, verde y amarillo. ALCORA", "descripcion": "Plato de base plana. Alzado de perfil curvo y borde exvasado de perfil cóncavo. Moderno. (Siglo XVIII).", "decoracion": "Plato de borde con labio azul. Representación sencilla de cuatro flores una central y tres en disposición radial en los bordes en posición de Y. al exterior no visible una letra A.", "dimensiones": "Diámetro total: 220 mm\nAltura: 31 mm\nDiámetro base 130 mm\n\n", "bibliografia": null, "enlace_3D": null }, "geometry": null },
{ "type": "Feature", "properties": { "fid": 66, "num_pieza": 52, "numero_int": 8, "sigla": null, "morfologia": "Plato", "objeto": "Cerámica", "cronologia": "MODE", "produccion": "Loza azul cobalto. Muel", "descripcion": "Gran plato hondo. Base con pie anular muy bajo y cuerpo de perfil curvo. Borde curvo exvasado. Moderno. (Siglo XVIII).", "decoracion": "Decoración azul sobre fondo blanco compuesta por motivos vegetales repartidos simétricamente en el borde, dejando en la parte central una figura zoomorfa, posiblemente una liebre. En el campo se aprecia un numeral 24.", "dimensiones": "Diámetro máximo 265 mm. Altura: 54 mm. Diámetro en la base: 100 mm. ", "bibliografia": null, "enlace_3D": null }, "geometry": null },
{ "type": "Feature", "properties": { "fid": 67, "num_pieza": 50, "numero_int": 8, "sigla": null, "morfologia": "Mancerina", "objeto": "Cerámica", "cronologia": "ALT_IMP_ROMA", "produccion": "Porcelana. Producción Inglesa.", "descripcion": "Plato en forma de venera con una moldura central circular rodeada de casetones, dentro de la cual se adhiere un vaso cilíndrico con decoración calada. No presenta sello de fabricante. Moderno. (Siglo XVIII). \n\n", "decoracion": "Vaso con decoración calada formada por una sucesión de motivos geométricos simétricos. ", "dimensiones": "Eje X: 197 mm. Eje Y: 156 mm. Altura: 44 mm. Diámetro del baso central 77 mm.", "bibliografia": null, "enlace_3D": null }, "geometry": null },
{ "type": "Feature", "properties": { "fid": 68, "num_pieza": 82, "numero_int": 9, "sigla": "TU.MA.86.19.1\nTU.MA.86.21.1\n", "morfologia": "Azulejo", "objeto": "Cerámica", "cronologia": "ALT_IMP_ROMA", "produccion": "Azulejo de arista.", "descripcion": "Azulejo rectangular realizado a molde con aristas para separación del esmalte.  Moderno (siglo XVII).", "decoracion": "Decoración geométrica formada por un ovalo central y dos rectángulos laterales junto con otras piezas forman un friso con sucesión de óvalos y rombos. Presenta fondo blanco, óvalos y rombos en color verde, rodeados por un margen melado. Los dos laterales largos del azulejo tienen márgenes en verde.", "dimensiones": "Longitud: 135 mm. Anchura: 60 mm. Grosor: 16 mm. ", "bibliografia": null, "enlace_3D": null }, "geometry": null },
{ "type": "Feature", "properties": { "fid": 69, "num_pieza": 83, "numero_int": 9, "sigla": "TU.MA.86.18.1", "morfologia": "Azulejo", "objeto": "Cerámica", "cronologia": "MODE", "produccion": "Azulejo verdugones.", "descripcion": "Fragmento de azulejo realizado a molde formando figuras geométricas como óvalos y rombos. Moderno. (siglo XVII).", "decoracion": "La base del campo es de color blanco y los verdugones de gran relieve y lomo plano se colorean en verde y azul grisáceo.", "dimensiones": "Se estima una longitud de 190 mm y una anchura de 75 mm. Grosor: 18 mm.", "bibliografia": null, "enlace_3D": null }, "geometry": null },
{ "type": "Feature", "properties": { "fid": 70, "num_pieza": 84, "numero_int": 9, "sigla": "TU.MA.86.19.3", "morfologia": "Plato llano.", "objeto": "Cerámica", "cronologia": "MODE", "produccion": "Loza azul cobalto Teruel.", "descripcion": "Fragmento de fondo de un plato llano. Centro umbilicado. Moderno. (Siglo XVII).", "decoracion": "Parte del motivo central en el que se representa una figura de sol estrellado del que se aprecia uno de los ojos. ", "dimensiones": "80x50 mm. Diámetro de la base 90 mm.", "bibliografia": null, "enlace_3D": null }, "geometry": null },
{ "type": "Feature", "properties": { "fid": 71, "num_pieza": 85, "numero_int": 9, "sigla": "TU.MA.86.D.5", "morfologia": "Plato hondo.", "objeto": "Cerámica", "cronologia": "ALT_IMP_ROMA", "produccion": "Loza azul verde y manganeso. Muel. ", "descripcion": "Fragmento que supone algo más de la mitad del fondo de un plato hondo. Base de perfil curvo con centro umbilicado. Moderno. (Siglo XVII).", "decoracion": "Motivo vegetal cruciforme que ocupa toda la superficie del fondo. Formado por cuatro lóbulos en cruz y cuatro flores en aspa.  ", "dimensiones": "135 x 75 mm. Diámetro de fondo de 130 mm. ", "bibliografia": null, "enlace_3D": null }, "geometry": null },
{ "type": "Feature", "properties": { "fid": 72, "num_pieza": 81, "numero_int": 9, "sigla": "TU.MA.86.16.b.12", "morfologia": "Pila de agua bendita.", "objeto": "Piedra", "cronologia": "MODE", "produccion": "Elemento ritual.", "descripcion": "Pequeña pila de agua bendita realizada en mármol conglomerado. Base muy gruesa. Forma de venera al exterior. Forma oval con grueso reborde remarcado por una profunda acanaladura. El anclaje a la pared se realiza mediante un machón de sección cuadrada, que en la pieza se encuentra partido. En el punto central al exterior de la base se encuentra incrustada una pieza oval de caliza negra. Moderno. (Siglo XVII).", "decoracion": "No presenta decoración especifica. ", "dimensiones": "Ovalo aproximado de 210 x 160 mm. Altura de la pieza 120 mm. ", "bibliografia": null, "enlace_3D": null }, "geometry": null },
{ "type": "Feature", "properties": { "fid": 73, "num_pieza": 86, "numero_int": 10, "sigla": null, "morfologia": "Ataifor", "objeto": "Cerámica", "cronologia": "AND", "produccion": "Loza dorada.", "descripcion": "Forma abierta. Ataifor de perfil carenado. Pie anular bajo. Paredes rectas, divergentes. Carena con perfil ligeramente intravasado y borde plano con visera corta. Andalusí. (Siglos XI-XII).", "decoracion": "Su interior presenta una profusa decoración formada por un medallón central y tres bandas concreticas. El motivo central presenta una escena muy corriente en el arte islámico, sobre todo en tejidos, como son los animales enfrentados. En este caso se trata de dos leones separados por un árbol con hojas y frutos, junto con otros motivos menores que rellenan el espacio en blanco. El centro se encuentra rodeado por tres bandas concéntricas, siendo iguales la interior y la exterior formadas por una ancha banda pinta y decorada con bucles esgrafiados. La banda central es diferente y está formada por una sucesión de signos iguales, que en su origen debieron de ser un nombre o formula religiosa reiterativa, pero que en manos de uno o varios alfareros que no sabían lo que escribían acabo siendo una serie de signos indescifrables. Pieza restaurada.", "dimensiones": "Altura: 97 mm. Diámetro máximo: 305 mm. Diámetro en la base: 104 mm. ", "bibliografia": null, "enlace_3D": "https://sketchfab.com/3d-models/ataifor-leones-851250b06854400384c121ccaf2bc6ff" }, "geometry": null },
{ "type": "Feature", "properties": { "fid": 74, "num_pieza": 87, "numero_int": 10, "sigla": null, "morfologia": "Ataifor", "objeto": "Cerámica", "cronologia": "AND", "produccion": "Vidriada de mesa.", "descripcion": "Forma abierta. Plato-ataifor. Pie anular bajo. Perfil carenado. Parte inferior de perfil curvo, divergente y exvasado. Carena suave. Hombro de perfil curvo y ligeramente intravasado. Borde recto, oblicuo, en visera. Andalusí. (Siglos XI-XII).", "decoracion": "Vedrío melado integral. Presenta manchas de manganeso en la parte plana del borde.", "dimensiones": "Diámetro máximo: 255. Altura: 82 mm. Diámetro en la base: 96 mm.", "bibliografia": "BIENES CALVO, Juan José. “Urbanismo”, Serie Retrospectiva y Futuro 802 – 2002 nº 5, Tudela, 2002.", "enlace_3D": null }, "geometry": null },
{ "type": "Feature", "properties": { "fid": 75, "num_pieza": 88, "numero_int": 10, "sigla": null, "morfologia": "Ataifor", "objeto": "Cerámica", "cronologia": "AND", "produccion": "Vidriada de mesa.", "descripcion": "Forma abierta. Plato-ataifor. Pie anular bajo. Perfil carenado. Parte inferior de perfil curvo, divergente y exvasado. Carena marcada. Hombro de perfil recto y ligeramente intravasado. Borde recto, oblicuo, en visera. Pieza restaurada.Andalusí. (Siglos XI-XII).", "decoracion": "Vedrío melado muy brillante. Presenta manchas de vedrío verde en la parte plana del borde.", "dimensiones": "Diámetro máximo: 247 mm. Altura: 74 mm. Diámetro en la base: 85 mm. ", "bibliografia": "BIENES CALVO, Juan José. “Urbanismo”, Serie Retrospectiva y Futuro 802 – 2002 nº 5, Tudela, 2002.", "enlace_3D": null }, "geometry": null },
{ "type": "Feature", "properties": { "fid": 76, "num_pieza": 89, "numero_int": 10, "sigla": null, "morfologia": "Redoma", "objeto": "Cerámica", "cronologia": "AND", "produccion": "Vidriada de mesa.", "descripcion": "Forma cerrada. Jarro de cuello estrecho/redoma. Pico vertedor. Base plana, diferenciada de la panza por un rebaje. Zona baja globular y hombro recto, oblicuo y convergente, perfil piriforme. Cuello estrecho, corto. Boca abocinada formada por doble perfil curvado. Moldura plana en la unión hombro-cuello. Banda de tres líneas acanaladas en la parte alta del hombro. Asa de cinta de sección triangular, con ángulos suaves. Pieza restaurada. ", "decoracion": "Vedrío melado exterior con goterones al interior. ", "dimensiones": "Diámetro máximo: 87 mm. Altura: 148 mm. Diámetro en la base: 63 mm. Diámetro en la boca: 46 mm. Diámetro en el cuello: 23 mm.", "bibliografia": "BIENES CALVO, Juan José. “Urbanismo”, Serie Retrospectiva y Futuro 802 – 2002 nº 5, Tudela, 2002.", "enlace_3D": null }, "geometry": null },
{ "type": "Feature", "properties": { "fid": 77, "num_pieza": 90, "numero_int": 10, "sigla": null, "morfologia": "Jarra", "objeto": "Cerámica", "cronologia": "BAJ_IMP_ROMA", "produccion": "CISHT (Cerámica Imitación Sigillata Hispánica Tardía).", "descripcion": "Fragmento de hombro de una forma cerrada tipo jarra u orza. Perfil recto, oblicuo y convergente, algo curvado en el extremo inferior. Pasta gris y superficie bruñida. Romano bajoimperial. (Siglos V-VI).", "decoracion": "Decoración estampillada. Sucesión de motivos con arquerías formadas por un sello rectangular sobre el que se dispone un sello semicircular que encierra un pequeño sello redondo. ", "dimensiones": "46 x 790 mm. ", "bibliografia": "BIENES CALVO, Juan José. “Urbanismo”, Serie Retrospectiva y Futuro 802 – 2002 nº 5, Tudela, 2002.", "enlace_3D": null }, "geometry": null },
{ "type": "Feature", "properties": { "fid": 78, "num_pieza": 92, "numero_int": 10, "sigla": null, "morfologia": "Ataifor", "objeto": "Cerámica", "cronologia": "ALT_IMP_ROMA", "produccion": "Loza dorada.", "descripcion": "Forma abierta. Plato/ataifor. Pie anular bajo. Pared curva divergente. Andalusí. (Siglos XI-XII).", "decoracion": "Decorado al interior con loza dorada. Medallón central del que solo se aprecia parte de decoración vegetal del circulo exterior. Banda concéntrica con bucles alternos esgrafiados, de trazo ancho. Tono amarillo dorado.", "dimensiones": "La pieza es de 40 x 65 mm. Diámetro máximo conservado:131. Diámetro en la base: 81.", "bibliografia": "BIENES CALVO, Juan José. “Urbanismo”, Serie Retrospectiva y Futuro 802 – 2002 nº 5, Tudela, 2002.", "enlace_3D": null }, "geometry": null },
{ "type": "Feature", "properties": { "fid": 79, "num_pieza": 91, "numero_int": 10, "sigla": null, "morfologia": "Ataifor", "objeto": "Cerámica", "cronologia": "AND", "produccion": "Loza dorada. ", "descripcion": "Forma abierta. Plato/ataifor. Pie anular bajo oblicuo. Pared curva divergente. Andalusí. (Siglos XI-XII).", "decoracion": "Medallón central decorado con loza dorada del que se aprecia un eje de simetría que separa los cuartos traseros de dos animales, probablemente leones. Tono marrón, mas oscuro en el borde de las figuras. ", "dimensiones": "Dimensiones del fragmento: 45 x 80 mm. Diámetro máximo conservado 110 mm. Altura conservada: 20 mm. Diámetro de la base: 71 mm.", "bibliografia": "BIENES CALVO, Juan José. “Urbanismo”, Serie Retrospectiva y Futuro 802 – 2002 nº 5, Tudela, 2002.", "enlace_3D": null }, "geometry": null },
{ "type": "Feature", "properties": { "fid": 80, "num_pieza": 93, "numero_int": 11, "sigla": null, "morfologia": "Plato", "objeto": "Cerámica", "cronologia": "MED_CRI", "produccion": "Loza azul. Producción valenciana. ", "descripcion": "Forma abierta. Plato. Pie anular moldurado oblicuo. Perfil recto, oblicuo y exvasado. Medieval cristiano. (Siglos XIV-XV).", "decoracion": "Decoración azul sobre fondo blanco. Gran medallón ocupando la mayor parte de la superficie interior. decoración formada por seis bandas transversales dispuestas de forma simétrica y rellenadas por segmentos de línea ondulada en disposición transversal, línea ondulada en disposición longitudinal y banda de retícula oblicua. ", "dimensiones": "Diámetro máximo: 175 mm. Altura: 37 mm. Diámetro en la base: 67 mm.", "bibliografia": "BIENES CALVO, Juan José. “Urbanismo”, Serie Retrospectiva y Futuro 802 – 2002 nº 5, Tudela, 2002.", "enlace_3D": null }, "geometry": null },
{ "type": "Feature", "properties": { "fid": 81, "num_pieza": 95, "numero_int": 12, "sigla": null, "morfologia": "Azulejo ", "objeto": "Cerámica", "cronologia": "MED_CRI", "produccion": "Azul sobre fondo blanco.", "descripcion": "Fragmento de azulejo cuadrado o rectangular. Ángulo superior izquierdo. Medieval cristiano. (Siglo XV).", "decoracion": "En la zona visible se aprecia la cabeza de una mujer inclinada sobre un ramo de flores. ", "dimensiones": "80 mm x 75 mm x 17 mm", "bibliografia": null, "enlace_3D": null }, "geometry": null },
{ "type": "Feature", "properties": { "fid": 82, "num_pieza": 96, "numero_int": 12, "sigla": null, "morfologia": "Azulejo", "objeto": "Cerámica", "cronologia": "MED_CRI", "produccion": "Negro sobre fondo blanco.", "descripcion": "Fragmento de azulejo cuadrado o rectangular. Medieval cristiano. (Siglo XV).", "decoracion": "Círculos blancos encadenados en ángulo recto y diagonal que tanto pueden estar formando un pequeño tablero de juego como una representación de parte del escudo de Navarra. ", "dimensiones": "92x50x18 mm", "bibliografia": null, "enlace_3D": null }, "geometry": null },
{ "type": "Feature", "properties": { "fid": 83, "num_pieza": 97, "numero_int": 12, "sigla": null, "morfologia": "Taza", "objeto": "Cerámica", "cronologia": "ALT_IMP_ROMA", "produccion": "Loza", "descripcion": "Pequeña taza de perfil troncocónico con una carena y estrangulamiento cerca de la base. Medieval cristiano (siglos XII-XIII).", "decoracion": "Esmalte blanco con densidad variable tanto interior como exterior. ", "dimensiones": "Diámetro máximo: 45 mm. Diámetro boca: 32 mm. Altura 42 mm.", "bibliografia": null, "enlace_3D": null }, "geometry": null },
{ "type": "Feature", "properties": { "fid": 84, "num_pieza": 94, "numero_int": 12, "sigla": null, "morfologia": "Plato de sal", "objeto": "Cerámica", "cronologia": "MED_CRI", "produccion": "Vidriada de mesa", "descripcion": "Plato de sal de factura tosca. Presenta pie anular de perfil cilíndrico. Cuerpo de perfil curvo exvasado con molduras acusadas al exterior. Carena angulosa y borde de perfil oblicuo intravasado y ondulado. Conserva una de las dos asas. Medieval cristiano. (Siglos XIII-XIV).", "decoracion": "Vedrío melado integral. ", "dimensiones": "Diámetro máximo: 150 mm. Altura 60 mm. Diámetro pie anular: 62 mm. ", "bibliografia": null, "enlace_3D": "https://sketchfab.com/3d-models/plato-de-sal-484b0ed6b9e5417bb6c54ff0843f1373" }, "geometry": null },
{ "type": "Feature", "properties": { "fid": 85, "num_pieza": 103, "numero_int": 13, "sigla": null, "morfologia": "Copa", "objeto": "Cerámica", "cronologia": "MED_CRI", "produccion": "Vidriada de mesa.", "descripcion": "Forma abierta. Copa. Cuenco de perfil curvo con borde ligeramente intravasado, elevado sobre un pie hueco de tipo tubular y borde inferior curvado. Esta restaurada.Medieval cristiano. (Siglos XII-XIII).", "decoracion": "Vedrío verde integral, jaspeado en tonos verdes más oscuros. ", "dimensiones": "Diámetro máximo: 144 mm. Altura: 80 mm. Diámetro en la base: 62 mm. Diámetro en la boca: 137 mm. Altura del pie: 31 mm. Diámetro fuste del pie: 33 mm. ", "bibliografia": "BIENES CALVO, Juan José. “Urbanismo”, Serie Retrospectiva y Futuro 802 – 2002 nº 5, Tudela, 2002.", "enlace_3D": null }, "geometry": null },
{ "type": "Feature", "properties": { "fid": 86, "num_pieza": 100, "numero_int": 13, "sigla": null, "morfologia": "Ataifor", "objeto": "Cerámica", "cronologia": "MED_CRI", "produccion": "Vidriada de mesa. ", "descripcion": "Forma abierta. Gran plato. Ataifor. Pie anular grueso y alto, ligeramente oblicuo. Perfil carenado. Parte inferior recta, oblicua y exvasada. Carena marcada. borde de perfil recto, oblicuo y exvasado. Labio redondo. Pieza restaurada. Medieval cristiano. (Siglos XII-XIII).", "decoracion": "Vedrío verde claro integral. Presenta gotas de vedrío espeso sobresaliendo en el labio.", "dimensiones": "Diámetro máximo: 282 mm. Altura: 85 mm. Diámetro en la base: 105 mm. ", "bibliografia": null, "enlace_3D": null }, "geometry": null },
{ "type": "Feature", "properties": { "fid": 87, "num_pieza": 98, "numero_int": 13, "sigla": null, "morfologia": "Vaso", "objeto": "Cerámica", "cronologia": "E_H_I", "produccion": "Sin torno", "descripcion": "Forma cerrada. Vaso de perfil carenado, bitroncocónico. Base plana. Mitad inferior de perfil ligeramente curvo. Carena marcada. hombro recto, oblicuo. Borde recto, oblicuo y exvasado. Presenta una sola asa colocada íntegramente en el hombro. Asa de cinta de sección rectangular. Superficie bruñida. Colores marrón y ocre. Pieza restaurada. ", "decoracion": "", "dimensiones": "Diámetro máximo: 134 mm. Altura: 112 mm. Diámetro en la base: 55 mm. Diámetro en la boca: 94 mm. Diámetro unión hombro cuello: 82 mm.", "bibliografia": "BIENES CALVO, Juan José. “Urbanismo”, Serie Retrospectiva y Futuro 802 – 2002 nº 5, Tudela, 2002.", "enlace_3D": null }, "geometry": null },
{ "type": "Feature", "properties": { "fid": 88, "num_pieza": 99, "numero_int": 13, "sigla": null, "morfologia": "Vaso carenado", "objeto": "Cerámica", "cronologia": "E_H_I", "produccion": null, "descripcion": "Dos fragmentos pertenecientes al hombro de una forma cerrada, carenada. Superficie bruñida. Color negro.", "decoracion": "Decoración excisa e incisa dispuesta en el hombro de la vasija. Consta de dos bandas excisas. Una superior formada por un ajedrezado de rombos y una inferior formada por una sucesión de triángulos. Los campos no excisos se rellenan con incisiones oblicuas. Las bandas excisas se inscriben entre tres bandas con líneas incisas paralelas con canal de sección rectangular. Por encima de toda esta decoración, en la unión entre hombro y cuello, hay una sucesión de pequeños círculos impresos. ", "dimensiones": "46 x 52 mm y 33 x 61 mm.", "bibliografia": "BIENES CALVO, Juan José. “Urbanismo”, Serie Retrospectiva y Futuro 802 – 2002 nº 5, Tudela, 2002.", "enlace_3D": null }, "geometry": null },
{ "type": "Feature", "properties": { "fid": 89, "num_pieza": 102, "numero_int": 13, "sigla": null, "morfologia": "Plato de sal.", "objeto": "Cerámica", "cronologia": "MED_CRI", "produccion": "Vidriada de mesa.", "descripcion": "Forma abierta. Plato de sal con pie anular. Pared recta, oblicua, divergente. Carena con moldura triangular y borde recto, oblicuo y exvasado. Perímetro ondulado.  Presenta dos asitas de cinta pegadas al borde. Esta restaurada. ", "decoracion": "Vedrío melado integral color verde claro.", "dimensiones": "Diámetro máximo: 162 mm. Altura: 58 mm. Diámetro en la base: 60 mm.  Medida total con las asas: 193 mm", "bibliografia": "BIENES CALVO, Juan José. “Urbanismo”, Serie Retrospectiva y Futuro 802 – 2002 nº 5, Tudela, 2002.", "enlace_3D": "https://sketchfab.com/3d-models/plato-de-sal-siglos-xii-xiii-tudela-76b4b0caede049e8949199201bb8de25" }, "geometry": null },
{ "type": "Feature", "properties": { "fid": 90, "num_pieza": 101, "numero_int": 13, "sigla": null, "morfologia": "Tapadera", "objeto": "Cerámica", "cronologia": "MED_CRI", "produccion": "Común oxidante.", "descripcion": "Forma abierta. Tapadera de plato con pedúnculo interior central. Base ligeramente convexa. Perfil variable con piezas que presentan perfil curvo exvasado o borde plano en ala. Hay algunas piezas que denotan su uso como candiles. Piezas restauradas. Medieval cristiano. (Siglos XII-XIII).", "decoracion": null, "dimensiones": "Diámetros variables entre 100 y 122 mm. Y alturas entre 30 y 35 mm. ", "bibliografia": "BIENES CALVO, Juan José. “Urbanismo”, Serie Retrospectiva y Futuro 802 – 2002 nº 5, Tudela, 2002.", "enlace_3D": null }, "geometry": null },
{ "type": "Feature", "properties": { "fid": 91, "num_pieza": 111, "numero_int": 15, "sigla": "TU.PV.93.II. 2638", "morfologia": "Jarro", "objeto": "Cerámica", "cronologia": "AND", "produccion": "Común oxidante.", "descripcion": "Jarro de una sola asa. Mitad inferior de forma troncopiramidal, base ligeramente convexa, hombro de perfil curvo globular, cuello cilíndrico con ligero éntasis, labio redondo y asa de cinta con nervio central. Andalusí. (Siglo XI-XII).", "decoracion": "\n\n", "dimensiones": "Alltura: 152 mm. Diámetro máximo: 104 mm. Diámetro boca: 60 mm. Diámetro base: 65 mm.", "bibliografia": null, "enlace_3D": "https://sketchfab.com/3d-models/int-15--plaza-vieja--jarra-2f879892019e467bb264789f20e7e217" }, "geometry": null },
{ "type": "Feature", "properties": { "fid": 92, "num_pieza": 138, "numero_int": 26, "sigla": null, "morfologia": "Cuenco carenado.", "objeto": "Cerámica", "cronologia": "MED_CRI", "produccion": "Loza verde y morado Teruel.", "descripcion": "Fragmento de fondo. Pie anular. Parte inferior con perfil curvo. Medieval cristiano. (Siglos XIII-XIV).", "decoracion": "Verde y morado sobre fondo blanco. Esmalte blanco brillante. Motivo central en el que se representa la palma de una mano. Representación mudéjar de la mano de Fátima. Vedrío verde exterior, aunque no afecta a la parte del fondo. ", "dimensiones": "Diámetro de pie anular: 60 mm.", "bibliografia": null, "enlace_3D": null }, "geometry": null },
{ "type": "Feature", "properties": { "fid": 93, "num_pieza": 139, "numero_int": 26, "sigla": "TU.00.2.135", "morfologia": "Cuenco carenado", "objeto": "Cerámica ", "cronologia": "MED_CRI", "produccion": "Loza verde y morado Teruel.", "descripcion": "Fondo completo. Pie anular. Parte inferior con perfil curvo. Medieval cristiano. (Siglos XIII-XIV).", "decoracion": "Motivo central con estrella de David en cuyo centro se inscribe un hexágono con bandas paralelas con marcas a modo de grafía ilegible. Vedrío verde al exterior sin que afecte a la parte exterior del fondo.  ", "dimensiones": "Diámetro pie anular: 60 mm. ", "bibliografia": null, "enlace_3D": null }, "geometry": null },
{ "type": "Feature", "properties": { "fid": 94, "num_pieza": 140, "numero_int": 26, "sigla": "TU.00.2.140", "morfologia": "Candil hanukiyà.", "objeto": "Cerámica", "cronologia": "ALT_IMP_ROMA", "produccion": "Candil", "descripcion": "Fragmento de candil hanukiyà del que solo se conservan dos medias cazoletas integradas en una tableta con lateral posterior recto y el frontal apuntado. Las cazoletas se remarcan con una línea incisa presentado los bordes exteriores una sencilla decoración incisa. Medieval cristiano (Siglos XIII-XV).", "decoracion": "Vedrío melado verdoso de muy buena calidad en toda la superficie de la pieza excepto la parte plana del fondo.", "dimensiones": "Longitud conservada: 41 mm. Anchura: 71 mm. Grosor: 21 mm. ", "bibliografia": null, "enlace_3D": null }, "geometry": null },
{ "type": "Feature", "properties": { "fid": 95, "num_pieza": 141, "numero_int": 26, "sigla": "TU. 2.00.141", "morfologia": "Candil", "objeto": "Cerámica", "cronologia": "MED_CRI", "produccion": null, "descripcion": "Candil realizado sobre una forma abierta, plato-jofaina a la que se le realiza una piquera mediante un pellizco en el borde. Medieval cristiano (Siglos XIII-XV).", "decoracion": "Vedrío melado al interior presentando algunos goterones al exterior.", "dimensiones": "Forma oval con un diámetro máximo de 105 mm. Altura máxima 32 mm. ", "bibliografia": null, "enlace_3D": null }, "geometry": null },
{ "type": "Feature", "properties": { "fid": 96, "num_pieza": 135, "numero_int": 23, "sigla": null, "morfologia": "Plato-tajador.", "objeto": "Cerámica", "cronologia": "MED_CRI", "produccion": "Loza dorada. Cerámica valenciana.", "descripcion": "Fragmento de pared. Perfil curvo exvasado. Medieval cristiano (Siglo XIV-XV).", "decoracion": "Profusa decoración en forma radial en la que se aprecia una sucesión de figuras pentagonales, rellenadas con motivos geométricos, entre los que se disponen grandes óvalos con decoración vegetal. Presenta color azul solo en las zonas de los óvalos. Al exterior presenta una banda ancha con rayado oblicuo.", "dimensiones": null, "bibliografia": null, "enlace_3D": null }, "geometry": null },
{ "type": "Feature", "properties": { "fid": 97, "num_pieza": 120, "numero_int": 17, "sigla": "TU.96.3.1257", "morfologia": "Cántara ", "objeto": "Cerámica", "cronologia": "MED_CRI", "produccion": "Común oxidante pintada a manganeso.", "descripcion": "Asa de cántara con ancho canal central. Medieval cristiano. (Siglo XV).", "decoracion": "Profusa decoración que cubre toda la superficie dorsal del asa. Formada por tres bandas longitudinales con sucesión de segmentos en S encadenados. ", "dimensiones": "Longitud de 250 mm. Anchura de 46 mm.", "bibliografia": null, "enlace_3D": null }, "geometry": null },
{ "type": "Feature", "properties": { "fid": 98, "num_pieza": 104, "numero_int": 14, "sigla": null, "morfologia": "Birlas o barras de alfarero", "objeto": "Cerámica ", "cronologia": "MED_CRI", "produccion": "Material de alfar", "descripcion": "Varios fragmentos de barras de cerámica de sección cilíndrica acabadas en punta redondeada. Algunas presentan goterones de vedrío. Medieval cristiano (siglos XII-XIII).", "decoracion": "No presenta decoración. ", "dimensiones": "Diámetros comprendidos entre los 33 y 40 mm.", "bibliografia": "BIENES CALVO, Juan José. “Urbanismo”, Serie Retrospectiva y Futuro 802 – 2002 nº 5, Tudela, 2002.", "enlace_3D": null }, "geometry": null },
{ "type": "Feature", "properties": { "fid": 99, "num_pieza": 105, "numero_int": 14, "sigla": null, "morfologia": "Jarra.", "objeto": "Cerámica", "cronologia": "MED_CRI", "produccion": "Cuerda seca.", "descripcion": "Forma cerrada. Fragmento de hombro carenado y arranque de cuello. Pared de perfil recto, oblicuo e intravasado unido con carena a un hombro corto recto e intravasado. Arranque de cuello de perfil cilíndrico. Medieval cristiano. (Siglo XII).", "decoracion": "Banda decorada con sucesión de rombos rellenados de vedrío verde, entre dos bandas paralelas rellenadas con vedrío verde. En el estrecho hombro aparecen letras simétricas pintadas en manganeso. ", "dimensiones": "77 x 58 mm. Se estima un diámetro máximo de 120 mm. ", "bibliografia": "BIENES CALVO, Juan José. “Urbanismo”, Serie Retrospectiva y Futuro 802 – 2002 nº 5, Tudela, 2002.", "enlace_3D": null }, "geometry": null },
{ "type": "Feature", "properties": { "fid": 100, "num_pieza": 106, "numero_int": 14, "sigla": null, "morfologia": "Jarra", "objeto": "Cerámica", "cronologia": "MED_CRI", "produccion": "Cuerda seca. ", "descripcion": "Forma cerrada. Fragmento de hombro. Perfil curvo globular. Medieval cristiano. (Siglo XII).", "decoracion": "Banda decorada con ajedrezado y relleno de vedrío melado en cuadros alternos. La banda se inscribe entre dos finas bandas rellenadas con vedrío melado. ", "dimensiones": "45 x 47 mm. ", "bibliografia": "BIENES CALVO, Juan José. “Urbanismo”, Serie Retrospectiva y Futuro 802 – 2002 nº 5, Tudela, 2002.", "enlace_3D": null }, "geometry": null },
{ "type": "Feature", "properties": { "fid": 101, "num_pieza": 107, "numero_int": 14, "sigla": null, "morfologia": "Jarra", "objeto": "Cerámica", "cronologia": "ALT_IMP_ROMA", "produccion": "Vidriada de mesa.", "descripcion": "Forma cerrada. Varios fragmentos de un hombro. Perfil globular. Presenta arranque de cuello desprendido. Al interior presenta defectos de fabricación por incrustación de pequeños fragmentos desprendidos de la propia pieza.Medieval cristiano. (Siglos XII-XIII).", "decoracion": "Decoración en relieve con sucesión de rosetas de seis puntas, estando el resto del campo rellenado con pequeños motivos de hojas y rosetas. Vedrío verde.", "dimensiones": "Dimensiones de la pieza: 175 x 90 mm. ", "bibliografia": null, "enlace_3D": null }, "geometry": null },
{ "type": "Feature", "properties": { "fid": 102, "num_pieza": 142, "numero_int": 27, "sigla": "TU.3.00.295", "morfologia": "Taza", "objeto": "Cerámica", "cronologia": "CONT", "produccion": "Porcelana inglesa.", "descripcion": "Fragmento de la pared de una taza o salsera con perfil recto oblicuo exvasado con carena en la parte inferior. Contemporáneo (siglo XIX).", "decoracion": "Presenta bandas decoradas interior y exterior en tono marrón claro. En la banda exterior se representa una especie de cortejo o desfile en el que aparece un elefante montado por un porteador y sobre el que hay una pequeña pagoda. Al elefante le precede un alabardero y detrás le siguen otros dos. También aparece en un plano anterior al elefante una figura de jinete. Al interior hay un pequeño friso formado por una doble fila de casetones con motivos vegetales. ", "dimensiones": "Fragmento romboidal con unas dimensiones máximas de 58 x 52 mm. ", "bibliografia": null, "enlace_3D": null }, "geometry": null },
{ "type": "Feature", "properties": { "fid": 103, "num_pieza": 143, "numero_int": 27, "sigla": "TU.3.00.146", "morfologia": "Pesa de telar", "objeto": "Cerámica", "cronologia": "ALT_IMP_ROMA", "produccion": "Terracota", "descripcion": "Parte superior de un pondux de sección cuadrada acabado en punta de forma piramidal. Presenta orificio circular atravesando dos de las caras enfrentadas. ", "decoracion": null, "dimensiones": "Altura: 95 mm. Sección: 39x37 mm.", "bibliografia": null, "enlace_3D": null }, "geometry": null },
{ "type": "Feature", "properties": { "fid": 104, "num_pieza": 133, "numero_int": 20, "sigla": "TU.2.97.1005.289", "morfologia": "Capitel", "objeto": "Piedra", "cronologia": "MED_CRI", "produccion": "Elemento arquitectónico", "descripcion": "Voluta de piedra caliza perteneciente a la decoración vegetal de un capitel. Siglo XIV.", "decoracion": "Voluta decorada con piña de hojas en las que se marcan con gran perfeccionismo las nervaduras. ", "dimensiones": "Fragmento de forma oval 98x80 mm", "bibliografia": null, "enlace_3D": null }, "geometry": null },
{ "type": "Feature", "properties": { "fid": 105, "num_pieza": 129, "numero_int": 20, "sigla": "TU.2.97.1040.11", "morfologia": "Molde", "objeto": "Cerámica", "cronologia": "MED_CRI", "produccion": "Material de alfar", "descripcion": "Fragmento de fondo con pie anular. Molde de alfarero para cerámica con decoración en relieve: forma globular cerrada.", "decoracion": "Friso inferior en el que se parecía parte de la decoración correspondiente a varios segmentos en S imbricados que flanquean lo que parece ser una gran hoja de trébol. ", "dimensiones": "Diámetro en la base: 120 mm. Diámetro máximo conservado 185 mm.", "bibliografia": null, "enlace_3D": null }, "geometry": null },
{ "type": "Feature", "properties": { "fid": 106, "num_pieza": 128, "numero_int": 20, "sigla": "TU.2.97.1005.90", "morfologia": "Escudilla de orejetas", "objeto": "Cerámica", "cronologia": "MED_CRI", "produccion": "Loza dorada", "descripcion": "Forma abierta. Cuenco. Base cóncava. Perfil curvo divergente. Orejetas desaparecidas, posiblemente triangulares. Medieval cristiano. (Siglos XIV-XV).", "decoracion": "Loza dorada con azul cobalto. Decoración interior con rosetón central formado por ocho pétalos, cuatro con rallado horizontal y los otros cuatro con relleno integro. Pared interior con cuatro rombos azules rellenados con un motivo oval. Entre los rombos motivo de bandera con lateral redondeado. Bandera con medio campo rallado y otro medio liso. Las zonas vacías se rellenan con puntos. Decoración exterior con grandes palmetas y roleos. Dorado de tono marrón", "dimensiones": "Diámetro máximo: 124 mm. Altura: 50 mm. Diámetro de la base: 42 mm. ", "bibliografia": "BIENES CALVO, Juan José. “Urbanismo”, Serie Retrospectiva y Futuro 802 – 2002 nº 5, Tudela, 2002.", "enlace_3D": null }, "geometry": null },
{ "type": "Feature", "properties": { "fid": 107, "num_pieza": 127, "numero_int": 20, "sigla": "TU.2.97.1004.23", "morfologia": "Escudilla de orejetas", "objeto": "Cerámica", "cronologia": "MED_CRI", "produccion": "Vidriada de mesa", "descripcion": "Forma abierta. Cuenco. Base cóncava. Perfil curvo divergente. Orejeta triangular. Medieval cristiano. (Siglos XIV-XV).", "decoracion": "Vedrío melado solo interior jaspeado con puntos negros. ", "dimensiones": "Diámetro máximo: 125 mm. Altura: 52 mm. Diámetro en la base: 55 mm. ", "bibliografia": "BIENES CALVO, Juan José. “Urbanismo”, Serie Retrospectiva y Futuro 802 – 2002 nº 5, Tudela, 2002.", "enlace_3D": null }, "geometry": null },
{ "type": "Feature", "properties": { "fid": 108, "num_pieza": 130, "numero_int": 20, "sigla": "TU.2.97.1004.24", "morfologia": "Candil hanukiyà", "objeto": "Cerámica", "cronologia": "MED_CRI", "produccion": "Candil", "descripcion": "Dos fragmentos de candil hanukiyà del que solo se conservan dos cazoletas integradas en una tableta con lateral posterior recto y el frontal apuntado. Las cazoletas se remarcan con una línea incisa presentado los bordes exteriores una sencilla decoración incisa. Medieval cristiano. (Siglos XIV-XV)", "decoracion": "Vedrío melado en toda la superficie excepto en la parte plana inferior. ", "dimensiones": "Longitud máxima conservada: 100 mm. Anchura: 76 mm. Grosor variable entre 22 y 25 mm. Cazoletas 53 x 32 mm y una profundidad de 15 mm. ", "bibliografia": "BIENES CALVO, Juan José. “Urbanismo”, Serie Retrospectiva y Futuro 802 – 2002 nº 5, Tudela, 2002.", "enlace_3D": null }, "geometry": null },
{ "type": "Feature", "properties": { "fid": 109, "num_pieza": 153, "numero_int": 35, "sigla": null, "morfologia": "Candil Hanukà", "objeto": "Cerámica", "cronologia": "MED_CRI", "produccion": "Candil", "descripcion": "Fragmento de cazoleta de un candil hebreo de Hanukà. Tipo tabula con cazoletas integradas. Cazoleta de poca profundidad y punta alargada. Borde remarcado por una incisión acanalada y borde exterior con decoración incisa. Medieval cristiano. (Siglos XIII-XV).", "decoracion": "Vedrío verdoso en toda la pieza excepto en la base.", "dimensiones": "Altura:22 mm. Longitud: 61. Grosor de la tabula 16 mm. ", "bibliografia": null, "enlace_3D": null }, "geometry": null },
{ "type": "Feature", "properties": { "fid": 110, "num_pieza": 152, "numero_int": 35, "sigla": null, "morfologia": "Candil Hanukiyà.", "objeto": "Cerámica", "cronologia": "MED_CRI", "produccion": "Candil", "descripcion": "Candil de plato y borde con pellizco, de pequeño tamaño. Se encuentra pegado a un fragmento de tabula estrecha. Estaría formando parte de una sucesión de siete candiles idénticos para la celebración de la ceremonia de Hanuka. Presenta manchas de uso por fuego. Medieval cristiano. (Siglos XIII-XV).", "decoracion": "Presenta dos gotas de vedrío melado denso.", "dimensiones": "La cazoleta tiene unas medidas de 55 x 50 y una altura de 22 mm. La tabula tiene una sección de 34 x 6 mm. Conserva una longitud de 42 mm. La altura total de la pieza es de 32 mm. ", "bibliografia": null, "enlace_3D": "https://sketchfab.com/3d-models/candil-hanukiya-siglos-xiii-xv-tudela-437a3d7dab2d4df6955659ed63324ec0" }, "geometry": null },
{ "type": "Feature", "properties": { "fid": 111, "num_pieza": 150, "numero_int": 35, "sigla": "TU.2.01.206.187", "morfologia": "Escudilla de orejetas", "objeto": "Cerámica", "cronologia": "MED_CRI", "produccion": "Vidriada de mesa.", "descripcion": "Cuenco de perfil curvo. Base cóncava, labio redondo y orejeta triangular. Medieval cristiano. (Siglos XIV-XV).", "decoracion": "Vidriado melado rojizo solo en el interior de la pieza.", "dimensiones": "Diámetro máximo 134. Altura: 54 mm. Diámetro en la base 52 mm.", "bibliografia": null, "enlace_3D": null }, "geometry": null },
{ "type": "Feature", "properties": { "fid": 112, "num_pieza": 149, "numero_int": 35, "sigla": null, "morfologia": "Atifles", "objeto": "Cerámica", "cronologia": "MED_CRI", "produccion": "Material de alfar", "descripcion": "Conjunto de truedes o atifles de alfarero. Forma estrellada con tres puntas. Diferentes medidas. Se utilizan como separadores durante la cocción de cerámicas esmaltadas. Medieval cristiano. (Siglos XIV-XV).", "decoracion": null, "dimensiones": null, "bibliografia": "BIENES CALVO, Juan José. “Urbanismo”, Serie Retrospectiva y Futuro 802 – 2002 nº 5, Tudela, 2002.", "enlace_3D": null }, "geometry": null },
{ "type": "Feature", "properties": { "fid": 113, "num_pieza": 123, "numero_int": 18, "sigla": "TU.96.2.101", "morfologia": "Plato", "objeto": "Cerámica", "cronologia": "ALT_IMP_ROMA", "produccion": "Terra Sigillata Hispanica", "descripcion": "Plato forma Dragendorff 15/17. Base con pie anular. Perfil con dos tramos rectos, oblicuos y exvasados separados por una carena estando marcada esta inflexión al interior por una moldura curva. Labio redondo. Romana alto imperial (siglos I-II). ", "decoracion": "Forma lisa.", "dimensiones": "Diámetro máximo 195 mm. Altura: 52 mm. Diámetro base 93.", "bibliografia": null, "enlace_3D": null }, "geometry": null },
{ "type": "Feature", "properties": { "fid": 114, "num_pieza": 121, "numero_int": 18, "sigla": "TU.96.2.104", "morfologia": "Cuenco", "objeto": "Cerámica", "cronologia": "ALT_IMP_ROMA", "produccion": "Terra Sigillata Hispanica.", "descripcion": "Fragmento de borde. Cuenco forma Dragendorff 37. ", "decoracion": "Banda superior formada por sucesión de rosetas dentro de dos círculos concéntricos. ", "dimensiones": "Fragmento de 80 x 70 mm. Diámetro máximo estimado de la pieza 200 mm. ", "bibliografia": null, "enlace_3D": null }, "geometry": null },
{ "type": "Feature", "properties": { "fid": 115, "num_pieza": 122, "numero_int": 18, "sigla": "TU.96.2.108", "morfologia": "Cuenco", "objeto": "Cerámica", "cronologia": "ALT_IMP_ROMA", "produccion": "Terra Sigillata Hispanica. ", "descripcion": "Fragmento de pared decorada. Forma Dragendorff 30. Perfil vertical cilíndrico. Romana alto imperial. (Siglo I).", "decoracion": "Friso ancho y continuo con decoración vegetal de hojas, flores y frutos formando bucles. El friso se enmarca por la parte superior con una cenefa de ovas. ", "dimensiones": "40 x 37 mm. ", "bibliografia": null, "enlace_3D": null }, "geometry": null },
{ "type": "Feature", "properties": { "fid": 116, "num_pieza": 114, "numero_int": 16, "sigla": null, "morfologia": "Frutero/fuente.", "objeto": "Cerámica", "cronologia": "MODE", "produccion": "Loza azul cobalto. Muel. ", "descripcion": "Fondo integro con pie anular. Perfil curvo exvasado. Pared gruesa. Moderno. (Siglo XVIII). ", "decoracion": "Motivo zoomorfo central en el que se representa un gallo de perfil con ala levantada y cabeza y pico en alto. En el resto del campo hay algún resto de decoración vegetal", "dimensiones": "165 x 123 mm. Diámetro del pie:80 mm. Se conserva una altura de 57 mm. ", "bibliografia": null, "enlace_3D": null }, "geometry": null },
{ "type": "Feature", "properties": { "fid": 117, "num_pieza": 113, "numero_int": 16, "sigla": "TU.94.1.205", "morfologia": "Plato hondo", "objeto": "Cerámica", "cronologia": "MODE", "produccion": "Loza verde, manganeso y morado. Muel", "descripcion": "Plato hondo de fondo curvo. Base umbilicada y ala recta oblicua exvasada. Moderno. (Siglo XVII).", "decoracion": "Motivo cruciforme con aspa y cruz central en colores negro y morado, y anchos segmentos curvos de color verde en los extremos. Presenta numeral 37. El borde presenta banda con tres líneas concéntricas. ", "dimensiones": "Diámetro total: 172 mm. Altura: 40 mm. ", "bibliografia": null, "enlace_3D": null }, "geometry": null },
{ "type": "Feature", "properties": { "fid": 118, "num_pieza": 116, "numero_int": 16, "sigla": null, "morfologia": "Ataifor", "objeto": "Cerámica", "cronologia": "AND", "produccion": "Loza dorada.", "descripcion": "Forma abierta. Plato/ataifor. Pie anular bajo moldurado. Pared curva y divergente. Andalusí. (Siglos XI-XII).", "decoracion": "Loza dorada al interior. decoración zoomorfa de la que solo se ha conservado los cuartos traseros de un animal. Posiblemente gacela. El cuerpo del animal se encuentra decorado con esgrafiado de bucles. Dorado de tono amarillo.", "dimensiones": "Dimensiones del fragmento: 44 x 65 mm. Diámetro máximo conservado: 115 mm. Altura: 20 mm. Diámetro en la base: 66 mm. ", "bibliografia": "BIENES CALVO, Juan José. “Urbanismo”, Serie Retrospectiva y Futuro 802 – 2002 nº 5, Tudela, 2002.", "enlace_3D": null }, "geometry": null },
{ "type": "Feature", "properties": { "fid": 119, "num_pieza": 118, "numero_int": 16, "sigla": null, "morfologia": "Escudilla de orejetas.", "objeto": "Cerámica", "cronologia": "MODE", "produccion": "Loza dorada. Muel.", "descripcion": "Forma abierta. Cuenco. Base cóncava muy acusada. Pared de perfil curvo en la base y recto divergente en el borde. Orejetas de tipo rectangular lobuladas en los extremos. Moderno. (Siglo XVI-XVII).", "decoracion": "Decoración en loza dorada. Interior con motivo central cruciforme, de tipo vegetal; pared interior con dos bandas paralelas estando la superior decorada con motivos pseudoepigráficos y la inferior con semicírculos ocelados. Exterior con sucesión de líneas concéntricas formando dos bandas de cuatro líneas más una central de mayor grosor. Las orejetas se decoran con una banda oblicua. Dorado de tono marrón.", "dimensiones": "Diámetro máximo: 135 mm. Altura: 56 mm. Diámetro en la base: 66 mm. Anchura con las orejetas: 185 mm. ", "bibliografia": "BIENES CALVO, Juan José. “Urbanismo”, Serie Retrospectiva y Futuro 802 – 2002 nº 5, Tudela, 2002.", "enlace_3D": null }, "geometry": null },
{ "type": "Feature", "properties": { "fid": 120, "num_pieza": 115, "numero_int": 16, "sigla": null, "morfologia": "Ataifor", "objeto": "Cerámica", "cronologia": "AND", "produccion": "Vidriada de mesa.", "descripcion": "Forma abierta. Ataifor. Pie anular bajo. Perfil curvo divergente. Labio engrosado redondo. Andalusí. (Siglos X-XI).", "decoracion": "Vedrío melado integral. Decoración formada por cuatro arcos de vedrío verde que se cruzan dejando un cuadrado en la zona central. ", "dimensiones": "Diámetro máximo: 270 mm. Altura: 83 mm. Diámetro en la base: 108 mm.", "bibliografia": "BIENES CALVO, Juan José. “Urbanismo”, Serie Retrospectiva y Futuro 802 – 2002 nº 5, Tudela, 2002.", "enlace_3D": null }, "geometry": null },
{ "type": "Feature", "properties": { "fid": 121, "num_pieza": 117, "numero_int": 16, "sigla": null, "morfologia": "Candil", "objeto": "Cerámica", "cronologia": "AND", "produccion": "Común oxidante. Candil de piquera.", "descripcion": "Forma cerrada. Candil de piquera. Base convexa. Perfil globular achatado. Cuello ancho, curvo y exvasado, con reborde interior. asa de cinta de sección oval. Andalusí. (Siglos X-XI).", "decoracion": null, "dimensiones": "Diámetro de la cazoleta: 56 mm. Altura: 46 mm. Longitud total: 164 mm. Diámetro en la boca: 52 mm. Diámetro en la base del cuello: 47 mm. Longitud de la piquera: 86 mm.", "bibliografia": "BIENES CALVO, Juan José. “Urbanismo”, Serie Retrospectiva y Futuro 802 – 2002 nº 5, Tudela, 2002.", "enlace_3D": "https://sketchfab.com/3d-models/candil-andalusi-siglos-x-xitudela-2b3cd36b58664593baaa4e9fe8993878" }, "geometry": null },
{ "type": "Feature", "properties": { "fid": 122, "num_pieza": 213, "numero_int": 48, "sigla": null, "morfologia": "Candil", "objeto": "Cerámica", "cronologia": "AND", "produccion": "Común oxidante. Candil de piquera.", "descripcion": "Candil de cazoleta cerrada con cuello estrecho. Conserva la cazoleta completa hasta la mitad del cuello. Asa perdida conservando solo los arranques. De la piquera solo conserva el arranque desde la cazoleta. Andalusí (siglo X).", "decoracion": null, "dimensiones": "Diámetro 80 mm. Altura conservada 65 mm. Longitud conservada: 115 mm.", "bibliografia": null, "enlace_3D": null }, "geometry": null },
{ "type": "Feature", "properties": { "fid": 123, "num_pieza": 209, "numero_int": 48, "sigla": null, "morfologia": "Jarro", "objeto": "Cerámica", "cronologia": "AND", "produccion": "Común oxidante pinta a manganeso. Jarro de boca ancha. ", "descripcion": "Jarro. Una sola asa de sección circular. Base plana. Cuerpo globular. Cuello y borde vertical cilíndrico. Andalusí. (Siglo X).", "decoracion": "Escueta decoración lineal con una línea sencilla en la línea del borde y banda de dos líneas paralelas en el hombro. ", "dimensiones": "Diámetro máximo 135 mm. Altura 130 mm. Diámetro boca 126 mm. Diámetro base 65 mm. ", "bibliografia": null, "enlace_3D": null }, "geometry": null },
{ "type": "Feature", "properties": { "fid": 124, "num_pieza": 210, "numero_int": 48, "sigla": null, "morfologia": "Jarra", "objeto": "Cerámica", "cronologia": "AND", "produccion": "Común oxidante. Jarra de boca ancha. ", "descripcion": "Jarra con dos asas de sección oval. Base ligeramente convexa. Cuerpo globular. Cuello y borde cilíndrico y vertical con ligero éntasis. Andalusí. (Siglo X).", "decoracion": null, "dimensiones": "Diámetro máximo: 128 mm. Altura: 126 mm. Diámetro en la boca: 111 mm. Diámetro en la base: 72 mm. ", "bibliografia": null, "enlace_3D": null }, "geometry": null },
{ "type": "Feature", "properties": { "fid": 125, "num_pieza": 211, "numero_int": 48, "sigla": null, "morfologia": "Jarro", "objeto": "Cerámica", "cronologia": "AND", "produccion": "Común oxidante pintada a manganeso. ", "descripcion": "Pequeño jarro con una sola asa. Base ligeramente convexa. Cuerpo globular. Cuello corto de perfil curvo con éntasis. Cocción defectuosa con grietas y deformación de perfil. Andalusí. (Siglo X).", "decoracion": "Escueta decoración con líneas pintadas a torno. Goterones de vedrío verde aplicados de forma aleatoria. ", "dimensiones": "Diámetro máximo: 112 mm. Altura: 90 mm. Diámetro en la boca: 82 mm. Diámetro en la base 64 mm. ", "bibliografia": null, "enlace_3D": null }, "geometry": null },
{ "type": "Feature", "properties": { "fid": 126, "num_pieza": 212, "numero_int": 48, "sigla": null, "morfologia": "Orza", "objeto": "Cerámica", "cronologia": "AND", "produccion": "Común oxidante.", "descripcion": "Orza de pequeño tamaño. Pared gruesa y factura tosca. Base convexa irregular. Cuerpo globular con hombro carenado. Borde curvo exvasado. Andalusí. (Siglo X). ", "decoracion": null, "dimensiones": "Diámetro máximo: 62 mm. Altura: 58 mm. Diámetro en la boca: 45 mm. Diámetro en la base: 45 mm. ", "bibliografia": null, "enlace_3D": null }, "geometry": null },
{ "type": "Feature", "properties": { "fid": 127, "num_pieza": 155, "numero_int": 36, "sigla": null, "morfologia": "Cuenco", "objeto": "Cerámica", "cronologia": "MED_CRI", "produccion": null, "descripcion": "Fondo de cuenco con pie anular y perfil curvo. Medieval cristiano. (Siglos XIV-XV).", "decoracion": "Motivo zoomorfo central con representación de un ave de perfil. Cuerpo rechoncho con gruesas patas y cabeza con pico grueso provisto de dientes. El resto del campo se ocupa con motivos vegetales. ", "dimensiones": "80 x 65 mm. Diámetro en la base 57 mm. Altura máxima conservada 25 mm. ", "bibliografia": null, "enlace_3D": null }, "geometry": null },
{ "type": "Feature", "properties": { "fid": 128, "num_pieza": 218, "numero_int": 50, "sigla": null, "morfologia": "Plato", "objeto": "Cerámica", "cronologia": "MED_CRI", "produccion": "Loza verde, azul y morado. ", "descripcion": "Plato llano con pie anular. Perfil recto oblicuo exvasado y labio redondo. Medieval cristiano. (Siglo XV). ", "decoracion": "Medallón central con motivo zoomorfo en el que se representa un toro de perfil hacia la derecha en posición de carrera. El resto del campo se rellena con motivos puntiformes y signos de diferente tipo. Está rodeado por el borde que presenta una orla estrellada de 10 puntas cuyos triángulos se rellenan con líneas de ondas. Exterior con esmalte incoloro. ", "dimensiones": "Diámetro total: 208 mm. Altura: 45 mm. Diámetro del pie 80 mm. ", "bibliografia": null, "enlace_3D": "https://sketchfab.com/3d-models/plato-decorado-con-toro-a67df8a7754d4fa69433cabc05d780be" }, "geometry": null },
{ "type": "Feature", "properties": { "fid": 129, "num_pieza": 224, "numero_int": 50, "sigla": null, "morfologia": "Plato-tajador", "objeto": "Cerámica", "cronologia": "MED_CRI", "produccion": "Loza verde y morado. Producción valenciana. ", "descripcion": "Gran plato-fuente de pie anular, perfil cóncavo y borde plano en ala o visera. Presenta dos agujeros en la zona del pie para ser colgado. Medieval cristiano. (Siglo XV). ", "decoracion": "Presenta gran medallón central con figura zoomorfa en la que se representa un conejo de perfil a la derecha. Conejo en color verde que lleva marcado en tono oscuro un collar y un cinturón. El resto del campo se rellena con motivos vegetales y lineales en color morado. El borde forma una orla con líneas concéntricas en verde y morado y una ancha línea de ondas en color morado. Al exterior vedrío melado.", "dimensiones": "Diámetro máximo: 285 mm. Altura: 84 mm. Diámetro en la base: 92 mm. ", "bibliografia": null, "enlace_3D": "https://sketchfab.com/3d-models/plato-tajador-siglo-xv-162b6aff0203456e955085a997c7ea2e" }, "geometry": null },
{ "type": "Feature", "properties": { "fid": 130, "num_pieza": 223, "numero_int": 50, "sigla": null, "morfologia": "Plato-tajador", "objeto": "Cerámica", "cronologia": "MED_CRI", "produccion": "Loza azul cobalto. Producción valenciana. ", "descripcion": "Gran plato-fuente de pie anular, perfil cóncavo y borde plano en ala o visera. Medieval cristiano. (Siglo XV).", "decoracion": "Gran medallón central con representación femenina. Cuerpo completo en posición frontal con cabeza ladeada a su derecha. Brazos extendidos a ambos lados con ligera inclinación hacia abajo y palmas de las manos colocadas de canto con ligera inclinación hacia arriba, en posición de danza. Presenta vestido de gala con cintura muy estrecha y anchas bocamangas que caen desde los brazos paralelos al vestido. Exterior vedrío melado.", "dimensiones": "Diámetro total: 290 mm. Altura: 86 mm. Diámetro en la base 90 mm.", "bibliografia": null, "enlace_3D": null }, "geometry": null },
{ "type": "Feature", "properties": { "fid": 131, "num_pieza": 225, "numero_int": 50, "sigla": null, "morfologia": "Cuenco", "objeto": "Cerámica", "cronologia": "MED_CRI", "produccion": "Loza dorada. Producción valenciana. ", "descripcion": "Cuenco de perfil carenado, sin orejetas. Base umbilicada. Labio redondo. Medieval cristiano. (Siglo XV).", "decoracion": "Medallón central con roseta azul formada por una estrella polilobulada de siete puntas rellenándose en el centro con un motivo estrellado dorado de siete puntas. Friso metopado con arcos apuntados en azul cuyo interior se rellena con una hoja de trébol. Encerrada en círculo y este a su vez en un triángulo. Exterior con esmalte blanco y decoración dorada prácticamente borrada apreciándose trazos de arcos. ", "dimensiones": "Diámetro máximo 132. Altura: 52 mm. Diámetro en la base: 47 mm. ", "bibliografia": null, "enlace_3D": "https://sketchfab.com/3d-models/escudilla-con-decoracion-arcos-goticos-1b40471da5254fd38fa813f3929a42be" }, "geometry": null },
{ "type": "Feature", "properties": { "fid": 132, "num_pieza": 219, "numero_int": 50, "sigla": null, "morfologia": "Cuenco", "objeto": "Cerámica", "cronologia": "MED_CRI", "produccion": "Verde y morado. Producción valenciana. ", "descripcion": "Cuenco carenado con pie anular. Mitad inferior con perfil curvo y mitad superior con perfil recto, oblicuo y exvasado. Medieval cristiano. (Siglo XV).", "decoracion": "Decoración central formada por un gran circulo verde y dos barras verdes que dejan tres campos blancos en su interior. Estos campos se rellenan con líneas esquemáticas en manganeso. Exterior con vedrío incoloro. ", "dimensiones": "Diámetro total: 148 mm. Altura: 62 mm. Diámetro en la base: 68 mm. ", "bibliografia": null, "enlace_3D": null }, "geometry": null },
{ "type": "Feature", "properties": { "fid": 133, "num_pieza": 226, "numero_int": 50, "sigla": null, "morfologia": "Escudilla", "objeto": "Cerámica", "cronologia": "MED_CRI", "produccion": "Loza dorada. Manises.", "descripcion": "Escudilla de orejetas. Cuenco de perfil curvo con base cóncava. Labio redondo. Orejeta trilobulada. Medieval cristiano. (Siglo XV).", "decoracion": "Cerámica de reflejo metálico en azul y dorado. Decorado en el centro con la “b” coronada, posiblemente alusiva a Blanca de Navarra y en los laterales decoración de helechos. Reverso decorado con palmetas rodeadas de círculos.  ", "dimensiones": "Diámetro máximo: 132 mm. Altura: 52 mm. Diámetro en la base: 50 mm. ", "bibliografia": null, "enlace_3D": null }, "geometry": null },
{ "type": "Feature", "properties": { "fid": 134, "num_pieza": 221, "numero_int": 50, "sigla": null, "morfologia": "Cuenco", "objeto": "Cerámica", "cronologia": "MED_CRI", "produccion": "Verde y morado. Producción valenciana. ", "descripcion": "Cuenco carenado con pie anular. Mitad inferior de perfil curvo. Mitad superior recto, oblicuo y exvasado. Labio redondo. Medieval cristiano (Siglo XIV-XV).", "decoracion": "Centro formado por tres anillos concéntricos con un círculo central rellenado con retícula. De los anillos, dos rellenados en verde y el que queda en medio presenta una línea de puntos. Al exterior del tercer anillo se disponen varios triángulos radiales.  Vedrío melado exterior hasta el ángulo de la carena. ", "dimensiones": "Diámetro total 132 mm. Altura 66 mm. Diámetro en la base 53 mm.", "bibliografia": null, "enlace_3D": null }, "geometry": null },
{ "type": "Feature", "properties": { "fid": 135, "num_pieza": 220, "numero_int": 50, "sigla": null, "morfologia": "Cuenco", "objeto": "Cerámica", "cronologia": "MED_CRI", "produccion": "Verde y morado. Producción valenciana. ", "descripcion": "Cuenco carenado con pie anular. Mitad inferior de perfil curvo. Mitad superior recto, oblicuo y exvasado. Labio redondo. Medieval cristiano. (Siglo XIV-XV).", "decoracion": "Dos anillos concéntricos en color verde en la parte alta del borde y el resto de la superficie separada en tres campos paralelos estando el central y más ancho decorado con una sucesión de segmentos paralelos en sucesión decreciente. Las bandas laterales se rellenan con una línea de segmentos curvos imbricados (tejas). Exterior vedrío melado hasta la carena. ", "dimensiones": "Diámetro máximo 132 mm. Altura 60 mm. Diámetro del pie 65 mm. ", "bibliografia": null, "enlace_3D": null }, "geometry": null },
{ "type": "Feature", "properties": { "fid": 136, "num_pieza": 222, "numero_int": 50, "sigla": null, "morfologia": "Cuenco", "objeto": "Cerámica", "cronologia": "MED_CRI", "produccion": "Azul cobalto. ", "descripcion": "Cuenco carenado con pie anular. Mitad inferior de perfil curvo. Mitad superior recto, oblicuo y exvasado. Labio redondo. Medieval cristiano. (Siglo XIV-XV). ", "decoracion": "Gran rosetón central formado por una decoración radial que alterna línea recta y línea de ondas. La parte exterior se cierra con una doble línea concéntrica. Al exterior vedrío verde hasta la línea de carena. ", "dimensiones": "Diámetro 122 mm. Altura 62 mm. Diámetro en la base 50 mm. ", "bibliografia": null, "enlace_3D": null }, "geometry": null },
{ "type": "Feature", "properties": { "fid": 137, "num_pieza": 234, "numero_int": 50, "sigla": null, "morfologia": "Plato de sal", "objeto": "Cerámica", "cronologia": "MED_CRI", "produccion": "Vidriado de mesa", "descripcion": "Plato de sal con pie anular. Pared recta, oblicua, divergente. Carena muy marcada y borde curvo vuelto y ondulado en todo su perímetro. No parece presentar asas. Medieval cristiano. (Siglos XIV-XV)", "decoracion": "Vedrío verde interior y exterior hasta mitad del perfil. ", "dimensiones": "Diámetro total: 148 mm. Altura: 60 mm. Diámetro en la base: 55 mm. ", "bibliografia": null, "enlace_3D": null }, "geometry": null },
{ "type": "Feature", "properties": { "fid": 138, "num_pieza": 235, "numero_int": 50, "sigla": null, "morfologia": "Yunque de hoz", "objeto": "Hueso", "cronologia": "MED_CRI", "produccion": "Hueso trabajado", "descripcion": "Metápodo de vacuno con dos caras cortadas en plano donde se encuentran marcadas las líneas de puntos que se producen al hacer los dientes de las hoces. Medieval cristiano.  ", "decoracion": "No presenta decoración. ", "dimensiones": "Longitud de 130 mm y una sección media de 35 x 28 mm", "bibliografia": null, "enlace_3D": null }, "geometry": null },
{ "type": "Feature", "properties": { "fid": 139, "num_pieza": 228, "numero_int": 50, "sigla": null, "morfologia": "Mano de almirez", "objeto": "Metal", "cronologia": "MED_CRI", "produccion": "Bronce fundido", "descripcion": "Mano de almirez de sección cilíndrica engrosado con anillo en la parte central. Pomo en la superior y engrosamiento semiesférico en el extremo inferior. Medieval cristiano. (Siglo XV). ", "decoracion": "No presenta decoración. ", "dimensiones": "Longitud de 195 mm. Sección general 18 mm. Sección en el anillo central 31 mm. Pomo superior 31 mm. Engrosamiento inferior 36 mm. ", "bibliografia": null, "enlace_3D": null }, "geometry": null },
{ "type": "Feature", "properties": { "fid": 140, "num_pieza": 232, "numero_int": 50, "sigla": null, "morfologia": "Cuenco carenado", "objeto": "Cerámica", "cronologia": "MED_CRI", "produccion": "Loza azul cobalto. Producción valenciana.", "descripcion": "Cuenco con pie anular moldurado. Perfil inferior curvo exvasado. Carena muy marcada y borde de perfil cilíndrico. Medieval cristiano. (Siglo XV).", "decoracion": "Decoración azul sobre fondo blanco. Motivo central rodeado de doble circulo concéntrico, compuesto por tres figuras triangulares en disposición radial, formadas por una sucesión de segmentos paralelos decrecientes, “tipo abeto”. Exterior con vedrío verde claro. ", "dimensiones": "Diámetro máximo_:148. Altura: 64 mm. Diámetro en la base: 64 mm", "bibliografia": null, "enlace_3D": null }, "geometry": null },
{ "type": "Feature", "properties": { "fid": 141, "num_pieza": 233, "numero_int": 50, "sigla": null, "morfologia": "Cuenco carenado", "objeto": "Cerámica", "cronologia": "MED_CRI", "produccion": "Vidriada de mesa", "descripcion": "Cuenco con pie anular. Mitad inferior de perfil curvo exvasado. Mitad superior recta, oblicua y exvasada. Medieval cristiano. (Siglos XIV-XV).", "decoracion": "Vedrío melado interior sobre el que se aplica otro de tono más oscuro y más denso que se separa en gotas. Vedrío melado exterior de tipo parcial. ", "dimensiones": "Diámetro máximo: 164 mm. Altura: 72 mm. Diámetro en la base: 68 mm. ", "bibliografia": null, "enlace_3D": null }, "geometry": null },
{ "type": "Feature", "properties": { "fid": 142, "num_pieza": 231, "numero_int": 50, "sigla": null, "morfologia": "Escudilla de orejetas", "objeto": "Cerámica", "cronologia": "ALT_IMP_ROMA", "produccion": "Loza dorada. Producción valenciana. ", "descripcion": "Escudilla de perfil curvo exvasado. Base cóncava. Escudilla de orejeta trilobulada. Medieval cristiano. (Siglo XIV-XV).", "decoracion": "Decoración interior formada por cuatro cuarteles solapados, formado cada uno por cuatro bandas paralelas que alternaban retícula oblicua y sucesión de acicates. En el pequeño cuadro central queda una flor de cuatro pétalos. Decoración exterior formada por palmetas esquemáticas rodeadas de círculo. La orejeta se decora con un sencillo roleo. ", "dimensiones": "Diámetro máximo: 130 mm. Altura: 52 mm. Diámetro en la base: 50 mm. ", "bibliografia": null, "enlace_3D": "https://sketchfab.com/3d-models/escudilla-de-orejetas-siglo-xiv-xv-tudela-0a64e0fdb0c249c4afb8be88d4a9f70f" }, "geometry": null },
{ "type": "Feature", "properties": { "fid": 143, "num_pieza": 186, "numero_int": 45, "sigla": "TU.2.02.804", "morfologia": "Tambor", "objeto": "Cerámica", "cronologia": "AND", "produccion": "Cerámica común", "descripcion": "Tubo cilíndrico perteneciente a la parte inferior de un tambor. Boca ligeramente abocinada. Cuerpo cilíndrico con ligero éntasis. Realizado a torno, aunque gran parte de la superficie exterior se encuentra ligeramente facetada en sentido vertical. Andalusí. (Siglo XI).", "decoracion": null, "dimensiones": "Longitud de la pieza 240 mm. Diámetro máximo: 78 mm. Diámetro mínimo 62 mm. Diámetro en la boca 75 mm.", "bibliografia": null, "enlace_3D": null }, "geometry": null },
{ "type": "Feature", "properties": { "fid": 144, "num_pieza": 184, "numero_int": 45, "sigla": "TU.2.02.656-657", "morfologia": "Jarra", "objeto": "Cerámica", "cronologia": "AND", "produccion": "Cuerda seca parcial", "descripcion": "Cuello y borde de una gran jarra con perfil ligeramente curvo algo más ancho en la boca que en su unión con el hombro. Superficie inferior perforada para filtro. Andalusí. (Siglo XI). ", "decoracion": "El cuello presenta decoración en dos bandas horizontales que lo rodean.  En la superior se aprecian caracteres epigráficos árabes y en la inferior un ovalo vertical muy estilizado. Las letras se encuentran rellenadas con vedrío verde.", "dimensiones": "Diámetro en la boca: 80 mm. Diámetro en la base del cuello 54 mm. Altura total de cuello y boca: 127 mm. ", "bibliografia": null, "enlace_3D": null }, "geometry": null },
{ "type": "Feature", "properties": { "fid": 145, "num_pieza": 175, "numero_int": 45, "sigla": "TU.2.02.466", "morfologia": "Kalathos", "objeto": "Cerámica", "cronologia": "E_H_II", "produccion": "Común oxidante pintada a manganeso. ", "descripcion": "Fragmento del borde de una gran vasija con perfil cilíndrico y borde plano en ala o visera. Edad del Hierro II.", "decoracion": "De la decoración solo se conservan los inicios de dos grupos de semicírculos concéntricos.  ", "dimensiones": "Fragmento con unas dimensiones de 85 x 33 mm. ", "bibliografia": null, "enlace_3D": null }, "geometry": null },
{ "type": "Feature", "properties": { "fid": 146, "num_pieza": 183, "numero_int": 45, "sigla": "TU.2.02.54", "morfologia": "Candil Hanukà.", "objeto": "Cerámica", "cronologia": "MED_CRI", "produccion": "Candil", "descripcion": "Fragmento con dos cazoletas de un candil hebreo de Hanukà. Tipo tabula con cazoletas integradas. Cazoletas con una cierta profundidad y punta alargada. Borde remarcado por una acanaladura y borde exterior liso. Medieval cristiano (Siglos XIII-XV).", "decoracion": "Vidriado de color melado verdoso con restos de ahumado por la llama y el aceite quemado. ", "dimensiones": "Longitud conservada: 70 mm. Anchura: 70 mm. Grosor de la tabula: 23 mm. Profundidad de la cazoleta 17 mm. ", "bibliografia": null, "enlace_3D": null }, "geometry": null },
{ "type": "Feature", "properties": { "fid": 147, "num_pieza": 176, "numero_int": 45, "sigla": "TU.2.02.1294", "morfologia": "Plato", "objeto": "Cerámica", "cronologia": "BAJ_IMP_ROMA", "produccion": "Terra Sigillata Hispanica Tardía. ", "descripcion": "Fragmento de fondo. Pie anular bajo. Pared gruesa. Barniz naranja prácticamente perdido. ", "decoracion": "Banda circular interior con sucesión de motivos estampillados con roleos en S.", "dimensiones": "84 x 60 mm. Diámetro en la base: 111 mm. ", "bibliografia": null, "enlace_3D": null }, "geometry": null },
{ "type": "Feature", "properties": { "fid": 148, "num_pieza": 188, "numero_int": 45, "sigla": "TU.2.02.1501", "morfologia": "Tegula", "objeto": "Cerámica", "cronologia": "BAJ_IMP_ROMA", "produccion": "Material de construcción. ", "descripcion": "Fragmento el lateral de una tegula romana. Pestaña estrecha. Pasta de color amarillento. Presenta una superficie superior en la que han quedado impresas las huellas de un gato. ", "decoracion": null, "dimensiones": "Longitud conservada 170 mm. Anchura conservada 150 mm. Grosor de 27 mm. ", "bibliografia": null, "enlace_3D": null }, "geometry": null },
{ "type": "Feature", "properties": { "fid": 149, "num_pieza": 189, "numero_int": 45, "sigla": "TU.2.02. 1520", "morfologia": "Vaso", "objeto": "Cerámica", "cronologia": "E_H_I", "produccion": "Cerámica común reductora. ", "descripcion": "Pequeño fragmento correspondiente a una pequeña vasija de perfil globular y cuello cilíndrico vertical. Realizada a mano, sin torno, con superficie bruñida. ", "decoracion": "Presenta una fina decoración incisa formada por pequeños triángulos invertidos rellenados con trazos oblicuos. ", "dimensiones": "25 x 21 mm.", "bibliografia": null, "enlace_3D": null }, "geometry": null },
{ "type": "Feature", "properties": { "fid": 150, "num_pieza": 187, "numero_int": 45, "sigla": "TU.2.02.1041", "morfologia": "Cuenco", "objeto": "Cerámica", "cronologia": "E_H_I", "produccion": "Común reductora. ", "descripcion": "Fragmento del fondo de un cuenco con típica base cóncava. Superficie bruñida. ", "decoracion": "En la cara exterior del fondo se aprecia la parte central de dos bandas en aspa, con técnica incisa. Las bandas están rellenadas por pequeñas incisiones paralelas, dejando liso el cuadrado central donde se cruzan. ", "dimensiones": "40 x 35 mm.", "bibliografia": null, "enlace_3D": null }, "geometry": null },
{ "type": "Feature", "properties": { "fid": 151, "num_pieza": 185, "numero_int": 45, "sigla": "TU.2.02.760", "morfologia": "Tapadera", "objeto": "Cerámica", "cronologia": "AND", "produccion": "Común oxidante.", "descripcion": "Tapadera de plato con apéndice de botón central. Base plana, perfil curvo exvasado y labio plano. Andalusí. (Siglo XI).", "decoracion": null, "dimensiones": "Diámetro total 120 mm. Altura 40 mm. Diámetro en la base 45 mm. ", "bibliografia": null, "enlace_3D": null }, "geometry": null },
{ "type": "Feature", "properties": { "fid": 152, "num_pieza": 194, "numero_int": 45, "sigla": "TU.3.03.256", "morfologia": "Gran cuenco", "objeto": "Cerámica", "cronologia": "AND", "produccion": "Cerámica engobada", "descripcion": "Gran plato o cuenco con base plana y perfil curvo exvasado. Labio plano. Andalusí. (Siglo XI). ", "decoracion": "Engobe rojo almagra que cubre toda la parte interior del recipiente. Exterior sin pintura, solamente con goterones que se escurren desde el borde. ", "dimensiones": "Diámetro total: 320 mm. Diámetro en la base: 155 mm. Altura: 80 mm. ", "bibliografia": null, "enlace_3D": null }, "geometry": null },
{ "type": "Feature", "properties": { "fid": 153, "num_pieza": 197, "numero_int": 45, "sigla": "TU.3.03.394", "morfologia": "Olla", "objeto": "Cerámica", "cronologia": "AND", "produccion": "Común de cocina", "descripcion": "Olla de base plana ligeramente convexa. Panza recta, oblicua y exvasada.  Hombro de perfil curvo globular. Pequeño cuello cilíndrico. Unión entre el borde y el cuello carenada. Borde recto vertical ligeramente intravasado y con finas molduras de torneado. Presenta dos asas desde el máximo saliente hasta la carena del borde. Sección de cinta con suave canal central. Andalusí. (Siglo XI).", "decoracion": null, "dimensiones": "Diámetro máximo: 142 mm. Altura: 140 mm. Diámetro en la base: 80 mm. Diámetro en la boca: 95 mm.  ", "bibliografia": null, "enlace_3D": null }, "geometry": null },
{ "type": "Feature", "properties": { "fid": 154, "num_pieza": 195, "numero_int": 45, "sigla": "TU.3.03.289A", "morfologia": "Jarro", "objeto": "Cerámica", "cronologia": "AND", "produccion": "Común oxidante pintada a manganeso.", "descripcion": "Jarro con una sola asa. Base plana. Perfil inferior recto, oblicuo y exvasado. Hombro de perfil curvo, globular. Cuello troncocónico invertido y borde curvo ligeramente intravasado. Asa delgada de sección oval. Andalusí. (Siglo XI). ", "decoracion": "Presenta decoración pintada con tres bandas de dos bandas paralelas cada una con línea ondulada de onda media. Se disponen en el borde, unión hombro cuello y máximo saliente del hombro. ", "dimensiones": "Diámetro máximo: 113 mm. Altura: 164 mm. Diámetro en la base: 53 mm. Diámetro boca: 64.", "bibliografia": null, "enlace_3D": null }, "geometry": null },
{ "type": "Feature", "properties": { "fid": 155, "num_pieza": 200, "numero_int": 45, "sigla": "TU.3.03.736", "morfologia": "¿Brazalete de arquero?", "objeto": "Hueso", "cronologia": "AND", "produccion": "Hueso trabajado. ", "descripcion": "Metápodo de vacuno trabajado para formar una pieza de forma rectangular con una cara plana contraria a otra cara curvada, siendo la sección cuadrangular. La pieza presenta dos orificios pasantes para atravesar un cordel o una tira de cuero.", "decoracion": null, "dimensiones": "Longitud: 121 mm. Anchura conservada 16 mm. Grosor máximo: 20 mm. ", "bibliografia": null, "enlace_3D": null }, "geometry": null },
{ "type": "Feature", "properties": { "fid": 156, "num_pieza": 193, "numero_int": 45, "sigla": "TU.3.03.230", "morfologia": "Jofaina", "objeto": "Cerámica", "cronologia": "AND", "produccion": "Vidriada de mesa. ", "descripcion": "Pequeño plato. Base con pie anular bajo. Perfil recto, oblicuo y divergente. Borde con ligera carena también recto, oblicuo y divergente. Andalusí. (Siglo XI).", "decoracion": "Presenta vedrío melado integral teniendo en la parte interior un ovalo marcado en pintura de manganeso de forma excéntrica.", "dimensiones": "Diámetro máximo: 135 mm. Altura: 34 mm. Diámetro en la base: 62 mm. ", "bibliografia": null, "enlace_3D": null }, "geometry": null },
{ "type": "Feature", "properties": { "fid": 157, "num_pieza": 191, "numero_int": 45, "sigla": "TU.3.03.151", "morfologia": "Ataifor", "objeto": "Cerámica", "cronologia": "AND", "produccion": "Verde y manganeso. ", "descripcion": "Fragmento del fondo de un ataifor con pie anular bajo. ", "decoracion": "Decoración de tipo epigráfico con grafía cúfica que formaría una gran banda colocada en la parte central de la cerámica. Grafía inscrita en manganeso sobre el fondo blanco con pequeñas áreas manchadas en verde en las inflexiones de las letras. Vedrío melado exterior. ", "dimensiones": "10 x 70 mm. Diámetro de la base: 111 mm. ", "bibliografia": null, "enlace_3D": null }, "geometry": null },
{ "type": "Feature", "properties": { "fid": 158, "num_pieza": 178, "numero_int": 45, "sigla": "TU.2.02.217", "morfologia": "Jarra", "objeto": "Cerámica", "cronologia": "MED_CRI", "produccion": "Esgrafiado", "descripcion": "Fragmento de pared y hombro de jarra. Cuerpo de perfil cilíndrico y hombro corto, recto, oblicuo e intravasado diferenciado del cuerpo por una pequeña moldura. Arranque del cuello cilíndrico vertical. Medieval cristiano. (Siglo XIII). ", "decoracion": "Decoración con una ancha banda pintada a manganeso con decoración esgrafiada que rellena la banda con bucles alternos. ", "dimensiones": "54 x 41 mm. Diámetro de la jarra: 155 mm. ", "bibliografia": null, "enlace_3D": null }, "geometry": null },
{ "type": "Feature", "properties": { "fid": 159, "num_pieza": 192, "numero_int": 45, "sigla": "TU.3.03.213", "morfologia": "Jarra", "objeto": "Cerámica", "cronologia": "AND", "produccion": "Cuerda seca.", "descripcion": "Fragmento de cuello de jarra con perfil cilíndrico ligeramente curvado en éntasis. Presenta dos molduras en la unión hombro cuello. Andalusí. (Siglo XI).", "decoracion": "Ancha banda horizontal en la mitad del cuello de la que se conserva una trenza de la eternidad en sentido vertical, flanqueada por dos bandas con vedrío verde y melado. ", "dimensiones": "Fragmento de 87 x 43 mm. Diámetro máximo del cuello 75 mm. ", "bibliografia": null, "enlace_3D": null }, "geometry": null },
{ "type": "Feature", "properties": { "fid": 160, "num_pieza": 190, "numero_int": 45, "sigla": "TU.3.03.1", "morfologia": "Cuenco", "objeto": "Cerámica", "cronologia": "MED_CRI", "produccion": "Loza", "descripcion": "Cuenco con pie anular. Perfil carenado. Mitad inferior perfil curvo y mitad superior recto, oblicuo y exvasado. Medieval cristiano. (Siglos XIV-XV). ", "decoracion": "Esmalte blanco solo interior. Labio pintado en color verde. ", "dimensiones": "Diámetro máximo: 145 mm. Altura: 70 mm. Diámetro en la base: 68 mm. ", "bibliografia": null, "enlace_3D": null }, "geometry": null },
{ "type": "Feature", "properties": { "fid": 161, "num_pieza": 174, "numero_int": 45, "sigla": "TU.2.02.1660", "morfologia": "Tinaja", "objeto": "Cerámica", "cronologia": "E_H_I", "produccion": "Común de almacén", "descripcion": "Varios fragmentos del borde de una gran vasija de almacenaje. Realizada a mano sin torno y en cocción totalmente reductora. Presenta hombro y boca con perfil inclinado intravasado y borde engrosado con labio plano. Conserva dos de las cuatro asitas situadas en la parte alta del borde. Asa de cinta de sección rectangular. Superficie alisada. Color gris-negro.", "decoracion": "", "dimensiones": "Diámetro máximo conservado: 460 mm. Diámetro en la boca: 380 mm. Altura conservada: 124 mm. ", "bibliografia": "BIENES CALVO, Juan José. “Urbanismo”, Serie Retrospectiva y Futuro 802 – 2002 nº 5, Tudela, 2002.", "enlace_3D": null }, "geometry": null },
{ "type": "Feature", "properties": { "fid": 162, "num_pieza": 173, "numero_int": 45, "sigla": "TU.2.02.1659", "morfologia": "Vaso carenado", "objeto": "Cerámica", "cronologia": "E_H_I", "produccion": "No torneada", "descripcion": "Vaso de forma cerrada con perfil en suave carena. Mitad inferior de perfil curvo ovoide. Hombro en suave carena y borde curvo, exvasado. Presenta asa de orejeta vertical en el hombro atravesada por dos orificios.  Superficie alisada. Color rojizo y ocre. ", "decoracion": "Decoración en el hombro realizada con suaves acanaladuras, elaboradas por un instrumento de punta redonda. Presenta una línea acanalada sobre la línea de carena y grupos de bandas oblicuas de tres o cuatro líneas acanaladas.  ", "dimensiones": "Diámetro máximo: 198 mm. Altura: 146 mm. Diámetro en la boca: 180 mm. ", "bibliografia": "BIENES CALVO, Juan José. “Urbanismo”, Serie Retrospectiva y Futuro 802 – 2002 nº 5, Tudela, 2002.", "enlace_3D": "https://sketchfab.com/3d-models/tu-2-02-743-1659--edad-hierro-1eba1d2bdfd143f0b8af28b8ff5a024a" }, "geometry": null },
{ "type": "Feature", "properties": { "fid": 163, "num_pieza": 181, "numero_int": 45, "sigla": "TU.2.02.212", "morfologia": "Jarra", "objeto": "Cerámica", "cronologia": "AND", "produccion": "Cuerda seca. ", "descripcion": "Forma cerrada. Jarra con dos asas. Base ligeramente convexa. Panza y hombro de perfil curvo y globular. Cuello y borde de perfil recto, oblicuo, exvasado, troncocónico e invertido. Asas de cinta de sección circular, con apéndices de botón. Restos de haber tenido filtro. ", "decoracion": "Decoración en cuerda seca parcial con bandas en la parte superior del cuello y en el hombro. Banda del cuello formada por trenzado de la eternidad con vedrío verde. Banda del hombro con sucesión de semicírculos imbricados con vedrío verde.", "dimensiones": "Diámetro máximo: 134 mm. Altura: 178 mm. Diámetro en la base: 71 mm. Diámetro en la boca: 92 mm. Diámetro en la base del cuello: 56 mm. Anchura total con las asas: 178 mm. ", "bibliografia": null, "enlace_3D": null }, "geometry": null },
{ "type": "Feature", "properties": { "fid": 164, "num_pieza": 291, "numero_int": 81, "sigla": "TUD.124.11.1.660", "morfologia": "Escudilla de orejetas.", "objeto": "Cerámica", "cronologia": "MODE", "produccion": "Loza azul cobalto. Muel.", "descripcion": "Escudilla de perfil curvo exvasado. Base ligeramente cóncava. Moderno. (Siglo XVII).", "decoracion": "Roseta central de forma helicoidal. Labio azul. Orejeta con dos bandas oblicuas.", "dimensiones": "Diámetro máximo: 110 mm. Altura: 46 mm. Diámetro en la base: 43 mm. ", "bibliografia": null, "enlace_3D": null }, "geometry": null },
{ "type": "Feature", "properties": { "fid": 165, "num_pieza": 289, "numero_int": 81, "sigla": null, "morfologia": "Orza", "objeto": "Cerámica", "cronologia": "AND", "produccion": "Común oxidante. ", "descripcion": "Pequeña forma cerrada sin asas. Orza. Perfil globular, ligeramente achatado. Pequeño borde recto oblicuo y exvasado, bastante grueso. Labio plano. Base plana. Perfil ligeramente irregular. Pieza integra. Andalusí. (Siglo IX).", "decoracion": null, "dimensiones": "Diámetro máximo: 71 mm. Altura: 53 mm. Diámetro en la base: 53 mm. Diámetro en la boca: 55 mm. ", "bibliografia": null, "enlace_3D": null }, "geometry": null },
{ "type": "Feature", "properties": { "fid": 166, "num_pieza": 250, "numero_int": 69, "sigla": "TUD.124.08.5.40", "morfologia": "Lucerna", "objeto": "Cerámica", "cronologia": "ALT_IMP_ROMA", "produccion": "Lucerna de disco. ", "descripcion": "Fragmento que comprende parte del disco de perfil cóncavo y parte del margo. Orificio de alimentación central. Romana Altoimperial. (Siglo II-III).", "decoracion": "Disco liso. Margo con decoración de ovas en relieve. Barniz rojizo. ", "dimensiones": "35 x 32 mm. ", "bibliografia": null, "enlace_3D": null }, "geometry": null },
{ "type": "Feature", "properties": { "fid": 167, "num_pieza": 284, "numero_int": 79, "sigla": null, "morfologia": "Taza", "objeto": "Cerámica", "cronologia": "AND", "produccion": "Común oxidante.", "descripcion": "Forma cerrada con gran anchura de boca. Base ligeramente convexa. Perfil bitroncocónico con borde engrosado. Presenta arranque para una sola asa. Andalusí. (Siglo IX).", "decoracion": null, "dimensiones": "Diámetro máximo: 130 mm. Altura: 108 mm. Diámetro en la base: 77 mm. Diámetro en la boca: 98 mm. ", "bibliografia": null, "enlace_3D": null }, "geometry": null },
{ "type": "Feature", "properties": { "fid": 168, "num_pieza": 336, "numero_int": 84, "sigla": null, "morfologia": "Botella", "objeto": "Cerámica", "cronologia": "AND", "produccion": "Común oxidante.", "descripcion": "Forma cerrada. Botella de base ovoide y cuerpo troncocónico. Fondo grueso. Sin cuello, boca estrecha con borde engrosado.", "decoracion": null, "dimensiones": "Diámetro máximo: 105 mm. Altura: 200 mm. Diámetro en la boca: 40 mm. Diámetro mínimo: 30mm", "bibliografia": null, "enlace_3D": "https://sketchfab.com/3d-models/botella-andalusi-siglo-ix-tudela-f4f62a9bcd13476a84e953162a8fac1c" }, "geometry": null },
{ "type": "Feature", "properties": { "fid": 169, "num_pieza": 277, "numero_int": 73, "sigla": null, "morfologia": "Jarro", "objeto": "Cerámica", "cronologia": "AND", "produccion": "Común oxidante pintada a manganeso. ", "descripcion": "Forma cerrada. Jarro con una sola asa. Base ligeramente convexa. Cuerpo de perfil globular ligeramente achatado. Cuello recto, oblicuo y ligeramente exvasado, perfil troncocónico invertido. Asa de sección circular. Pieza integra. Andalusí. (Siglos XI-XII).", "decoracion": "Decoración pintada con líneas sencillas. Línea simple en el labio y en la unión hombro cuello. Banda con dos líneas paralelas en la parte alta del cuello y en el hombro. ", "dimensiones": "Diámetro máximo: 116 mm. Altura: 174 mm. Diámetro en la base: 60 mm. Diámetro en la boca 75 mm. ", "bibliografia": null, "enlace_3D": "https://sketchfab.com/3d-models/jarro-siglos-xi-xii-tudela-6fcbb700182148219f5b06abb3c8a377" }, "geometry": null },
{ "type": "Feature", "properties": { "fid": 170, "num_pieza": 280, "numero_int": 73, "sigla": null, "morfologia": "Redoma", "objeto": "Cerámica", "cronologia": "AND", "produccion": "Común oxidante. ", "descripcion": "Forma cerrada. Redoma con una sola asa. Base ligeramente convexa. Cuerpo de perfil curvo globular con acanaladuras de torno marcadas. Cuello estrecho, ligeramente abocinado. Boca engrosada con moldura y pequeñas molduras a media altura del cuello y en la unión hombro cuello. Asa de sección irregular. Andalusí. (Siglos XI-XII).", "decoracion": null, "dimensiones": "Diámetro máximo: 118 mm. Altura: 172 mm. Diámetro en la base: 70 mm. Diámetro en la boca: 25 mm. ", "bibliografia": null, "enlace_3D": "https://sketchfab.com/3d-models/redoma-siglos-xi-xii-tudela-65372bb6fc244d7ab18d6fb44f8e3346" }, "geometry": null },
{ "type": "Feature", "properties": { "fid": 171, "num_pieza": 276, "numero_int": 73, "sigla": null, "morfologia": "Jarra", "objeto": "Cerámica", "cronologia": "AND", "produccion": "Cerámica engobada. ", "descripcion": "Forma cerrada. Jarrita con dos asas. Base plana. Cuerpo de perfil globular algo achatado. Cuello de perfil curvo exvasado, abocinado. Asas desaparecidas, posiblemente con apéndice de botón. Andalusí. (Siglos XI-XII).", "decoracion": "Engobe rojo, almagra. ", "dimensiones": "Diámetro máximo: 90 mm. Altura: 120 mm. Diámetro en la base: 52 mm. Diámetro en la boca: 70 mm.", "bibliografia": null, "enlace_3D": "https://sketchfab.com/3d-models/jarra-andalusi-siglos-xi-xii-tudela-53bafda3f69b4b3e858dca61cef399b1" }, "geometry": null },
{ "type": "Feature", "properties": { "fid": 172, "num_pieza": 278, "numero_int": 73, "sigla": null, "morfologia": "Jarro", "objeto": "Cerámica", "cronologia": "AND", "produccion": "Común oxidante pintado a manganeso. ", "descripcion": "Forma cerrada. Pequeño jarro. Base convexa, perfil globular y achatado. Cuello corto, curvo y exvasado. Borde vertical separado del cuello por una moldura. Asa de cinta de sección circular. Pieza integra.", "decoracion": "Decoración pintada en manganeso. Banda en el borde con línea de onda media entre líneas paralelas. Hombro con dos bandas de dos líneas paralelas. ", "dimensiones": "Diámetro máximo: 82 mm. Altura: 72 mm. Diámetro base: 45 mm. Diámetro en la boca 52 mm. ", "bibliografia": null, "enlace_3D": null }, "geometry": null },
{ "type": "Feature", "properties": { "fid": 173, "num_pieza": 281, "numero_int": 73, "sigla": null, "morfologia": "Taza", "objeto": "Cerámica", "cronologia": "AND", "produccion": "Común oxidante pintada a manganeso.", "descripcion": "Forma cerrada. Taza con una sola asa. Base plana. Cuerpo carenado con perfil bitroncocónico. Hombro con molduras marcadas. Cuello cilíndrico con perfil ligeramente curvo en éntasis. Asa de cinta de sección circular. Andalusí. (Siglos XI-XII).", "decoracion": "Decoración pintada a manganeso. Línea sencilla en el labio y banda con dos lianas paralelas. ", "dimensiones": "Diámetro máximo: 98 mm. Altura: 102 mm. Diámetro en la base: 55 mm. Diámetro en la boca: 80 mm. ", "bibliografia": null, "enlace_3D": null }, "geometry": null },
{ "type": "Feature", "properties": { "fid": 174, "num_pieza": 279, "numero_int": 73, "sigla": null, "morfologia": "Tubería", "objeto": "Cerámica", "cronologia": "AND", "produccion": "Material de construcción.", "descripcion": "Pieza cilíndrica de cerámica abierta por sus dos extremos. Ejecución torneada tosca, aunque con un borde más perfecto que otro. El más basto presenta un acabado con digitaciones. Andalusí. (Siglo XII). ", "decoracion": null, "dimensiones": "Diámetro máximo: 165 mm. Longitud: 285 mm. ", "bibliografia": null, "enlace_3D": null }, "geometry": null },
{ "type": "Feature", "properties": { "fid": 175, "num_pieza": 275, "numero_int": 73, "sigla": null, "morfologia": "Tinaja", "objeto": "Cerámica", "cronologia": "MED_CRI", "produccion": "Común de almacén. ", "descripcion": "Fragmento de hombro de tinaja. Perfil recto, oblicuo e intravasado. Medieval cristiano. (Siglos XII-XIII).", "decoracion": "Decoración estampillada formando bandas longitudinales. Se conservan tres bandas, dos de las cuales se realizan sobre una moldura sobreelevada, dejando una central sobre la propia pared de la tinaja. Las estampillas sobre las bandas sobreelevadas son de cartela rectangular de 35 x 23 mm. Una banda está formada por motivos vegetales simétricos y la otra con motivos epigráficos. La banda central presenta sucesión de estampillas con flores de lis. ", "dimensiones": "123 x 103 mm. ", "bibliografia": null, "enlace_3D": null }, "geometry": null },
{ "type": "Feature", "properties": { "fid": 176, "num_pieza": 274, "numero_int": 73, "sigla": null, "morfologia": "Molde de fundición", "objeto": "Piedra", "cronologia": "AND", "produccion": "Orfebrería", "descripcion": "Fragmento de molde para fundición. Piedra caliza. Multifuncional para varias piezas, al menos tres. Presenta orificios para el encaje de la valva contraria y canalillo de entrada para el metal fundido. Andalusí. (Siglos XI-XII).", "decoracion": "De las tres piezas que se ven en el molde, la principal es un chapita circular con motivos epigráficos, otra es una bolita esférica y de una tercera solo se ve parte de una pieza hemisférica con decoración geométrica.  ", "dimensiones": "45 x 32 mm. Grosor: 15 mm.", "bibliografia": null, "enlace_3D": "https://sketchfab.com/3d-models/molde-de-piedra-siglos-xi-xii-tudela-6baa093d1a274ac398ef5523d0e13e00" }, "geometry": null },
{ "type": "Feature", "properties": { "fid": 177, "num_pieza": 282, "numero_int": 73, "sigla": null, "morfologia": "Crisol", "objeto": "Cerámica y vidrio.", "cronologia": "AND", "produccion": "Fundición", "descripcion": "Fragmentos de cerámica de cocina donde se ha solidificado pasta vítrea. Andalusí. (Siglos XI-XII).", "decoracion": null, "dimensiones": null, "bibliografia": null, "enlace_3D": null }, "geometry": null },
{ "type": "Feature", "properties": { "fid": 178, "num_pieza": 136, "numero_int": 25, "sigla": "TU.00.1.117", "morfologia": "Jofaina carenada", "objeto": "Cerámica", "cronologia": "MED_CRI", "produccion": "Vidriada de mesa. ", "descripcion": "Forma abierta. Jofaina con pie anular. Cuerpo plano ligeramente oblicuo y exvasado. Carena marcada entre fondo y borde. Borde recto oblicuo y exvasado. Labio engrosado con moldura triangular. ", "decoracion": "Vedrío melado interior. Exterior solo en la parte del borde. ", "dimensiones": "Diámetro máximo: 140 mm. Altura: 40 mm. Diámetro en l2a base: 62 mm.", "bibliografia": null, "enlace_3D": null }, "geometry": null },
{ "type": "Feature", "properties": { "fid": 179, "num_pieza": 137, "numero_int": 25, "sigla": "TU.00.1.122", "morfologia": "Jarra", "objeto": "Cerámica", "cronologia": "MED_CRI", "produccion": "Vidriada de mesa.", "descripcion": "Forma cerrada. Fragmento de hombro. Perfil curvo globular. Medieval cristiano. (Siglos XII-XIII).", "decoracion": "Decoración en relieve con metopas que se rellenan con grandes rosetones con motivos geométricos radiales flanqueados por motivos triangulares. Los campos planos se rellenan con puntos en relieve. ", "dimensiones": "84 x 75 mm. ", "bibliografia": null, "enlace_3D": null }, "geometry": null },
{ "type": "Feature", "properties": { "fid": 180, "num_pieza": 146, "numero_int": 33, "sigla": "TU.6.00.228.321", "morfologia": "Plato", "objeto": "Cerámica", "cronologia": "MODE", "produccion": "Loza dorada. Muel.", "descripcion": "Forma abierta. Plato. Base cóncava. Perfil recto, oblicuo y exvasado. Moderno. (Siglo XVI).", "decoracion": "Bandas transversales al plato. Conserva parte de tres bandas, estando la central y más estrecha formada por una retícula oblicua. Las otras dos bandas contienen motivos vegetales esquemáticos. Decoración exterior con línea de círculos concéntricos.", "dimensiones": "Diámetro máximo conservado: 130 mm. Diámetro en la base: 63 mm. ", "bibliografia": "BIENES CALVO, Juan José. “Urbanismo”, Serie Retrospectiva y Futuro 802 – 2002 nº 5, Tudela, 2002.", "enlace_3D": null }, "geometry": null },
{ "type": "Feature", "properties": { "fid": 181, "num_pieza": 147, "numero_int": 33, "sigla": "TU.6.00.228.319", "morfologia": "Plato", "objeto": "Cerámica", "cronologia": "MODE", "produccion": "Loza dorada.", "descripcion": "Forma abierta. Plato. Base cóncava. Perfil recto, oblicuo y  borde curvo exvasado. Moderno. (Siglo XVI).", "decoracion": "Motivo central en el que se representa una forma de escudo que estaría rellenado por seis bandas verticales de segmentos. El borde presenta una banda con sucesión de segmentos decrecientes. Exterior con líneas de círculos concéntricos. ", "dimensiones": "Diámetro máximo: 200 mm. Altura: 26 mm. Diámetro en la base: 80 mm.", "bibliografia": "BIENES CALVO, Juan José. “Urbanismo”, Serie Retrospectiva y Futuro 802 – 2002 nº 5, Tudela, 2002.", "enlace_3D": null }, "geometry": null },
{ "type": "Feature", "properties": { "fid": 182, "num_pieza": 148, "numero_int": 33, "sigla": "TU.6.00.228.376", "morfologia": "Escudilla de orejetas.", "objeto": "Cerámica", "cronologia": "MODE", "produccion": "Loza", "descripcion": "Forma abierta. Cuenco de perfil curvo. Base cóncava. Orejeta trilobulada decorada. Moderno. (Siglo XVI).", "decoracion": "Esmalte blanco integral de muy buena calidad. Orejeta decorada con roleos en relieve. ", "dimensiones": "Diámetro: 122 mm. Altura: 48 mm. Diámetro en la base: 67 mm.", "bibliografia": "BIENES CALVO, Juan José. “Urbanismo”, Serie Retrospectiva y Futuro 802 – 2002 nº 5, Tudela, 2002.", "enlace_3D": null }, "geometry": null },
{ "type": "Feature", "properties": { "fid": 183, "num_pieza": 369, "numero_int": 33, "sigla": "TU.6.00.311.525", "morfologia": "Brazalete de arquero", "objeto": "Hueso", "cronologia": "AND", "produccion": "Hueso trabajado.", "descripcion": "Metápodo de vacuno trabajado para formar una pieza de forma rectangular con una cara plana contraria a otra cara curvada, siendo la sección cuadrangular. La pieza presenta dos orificios pasantes para atravesar un cordel o una tira de cuero. Andalusí. (Siglo X).", "decoracion": null, "dimensiones": "Longitud: 122 MM. Anchura: 28 mm. Grosor máximo: 17 mm.", "bibliografia": "BIENES CALVO, Juan José. “Urbanismo”, Serie Retrospectiva y Futuro 802 – 2002 nº 5, Tudela, 2002.", "enlace_3D": null }, "geometry": null },
{ "type": "Feature", "properties": { "fid": 184, "num_pieza": 144, "numero_int": 29, "sigla": "TU.9.00.2.28", "morfologia": "Jarro", "objeto": "Cerámica", "cronologia": "AND", "produccion": "Común oxidante.", "descripcion": "Forma cerrada. Boca de gran jarro. Cuello de perfil curvo, intravasado. Borde curvo exvasado engrosado con moldura triangular. Boca lobulada con pico vertedor. Cuello con estrías de torno muy marcadas", "decoracion": null, "dimensiones": "Diámetro máximo: 146 mm. Altura conservada: 96 mm. ", "bibliografia": "BIENES CALVO, Juan José. “Urbanismo”, Serie Retrospectiva y Futuro 802 – 2002 nº 5, Tudela, 2002.", "enlace_3D": null }, "geometry": null },
{ "type": "Feature", "properties": { "fid": 185, "num_pieza": 157, "numero_int": 39, "sigla": null, "morfologia": "Teja", "objeto": "Cerámica", "cronologia": "MODE", "produccion": "Material de construcción.", "descripcion": "Teja plana para cubrimiento de tejado. Pieza con un extremo rectangular y el contrario curvo. El extremo rectangular lleva dos orificios para clavar. Las tejas quedan imbricadas a modo de escamas. Moderno. (Siglo XVII).", "decoracion": "Vedrío melado que afecta a 2/3 de la superficie superior de la teja y sus bordes.", "dimensiones": "Se estima una longitud de 200 mm. Anchura: 135 mm y un grosor de 21 mm.", "bibliografia": null, "enlace_3D": null }, "geometry": null },
{ "type": "Feature", "properties": { "fid": 186, "num_pieza": 340, "numero_int": 88, "sigla": null, "morfologia": "Jarra", "objeto": "Cerámica", "cronologia": "AND", "produccion": "Cuerda seca", "descripcion": "Forma cerrada. Jarra de boca ancha. Base ligeramente convexa. Panza recta, oblicua y exvasada. Hombro curvo de perfil globular. Cuello vertical y cilíndrico ligeramente en éntasis. Asa de cita con sección superior triangular. Andalusí (Siglos XI-XII).", "decoracion": "Banda junto al borde, enmarca entre dos líneas paralelas, con una banda de onda media rellenada de vedrío melado.  El campo libre se rellena con círculos de vedrío melado. Banda en el hombro enmarcada entre dos líneas paralelas formada por una sucesión de óvalos rellenados de vedrío melado. ", "dimensiones": "Diámetro máximo: 130 mm. Altura: 125 mm. Diámetro en la base 73 mm. Diámetro en l aboca: 113 mm. ", "bibliografia": null, "enlace_3D": "https://sketchfab.com/3d-models/jarra-cuerda-seca-andalusi-siglos-xi-xii-4c04f93bc903460c8333047853923c80" }, "geometry": null },
{ "type": "Feature", "properties": { "fid": 187, "num_pieza": 339, "numero_int": 88, "sigla": null, "morfologia": "Jarro", "objeto": "Cerámica", "cronologia": "AND", "produccion": "Común oxidante pintado a manganeso.", "descripcion": "Forma cerrada. Jarro con una sola asa. Base convexa. Panza recta, oblicua y exvasada. Hombro de perfil curvo y globular. Cuello cilíndrico con moldura diferenciando el comienzo del borde. Labio redondo. Asa de cinta de sección oval. Andalusí. (Siglos XI-XII).", "decoracion": "Decoración pintada a manganeso. Doble banda junto al borde formada por líneas de onda larga entre líneas paralelas. Banda con dos líneas paralelas a mitad del cuello. Hombro decorado con doble banda de líneas de onda corta entre líneas paralelas. ", "dimensiones": "Diámetro máximo: 150 mm. Altura: 210 mm. Diámetro en la base: 82 mm. Diámetro en la boca: 63 mm. ", "bibliografia": null, "enlace_3D": "https://sketchfab.com/3d-models/jarro-siglos-xi-xii-tudela-80b295d487e747fda471c88771810941" }, "geometry": null },
{ "type": "Feature", "properties": { "fid": 188, "num_pieza": 352, "numero_int": 88, "sigla": null, "morfologia": "Ataifor", "objeto": "Cerámica", "cronologia": "AND", "produccion": "Loza dorada.", "descripcion": "Forma abierta. Fragmento de borde. Perfil curvo, exvasado. Borde corto, plano y en visera. Presenta orificio para reparación de grieta. Andalusí. (Siglos XI-XII).", "decoracion": "Decoración en loza dorada de tono rojizo. Decoración esgrafiada. Ancha banda alrededor del borde en la que se traza una línea quebrada de trazo sinuoso. Los triángulos que forma se rellenan con roleos y pequeños motivos vegetales. De la parte central solo se conserva una parte pintada con motivos vegetales esquemáticos.  ", "dimensiones": "95 x 61 mm.", "bibliografia": null, "enlace_3D": null }, "geometry": null },
{ "type": "Feature", "properties": { "fid": 189, "num_pieza": 344, "numero_int": 88, "sigla": null, "morfologia": "Ataifor", "objeto": "Cerámica", "cronologia": "AND", "produccion": "Vidriada de mesa.", "descripcion": "Forma abierta. Fragmentos de gran plato/ataifor. Base con pie anular. Paredes rectas, exvasadas y divergentes. Carena marcada. Borde recto ligeramente convergente. Labio plano en visera.", "decoracion": "Sin decoración. Vedrío melado y verdoso, jaspeado.", "dimensiones": "Diámetro máximo: 350 mm. Altura: 103 mm. Diámetro en la base 117 mm. ", "bibliografia": null, "enlace_3D": null }, "geometry": null },
{ "type": "Feature", "properties": { "fid": 190, "num_pieza": 346, "numero_int": 88, "sigla": null, "morfologia": "Aerófono", "objeto": "Cerámica", "cronologia": "AND", "produccion": "Cerámica común.", "descripcion": "Tubo de cerámica torneado en su parte mas ancha y moldeado a mano en el tramo de la boca. Borde engrosado triangular.  Pared gruesa con superficie acuchillada en sentido longitudinal. Andalusí. (Siglos XI-XII).", "decoracion": "Longitud conservada: 205 mm. Diámetro en la boca: 25 mm. Diámetro máximo: 50 mm.", "dimensiones": null, "bibliografia": null, "enlace_3D": null }, "geometry": null },
{ "type": "Feature", "properties": { "fid": 191, "num_pieza": 347, "numero_int": 88, "sigla": null, "morfologia": "Tambor", "objeto": "Cerámica", "cronologia": "AND", "produccion": "Cerámica común. ", "descripcion": "Tubo de cerámica correspondiente a la parte inferior de un tambor. Perfil troncocónico. Técnica torneada con posterior acuchillado vertical de la superficie exterior.", "decoracion": null, "dimensiones": "Altura conservada: 145 mm. Diámetro máximo: 80 mm. Diámetro mínimo 60 mm. ", "bibliografia": null, "enlace_3D": null }, "geometry": null },
{ "type": "Feature", "properties": { "fid": 192, "num_pieza": 349, "numero_int": 88, "sigla": null, "morfologia": "Tapadera", "objeto": "Cerámica", "cronologia": "AND", "produccion": "Común oxidante.", "descripcion": "Forma abierta. Pequeña tapadera de plato. Base plana. Perfil recto, oblicuo y exvasado. Labio engrosado triangular. Asa de apéndice central. Presenta signos de haber servido como candil. Pieza integra.", "decoracion": null, "dimensiones": "Diámetro máximo: 83 mm. Altura: 23 mm. Diámetro en la base: 42 mm. ", "bibliografia": null, "enlace_3D": null }, "geometry": null },
{ "type": "Feature", "properties": { "fid": 193, "num_pieza": 345, "numero_int": 88, "sigla": null, "morfologia": "Jofaina", "objeto": "Cerámica", "cronologia": "AND", "produccion": "Vidriada de mesa.", "descripcion": "Forma abierta. Plato. Base con pie anular. Perfil curvo en “S”, exvasado. Andalusí. (Siglos XI-XII).", "decoracion": "Vedrío melado integral presentando línea de manchas en manganeso junto al borde y manchas aisladas en el interior. ", "dimensiones": "Diámetro máximo: 220 mm. Altura: 56 mm. Diámetro en la base: 87 mm. ", "bibliografia": null, "enlace_3D": null }, "geometry": null },
{ "type": "Feature", "properties": { "fid": 194, "num_pieza": 337, "numero_int": 88, "sigla": null, "morfologia": "Jarra", "objeto": "Cerámica", "cronologia": "AND", "produccion": "Común oxidante pintado a manganeso.", "descripcion": "Forma cerrada. Jarra de boca ancha. Base ligeramente convexa. Panza de perfil recto y exvasado. Hombro de perfil curvo y globular. Borde de perfil ligeramente curvo, troncocónico. Labio redondo. Asas de cinta de sección oval. Pieza integra. Andalusí. (Siglos XI-XII).", "decoracion": "Decoración pintada en manganeso. Línea sencilla junto al labio. Banda de dos líneas paralelas en el hombro. ", "dimensiones": "Diámetro máximo: 138 mm. Altura: 130 mm. Diámetro en la base: 80 mm. Diámetro en la boca: 112 mm. ", "bibliografia": null, "enlace_3D": null }, "geometry": null },
{ "type": "Feature", "properties": { "fid": 195, "num_pieza": 343, "numero_int": 88, "sigla": null, "morfologia": "Jarro", "objeto": "Cerámica", "cronologia": "AND", "produccion": "Común oxidante.", "descripcion": "Forma cerrada. Jarro con una sola asa. Boca trilobulada. Base plana. Panza de perfil recto, oblicuo y exvasado. Hombro curvo globular, separado del cuello por moldura. Cuello de perfil curvo y abocinado. Labio engrosado triangular. ", "decoracion": null, "dimensiones": "Diámetro máximo: 154 mm. Altura: 202 mm. Diámetro en la base: 93 mm. Diámetro minimo del cuello: 73 mm. ", "bibliografia": null, "enlace_3D": "https://sketchfab.com/3d-models/jarro-siglos-ix-tudela-bfa0607eb3e448e18cfaab0f02665f1d" }, "geometry": null },
{ "type": "Feature", "properties": { "fid": 196, "num_pieza": 348, "numero_int": 88, "sigla": null, "morfologia": "Olla", "objeto": "Cerámica", "cronologia": "AND", "produccion": "Común de cocina.", "descripcion": "Forma cerrada. Olla sin asas. Base ligeramente convexa. Perfil totalmente globular. Borde curvo vuelto y labio plano. ", "decoracion": null, "dimensiones": "Diámetro máximo: 170 mm. Altura: 157 mm. Diámetro en la base: 94 mm. Diámetro en la boca: 105 mm.", "bibliografia": null, "enlace_3D": null }, "geometry": null },
{ "type": "Feature", "properties": { "fid": 197, "num_pieza": 351, "numero_int": 88, "sigla": null, "morfologia": "Botella ", "objeto": "Cerámica", "cronologia": "AND", "produccion": "Común oxidante. ", "descripcion": "Forma cerrada. Botella globular. Base convexa. Panza y hombro globulares, ligeramente achatados. Unión hombro cuello marcado por moldura. Cuello de perfil troncocónico y borde engrosado de sección triangular. Pieza integra. Andalusí. (Siglos IX).", "decoracion": null, "dimensiones": "Diámetro máximo: 138 mm. Altura: 140 mm. Diámetro en la base: 94 mm. Diámetro en la boca: 23 mm. Diámetro mínimo del cuello 31 mm. Altura del cuello: 39 mm.  ", "bibliografia": null, "enlace_3D": "https://sketchfab.com/3d-models/botella-globular-a3701ce19ac84c848d0ba0527d0f70d6" }, "geometry": null },
{ "type": "Feature", "properties": { "fid": 198, "num_pieza": 350, "numero_int": 88, "sigla": null, "morfologia": "Olla", "objeto": "Cerámica", "cronologia": "ALT_IMP_ROMA", "produccion": "Común de cocina", "descripcion": "Forma cerrada. Olla sin asas. Base ligeramente convexa. Panza recta, oblicua y exvasada. Hombro de perfil curvo y globular. Sin cuello. Borde vuelto exvasado. Labio engrosado triangular. Andalusí. (Siglos IX).", "decoracion": null, "dimensiones": "Diámetro máximo: 132 mm. Altura: 108 mm. Diámetro en la base: 72 mm. Diámetro en la boca: 80 mm. ", "bibliografia": null, "enlace_3D": null }, "geometry": null },
{ "type": "Feature", "properties": { "fid": 199, "num_pieza": 341, "numero_int": 88, "sigla": null, "morfologia": "Candil", "objeto": "Cerámica", "cronologia": "AND", "produccion": "Común oxidante.", "descripcion": "Forma cerrada. Candil de piquera. Conserva la cazoleta integra y arranques de asa, cuello y piquera. Base convexa. Parte inferior de perfil curvo y exvasado. Carena poco marcada. hombro de perfil ligeramente cóncavo, intravasado. Arranque de cuello estrecho. ", "decoracion": null, "dimensiones": "Diámetro de la cazoleta: 82 mm. Altura conservada: 41 mm. Diámetro del cuello: 32 mm. ", "bibliografia": null, "enlace_3D": null }, "geometry": null },
{ "type": "Feature", "properties": { "fid": 200, "num_pieza": 338, "numero_int": 88, "sigla": null, "morfologia": "Jarro", "objeto": "Cerámica", "cronologia": "AND", "produccion": "Común oxidante pintado a manganeso.", "descripcion": "Forma cerrada. Jarro de boca ancha con una sola asa. Base ligeramente convexa. Panza y hombro de perfil globular, sin separación. Cuello y un borde de perfil troncocónico. Asa de cinta de sección triangular. ", "decoracion": "Decoración pintada en manganeso. Línea sencilla junto al labio. Banda de dos líneas paralelas en el hombro. ", "dimensiones": "Diámetro máximo: 144 mm. Altura: 128 mm. Diámetro en la base: 83 mm. Diámetro en la boca: 112 mm. ", "bibliografia": null, "enlace_3D": null }, "geometry": null },
{ "type": "Feature", "properties": { "fid": 201, "num_pieza": 342, "numero_int": 88, "sigla": null, "morfologia": "Olla", "objeto": "Cerámica", "cronologia": "AND", "produccion": "Común de cocina. ", "descripcion": "Forma cerrada. Olla con una sola asa. Base convexa. Perfil curvo, globular y achatado. Cuello alto, abocinado. Borde moldurado. Asa de cinta desaparecida desde el máximo saliente hasta el borde. Andalusí. (Siglos XI-XII).", "decoracion": "Banda peinada en el hombro. ", "dimensiones": "Diametro máximo: 112 mm. Altura: 108 mm. Diámetro en la boca: 85 mm. Diámetro minimo del cuello: 68 mm. ", "bibliografia": null, "enlace_3D": null }, "geometry": null },
{ "type": "Feature", "properties": { "fid": 202, "num_pieza": 198, "numero_int": 45, "sigla": "TU.3.03.465", "morfologia": "Botellita", "objeto": "Vidrio", "cronologia": "AND", "produccion": "Vidrio soplado.", "descripcion": "Forma cerrada. Botellita sin asas. Base umbilicada. Perfil curvo, globular. Cuello cilíndrico y estrecho. Vidrio incoloro. Andalusí. (Siglo XI).", "decoracion": "Decoración en relieve con pequeños gallones. El cuello presentas a media altura un anillo con aplicación plástica. ", "dimensiones": "Diámetro máximo: 67 mm. Altura: 100 mm. Diámetro cuello: 15 mm. Altura del cuello: 37 mm.", "bibliografia": null, "enlace_3D": null }, "geometry": null },
{ "type": "Feature", "properties": { "fid": 203, "num_pieza": 201, "numero_int": 45, "sigla": "TU.3.03.787.850", "morfologia": "Cuenta de collar.", "objeto": "Coral", "cronologia": "INDE", "produccion": "Joya", "descripcion": "Cuenta de collar. Forma cilíndrica irregular. Orificio circular excéntrico. Color rosa. Pieza integra.", "decoracion": null, "dimensiones": "Diámetro: 13,5 mm. Grosor: 10,5 mm.", "bibliografia": null, "enlace_3D": null }, "geometry": null },
{ "type": "Feature", "properties": { "fid": 204, "num_pieza": 124, "numero_int": 19, "sigla": null, "morfologia": "Jarro", "objeto": "Cerámica", "cronologia": "ALT_IMP_ROMA", "produccion": "Común oxidante pintada a manganeso. ", "descripcion": "Forma cerrada. Jarro con una sola asa. Base convexa. Panza y hombro de perfil curvo y globular. Cuello ancho de perfil cilíndrico ligeramente curvado en éntasis. Labio apuntado. Asa de cinta de sección circular. Andalusí. (Siglo X).", "decoracion": "Decoración pintada en manganeso, de tipo lineal. Cuello con banda de dos líneas paralelas y líneas sencillas junto al labio y cerca de la unión con el hombro. Hombro con banda de dos líneas paralelas.", "dimensiones": "Diámetro máximo: 118 mm. Altura: 126 mm. Diámetro en la base: 72 mm. Diámetro en la boca: 105 mm. Diámetro en la base del cuello: 99 mm. ", "bibliografia": "BIENES CALVO, Juan José. “Urbanismo”, Serie Retrospectiva y Futuro 802 – 2002 nº 5, Tudela, 2002.", "enlace_3D": null }, "geometry": null },
{ "type": "Feature", "properties": { "fid": 205, "num_pieza": 125, "numero_int": 19, "sigla": "TU.96.1.99", "morfologia": "Taza", "objeto": "Cerámica", "cronologia": "AND", "produccion": "Común oxidante. ", "descripcion": "Forma abierta. Taza con una sola asa. Forma oval. Base plana. Perfil recto, oblicuo y divergente. Labio redondo. Asa de cinta de sección circular. ", "decoracion": null, "dimensiones": "Diámetros máximos en el borde: 61 y 54 mm.  Altura: 52 mm. Diámetro en la base: 38 mm. ", "bibliografia": null, "enlace_3D": null }, "geometry": null },
{ "type": "Feature", "properties": { "fid": 206, "num_pieza": 126, "numero_int": 19, "sigla": null, "morfologia": "Ataifor", "objeto": "Cerámica", "cronologia": "ALT_IMP_ROMA", "produccion": "Loza verde y manganeso.", "descripcion": "Forma abierta. Plato/ataifor. Pie anular bajo y ancho. Perfil curvo divergente. Labio plano. Andalusí. (siglo X).", "decoracion": "Verde y manganeso sobre fondo blanco. Ancha banda central decorada con roleos ocelados. Los dos campos a los lados se dividen en otros dos campos separados por una banda con trenza de la eternidad. En estos cuatro campos se dibuja un rosetón con cuatro lóbulos y línea de festones junto al borde. ", "dimensiones": "Diámetro máximo: 338 mm. Altura: 82 mm. Diámetro en la base: 162 mm. ", "bibliografia": "BIENES CALVO, Juan José. “Urbanismo”, Serie Retrospectiva y Futuro 802 – 2002 nº 5, Tudela, 2002.", "enlace_3D": null }, "geometry": null },
{ "type": "Feature", "properties": { "fid": 207, "num_pieza": 203, "numero_int": 47, "sigla": null, "morfologia": "Candil de piquera", "objeto": "Cerámica", "cronologia": "AND", "produccion": "Común oxidante candil de piquera. ", "descripcion": "Candil de cazoleta cerrada con cuello estrecho. Conserva la cazoleta y cuello completos. Asa perdida conservando solo los arranques. De la piquera solo conserva el arranque desde la cazoleta.", "decoracion": null, "dimensiones": "Diámetro de la cazoleta: 81 mm. Altura: 77 mm. Diámetro en la boca: 35 mm. Diámetro minimo del cuello: 25 mm. ", "bibliografia": null, "enlace_3D": null }, "geometry": null },
{ "type": "Feature", "properties": { "fid": 208, "num_pieza": 206, "numero_int": 47, "sigla": null, "morfologia": "Botella", "objeto": "Cerámica", "cronologia": "AND", "produccion": "Común oxidante.", "descripcion": "Forma cerrada. Botella globular. Base convexa. Panza y hombro globulares. Unión hombro cuello marcado por doble moldura. Cuello de perfil troncocónico y borde engrosado de sección rectangular. Pieza completa. Andalusí. (Siglo IX).", "decoracion": null, "dimensiones": "Diámetro máximo: 145 mm. Altura: 145. Diámetro en la base: 85 mm. Diámetro en la boca: 40 mm. Diámetro mínimo del cuello: 27 mm. ", "bibliografia": null, "enlace_3D": null }, "geometry": null },
{ "type": "Feature", "properties": { "fid": 209, "num_pieza": 204, "numero_int": 47, "sigla": null, "morfologia": "Olla", "objeto": "Cerámica", "cronologia": "AND", "produccion": "Común de cocina. ", "descripcion": "Forma cerrada. Olla sin asas. Base convexa. Panza recta y divergente. Hombro curvo convergente. Sin cuello. Borde curvo vuelto. Hombro y panza con superficie acanalada.", "decoracion": null, "dimensiones": "Diámetro máximo: 164 mm. Altura: 160 mm. Diámetro en la base: 100. Diámetro en la boca: 125 mm", "bibliografia": null, "enlace_3D": null }, "geometry": null },
{ "type": "Feature", "properties": { "fid": 210, "num_pieza": 205, "numero_int": 47, "sigla": null, "morfologia": "Olla", "objeto": "Cerámica", "cronologia": "AND", "produccion": "Común de cocina", "descripcion": "Forma cerrada. Olla sin asas. Base convexa. Panza recta y divergente. Hombro curvo convergente. Cuello corto. Borde curvo vuelto. Hombro y panza con superficie acanalada. Andalusí. (Siglo IX).", "decoracion": null, "dimensiones": "Diámetro máximo: 132 mm. Altura: 116 mm. Diámetro en la base: 85 mm. Diámetro en la boca 100 mm. ", "bibliografia": null, "enlace_3D": null }, "geometry": null },
{ "type": "Feature", "properties": { "fid": 211, "num_pieza": 202, "numero_int": 47, "sigla": null, "morfologia": "Patera", "objeto": "Cerámica", "cronologia": "ROM_REP", "produccion": "Campaniense B", "descripcion": "Fragmento de fondo. Forma abierta, patera. Pie anular alto, recto y oblicuo. Pared recta, oblicua y divergente. Romano republicano. (Siglos II-I a.C.).", "decoracion": "Doble banda a ruedecilla en el interior y pequeño círculo central. Al exterior presenta grafito con letra ibérica. ", "dimensiones": "Fragmento de 52 x 80 mm. Diámetro máximo conservado 140 mm. Diámetro de la base: 70 mm", "bibliografia": null, "enlace_3D": null }, "geometry": null },
{ "type": "Feature", "properties": { "fid": 212, "num_pieza": 353, "numero_int": 90, "sigla": null, "morfologia": "Colgante", "objeto": "Metal", "cronologia": "MED_CRI", "produccion": "Orfebrería", "descripcion": "Pieza en estudio ", "decoracion": null, "dimensiones": null, "bibliografia": null, "enlace_3D": "https://sketchfab.com/3d-models/medallon-torre-monreal-0ec65c0f543e4e738267f699fd40cd0d" }, "geometry": null },
{ "type": "Feature", "properties": { "fid": 213, "num_pieza": 329, "numero_int": 84, "sigla": null, "morfologia": "Lauda sepulcral", "objeto": "Piedra", "cronologia": "MODE", "produccion": "Elemento ritual", "descripcion": "Lauda sepulcral de Antonio Ballejo. Presenta escudo heráldico central. ", "decoracion": null, "dimensiones": null, "bibliografia": null, "enlace_3D": "https://sketchfab.com/3d-models/lapida-de-0ab8b46ed0394bb2a1abf34035bfefbf" }, "geometry": null },
{ "type": "Feature", "properties": { "fid": 214, "num_pieza": 236, "numero_int": 55, "sigla": null, "morfologia": "Talla de Cristo", "objeto": "Madera", "cronologia": "MODE", "produccion": "Elemento litúrgico", "descripcion": "Talla en madera de un cristo crucificado. Hallazgo casual descubierto en las obras de remodelación del antiguo Seminario para nuevo Centro de Salud Tudela Oeste.", "decoracion": null, "dimensiones": null, "bibliografia": null, "enlace_3D": "https://sketchfab.com/3d-models/talla-de-cristo-crucificado-d8dbf9b6081f4c5a94b928cdc17fea1a" }, "geometry": null },
{ "type": "Feature", "properties": { "fid": 215, "num_pieza": 158, "numero_int": 44, "sigla": null, "morfologia": "ESPUELAS", "objeto": "Metal", "cronologia": "MED_CRI", "produccion": "Indumentaria militar", "descripcion": "Pareja de espuelas de bronce con baño dorado pertenecientes al enterramiento 13 de la capilla de San Martin. La caja tiene ramas anchas y curvas, rematadas en una espiga recta y corta, de sección oval que culmina en una rueda o estrella de 20 puntas. Mantiene las hebillas y los elementos de sujeción de las trabillas. Medieval cristiano. Siglo XIV", "decoracion": "Presenta en las ramas una rica decoración, compuesta de dragones, algunas de cuyas colas están tratadas como motivos vegetales, a modo de tallos terminados en palmetas. En la espiga hay animales fantásticos en marcha. Las hebillas se adornan con retículas de rombos y en la parte cuadrada un tallo retorcido del que brotan palmetas.", "dimensiones": "177 x 92-83 mm", "bibliografia": null, "enlace_3D": "https://sketchfab.com/3d-models/sketchfab--espuelas-1--catedral--alta-def-d9292016fe484d40b8debaa2f1858115" }, "geometry": null },
{ "type": "Feature", "properties": { "fid": 216, "num_pieza": 156, "numero_int": 36, "sigla": null, "morfologia": "Matriz de sello", "objeto": "Metal", "cronologia": "MED_CRI", "produccion": "Arte suntuario", "descripcion": "Matriz para sello céreo", "decoracion": null, "dimensiones": null, "bibliografia": null, "enlace_3D": "https://sketchfab.com/3d-models/sello-de-cera-siglo-xiv-tudela-a9086f3c38894a11848f78eb596a4a76" }, "geometry": null }
]
}
