{
"type": "FeatureCollection",
"name": "Puntos de intervención",
"crs": { "type": "name", "properties": { "name": "urn:ogc:def:crs:OGC:1.3:CRS84" } },
"features": [
{ "type": "Feature", "properties": { "fid": 1968, "numero_int": 95, "denominacion": "Chapinerias 12", "n_sigla": "TUD.124.22.1._0", "direccion": "Calle Chapinerías 12.", "fecha": "18 de Julio de 2022.", "z_pepri": 2, "director": "Mª Cruz Pérez Omañaca.", "promotor": "Queiles Suites S.L.", "descrip_restos": "<p>Realización de dos sondeos comprobatorios, de 1 x 1 m, en las obras de rehabilitación de un edificio, donde se situaría el ascensor.</p>\n<p>El primer sondeo localizó tres escalones de unas escaleras que bajaban hacia una bodega que parecía haber sido colmatada y amortizada en el siglo XX, en el momento en el que se pasó por allí la tubería de desagüe que, en dirección a la calle, discurre junto a la escalera. El relleno que cubre las escaleras y la tubería es el mismo.</p> \n<p>El segundo sondeo se realizó en un patio por el que se pasa hacia la zona de almacenes del edificio y que limita con la vivienda colindante.</p>\n<p>Bajo el pavimento de hormigón, se excavó un estrato con algo de escombro y tierra amarillenta que cubría otro nivel arcilloso más nivelado y compacto, en el que se recuperaron 3 fragmentos cerámicos típicos del s. XII-XIII.</p>\n<p>Bajo esta capa de relleno se localizó, por último, otro estrato arcilloso bastante húmedo, con gravas en un extremo de la cata y con algún material cerámico común medieval de los siglos IX-X, probablemente de arrastre de viviendas cercanas.</p>\n<p>Este nivel es ya el último localizado, pues al ir bajando, sigue la arcilla compacta y las gravas resultando ser ya prácticamente el nivel geológico.</p>\n", "ubi_mat_dep_perm": null, "ubi_mat_falta_depos": null, "ubi_mat_dep_tempo": null, "bibliografia": null, "colaboradores": null }, "geometry": { "type": "Point", "coordinates": [ -1.607002031279499, 42.064049380614094 ] } },
{ "type": "Feature", "properties": { "fid": 1969, "numero_int": 94, "denominacion": "San Nicolas 2", "n_sigla": "TUD.124.21.1._0", "direccion": "Calle San Nicolás 2.", "fecha": "28 al 31 de enero 2022", "z_pepri": 2, "director": "Nicolás Mías ", "promotor": null, "descrip_restos": "<p>Conocido y publicado tramo de muralla, considerado como el más antiguo de los conservados en Tudela, quizás anterior al siglo IX.</p>\n<p>La intervención arqueológica se realizó con la intención de poder documentar niveles arqueológicos asociados a la fase de construcción del muro y recoger muestras de argamasa para datar su fábrica.</p>\n<p>Se marcó un rectángulo de 2 x 1 m adosado al muro. La excavación comprobó que la muralla tenía un añadido posterior por debajo de su cimentación para calzarla, debido a un aterrazamiento contra terreno muy moderno.</p>\n<p>La estratigrafía indica que los niveles asociados a la construcción de la muralla fueron destruidos por la urbanización posterior.</p>\n<p>La operación permitió documentar el paramento y localizar una esquina en el lado oeste, lo que hace probable que se tratara de una torre (aislada o no). Fue posible identificar sus fases de reconstrucción y extraer muestras del mortero más antiguo encontrado (yeso fino con carbón vegetal). Este mortero podría datar de la época de construcción de la torre, y su datación podría aportar más pistas cronológicas.</p>\n<p>Una ampliación del sondeo hacia el este podría permitir documentar eventuales niveles más antiguos, posiblemente asociados a la construcción de la muralla, y reducir así el intervalo de datación. Una intervención específica en la parcela vecina situada al este debería permitir documentar su esquina oriental y, por tanto, la longitud de un lateral de la torre.</p>\n", "ubi_mat_dep_perm": null, "ubi_mat_falta_depos": null, "ubi_mat_dep_tempo": null, "bibliografia": "<p>BIENES CALVO, Juan José. “Urbanismo”, Serie Retrospectiva y Futuro 802 – 2002 nº 5, pag 26, Tudela, 2002.</p>\n<p>BIENES CALVO, Juan José. La fortificación islámica en el Valle Medio del Ebro”, en Monografías Universitarias nº 13, pags 285 a 303. Soria.  2004.</p>\n<p>BIENES CALVO, Juan José. Tudela islámica, en Villa 2: villes et campagnes de Tarraconaise et d’Al-Andalus.  pags 199 a 218. Zaragoza. 2007.</p>\n<p>MARÍN ROYO, Luís María, Temas tudelanos II. La Tudela desconocida. Aspectos recónditos de la historia de la ciudad: El castillo. Las murallas. pag 181, Tudela.2002.</p>\n<p>NAVAS CÁMARA, Luís y MARTÍNEZ ARANAZ, Begoña. El Patrimonio Islámico de Tudela. En El patrimonio histórico y medioambiental de Tudela, una perspectiva interdisciplinar. pags 33 a 51. Tudela. 2001.</p>\n<p>PÉREZ OMEÑACA, Mª Cruz. Excavaciones en la muralla islámica de Tudela: intervención arqueológica en la Calle Herrerías 8. En Arqueología Medieval: fortaleces a la Vall de l’Ebre. pags 305 a 330. 2020.</p>\n", "colaboradores": null }, "geometry": { "type": "Point", "coordinates": [ -1.607055898092643, 42.064939132027156 ] } },
{ "type": "Feature", "properties": { "fid": 1970, "numero_int": 91, "denominacion": "Trujal Pasaje", "n_sigla": "TUD.124. 17.2.x._0", "direccion": "Calle Pasaje nº 5 y 7.", "fecha": "Mayo 2017 a Marzo 2019.", "z_pepri": 2, "director": "Juan José Bienes Calvo.", "promotor": "Maisterrena S. L.", "descrip_restos": "<p>En 2010 se realizaron sondeos que documentaron la existencia de un trujal. En 2017 comenzaron las obras de una vivienda en la Calle Rúa 3 que utilizaría los solares de la Calle Pasaje 5 y 7, de propiedad municipal, para construcción de un aparcamiento subterráneo. En 2019 se procedió a la excavación de los restos del trujal, previamente al vaciado del solar.</p>\n<p>Las estructuras ocupan la totalidad de la zona excavada, diferenciándose dos partes, estructuralmente diferentes y también cronológicamente. Ambas partes se encuentran separadas por un ancho pasillo de 9 m de longitud y 2,25 m de anchura.</p>\n<p>La primera parte queda al Sur de este pasillo y se trata de un gran banco o pódium de 0,75 m de altura, al fondo del cual se instala la “capilla” del trujal, formada por tres grandes piedras monolíticas de arenisca, dos verticales y una horizontal con la fecha tallada de 1847, que fue desmontada un día antes de comenzar la excavación.</p>\n<p>Frente a la “capilla” se localiza una gran losa de piedra caliza, con una forma romboidal aunque con los extremos opuestos del eje largo truncados, también se podría denominar hexágono irregular alargado, con eje mayor de 3’60 m y eje menor de 1’53 m. El extremo próximo a la “capilla” se encuentra tallado para poder colocarlo encajado entre los sillares de la misma.</p>\n<p>La losa presenta tallado un canalillo circular que deja una superficie redonda y plana de 93 cm de diámetro, donde se colocaría la sucesión de capachas de esparto con la pasta de las olivas que previamente deben de ser molturadas en un molino de piedra. El borde de esta superficie redonda está protegido por una llanta de hierro, con restos de cemento; posiblemente sea una reparación del borde de la superficie, estropeada en los procesos de prensado. El resto de esta plataforma está formado por losas de arenisca y alguna de caliza, con diferentes grados de conservación, estando cuarteadas y degradadas.</p>\n<p>En el frontal Norte de la plataforma se localiza una pileta de piedra caliza de 1’85 x 1’05 mts; consta de dos vasos que se comunican por un canalillo tallado en parte superior de la pared divisoria de los vasos, siendo esta pileta a la que va a desembocar el canalillo de la gran losa romboidal frente a la “capilla”. A los lados de la doble pileta se colocan varios grupos de escaleras que permiten un cómodo acceso entre el ancho pasillo y la parte superior de la plataforma de trabajo Esta parte del trujal es la original, la más antigua, de la que tenemos al menos una fecha para su origen en 1847, aunque pudo tener actividad anteriormente.</p>\n<p>La segunda parte se localiza al Norte del ancho pasillo, entre éste y la calle Pasaje, y está formada por seis grandes depósitos o lagos, divididos en dos grupos de tres por un estrecho pasillo de 1’05 m de anchura.</p>\n<p>Los suelos de estos pasillos y los fondos de los lagos quedan a una cota de 1’60 m por debajo de la calle, estando los lagos construidos por encima de los suelos de trabajo del trujal </p>\n<p>Estos grandes depósitos están construidos con ladrillo macizo unido con un  cemento especial. Los exteriores de los depósitos están hechos a ladrillo caravista, con una perfecta colocación a soga y tizón, con la junta muy bien llagueada. Los interiores están forrados con cemento, redondeando los ángulos del vaso.</p>\n<p>La modernidad de estos depósitos en evidente, no solo por la técnica constructiva sino por la contradicción con la otra parte, ya que los lagos interfieren en la zona donde debería de estar situada la gran viga de madera que se alojaría entre los grandes sillares de la “capilla” y donde estarían los mecanismos para poder levantar y bajar dicha viga.</p>\n<p>Esta parte más moderna correspondería a una fase del trujal en que ya funcionaría con prensas hidráulicas, aunque no se ha localizado la zona donde estaría situada la nueva prensa, quizás en una zona exterior a los depósitos y a una cota cercana a la de la calle, pudiendo llenarse los lagos por gravedad.</p>\n<p>Los rellenos de escombro y basura que había sobre los suelos y los lagos indican que los espacios estuvieron libres hasta muy adelantado el siglo XX, aunque ya no en uso como trujal, pues nadie del entorno recuerda esta actividad en fechas posteriores a la Guerra Civil, recordándose en las escrituras de propiedad posteriores a los años 60 del siglo XX la existencia de un antiguo trujal de aceite, por lo que bien se pude poner esta fecha de la contienda como final del trujal, siendo los lagos de unas décadas anteriores.</p>\n<p>Las piedras principales del trujal, que forman la \"capilla\", la losa de prensado y las piletas de piedra, se recolocaron en un lugar cercano, donde son visibles.</p>\n", "ubi_mat_dep_perm": "Almacén Servicio Arqueología Gobierno de Navarra.", "ubi_mat_falta_depos": null, "ubi_mat_dep_tempo": null, "bibliografia": null, "colaboradores": null }, "geometry": { "type": "Point", "coordinates": [ -1.606512893799938, 42.063257479379729 ] } },
{ "type": "Feature", "properties": { "fid": 1971, "numero_int": 90, "denominacion": "Necropolis Torre Monreal 2019", "n_sigla": "TUD122/19/_0", "direccion": "Calle Torre Monreal. Portal: 11", "fecha": "Febrero-Julio 2019 ", "z_pepri": null, "director": "Óscar Sola Torres, Jesús Sesma Sesma, Jesús García Gazólaz", "promotor": "Gobierno de Navarra. Departamento de Educación ", "descrip_restos": "<p>El yacimiento de la necrópolis de Torre Monreal se encuentra en el entorno de la Torre Monreal-Corazón de María, situada en uno de los cabezos que circunda la ciudad de Tudela.</p>\n<p>La necrópolis fue descubierta en 2019 durante los trabajos de ampliación y remodelación del colegio CPEE Torre Monreal de Tudela. Hasta entonces, se desconocía la existencia de una maqbara en ese lugar. Aunque había constancia de hallazgos de restos óseos humanos en la zona, la tradición local los atribuía a episodios de la Guerra de la Independencia o a antiguas epidemias.</p>\n<p>Fue en 2019 cuando se llevó a cabo una intervención arqueológica en el sitio, que permitió identificar y documentar una necrópolis adscrita al rito islámico.</p>\n<p>La excavación arqueológica en 2019, desarrollada en una superficie de 750 m2, se realizaron durante las obras de ampliación del colegio CPEE Torre Monreal.</p>\n<p>Durante la excavación arqueológica se exhumaron un total de 366 sepulturas.</p>\n<p>Las tipologías de tumbas aparecidas son las características del ritual islámico:</p>\n-\t<p>Fosa simple (Fosa Darih): De esta tipología se han excavado 188 sepulturas, siendo la tipología de enterramiento más utilizada, hasta la fecha, en las zonas excavadas. Podemos diferenciar 2 subtipos:</p>\na)\t<p>Fosa simple con cubierta de adobes: Se excavaron 136 tumbas. Se trata de fosas que se presentaban adobes cubriendo la superficie de las fosas. Se encontraban dispuestas alineadas en bandas en paralelo, lo que denota una planificación del espacio cementerial. La orientación mayoritaria era de pies 40º-50º NE / cabecera 220º-230º SO, con una orientación a la quibla de 130º, marcada por la posición de la cara.</p>\n<p>Los enterramientos aparecían mayoritariamente en posición decúbito supino ligeramente ladeado. Se trataba de fosas que solían adaptarse a las medidas del finado. Se caracterizaban por ser estrechas, y poco profundas.</p>\n<p>Esta tipología de enterramiento aparecía seccionada y fragmentada por las otras tipologías de tumbas, lo que indica que fue la utilizada en los primeros momentos de uso de la necrópolis, perdurando hasta muy avanzado el S.XII.</p>\nb)\t<p>Fosa simple sin cubierta: Se han excavado 54 tumbas de este subtipo. Se trata de fosas que cortaban a las anteriores. Esta tipología de enterramiento no presentaba adobes en su cubierta, tenían una mayor profundidad y la disposición de los cuerpos en el interior de la fosa era en decúbito lateral derecho.</p>\n<p>La orientación podía variar, con 35 casos donde los pies estaban en dirección 40º-50º NE y la cabecera 220º-230º SO, con la cara en dirección 130º hacia la quibla. En otros 22 casos la orientación variaba notoriamente, con un trazado de los pies en dirección 80º-90º E y cabecera 240º-270º SO, con el rostro orientado 180º a la quibla.</p>\n<p>El relleno de las fosas estaba formado principalmente por gravas, que solían estar acompañadas de fragmentos de adobe, correspondientes a las cubiertas de sepulturas preexistentes, tipo 1a, a las que habían seccionado.</p>\n<p>Este modelo de sepultura estaría en uso entre mediados del S.XII y mediados del S. XIII.</p>\n-\t<p>Fosa con subfosa (Fosa Shaqq): Se trata de una tipología representada escasamente en 25 tumbas, lo que representaba apenas del 6% del total de fosas excavadas.</p>\n<p>Los individuos, mayoritariamente adultos, aparecen en posición decúbito lateral derecho. La anchura y una profundidad era mayor que en el caso de la fosa simple con cubierta de adobes.</p>\n<p>Respecto a su orientación, 10 de las fosas presentaba la orientación estándar de esta necrópolis, con los pies orientados en dirección 40º-50º NE y la cabecera 220º-230º SO, con la cara orientada 130º a la quibla, y otras 12 presentaban un cambio en la orientación, con un trazado de pies 80º-90º NE / cabecera 240º-270º SO, con el rostro orientado 180º a la quibla.</p>\n<p>El uso de este modelo de sepulturas se ha datado desde el último cuarto del S. XII hasta avanzado el S. XIII.</p>\n-\t<p>Fosa con covacha (Fosa Lahd): Se trata del modelo más característico de esta necrópolis, con un total de 138 sepulturas descubiertas que siguen esta tipología.</p>\n<p>La orientación predominante de los cuerpos era con los pies en dirección 40º-70º NE y cabecera 220º-250º SO, y el rostro orientado a 130/145º en dirección a la quibla.</p>\n<p>Un aspecto llamativo de esta tipología era la profundidad de algunas de las sepulturas de individuos adultos, que oscilaban entre 0,70 m y 1,70 m.</p>\n<p>En cuanto a la posición de los cuerpos, la mayoría aparecían en decúbito lateral derecho, con rotación a prono. Este fenómeno probablemente se deba a movimientos postposicionales ocurridos tras la introducción del cuerpo en la fosa y el posterior empuje causado por el rellenado tierras de la fosa. </p>\n<p>La disposición de las fosas evidencia una organización del espacio, ya que se encuentran distribuidas con cierta alineación, sin superposiciones, reutilización de espacios ni afecciones entre otras.</p>\n<p>Esta tipología de sepultura estuvo en uso desde mediados del S.XIII hasta el siglo XV.</p>\n-\t<p>Se han reconocido dos casos de depósitos secundarios colectivos en Osarios, cuyas características los convierten en tipos funerarios de gran singularidad.</p>\n<p>Ocupaban espacios de tendencia circular, de aproximadamente 2,5 m de diámetro, en los que fueron depositados restos óseos de forma dispersa sin conexión anatómica. Estos osarios estaban sobre el propio estrato geológico, sin superponerse a sepulturas preexistentes.</p>\n<p>Es muy probable que los osarios comenzaran a ser utilizados en la primera mitad del S. XII, cuando el uso continuado del espacio cementerial pudiera estar delimitado. La necesidad de realizar nuevos enterramientos en el terreno conllevaría la necesidad de reutilizar el espacio funerario, lo que llevó a la apertura de nuevas fosas sobre sepulturas preexistentes. Como consecuencia se produjo la ruptura y exhumación parcial de cuerpos previamente enterrados, cuyos restos fueron depositados en los osarios.</p>\n<p>Uno de los aspectos más destacados de esta necrópolis es la aparición de objetos que acompañaban a los cuerpos en 26 enterramientos. Se trata de anillos, pendientes, collares o hebillas, que actualmente están en proceso de estudio.</p>\n<p>La austeridad es algo que es habitual que caracteriza a las maqabir, y en nuestro caso no es una excepción, ya que estos enterramientos con objetos representan sólo el 5,6 % del total de sepulturas excavadas.  La mayoría de estos objetos se data entre los S. XIII al XV, y han sido hallados principalmente en enterramientos de fosa con covacha lateral.</p>\n<p>Respecto a los datos antropológicos, un análisis preliminar de los estudios, indica que la estatura media de los individuos adultos era aproximadamente 1,64 m en varones y 1,57 en mujeres.</p>\n<p>Conclusiones:</p>\n<p>Se trata del cementerio utilizado por la comunidad musulmana que residió en Tudela durante el periodo mudéjar, que abarca desde el año 1119, año de la conquista cristiana de la ciudad, hasta el año 1516, momento de expulsión de los musulmanes del reino de Navarra. Si bien la maqbara en su conjunto corresponde a la comunidad mudéjar y a su contexto histórico, algunas muestras de C14 han proporcionado fechas de los ss. X-XI.</p>\n<p>Este cementerio ha perdurado casi milagrosamente hasta nuestros días, inmerso en pleno casco urbano de Tudela. Su descubrimiento puede considerarse uno de los mayores hitos de la arqueología navarra en los últimos años. Se trata de un espacio que alberga los restos de la mayor comunidad mudéjar del reino de Navarra, con 400 años de uso continuado.</p>\n<p>Los trabajos arqueológicos están permitiendo poder conocer aspectos como la evolución del propio ritual funerario durante estos 4 siglos, sustentado en análisis como sus tipologías, relaciones estratigráficas entre sepulturas, las 18 dataciones de Carbono 14 que se han realizado y estudio del material cerámico aparecido en algunos de los rellenos de las fosas.</p>\n", "ubi_mat_dep_perm": "Almacen de arqueología del Gobierno de Navarra en Cordovilla. ", "ubi_mat_falta_depos": null, "ubi_mat_dep_tempo": null, "bibliografia": "SOLA, Ó.; SESMA, J.; GARCÍA, J.; JIMÉNEZ, J.; VILLANUEVA, O.; TIRAPU, M.; PÉREZ, P. “La maqbara de Torre Monreal (Tudela). Proyecto de estudio de una comunidad islámica en el Reino de Navarra”.  ACTAS DEL VII CONGRESO DE ARQUEOLOGÍA MEDIEVAL (España-Portugal) Sigüenza, marzo 2023. Págs-373-380.", "colaboradores": "Topógrafo: Tecnitop\nAntropóloga: Maitane Tirapu de Goñi. \nEquipo de investigación de la necrópolis: Desde el Gobierno de Navarra, en colaboración con varios centros (Universidades de Valladolid y País Vasco y Museo de Ávila), y otros especialistas, se ha iniciado el estudio de este cementerio, el mayor de la comunidad islámica conocido en el Reino de Navarra hasta la fecha. \nLa investigación se ha dividido en varias áreas:  El análisis histórico-arqueológico está a cargo de Jesús Sesma Sesma, Jesús García Gazólaz y Óscar Sola Torres. El estudio de los objetos hallados lo realizan Olatz Villanueva Zubizarreta y Javier Jiménez Gadea, mientras que el análisis antropológico lo acometen Maitane Tirapu de Goñi y Patxi Pérez Ramallo. Finalmente, la investigación histórica la lleva a cabo Aitor Pescador Medrano." }, "geometry": { "type": "Point", "coordinates": [ -1.60368182492837, 42.057727667538423 ] } },
{ "type": "Feature", "properties": { "fid": 1972, "numero_int": 93, "denominacion": "Av Barrio 46", "n_sigla": "TUD122.21.1._0", "direccion": "Calle Avenida del Barrio 46", "fecha": "Agosto 2020, Marzo-Julio 2021, abril-mayo 2023. ", "z_pepri": null, "director": "Óscar Sola Torres. ", "promotor": "Residencial Torre Monreal, S.L.", "descrip_restos": "<p>En el año 2020, dentro de la campaña de sondeos realizados para conocer la extensión de la necrópolis de Torre Monreal, se llevaron a cabo 5 sondeos en el solar situado en la Avenida del Barrio (AB) nº 46 de Tudela. Tres de los cuales dieron resultado positivo, localizando enterramientos asociados con la maqbara.</p>\n<p>Sobre este terreno, de 625 m2, se iba a llevar a cabo el inminente derribo de la vivienda de planta baja allí existente, para proceder a la construcción de un edificio, lo que conllevaría afecciones en el subsuelo. Ante este hecho, se consideró necesaria la realización de una intervención arqueológica de urgencia sobre el terreno afectado por el proyecto de obra, que fueron desarrolladas en dos fases. Una en entre los meses de marzo-julio de 2021 y otra en los meses de abril y mayo de 2023.</p>\n<p>Los trabajos arqueológicos consistieron en realizar un decapado mecánico de la superficie de terreno al objeto de poder localizar los enterramientos que perdurasen en el terreno. Este proceso de trabajo ha permitido poder descubrir y excavar 89 sepulturas distribuidas por la superficie del solar, las cuales iban a ser afectadas por el proyecto de obra.</p>\n<p>Tipología de sepulturas:</p>\n<p>En total, se han excavado 85 sepulturas, todas correspondientes a inhumaciones individuales, sin evidencia de reutilización ni superposición de fosas. De estas, 44 presentan la tipología de fosa con covacha o nicho lateral, mientras que las 41 restantes son fosas simples. Es probable que muchas de estas últimas correspondieran originalmente a fosas con covacha lateral, pero gran parte de su estructura ha desaparecido debido a desmontes del terreno, principalmente durante la construcción de la vivienda y el corral a mediados del siglo XX, así como al propio proceso de excavación.</p>\n<p>En estos casos, la identificación de las fosas resultó especialmente compleja, ya que muchas estaban prácticamente arrasadas, lo que dificultaba la diferenciación entre el relleno y el estrato geológico, compuesto por arcillas. Como consecuencia, en varias sepulturas solo fue posible reconocer su existencia a partir de la aparición de restos óseos.</p>\n<p>Los enterramientos siguen el ritual islámico de orientación de pies al Noreste y cabecera al Suroeste, con la cara del difunto hacia el Sureste (hacia La Meca).</p>\n<p>Todas las tumbas están excavadas sobre el estrato geológico formado por arcillas naturales, lo que proporciona un terreno adecuado para cavar sepulturas sin correr riesgo de quiebra o derrumbe de las mismas. Presentaban una potencia que podía ir desde los -0,20 m hasta 1 metro de profundidad.</p>\n<p>En buena parte de los casos nos encontramos los cuerpos en posición decúbito lateral derecho girado a prono (boca abajo). Según el ritual, el cadáver se depositaba en el interior del nicho o covacha lateral, con los cuerpos en posición decúbito lateral derecho (DLD). Sobre este nicho se colocaba una cubierta interior para formar una cámara hueca que permitiera al difunto incorporarse durante el interrogatorio al que le someten los dos ángeles la noche de su entierro. En la mayoría de los casos, esta cubierta estaba hecha de materiales perecederos y frágiles, que debían soportar la gran presión del relleno de grava y tierra de la fosa, lo que en muchos casos conllevaría el colapso de la cubierta provocando la entrada de las tierras en la covacha y el desplazamiento del cuerpo hacia una posición de decúbito posterior. El hecho de que los cuerpos aparezcan en esta posición, sin signos de alteración, sugiere que el proceso de descomposición aún no había concluido en el momento del colapso de las cubiertas interiores en aquellas tumbas que contaban con ellas.</p>\n<p>El estado de conservación de los huesos es bueno en los adultos. En los individuos infantiles su estado es malo, conservando apenas restos óseos.</p>\n<p>El tamaño de las fosas varía en función de las proporciones del difunto. Se ha podido observar que la distancia entre el cuerpo y las dimensiones de la cubeta presenta una mayor holgura entre los pies y el extremo de la cubeta, donde puede distar entre 20-60 cm de distancia.</p>\n<p>Ajuar: Se han localizado elementos de ajuar en 3 enterramientos, consistentes en anillos que los difuntos portaban en sus dedos. Lo que pese a representar un hecho anómalo según el ritual islámico, no lo parece tanto tal y como quedó constatado en la excavación realizada en el 2019 a escasos metros del terreno aquí excavado.</p>\n<p>Uno de los hallazgos más singulares de la excavación arqueológica en este solar ha sido el descubrimiento, en la sepultura n.º AB 93, de fragmentos de tableros de madera con posibles restos de pintura blanca. Estos fragmentos estaban dispuestos de manera transversal sobre el difunto, cubriendo una longitud de dos metros y abarcando toda la superficie de la fosa. Se trataría de una cubierta de madera que protegía y separaba el cuerpo del difunto del paquete de tierra con el que se rellenaba y colmataba la fosa.</p>\n<p>Este es el primer caso documentado en la necrópolis en el que se evidencia de manera directa el uso de tablas de madera como cubierta interior de una sepultura. En otros enterramientos, se han encontrado restos asociados, como clavos y otros elementos metálicos, que podrían estar relacionados con estructuras similares.</p>\n<p>Se han realizado análisis de C14 en los enterramientos nº AB 73 y AB 75, ambos correspondientes a fosa con covacha. El resultado de los mismos ha proporcionado un arco cronológico entre el año 1300 y el 1400, lo que nos lleva a considerar que esta zona de la necrópolis estuvo en uso en el s. XIV.</p>\n<p>No se ha constatado la reutilización de espacios, ni de fosas que se han visto afectadas por otras. En esta zona de la necrópolis se ha constatado que la disposición de las fosas muestra una organización del espacio. Se observa una ordenación interna en la que las sepulturas están alineadas en hileras, con espacios entre ellas. Asimismo, los enterramientos presentan una distribución equitativa, sin casos de superposición ni reutilización de fosas. Se produce una utilización y uso expansivo del espacio, por lo que explicaría la gran extensión de esta necrópolis, lo que denota que el cementerio no tendría una concreta, lo que explica que el cementerio se desarrolle y crezca en extensión.</p>\n<p>Ritual “hadiz de los pájaros verdes”:</p>\n<p>En el trascurso de la intervención arqueológica se descubrieron 5 agujeros u hoyos localizados junto a fosas de enterramiento. Se trata de un tipo de evidencia que puede estar asociada al depósito de ofrendas vinculadas con la celebración del ritual del “hadiz de los pájaros verdes”. Como señala CHÁVET LOZOYA, M. (2015. Pag 158): las almas de los mártires, niños y algunos personajes destacados permanecen en el buche de unos pájaros verdes que viven en el Paraíso bajo el trono de Dios a la espera de la Resurrección, y que regresan a sus tumbas todos los viernes al despuntar el día y se marchan al amanecer del sábado. Estas oquedades se disponen para contener agua o alimentos para ese día. Paralelos de estas ofrendas o recipientes, ya sea excavados en el terreno o portátiles, los tenemos a lo largo de la historia y territorios de dominio musulmán.</p>\n", "ubi_mat_dep_perm": "Almacén del gobierno de Navarra en Cordovilla", "ubi_mat_falta_depos": null, "ubi_mat_dep_tempo": null, "bibliografia": "SOLA, Ó.; SESMA, J.; GARCÍA, J.; JIMÉNEZ, J.; VILLANUEVA, O.; TIRAPU, M.; PÉREZ, P. “La maqbara de Torre Monreal (Tudela). Proyecto de estudio de una comunidad islámica en el Reino de Navarra”.  ACTAS DEL VII CONGRESO DE ARQUEOLOGÍA MEDIEVAL (España-Portugal) Sigüenza, marzo 2023. Págs-373-380.", "colaboradores": "Arquitecto: Bryaxis Arquitectos. Topografía: TEIR.\nFotogrametría: Óscar Sola. \nEquipo de investigación de la necrópolis: Desde el Gobierno de Navarra, en colaboración con varios centros (Universidades de Valladolid y País Vasco y Museo de Ávila), y otros especialistas, se ha iniciado el estudio de este cementerio, el mayor de la comunidad islámica conocido en el Reino de Navarra hasta la fecha. \nLa investigación se ha dividido en varias áreas:  El análisis histórico-arqueológico está a cargo de Jesús Sesma Sesma, Jesús García Gazólaz y Óscar Sola Torres. El estudio de los objetos hallados lo realizan Olatz Villanueva Zubizarreta y Javier Jiménez Gadea, mientras que el análisis antropológico lo acometen Maitane Tirapu de Goñi y Patxi Pérez Ramallo. Finalmente, la investigación histórica la lleva a cabo Aitor Pescador Medrano.\n" }, "geometry": { "type": "Point", "coordinates": [ -1.60469909964227, 42.057323274422394 ] } },
{ "type": "Feature", "properties": { "fid": 1973, "numero_int": 92, "denominacion": "Herrerias 8", "n_sigla": "TUD/124/18/2_0", "direccion": "Herrerías 8", "fecha": "2018-2019", "z_pepri": 2, "director": "Mari Cruz Pérez Omeñaca", "promotor": "Distribuciones Hermanos García BJC, S.L.", "descrip_restos": "<p>Tras el derribo de un edificio en la calle Herrerías del casco histórico de la ciudad y debido a los antecedentes que había de posible aparición de la muralla (calle Herrerías 10 y Herrerías 12) que cerraba toda esta parte de la ciudad tras la ampliación de la medina hasta el rio Queiles a comienzos del siglo IX, se vio en la necesidad de realizar sondeos arqueológicos y en función de los resultados una excavación en área de todo el solar.</p>\n<p>Esta intervención ha permitido ampliar el conocimiento que ya se tenía de las defensas medievales de la ciudad con un nuevo tramo de muralla islámica que presenta un torreón además de la barbacana, ya medieval cristiana posiblemente del siglo XIII que discurre paralela a la muralla. En cuanto a la barbacana, ha sido posible documentar un torreón hueco en el extremo sur. Al tratarse de un solar de medidas limitadas no se ha podido localizar el foso defensivo. Se ha podido constatar como la cava, el pasillo entre barbacana y muralla se ira rellenando de escombros en la edad media, hasta que en el siglo XVII se rellena el barranco que pasa por la actual calle para urbanizarla y ampliándose las fachadas de los edificios hacia el centro de la calle. De ahí que en la excavación se haya documentado una bodega del siglo XIX que utilizaba parte de la antigua muralla como pared.</p>\n<p>La excavación permitió recuperar un tramo de muralla de unos 12 metros de longitud con un torreón macizo que sobresale de la misma unos 2 metros con un desarrollo de 5 metros. La muralla también conservaba parte del alzado de tapial muy deteriorado por faltas y parcheos de época moderna, con una altura máxima conservada de 3,5 metros.  El trazado de la muralla y el torreón es islámico, siendo probable que parte de los bloques de piedra (los que están unidos con mortero blanco) sean originales, aunque se aprecian reparaciones de época posteriores ya que aparecen piedras algo más pequeñas y con un mortero menos fino, de color amarillento y con abundantes gravas. Estas reparaciones es posible que pertenezcan a diversos momentos ya de época cristiana, pues la muralla quedo visible durante bastantes años hasta su desmantelamiento definitivo.</p>\n<p>En cuanto a la barbacana, se trata de un muro corrido de 1,20 metros de anchura construida probablemente a comienzos del siglo XIII. El torreón de la esquina sur de la barbacana sobresale 3,17 metros de la línea del muro conservándose una mayor altura que la línea de barbacana localizada con 2,30 metros de alzado. El muro de la barbacana cruza todo el solar con una longitud aproximada de unos 12 metros, siendo uno de los mayores fragmentos de este elemento militar hasta ahora descubiertos en toda la ciudad.</p>\n<p>Tras la construcción del nuevo edificio la mayor parte de los restos han quedado integrados en la nueva estructura no siendo visibles por parte de la ciudadanía.</p>\n", "ubi_mat_dep_perm": null, "ubi_mat_falta_depos": null, "ubi_mat_dep_tempo": null, "bibliografia": null, "colaboradores": null }, "geometry": { "type": "Point", "coordinates": [ -1.607172908006803, 42.06240693377196 ] } },
{ "type": "Feature", "properties": { "fid": 1974, "numero_int": 7, "denominacion": "Magdalena 1985-1988", "n_sigla": null, "direccion": "Calle Portal 42 ", "fecha": "Concha Gaudó 1984.\nMaría Ángeles Mezquíriz 1985.\nJuan José Bienes 11 Noviembre 1985 a 28 Febrero 1986.\nJuan José Bienes 1988.\nBarzuzua 2024.\n", "z_pepri": 2, "director": "Concha Gaudó 1984.\nMaría Ángeles Mezquíriz 1985.\nJuan José Bienes Calvo 1985-86 y 1988.\nCarlos Zuza y Nicolás Zuazúa 2024.\n", "promotor": "Ayuntamiento de Tudela.\nGobierno de Navarra.\n", "descrip_restos": "<p>Santa María Magdalena es una pequeña iglesia románica que es citada muy tempranamente en la documentación tras la conquista cristiana, lo que indica la existencia del templo en la etapa mozárabe.</p>\n<p>En 1984 se procedió al derribo de todos los edificios adosados a la iglesia, incluidas tres capillas de los siglos XVII y XVIII, la sacristía y capilla del baptisterio, de siglo XVI. Quedó solo la nave románica de la iglesia original y dos capillas del siglo XVI quedando una iglesia con planta de cruz latina.</p>\n<p>Ese mismo año, un grupo de estudiantes del Instituto de Bachillerato Benjamín de Tudela, dirigidos por Concha Gaudó, comenzaron trabajos de excavación en una parte del solar. Se localizaron en una parte que posteriormente se comprobó era el acceso a una bodega. Los rellenos que excavaron fueron muy modernos.</p>\n<p>En 1985 María Ángeles Mezquíriz, directora del Museo de Navarra, hizo una excavación con medios mecánicos y manuales, en el lateral sur de la iglesia, en la zona más baja. Descubrió toda la superficie de la bodega, algunos enterramientos, y muros que planteó anteriores a la iglesia. No hay localizado informe de la actuación.</p>\n<p>Entre el 11 de Noviembre de 1985 y el 28 de Febrero de 1986 Juan José Bienes realizó 6 catas perpendiculares a la nave, siendo dos de ellas ampliadas.</p>\n<p>El mayor número de restos documentados corresponden a los enterramientos que durante la etapa medieval se localizaron alrededor de la iglesia. En un primer momento las tumbas fueron individuales, con lajas laterales y tapas de piedra, entre los siglos XII al XIV. De estas tumbas individuales se recuperaron cuatro estelas discoideas, que aparecieron tanto en las labores de derribo de las casas como en los trabajos de excavación.</p>\n<p>En una segunda fase, entre los siglos XIV al XVI, se construyeron fosas comunes, mejor construidas, en sillería; algunas con pisos formados por losas o lajas transversales que dejaban los cuerpos en pudrideros. En las tumbas se recuperaron importantes objetos de ajuar, siendo los más numerosos las monedas y las hebillas, destacando algunos dados, conchas de peregrinos, una daga, etc.</p>\n<p>La parte más importante se centraba en la localización de restos anteriores a la edificación de la iglesia del siglo XII, pero no se encontraron enterramientos ni cimentaciones de la hipotética iglesia mozárabe, descartando su existencia en el lugar de la actual.</p>\n<p>Se localizaron algunos muros y rellenos de cronología andalusí, entre los que destacan un umbral de puerta, cegado, con un suelo enlosado. Estas estructuras indicaban que la zona estaba ocupada por viviendas en la etapa anterior a la construcción de la iglesia.</p>\n<p>De mayor importancia fue el hallazgo de niveles arqueológicos de época romana, siendo la primera vez en Tudela en la que se encontraban en excavación y asociados a estructuras.</p>\n<p>Los niveles de época romana no se hallaron en toda la superficie de la excavación, solo en la zona de los pies de la iglesia y en la zona sur, habiendo desaparecido en la parte norte y cabecera. La mayor parte de las cerámicas halladas son de cronología bajo imperial, siglos IV al VI, con decoraciones estampilladas en cerámicas de barniz naranja. También se localizó un nivel arqueológico con cerámicas romanas de mejor calidad, siglos II-III.</p>\n<p>De mayor antigüedad, se localizaron algunos fragmentos de cerámicas de I Edad del Hierro en una pequeña zanja hecha en un nivel de gravas naturales.</p>\n<p>En 1988 Juan José Bienes realizó un sondeo en el interior, cerca de puerta de acceso al templo, durante las obras de construcción de la nueva sacristía y depósito de calefacción. Se volvieron a constatar los niveles arqueológicos de cronología andalusí, donde se encontró una hoz de hierro, y los de cronología tardo romana.</p>\n<p>En 2024, al hacerse las cimentaciones para soportar la cubierta de protección para la portada se realizaron 2 sondeos en los que se localizaron un total de 11 enterramientos. </p>\n", "ubi_mat_dep_perm": "Almacén Sección de Arqueología. Cordovilla.\nSala de Arqueología. Bodega Museo de Tudela.\nBodega del Palacio Marqués de Huarte, Archivo Municipal.\n", "ubi_mat_falta_depos": null, "ubi_mat_dep_tempo": null, "bibliografia": "<ul>\n    <li>BIENES CALVO, Juan José. Introducción al estudio de la cerámica musulmana en la ciudad de Tudela. En <i>Revista Turiaso nº 7</i>. Págs. 117 a 158. Tarazona, 1987.</li>\n    <li>BIENES CALVO, Juan José. Trabajos de Arqueología en Tudela 1986 – 1987. En <i>Revista Trabajos de Arqueología Navarra nº 7</i>. Págs. 360 – 364. Pamplona, 1987.</li>\n    <li>BIENES CALVO, Juan José. Desde la Prehistoria hasta el S. IX. En <i>El patrimonio histórico y medioambiental de Tudela, una perspectiva interdisciplinar</i>. Págs. 9 a 21. Tudela, 2001.</li>\n    <li>BIENES CALVO, Juan José. “Urbanismo”. En <i>Serie Retrospectiva y Futuro 802 – 2002 nº 5</i>. Tudela, 2002.</li>\n    <li>BIENES CALVO, Juan José. Vestigios del poblamiento romano bajo la ciudad de Tudela. En <i>Revista Cuadernos de Arqueología de la Universidad de Navarra nº 21</i>. Págs. 269 a 290. Pamplona, 2013.</li>\n    <li>MARÍN ROYO, Luís María. <i>Temas tudelanos III. La Tudela desconocida</i>. Aspectos recónditos de la historia de la ciudad. Culturas antiguas. Primeras huellas humanas. Reino de Tudela y dominación musulmana. Tudela, 2003.</li>\n    <li>HERNÁNDEZ VERA, José Antonio y BIENES CALVO, Juan José. Cerámicas hispano visigodas y de tradición en el Valle Medio del Ebro. En <i>Cerámicas tardorromanas y altomedievales en la Península Ibérica</i>. Págs. 307 a 319. Mérida, 2004.</li>\n</ul>", "colaboradores": "Proyecto de derribo de las construcciones y urbanización del entorno. José Ignacio Zuazu Moneo." }, "geometry": { "type": "Point", "coordinates": [ -1.604000250684097, 42.064970004452348 ] } },
{ "type": "Feature", "properties": { "fid": 1975, "numero_int": 6, "denominacion": "Torre Monreal 1985-2002", "n_sigla": "TU.TM.85.UE.x._0", "direccion": "Calle Torre Monreal 8 A ", "fecha": "19 y 20 de Julio de 1985.", "z_pepri": null, "director": "Juan José Bienes Calvo", "promotor": "Ayuntamiento de Tudela", "descrip_restos": "<p>La Torre Monreal es una atalaya de vigilancia que actualmente se localiza dentro del casco urbano de Tudela, dentro de una zona de parque y pinares, en el Barrio de Lourdes que se construye en los años 60 del siglo XX. </p>\n<p>Su origen es medieval, pero es demolida en el siglo XIX para construir la que actualmente se ve, una torre octogonal, con una forma que imita a la Torre del Oro de Sevilla, dentro del programa de fortificaciones que se realizan en la ciudad durante la Tercera Guerra Carlista en 1873. </p>\n<p>De su pasado medieval queda un zócalo en piedra, de planta rectangular, sobre el que se asienta el torreón más moderno. En su interior también se conserva el aljibe, un sótano abovedado revestido de mortero hidráulico y pintura roja. Originalmente no tuvo acceso, pero en el siglo XIX se perfora la bóveda con una estructura cilíndrica por donde discurrirá una escalera de caracol que comunicará todas las plantas de la torre.</p>\n<p>En 1985 se realizaron por parte del Ayuntamiento trabajos de excavación en el exterior para urbanizar y pavimentar, con un empedrado, el entorno de la torre. Se descubrió un foso poligonal, de poca profundidad, que rodeaba la torre y dos trincheras acodadas, una para acercarse a zonas de fusilería exterior y otra que llevaría a unas letrinas, con desagüe a la ladera del monte. Esta excavación también dejó al descubierto dos muros en ángulo de un edificio externo a la torre de época medieval.</p>\n<p>La excavación arqueológica consistió en la realización de un sondeo perpendicular la pared del foso de la torre moderna, viéndose que había restos de otro foso en relación con la torre medieval y rellenos con cerámicas que indicaban que la torre no era de cronología andalusí, como algunos autores habían establecido, sino de cronología medieval cristiana, fechándose en el siglo XII por un óbolo de Sancho VII el Fuerte.</p>\n<p>Las cerámicas analizadas aportaban muy pocos fragmentos andalusíes, siendo la mayoría de los siglos XII y XIII. Aún siendo una zona no doméstica, se recogieron algunas cerámicas decoradas en relieve, con fondo de engalba blanca y relieves pintados en negro (manganeso). También aparecieron algunos tubos de cerámica relacionados con aerófonos o trompas de llamada.</p>\n<p>En el año 2002 se proyectó la construcción de una cámara oscura, donde poder ver Tudela y su entorno a través de un sistema de prismas que proyectaban la imagen en una pantalla de mesa.</p>\n<p>Se vació el aljibe de escombro y se limpió el interior. En su interior aparecieron los escalones finales de la escalera de caracol que se construye en el siglo XIX, realizados en piedra caliza tallada, mientras que la parte desaparecida sería de madera.</p>\n<p>En las paredes del aljibe no existía ningún hueco de acceso a un túnel, ni señal de que hubiera sido tapado, desmintiendo la tradición de la existencia de un pasadizo que uniría la torre con la catedral y el castillo. Una tradición quizás fomentada por la existencia de las trincheras exteriores.</p>\n", "ubi_mat_dep_perm": "Almacén del Servicio de Arqueología. Gobierno de Navarra. Cordovilla.", "ubi_mat_falta_depos": null, "ubi_mat_dep_tempo": null, "bibliografia": null, "colaboradores": null }, "geometry": { "type": "Point", "coordinates": [ -1.606222311168397, 42.058826310511314 ] } },
{ "type": "Feature", "properties": { "fid": 1976, "numero_int": 9, "denominacion": "Mercado Abastos 1986", "n_sigla": "TU.MA.86.(nivel).x_0", "direccion": "Calle Concarera nº 3\n", "fecha": "4 al 16 de Diciembre de 1986. \nMarzo 2007. ", "z_pepri": 3, "director": "Juan José Bienes Calvo 1986.\nLuís Navas Cámara 2007.\n", "promotor": "Ayuntamiento de Tudela.", "descrip_restos": "<p>Dos son las intervenciones arqueológicas realizadas. En 1986 en las obras de remodelación integral del mercado y el 2007 en las obras de construcción de un supermercado en el patio central.</p>\n<p>El Mercado de Abastos de Tudela data de 1840, siendo de construcción nueva tras el derribo del Convento de la Merced. El antiguo mercado estaba formado por un gran patio rodeado de arcadas y filas de barracones en el centro. Muchos pensaban que estas arcadas serían parte del claustro del convento, pero se comprobó que eran obra nueva, viéndose las huellas de dos pisos del claustro en la pared que limita el mercado con las viviendas al norte del patio.</p>\n<p>En 1986 se hizo seguimiento arqueológico en las 32 zanjas para los pilares del nuevo mercado. De una de ellas, en la que aparecieron más restos, se hizo una ampliación y excavación manual hasta agotar niveles.</p>\n<p>Los materiales que se encontraron fueron restos del derribo del Convento de la Merced que se utilizaron para crear el plano de aterrazamiento para la construcción del Mercado. Se recuperaron varios elementos decorativos de alguna capilla, en yeso, entre los que destaca un escudo pintado con los emblemas de La Merced. También algunos azulejos de arista, polícromos, del siglo XVII.</p>\n<p>Fue notoria la falta de niveles antiguos, sobre todo de cronología andalusí, en una zona relativamente cercana a la mezquita. Se planteaba así, por primera vez, la teoría de que entre la parte posterior de la mezquita y las murallas paralelas al río Queiles no existía una zona completamente urbanizada, sino que disponía de espacios abiertos para huertas y recintos para el ganado.</p>\n<p>En 2007, ante la poca afluencia de personas al Mercado y el lento abandono de los pocos puestos que se ocuparon tras las obras de 1986, se proyectó ocupar el patio central con un supermercado, para lo cual fue preciso hacer pilares para la sustentación de la cubierta. En dicha obra se plantearon 11 sondeos en los que solo en tres de ellos hubo restos arqueológicos. En el resto apareció un potente estrato de escombros fruto el derribo del convento entre 1838 y 1840 además de conducciones de hormigón contemporáneas. En esta intervención fue posible la recuperación de estructuras de la fase del convento con varios muros de mampostería y unos suelos de ladrillos y de cantos rodados. El único resto anterior a esta fase del convento se trató de un pozo posiblemente de agua colmatado con un relleno que poseía lozas del siglo XVII.</p>\n<p>Uno de los elementos documentados más interesantes fueron los restos de un espacio subterráneo abovedado y con acceso por escaleras que daba servicio al mercado del siglo XIX, tratándose de una fuente utilizada para conservar el pescado en las aguas limpias que surgían en su fondo.</p>\n<p>Lo parcial de la excavación no permitió concretar más sobre la atribución de los restos hallados a un edificio concreto ni plantear ningún tipo de reconstrucción.</p>\n\n", "ubi_mat_dep_perm": "Almacén Sección de Arqueología. Cordovilla.", "ubi_mat_falta_depos": null, "ubi_mat_dep_tempo": null, "bibliografia": "<ul>\n    <li>BIENES CALVO, Juan José. Trabajos de Arqueología en Tudela 1986 – 1987. En <i>Revista Trabajos de Arqueología Navarra nº 7</i>. Págs. 360 – 364. Pamplona, 1987.</li>\n</ul>", "colaboradores": null }, "geometry": { "type": "Point", "coordinates": [ -1.605706728243665, 42.062678008653023 ] } },
{ "type": "Feature", "properties": { "fid": 1977, "numero_int": 8, "denominacion": "Bodega de la Calle Roso", "n_sigla": "Null_0", "direccion": "Calle Plaza Vieja 1", "fecha": "1983 a 1986", "z_pepri": 2, "director": "Julio Segura Moneo (Archivero).", "promotor": "Ayuntamiento de Tudela.", "descrip_restos": "<p>La bodega de la calle del Roso se localiza en una vivienda que adquirió el Ayuntamiento con objeto de ampliar sus oficinas, estando adosada al edificio principal. Bajo ella se localizó una bodega tapiada, casi totalmente colmatada de tierra y escombro. La bodega es de grandes dimensiones y está construida con piedra, incluida la totalidad de su bóveda, pudiendo fecharse en el siglo XIV.</p> \n<p>Optando por recuperar este espacio, la brigada de obras del ayuntamiento comenzó a realizar el vaciado, comprobando que aparecía gran cantidad de cerámica, pues la bodega había sido utilizada como pozo ciego por varias viviendas. Julio Segura, archivero del ayuntamiento, se interesó por los restos y mandó que se recogieran todos los fragmentos. La labor fue lenta, pues se trabajaba principalmente en días de lluvia, cuando la brigada no podía trabajar en la calle.</p>\n<p>Así entre los años 1983 y 1986 se fue vaciado poco a poco. A finales de 1986 Juan José Bienes, como arqueólogo municipal, retomó las labores de excavación, pero prácticamente ya estaba toda vaciada. Con un grupo de voluntarios se procedió a la limpieza de todos los materiales cerámicos que se habían ido guardando en barquillas. El resultado fue la obtención de una ingente cantidad de cerámicas populares de los siglos XVII, XVIII y XIX, entre las que destacan las producciones de lozas decoradas de los alfares aragoneses de Muel y Villafeliche, así como otras producciones de mejor calidad, nacionales y extranjeras, entre las que se incluyen porcelanas inglesas.</p>\n<p>Durante los trabajos de reintegración se echó en falta una metodología cuidadosa en la extracción de las cerámicas, pues muchas formas habrían sido tiradas prácticamente enteras. También era evidente que muchos fragmentos no se recogieron. Tras el pegado de muchas piezas se ha conseguido obtener un gran ajuar doméstico de cerámicas, también algunos vidrios, pertenecientes a clases acomodadas de la Tudela de finales de la Edad Moderna. Actualmente la bodega está rehabilitada y tiene acceso directo desde la planta baja del Ayuntamiento, utilizándose como sala de eventos.</p>", "ubi_mat_dep_perm": "Almacén de Arqueología del Gobierno de Navarra en Cordovilla. \n", "ubi_mat_falta_depos": null, "ubi_mat_dep_tempo": null, "bibliografia": null, "colaboradores": null }, "geometry": { "type": "Point", "coordinates": [ -1.606018996242776, 42.063680372550742 ] } },
{ "type": "Feature", "properties": { "fid": 1978, "numero_int": 3, "denominacion": " El Liceo", "n_sigla": null, "direccion": "Calle San Nicolás", "fecha": "2 al 15 de Junio de 1980.", "z_pepri": 2, "director": "María Ángeles Mezquíriz", "promotor": "Museo de Navarra.", "descrip_restos": "<p>La intervención arqueológica en el Solar del Liceo en 1980 fue una iniciativa de la directora del Museo de Navarra, María Ángeles Mezquíriz, con la intención de buscar restos de la Tudela islámica y unos baños documentados en la parroquia de San Nicolás.</p>\n<p>El sondeo, de 70 m2, proporcionó tres niveles arqueológicos, correspondiente el superior a la destrucción de los edificios de los siglos XVIII – XIX, y los otros dos de los siglos XIV – XVI.</p>\n<p>Las estructuras documentadas corresponden a zonas de vivienda doméstica y corrales, con cronología bajo medieval. Las cerámicas recuperadas son también de esta cronología, aunque hay algunos fragmentos reconocibles de cronología andalusí.</p>\n<p>El que no se hallaran niveles de ocupación andalusí en esta zona no implica que no existan en zonas cercanas, como quedó demostrado en la excavación de 1995 en una parte más alejada de la orilla del río Mediavilla.</p>\n", "ubi_mat_dep_perm": "Almacén Sección de Arqueología. Cordovilla.", "ubi_mat_falta_depos": null, "ubi_mat_dep_tempo": null, "bibliografia": null, "colaboradores": null }, "geometry": { "type": "Point", "coordinates": [ -1.607591429786397, 42.064595003744962 ] } },
{ "type": "Feature", "properties": { "fid": 1979, "numero_int": 5, "denominacion": "Zona Pozos RA23 Cerro", "n_sigla": "TU.SB.86.x._0", "direccion": "Cerro Santa Barbara Sector 9 RA 23 Sector Pozos", "fecha": "Excavación, 1985 y 1986.\nPuesta en valor, 2024.\n", "z_pepri": 1, "director": "1985-86 Julio Segura Moneo - Juan José Bienes Calvo.\n2024 Juan José Bienes Calvo - Oscar Sola Torres.\n", "promotor": "Ayuntamiento de Tudela.", "descrip_restos": "<p>Durante los años 1984 y 1985, el Ayuntamiento de Tudela acometió obras en el Cerro con el fin de contener mediante muros algunos taludes de tierra y crear accesos por escaleras entre las diferentes terrazas del monte.</p>\n<p>Al cortar la ladera derecha en el último tramo de la carretera que sube a la plataforma superior, se tocó una potente estructura de piedra y argamasa que protegía un pozo realizado en piedra caliza de sillería. También se cortaron dos muretes de argamasa.</p>\n<p>Con el beneplácito de la Institución Príncipe de Viana, se hicieron trabajos de excavación para descubrir el pozo de piedra en su totalidad, adentrándose en la ladera del monte hasta que se delimitó una estancia entre dos muros en ángulo recto construidos en mampostería y tapial. En su superficie, además del pozo de piedra, se localizó un depósito rectangular de argamasa blanca, el arranque de unas escaleras, dos pilares para soporte del piso superior y una puerta de acceso a otra estancia que se adentraba en el corte del monte. Una excavación más minuciosa del suelo, pudo fechar el abandono del conjunto a finales del siglo XII o principios del XIII, y descubrir un segundo depósito más pequeño, a ras de suelo, al que vertía un canalillo de piedra desde el depósito mayor. La conservación de los muros superaba en algunos puntos los dos metros de altura.</p>\n<p>El muro de tapial se protegió con una estructura de bloques prefabricados, se reconstruyó la parte destruida del depósito grande y se colocó un suelo de cantos rodados. La erosión y el vandalismo han estropeado algunas de las estructuras y han desaparecido dos de las mejores piedras talladas.</p>\n<p>En 2024 se hicieron nuevos trabajos de limpieza y consolidación, además de un nuevo vallado y la colocación de un panel explicativo.</p>\n<p>La interpretación que se expone es que el conjunto antiguo formaría parte de la planta baja de una casa de la Judería Nueva, donde existiría un lagar para el pisado de la uva en el depósito grande y recogida del mosto en el depósito pequeño. El mosto se pasaría a la bodega o zona de fermentación que estaría tras la puerta que se dejó vista al Norte de la estancia, pero ya sin excavar.</p>\n<p>Toda la estancia se amortiza y cubre con un relleno de tierra y escombro con el fin de aumentar la terraza superior en una ampliación del castillo en el siglo XIII.</p>\n<p>Será sobre el relleno para esta ampliación en el que se hará el foso para la construcción del pozo de piedra. Este pozo no sería muy profundo y contendría poca agua, por lo que se ha propuesto que pudiera servir para albergar el contrapeso de algún puente levadizo o rastrillo asociado a la puerta de entrada del recinto superior del castillo.</p>\n\n", "ubi_mat_dep_perm": "Almacenes del Servicio de Arqueología. Gobierno de Navarra. Cordovilla.\nSala de arqueología. Museo de Tudela. Palacio Decanal.\n", "ubi_mat_falta_depos": null, "ubi_mat_dep_tempo": null, "bibliografia": "<ul>\n    <li>BIENES CALVO, Juan José. Introducción al estudio de la cerámica musulmana en la ciudad de Tudela. En <i>Revista Turiaso nº 7</i>. Págs. 117 a 158. Tarazona, 1987.</li>\n    <li>BIENES CALVO, Juan José. “Urbanismo”. En <i>Serie Retrospectiva y Futuro 802 – 2002 nº 5</i>. Págs. 27, 35, 45 y 47. Tudela, 2002.</li>\n    <li>MARÍN ROYO, Luís María. <i>Temas tudelanos II. La Tudela desconocida</i>. Aspectos recónditos de la historia de la ciudad: El castillo. Las murallas. Pág. 39. Tudela, 2002.</li>\n</ul>", "colaboradores": null }, "geometry": { "type": "Point", "coordinates": [ -1.606593666019125, 42.066871750010556 ] } },
{ "type": "Feature", "properties": { "fid": 1980, "numero_int": 4, "denominacion": "Torreon Carlista RA11 Cerro", "n_sigla": "", "direccion": "Cerro Santa Barbara Sector 7 RA 11", "fecha": "1984", "z_pepri": 1, "director": "Juan José Bienes Calvo", "promotor": "Ayuntamiento de Tudela.", "descrip_restos": "<p>Excavación de los restos de un torreón circular que se sitúa en un ángulo del muro que forma el perímetro exterior de las fortificaciones que se construyen en el Cerro de Santa Bárbara durante la Tercera Guerra Carlista.</p>\n<p>La excavación descubrió la parte conservada del torreón, que consistía en parte del suelo empedrado, conservado en un 50%, la parte de las paredes construidas contra terreno y una estrecha puerta de acceso.</p>\n<p>El nivel arqueológico solo era un relleno de escombro, en ladera, con cantidad de trozos de ladrillos que formarían la bóveda que cubriría al torreón. La existencia de esta bóveda implica que estaría preparada para soportar peso, pudiendo situarse en la parte superior un parapeto para cañonera con acceso desde el plano aterrazado.</p>\n<p>En 1985 se realizaron, por parte del Ayuntamiento de Tudela, obras de protección en los taludes y escaleras de acceso entre las terrazas del Cerro. Durante estas obras se reconstruyó la planta del torreón y se le dio acceso al excavarse el pasillo en trinchera que acababa en la puerta excavada el año anterior.</p>\n\n", "ubi_mat_dep_perm": "Almacén del Servicio de Arqueología. Cordovilla.", "ubi_mat_falta_depos": null, "ubi_mat_dep_tempo": null, "bibliografia": null, "colaboradores": null }, "geometry": { "type": "Point", "coordinates": [ -1.607850839330136, 42.067028789132578 ] } },
{ "type": "Feature", "properties": { "fid": 1981, "numero_int": 14, "denominacion": "Solar Carrera y Claras", "n_sigla": null, "direccion": "Calle Carrera 16", "fecha": "6 al 24 de Septiembre de 1988", "z_pepri": null, "director": "Juan José Bienes Calvo", "promotor": "Ayuntamiento de Tudela", "descrip_restos": "<p>En este solar de la Calle Carrera estuvo el último edificio en derribarse para construir la nueva urbanización de la Plaza Sancho el Fuerte, siendo conocido todo el conjunto como el Solar de las Claras, ya que allí estuvo el convento de las monjas clarisas en Tudela.</p>\n<p>El objetivo de esta intervención fue la de poder localizar los restos de un canal que fue descubierto en las obras de construcción de la caja fuerte del Banco de La Vasconia (luego Banco Popular y hoy local de Stradivarius) en el que se habían reutilizado gran cantidad de sillares procedentes de una portada religiosa, algunas de ellas con tallas de imaginería, que se recogieron por el Ayuntamiento.</p>\n<p>En el solar se trazó una cata en trinchera, de 2 x 15 m, y a una distancia de 11,30 desde la fachada a la calle Carrera.</p>\n<p>En la excavación no se encontraron restos de dicho canal y solo aparecieron estructuras correspondientes a viviendas del siglo XIX y XX, siendo la más antigua, un potente muro que se marcaría como límite del convento de clarisas, con una cronología del siglo XVI.</p>\n<p>A un lado y otro del muro, los niveles arqueológicos fueron muy diferentes. A la parte norte, se localizó un relleno muy potente, que no se llegó a finalizar y que colmataba una gran fosa o cuenca rellenada en el siglo XIX. Quizás la orilla del río Queiles llegaba hasta aquí y los rellenos correspondían al aterrazamiento para encauzar el río y crear un plano donde trazar la Carrera de las Monjas. Este relleno contenía abundante escombro y cerámicas de varias épocas, pero en su parte inferior se encontraron abundantes efectos militares: botones, balas, piedras de fusil, etc, ya que algunos conventos fueron cuarteles y hospitales durante la Guerra de Independencia.</p>\n<p>Por el contrario, al lado Sur del muro, estos rellenos no existían, sino que había un plano nivelado para la adecuación de los terrenos del convento, bajo el cual se localizó un nivel arqueológico rico en cerámicas mudéjares, de los siglos XII y XIII, con cerámicas de \"cuerda seca\" y vidriadas de tradición almohade, entre las que destacaban los ataifores con decoración estampillada y las jarras con decoración en relieve.</p>\n<p>Todas estas cerámicas provienen de testares de alfareros que tendrían sus hornos cerca, como así se demostró en las siguientes excavaciones que se desarrollaron en la calle Carrera 15, en 2005.</p>\n<p>Este relleno amortizaba un pozo para extracción de agua que estaba rellenado con la misma capa de tierra y cerámicas.</p>\n\n", "ubi_mat_dep_perm": "Almacén Servicio de Arqueología. Gobierno de Navarra. Cordovilla.", "ubi_mat_falta_depos": null, "ubi_mat_dep_tempo": null, "bibliografia": "<ul>\n    <li>BIENES CALVO, Juan José. “Urbanismo”. En <i>Serie Retrospectiva y Futuro 802 – 2002 nº 5</i>. Págs. 38 y 41. Tudela, 2002.</li>\n</ul>", "colaboradores": null }, "geometry": { "type": "Point", "coordinates": [ -1.603912275062353, 42.061765084062436 ] } },
{ "type": "Feature", "properties": { "fid": 1982, "numero_int": 15, "denominacion": "PlazaVieja ", "n_sigla": null, "direccion": "Plaza Vieja", "fecha": "Abril-Junio 1993", "z_pepri": 2, "director": "Luis Navas Cámara ", "promotor": "Ayuntamiento de Tudela ", "descrip_restos": "<p>Durante los meses de abril, mayo y junio de 1993, con motivo de las obras de remodelación de la Plaza Vieja de Tudela, se llevó a cabo un seguimiento arqueológico y posterior excavación, que dejó al descubierto restos de la Mezquita Mayor de la Tudela islámica y una necrópolis cristiana posterior.</p>\n<p>La Plaza Vieja se encuentra delimitada en uno de sus lados por la Catedral. El templo cristiano comenzó a edificarse en la segunda mitad del siglo XII, tras la conquista de la ciudad. La advocación de la Colegiata a Santa María, hecho común en templos cristianos que sustituyeron antiguas mezquitas, así como la existencia en ella de elementos arquitectónicos de época califal (algunos reutilizados y otros exentos), hicieron pensar a varios autores que en el solar que hoy ocupa la Catedral estuvo ubicada anteriormente la mezquita.</p>\n<p>Época Moderna-Medieval Cristina:</p>\n<p>La excavación arqueológica descubrió una gran cantidad de enterramientos pertenecientes a la necrópolis cristiana más importante y extensa de la ciudad debido a su ubicación junto a la Catedral. Se pudo constatar una intensa utilización del espacio durante un prolongado periodo de tiempo, que abarcaba dese la construcción de la catedral en el siglo XII hasta los siglos XVII-XVIII.</p>\n<p>Antiguamente, en esta plaza se corrían toros, lo que dio lugar a un incidente con el Deán Cuéllar en el año 1617, debido a que dos terceras partes de este lugar eran tierra sagrada, al estar dedicadas a un cementerio parroquial.</p>\n<p>Se pudo observar un aprovechamiento muy intenso del espacio sin que existiera una ordenación con calles para circular, ni suelo preparado para caminar sobre las sepulturas, desarrollándose como una aglomeración. Las tumbas se encontraban muy próximas, en muchos casos colindantes. Existen tumbas superpuestas, conservándose varios niveles de enterramiento sin que exista entre ellos diferencias cronológicas o tipológicas.</p>\n<p>Dado que no era posible intervenir en todos los enterramientos, se excavó una pequeña muestra de la necrópolis, así como aquellas tumbas cuya destrucción era necesaria para el desarrollo de los trabajos de urbanización.</p>\n<p>Se constataron la existencia de tumbas de distinta tipología, clasificadas según los siguientes criterios:</p>\n<p>a) Según su construcción:</p>\n•\t<p>Tumbas de lajas: Sus paredes y tapas están formadas por losas y bloques de piedra, mayormente caliza. Algunas reutilizan materiales arquitectónicos de alabastro procedentes de la mezquita.</p>\n•\t<p>Tumbas excavadas en la tierra (fosas): Pueden presentar tapas de lajas o carecer de ellas.</p>\n<p>b) Según su forma en planta:</p>\n•\t<p>Rectangulares</p>\n•\t<p>Trapezoidales</p>\n•\t<p>Antropomorfas</p>\n•\t<p>De planta irregular</p>\n•\t<p>De planta oval (fosas)</p>\n<p>c) Según su capacidad:</p>\n•\t<p>Tumbas individuales: Algunas han sido reutilizadas y contienen restos de varios individuos.</p>\n•\t<p>Tumbas colectivas con dos niveles: Poseen un orificio de comunicación entre ambas plantas. La parte superior alberga enterramientos individuales, mientras que la inferior funciona como osario, permitiendo la reutilización del nivel superior. Se cree que fueron concebidas para un uso colectivo, posiblemente familiar.</p>\n•\t<p>Osarios: Destinados a la acumulación de restos de distintos individuos, procedentes del vaciado de otras tumbas.</p>\n<p>Tanto la reutilización de enterramientos individuales, como la presencia de tumbas de dos plantas y osarios nos indican también un aprovechamiento intenso de las tumbas y del espacio del cementerio.</p>\n<p>En la construcción de varias tumbas de lajas, se habían reutilizado elementos arquitectónicos de alabastro procedentes de la mezquita, tanto decorados como sin decorar. Se recuperaron: 9 modillones de rollo, una pieza de guarnición de arco y una pieza correspondiente a decoración mural (comienzos siglo XI). A esto hay que sumar un fragmento de inscripción en cúfico (siglo IX).</p>\n<p>El hallazgo de una estela discoidea y un fragmento de otra, indican que algunas de las tumbas se encontraban señaladas por estos elementos.</p>\n<p>Respecto al rito funerario, las tumbas se encontraban orientadas en dirección Suroeste-Noreste, igual que la catedral. Con los esqueletos en posición decúbito supino, con los brazos cruzados sobre el pecho o sobre el vientre. La mayor parte de los enterramientos se correspondían con individuos adultos.</p>\n\n<p>Periodo Andalusí (siglos IX-XII)</p>\n<p>En este lugar se hallaron restos de, hasta la fecha, la única Mezquita descubierta y excavada en Navarra.</p>\n<p>En las excavaciones realizadas en 1993 en la Plaza Vieja de Tudela aparecieron restos del patio de abluciones, concretamente la cimentación de parte de los muros perimetrales, algunos sillares exentos en que apoyaban las columnas que configuraban el riwaq, un pozo que ponemos en relación con las abluciones y la cimentación del alminar.</p>\n<p>La Mezquita Mayor de Tudela debió construirse según el modelo general que rigió la edificación de las mezquitas andalusíes. Presentan una orientación noroeste-sudeste y constan de tres partes fundamentales: una torre alminar (sawma'a), un patio de abluciones (sahn) y una sala de oración (iwan). El alminar, generalmente de planta cuadrada, aparece unido al patio de abluciones que puede constar de una zona porticada (riwaq). La sala de oración a la que se accede desde el patio por una arquería, posee un número impar de naves marcadas por filas de columnas. Al fondo se encuentra el muro de la alquibla en el que se ubica el nicho o mihrab situados ambos en dirección sureste, orientados hacia La Meca, ciudad santa a la que se dirige la oración.</p>\n<p>Estos restos corresponden a dos fases del edificio. Del período más antiguo, asociado a la mezquita fundacional, se conservan dos tramos de muros y el pozo de abluciones. Del segundo período, correspondiente a la ampliación de la mezquita, se documentaron la cimentación del alminar, así como otros tramos de cimentaciones y apoyos estructurales.</p>\n<p>De la última fase, se conservan algunas partes integradas en la catedral y otras que lo estuvieron hasta la restauración del claustro en los años cuarenta, de las cuales conocemos su ubicación original. Entre ellas, destacan un tramo del muro de la quibla y un tramo del muro perimetral que forma un ángulo recto con el anterior, alineado con su correspondiente en el patio. Asimismo, se halló una columna completa en su posición original durante la restauración del claustro de la Catedral. Los dos muros mencionados están construidos con sillares de alabastro y presentan una alternancia de sogas y tizones, característica de las construcciones islámicas.</p>\n<p>El hallazgo de estos restos, especialmente la aparición de apoyos y la presencia de contrafuertes ubicados a distancias equidistantes, junto con las dimensiones del alminar y la separación entre los apoyos y sus muros perimetrales, ha permitido realizar cálculos para reconstruir la planta del edificio en sus dos fases.</p>\n<p>Los restos más antiguos de la mezquita corresponderían al edificio inicial contemporáneo a la extensión de la medina hasta el río Queiles, a mediados del siglo IX. La ampliación se llevaría a cabo en la primera mitad del siglo XI, ya en el período de las taifas, con unos reyes que intentan reafirmar su poder político con obras tan importantes y propagandísticas como la mejora y ampliación de las mezquitas aljamas de las ciudades de su territorio. Esto ocurriría en la Tudela musulmana, cuya población muy aumentada respecto a la del siglo IX requeriría una mezquita capaz de acoger a un mayor número de fieles. Restos arquitectónicos, numismáticos y cerámicos confirman la primera mitad del siglo XI como fecha de la ampliación.</p>\n<p>En 1119 la ciudad de Tudela es introducida en el ámbito cristiano al caer por capitulación ante el rey Alfonso I el Batallador. Dentro de las condiciones pactadas se encuentra una que permite a los musulmanes conservar la mezquita, sus casas y propiedades dentro de la medina durante un año. En 1121 la mezquita será consagrada al culto cristiano. Las obras de construcción de un templo cristiano de nueva planta sobre el antiguo oratorio islámico se iniciarán hacia 1168. La orientación de la iglesia suroeste-noreste será perpendicular a la de la mezquita, hecho común en los templos cristianos construidos sobre templos islámicos. Otra característica usual en estos casos es la advocación de la iglesia a Sta. María. La iglesia, que comenzó a edificarse por el claustro, cabecera y crucero, conservaría adosada en un principio la sala de oración. Conforme se fueron construyendo las naves se iría derribando la mezquita.</p>\n<p>El patio, que con la consagración de la mezquita perdió su función ritual, fue destruido y el área se convirtió en un cementerio.</p>\n<p>Periodo romano:</p>\n<p>Se pudo constar la presencia de un nivel de tierras arcillosas localizado en una cata realizada junto al alminar, con presencia de material cerámico de época romana, así como de material de tradición indígena (fragmentos de Terra Sigilata Hispánica, engobada y de almacenamiento). </p>", "ubi_mat_dep_perm": "Sección de Arqueología. Gobierno de Navarra. Cordovilla.Almacén\nSala de Arqueología. Bodega Museo de Tudela. Palacio Decanal.\n", "ubi_mat_falta_depos": null, "ubi_mat_dep_tempo": null, "bibliografia": "<ul>\n    <li>IBAÑEZ ARTICA, Miguel, NAVAS CÁMARA, Luís y MARTÍNEZ ARANAZ, Begoña. El hallazgo monetario de la Plaza Vieja de Tudela. En <i>Revista del Centro de Estudios Merindad de Tudela nº 9</i>. Págs. 5 a 63. Tudela, 1998. <a target=\"_blank\" href=\"https://dialnet.unirioja.es/servlet/articulo?codigo=2604252\">Enlace al artículo</a></li>\n    <li>NAVAS CÁMARA, Luís y MARTÍNEZ ARANAZ, Begoña. Excavaciones en la Plaza Vieja de Tudela. La Mezquita Mayor. En <i>Revista Trabajos de Arqueología Navarra nº 11</i>. Págs. 137-139. Pamplona, 1994. <a target=\"_blank\" href=\"https://dialnet.unirioja.es/servlet/articulo?codigo=1373949\">Enlace al artículo</a></li>\n    <li>NAVAS CÁMARA, Luís y MARTÍNEZ ARANAZ, Begoña. La mezquita mayor de Tudela. Excavaciones arqueológicas. En <i>Actas del III Congreso General de Historia de Navarra</i>, 1994. <a target=\"_blank\" href=\"http://sehn.org.es/wordpress/wp-content/uploads/2017/07/congreso3_area1_navas.pdf\">Enlace al documento</a></li>\n    <li>NAVAS CÁMARA, Luís y MARTÍNEZ ARANAZ, Begoña. La mezquita mayor de Tudela. Excavaciones arqueológicas. En <i>Revista del Centro de Estudios Merindad de Tudela nº 6</i>. Págs. 5-18. 1994. <a target=\"_blank\" href=\"https://dialnet.unirioja.es/servlet/articulo?codigo=2604176\">Enlace al artículo</a></li>\n    <li>NAVAS CÁMARA, Luís y MARTÍNEZ ARANAZ, Begoña. Dos estelas discoideas de la Plaza Vieja de Tudela. En <i>Revista Cuadernos de Etnología y Etnografía nº 66</i>. Págs. 551 a 554. Pamplona, 1995. <a target=\"_blank\" href=\"https://dialnet.unirioja.es/servlet/articulo?codigo=369238\">Enlace al artículo</a></li>\n    <li>NAVAS CÁMARA, Luís y MARTÍNEZ ARANAZ, Begoña. Excavaciones en la Plaza Vieja de Tudela. La necrópolis cristiana y nuevos datos sobre la Mezquita Alhama. En <i>Revista Trabajos de Arqueología Navarra nº 12</i>. Págs. 91 a 174. Pamplona, 1996. <a target=\"_blank\" href=\"https://dialnet.unirioja.es/servlet/articulo?codigo=78977\">Enlace al artículo</a></li>\n</ul>", "colaboradores": null }, "geometry": { "type": "Point", "coordinates": [ -1.60543485576173, 42.06388969105798 ] } },
{ "type": "Feature", "properties": { "fid": 1983, "numero_int": 17, "denominacion": "Juderia II", "n_sigla": null, "direccion": "Calle Miguel Servet 2. ", "fecha": "Noviembre-Diciembre 1996", "z_pepri": 2, "director": "Mari Cruz Pérez Omeñaca. \n", "promotor": "VINSA (Viviendas Navarra S.A) y Ayuntamiento de Tudela. ", "descrip_restos": "<p>Los trabajos arqueológicos, dirigidos por la arqueóloga Mari Cruz Pérez Omeñaca, se llevaron a cabo en los meses de noviembre y diciembre de 1996, en un solar de aproximadamente 800 m2 ubicado entre las calles paseo Pamplona, Verjas y Miguel Servet, dentro del recinto medieval de Tudela. Esta área correspondía a una de las murallas medievales de la ciudad y a la Puerta de Zaragoza, cuyo nombre ha perdurado.</p>\n<p>Los trabajos se iniciaron con la realización de 2 sondeos arqueológicos que permitieron identificar la perduración de un tramo de la muralla defensiva de la medina, construida a mediados del siglo IX.</p>\n<p>La excavación arqueológica permitió poder documentar las estructuras que se conservaban en buena parte de la superficie el solar, en 400 m2. Los restos más destacados descubiertos en esta excavación fueron:</p>\n-\t<p>Muralla: El trazado de dicha muralla es paralelo a la calle Paseo de Pamplona y su cara exterior se conserva en su mayor parte bajo la calle, siendo posible la apreciación de la planta y grosor del muro en algunas zonas de la excavación. Se trata de un tramo de 36 m de largo con una anchura media de 2,20 m.</p>\n<p>La hilera superior conservada se encuentra a una profundidad de 1,50 m por debajo de la cota actual de la calle. La muralla está formada por dos paramentos exteriores de sillares y relleno interior. El paramento exterior mostraba, en su cara interna hacia la ciudad, grandes sillares de piedra caliza de tamaño irregular y sin almohadillar, mientras que la cara externa, orientada hacia el río Queiles, presentaba sillares de ejecución más cuidada, elaborados con bloques a soga y tizón, con mayor predominiio de tizones. Los sillares estaban unidos por un fino tendel de argamasa, y el relleno interior de los paramentos consistía en piedras de diversos tamaños, principalmente calizas, unidas con argamasa de cal y arena.</p>\n<p>Cronológicamente se corresponde al cerco de protección de la medina islámica ampliada, con toda probabilidad, por Mûsà ben Mûsà a mitades del siglo IX (852-860). El lienzo de muralla se localiza en el extremo Sur del solar, colindante y coincidente con el trazado de la calle Paseo de Pamplona, con una longitud total de 36 m.</p>\n-\t<p>Estancias-habitaciones: Estas dependencias se adosaban a la muralla. El conjunto urbanístico descubierto en la excavación aledaño a la muralla, está compuesto por un total de 10 habitaciones y una calle. Su disposición se adapta a la orientación del tramo de muralla y de la calle. Los materiales cerámicos encontrados en la zona indican que estas construcciones comenzaron a edificarse en el siglo XII, tras la conquista cristiana de la ciudad.</p>\n-\t<p>Calle: Se localizó un tramo de calle que articulaba el acceso a las diversas estancias. La calle tenía una anchura conservada máxima de 4 m. Se pudo localizar una losa con un agujero que pudo servir de sumidero para el agua. La configuración de la calle dataría de la misma época de construcción de las habitaciones, a partir del siglo XII.</p>\n-\t<p>Pozos: Se localizaron dos pozos de extracción de agua construidos con piedras regulares. Destaca el pozo n.º 1, donde se halló un brocal monolítico de piedra caliza de 82,5 cm de diámetro y altura, con ornamentación islámica mediante seis arcos trilobulados, con una línea incisa en la parte superior sobre la que se aprecian trazos oblicuos. El brocal está reutilizado. La decoración es similar a la de la pila de abluciones adscrita a la mezquita, aparecida en las obras de restauración de la Catedral de los años 1963-1968, y fechada en el siglo XI.</p>\n<p>Esta excavación, por su ubicación en los límites de la medina islámica, ha sido de gran importancia para el estudio de las defensas de la ciudad y de la evolución del urbanismo en la Tudela medieval.</p>\n<p>El elemento más antiguo de los que han aparecido en la excavación, y sin duda el más importante, es el lienzo de muralla islámica que defendía la ciudad en su límite con el río Queiles.</p>\n<p>El registro arqueológico indica que la ocupación urbana de la zona se remonta a los momentos posteriores a la conquista cristiana de la ciudad, a partir del año 1119.</p> ", "ubi_mat_dep_perm": "Almacén Servicio de Arqueología Gobierno de Navarra. Cordovilla.", "ubi_mat_falta_depos": null, "ubi_mat_dep_tempo": null, "bibliografia": "<ul>\n    <li>Pérez Omeñaca, M. Excavaciones de urgencia fase II de la plaza de la Judería (Tudela). En <i>Trabajos de Arqueología Navarra, Nº 16</i>. 2002-2003. Págs. 163-173.</li>\n    <li><a target=\"_blank\" href=\"https://dialnet.unirioja.es/servlet/articulo?codigo=751656\">https://dialnet.unirioja.es/servlet/articulo?codigo=751656</a></li>\n</ul>", "colaboradores": null }, "geometry": { "type": "Point", "coordinates": [ -1.603306360348404, 42.062744033205206 ] } },
{ "type": "Feature", "properties": { "fid": 1984, "numero_int": 16, "denominacion": "Plaza Yehuda ha Leví", "n_sigla": "TU.94.1.x. y TU.95.1.x._0", "direccion": "Plaza Yehuda ha Levy.", "fecha": "29 de Noviembre a 18 de Diciembre de 1994 y 21 de Marzo a 21 de Abril de 1995", "z_pepri": 2, "director": "Juan José Bienes Calvo", "promotor": "Ayuntamiento de Tudela", "descrip_restos": "<p>Esta intervención arqueológica se localiza en la que originalmente se llamó Manzana de la Rúa, un proyecto que se fundamentaba en la rehabilitación de dos edificios para uso público: la Casa de Veráiz para Museo Muñoz Sola y la Casa del Corro para sede el Consorcio EDER. El proyecto se completaba con la adecuación de los restos de la iglesia del Convento de San Antón y la reconversión en espacio público para aparcamiento de toda una serie de corrales y patios interiores que existían en el centro de la manzana. Estando tan cerca de la localización de los restos de la Mezquita, excavados en la Plaza Vieja en 1993, desde el Ayuntamiento se planteó realizar unos sondeos y un seguimiento arqueológico que documentara los posibles restos que pudieran aparecer del Convento de San Antón y niveles arqueológicos de cronología andalusí.</p>\n<p>En el proceso de excavación se diferenciaron dos fases. La primera, realizada en 1994, supuso la realización de 4 catas para determinar la evolución del poblamiento en esta parte de la ciudad. La segunda fase se hizo en 1995, partiendo de los datos aportados por los sondeos, realizándose un seguimiento de obra para determinar la evolución urbanística de la zona, antes de que se reconvirtiera en una reparcelación de corrales. También se realizó un quinto sondeo en una zona más baja del solar, donde los niveles andalusíes estaban más superficiales.</p>\n<p>El sondeo 1, de 2 x 7 m, se realizó cerca de la Casa de Veráiz, una zona de patio con escombro y muchas raíces, donde solo se localizó un pozo ciego con materiales del siglo XVIII.</p>\n<p>En el sondeo 2, de 2 x 9 m, se localizaron unos peldaños que daban acceso a una bajera donde se marcaban huellas de haber tenido tinajas. En el centro de la cata se descubre parte de una habitación con suelo de cal pintado de rojo. Su cronología puede ser medieval, pero no hay cerámicas para fechar. Tras un muro de separación y bajo varios pavimentos de patio, se localizó cubierto con losas, un nuevo pozo ciego construido con piedras, al que desaguaban dos canalillos. El cegado del pozo se fechó en el siglo XVII.</p>\n<p>El sondeo 3 comenzó con unas medidas de 2 x 5 m, pero se tuvo que ampliar a 5 x 5 m porque se localizó la parte medieval de un adarve que existía en la manzana y que ha desaparecido con las obras. Se constata su existencia desde época andalusí, dándose la peculiaridad de que la puerta de acceso a la vivienda se va apropiando del terreno de la calle conforme se van haciendo reformas. Dos de estas reformas de umbral, en épocas medieval cristiana y moderna, quedan registradas en la excavación.</p>\n<p>En la parte interior de la vivienda andalusí, se excava un sistema de recogida de agua mediante un pilar perforado de sillares de alabastro que recogerían agua de zonas superiores de la vivienda, desaguando en un pozo construido con piedras que tendría un canal de sobradera que llevaría el agua a otro depósito.</p>\n<p>El sondeo 4, de 3 x 8 m, localizó estructuras de una vivienda del siglo XVI, estas constan de un enlosado de piedra al exterior de una entrada que presenta dos puertas con doble hoja. Esta puerta daría acceso a una habitación con suelo de tierra y a un patio empedrado. Se profundiza en la habitación con suelo de tierra, llegando a niveles medievales, tanto cristianos como andalusíes.</p>\n<p>En 1995, viendo los datos aportados en los cuatro sondeos de 1994, se procedió a realizar una limpieza con pala excavadora para intentar documentar el trazado de los adarves que existieron en la parte superior del solar. Este sistema de adarves se refuerza en el siglo XII tras la conquista cristiana y con remodelaciones modernas, llega hasta el siglo XVIII en que se destruye para formar corrales y bajeras, ya sin acceso por callejas. En su origen medieval, estos adarves comunicaban la parte alta con la baja de toda la manzana, entre Plaza Vieja y Caldereros.</p>\n<p>Finalmente, en la parte baja del solar se realizó un sondeo de 2 x 7 m, en un lugar donde se apreciaban niveles arcillosos de cronología andalusí y restos de un muro con piedras de buena calidad.</p>\n<p>El muro estaba realizado con sillares reutilizados, con algunos elementos arquitectónicos pertenecientes al desaparecido convento de San Antón. Algunos de estos elementos se colocaron de forma decorativa en la obra. La construcción de este muro se fecha en el siglo XVI y está puesto en relación con parte de un depósito de agua cuadrado, tipo alberca, del que solo queda un lateral y restos del fondo. Estuvo realizado en piedra de sillería, con fondo de losas y con una capa gruesa de argamasa uniendo la obra por la cara no visible.</p>\n<p>En el sondeo también se documentaron niveles de cronología andalusí y restos de un silo para almacenar alimentos.</p>\n\n", "ubi_mat_dep_perm": "Almacén Servicio de Arqueología Gobierno de Navarra. Cordovilla.\nSala Arqueología. Bodega Museo de Tudela. Palacio Decanal.\n", "ubi_mat_falta_depos": null, "ubi_mat_dep_tempo": null, "bibliografia": "<ul>\n    <li>BIENES CALVO, Juan José. “Urbanismo”. En <i>Serie Retrospectiva y Futuro 802 – 2002 nº 5</i>. Págs. 35, 37 y 55. Tudela, 2002.</li>\n</ul>", "colaboradores": null }, "geometry": { "type": "Point", "coordinates": [ -1.606147679344835, 42.064292241934069 ] } },
{ "type": "Feature", "properties": { "fid": 1985, "numero_int": 11, "denominacion": "Cata RA18 Cerro", "n_sigla": null, "direccion": "Cerro de Santa Bárbara. (RA 18)", "fecha": "5 de Julio al 16 de Agosto 1987", "z_pepri": 1, "director": "Juan José Bienes Calvo", "promotor": "Ayuntamiento de Tudela.\nGobierno de Navarra.", "descrip_restos": "<p>En 1987, el Departamento de Educación y Cultura del Gobierno de Navarra ofertó al Ayuntamiento de Tudela sumarse a los Talleres de Actividades para Jóvenes que se habían desarrollado por primera vez en 1986. En este Taller, jóvenes voluntarios, harían trabajos de arqueología en el Cerro del Santa Bárbara y tendrían la oportunidad de conocer el entorno de la Ribera de Tudela con otras actividades de tipo lúdico.</p>\n<p>En un principio se planteó realizar trabajos de excavación en el principal tramo de muralla visible en el Cerro, en la pendiente abrupta sobre las vías del ferrocarril, pero ante la rudeza de los trabajos y la juventud de los voluntarios se optó por abrir un sondeo en una de las terrazas del Cerro para explicar la metodología de una excavación arqueológica.</p>\n<p>En la zona de muralla se limpió una zona entre dos grandes bloques verticales construidos con piedra y argamasa, sin una cara vista con piedras. Entre los dos bloques apareció un tercer bloque totalmente tumbado por efecto de la erosión.</p>\n<p>Para la actividad de excavación se marcó una cata de 10 x 3 m en una terraza orientada al Noroeste.</p>\n<p>Tras quitar una capa de niveles revueltos comenzaron a aflorar las primeras estructuras y suelos, viéndose que el proceso de recuperación de material de construcción de la fábrica del castillo y las casas de la judería, era muy alto.</p>\n<p>Se localizó una zona con suelo de losas, conservándose solo unas pocas en el rafe del corte Este de la cata, habiendo sido arrancadas en el resto. También se localizó el ángulo de dos muros, en cuyo espacio exterior quedaba, a ras de suelo, un depósito para líquidos revestido con mortero de cal, y con una losa en el fondo con una pequeña cazoleta tallada.</p>\n<p>Bajo la cota donde debería de haber estado el suelo de losas, aparecieron dos canales para agua que se unían en la cata. Estaban cubiertos con tapas planas de piedra y los laterales y el fondo también estaban formados por piedra. Estas estructuras formarían parte de viviendas instaladas entre los cercos de fortificación del castillo, donde se localizó la Judería Nueva, entre finales del siglo XII y 1498.</p> \n<p>También se localizó un muro arrasado que puede fecharse en la etapa andalusí.</p>\n", "ubi_mat_dep_perm": "Almacén Servicio de Arqueología Gobierno de Navarra. Cordovilla.", "ubi_mat_falta_depos": null, "ubi_mat_dep_tempo": null, "bibliografia": "<ul>\n    <li>BIENES CALVO, Juan José. Trabajos de Arqueología en Tudela 1986 – 1987. En <i>Revista Trabajos de Arqueología Navarra nº 7</i>. Págs. 360 – 364. Pamplona, 1987.</li>\n</ul>", "colaboradores": null }, "geometry": { "type": "Point", "coordinates": [ -1.607564782504856, 42.067425235838989 ] } },
{ "type": "Feature", "properties": { "fid": 1986, "numero_int": 10, "denominacion": "Cortapelaires 1", "n_sigla": null, "direccion": "Calle Cortapelaires 1", "fecha": "29 de Diciembre de 1986 a 8 de Enero de 1987.", "z_pepri": 2, "director": "Juan José Bienes Calvo", "promotor": "Ayuntamiento de Tudela", "descrip_restos": "<p>En un pequeño solar se marcó un sondeo de 2 x 2 m, ampliado a 2 x 3 m, con la colaboración de alumnos del Instituto Benjamín de Tudela.</p>\n<p>Los restos encontrados comprenden a un pozo de agua con un diámetro de 1,20 m, muros en relación con el pozo y otros pertenecientes a los cimientos de la casa derribada.</p>\n<p>En un principio se marcó una cata de 2 x 2 m, quitando enseguida los niveles contemporáneos y un muro que cruza la cata. Bajo este muro apareció otro ligeramente desviado y un relleno de piedras y tierra. Se mantiene el muro y se profundiza en el relleno. Tras una fase de limpieza se observa la estructura de un pozo circular de piedras cogidas con arcilla, situándose en la cata la mitad del pozo.</p>\n<p>Se amplíó la cata a 2 x 3 m para que el pozo se viera completo, descubriéndose al exterior un nivel de cenizas con cerámicas andalusíes y otro con cerámicas celtíbero romanas. Una vez sacado el círculo del pozo, se aprecia un proceso de ruina de las paredes del pozo que hizo que éste se rellenara con piedras y cerámicas islámicas procedentes de los niveles exteriores. En el pozo solo se rebajó hasta una cota de 50 cm por debajo del agua.</p>\n<p>En conclusión los niveles arqueológicos hallados son:</p>\n<p>Nivel a. De época contemporánea. Con escasa potencia, corresponde a la construcción o alguna remodelación de la casa derribada. Aparece alguna cerámica medieval y lozas contemporáneas. Aparece un muro de piedra y parte de un suelo de cemento.</p>\n<p>Nivel b. Se sitúa encima del pozo y está en relación con éste y los muros que le rodean. Tierra con algo de escombro en la que aparecen fragmentos aislados de cerámica árabe, junto con otros medievales de los siglos XV – XVI y alguno de época romana. Los restos de muros corresponden a la pequeña estancia que delimitaría el pozo y una losa que estaría en relación con el suelo y su cubrimiento.</p>\n<p>Nivel C. Corresponde al relleno del pozo. El material que se recoge dentro de él corresponde, en su mayor parte, a cerámicas que proceden del nivel d como consecuencia del derrumbe de parte de la pared superior del pozo. Esporádicamente aparece algún fragmento de cerámica medieval tardía. Entre la cerámica andalusí destaca gran parte del fondo de un arcaduz, una redoma vidriada y algunos fragmentos de ataifores vidriados. También aparecen algunos fragmentos de cerámicas romanas tardías, destacando un fragmento de cerámica gris estampillada con arquerías.</p>\n<p>Nivel d. Formado por un nivel de cenizas que se sitúa al exterior del pozo. Aparece gran cantidad de cerámica andalusí, junto con algunos fragmentos de época romana tardía. Entre los materiales andalusíes destacan tres ataifores vidriados y un ataifor de loza dorada. El perfil de los ataifores indica una homogeneidad cronológica que queda definida por la decoración de la loza dorada a finales del siglo XI o principios del siglo XII.</p>\n<p>El ataifor de loza dorada, denominado el Plato de los Leones, es de pie bajo, triangular, y perfil carenado; presenta una rica decoración con un medallón central en el que se representan dos leones enfrentados y separados por un árbol con grandes hojas o frutos. Toda la superficie entre el medallón y la carena se decora con tres orlas concéntricas; las exteriores formadas por una ancha banda dorada en las que se inscribe una línea de bucles esgrafiados mientras que la central está formada por la sucesión de una palabra, repetida, en pseudoescritura cúfica. Junto a este plato aparecieron dos fragmentos de otras piezas similares.</p>\n<p>Nivel e. Se sitúa en una zona inferior de los niveles que se encuentran al exterior del pozo. Se recogen restos de cerámicas celtibero romanas en un pequeño nivel de cenizas. Ninguna de ellas presenta decoración.</p>", "ubi_mat_dep_perm": "Almacén Sección de Arqueología. Cordovilla. \nMuseo de Tudela, sala de arqueología, bodega.\n", "ubi_mat_falta_depos": null, "ubi_mat_dep_tempo": null, "bibliografia": "<ul>\n    <li>BIENES CALVO, Juan José. Trabajos de Arqueología en Tudela 1986 – 1987. En <i>Revista Trabajos de Arqueología Navarra nº 7</i>. Págs. 360 – 364. Pamplona, 1987.</li>\n    <li>BIENES CALVO, Juan José. “Urbanismo”. En <i>Serie Retrospectiva y Futuro 802 – 2002 nº 5</i>. Págs. 24, 32 y 37. Tudela, 2002.</li>\n    <li>BIENES CALVO, Juan José. Tudela islámica. En <i>Villa 2: villes et campagnes de Tarraconaise et d’Al-Andalus</i>. Págs. 199 a 218. Zaragoza, 2007.</li>\n    <li>BIENES CALVO, Juan José. Vestigios del poblamiento romano bajo la ciudad de Tudela. En <i>Revista Cuadernos de Arqueología de la Universidad de Navarra nº 21</i>. Págs. 269 a 290. Pamplona, 2013.</li>\n    <li>ESCO, Carlos, GIRALT, Josep y SENAC, Philippe. En <i> Arqueología Islámica en la Marca Superior de Al-Andalus. Pág. 71. Huesca, 1988.</li>\n    <li>NAVAS CÁMARA, Luís y MARTÍNEZ ARANAZ, Begoña. El Patrimonio Islámico de Tudela. En <i>El patrimonio histórico y medioambiental de Tudela, una perspectiva interdisciplinar</i>. Págs. 33 a 51. Tudela, 2001.</li>\n    <li>MARÍN ROYO, Luís María. <i>Temas tudelanos I. La Tudela desconocida</i>. Aspectos recónditos de la historia de la ciudad: Fortificación de Tudela en el 802. Puente sobre el río Ebro. Pág. 21. Tudela, 2002.</li>\n    <li>ROSELLÓ BORDOY, Guillermo et alii. <i>Al Andalus. Las artes islámicas en España</i>. Pág. 237. Granada, 1992.</li>\n    <li>ROSELLÓ BORDOY, Guillermo. <i>Los jarrones de la Alhambra. Simbología y poder</i>. Págs. 192 y 193. Granada, 2006.</li>\n    <li>ZARDOYA, Amaya y BLAZQUEZ, Aurelia. <i>Guía Museo de Tudela</i>. Pág. 18. Tudela, 2009.</li>\n</ul>", "colaboradores": "Miguel Álvarez Muñoz" }, "geometry": { "type": "Point", "coordinates": [ -1.606659408059294, 42.065358746888556 ] } },
{ "type": "Feature", "properties": { "fid": 1987, "numero_int": 13, "denominacion": "Cerro Santa Barbara RA 17", "n_sigla": null, "direccion": "Cerro de Santa Bárbara. Sector 8. RA 17.", "fecha": "5 de Julio a 30 de Agosto 1988.", "z_pepri": 1, "director": "Juan José Bienes Calvo.", "promotor": "Ayuntamiento de Tudela. Gobierno de Navarra.", "descrip_restos": "<p>Al igual que en 1987, en 1988 se realizó un segundo Campo de Trabajo con voluntarios procedentes de Navarra y otras comunidades autónomas, a través de los Talleres para Jóvenes impulsados por el Gobierno de Navarra.</p>\n<p>Además de intervenir en la muralla del castillo, en otro sector se procedió a realizar un corte estratigráfico, aprovechando un talud escarpado donde se veían capas de cenizas a gran profundidad.</p>\n<p>Se marcó un frente de 7 m de longitud con la intención de dejar un plano lo más vertical posible donde quedasen registradas todas las capas o niveles arqueológicos excavados hasta llegar a niveles naturales, geológicos. De esta forma, analizando los objetos y las cerámicas halladas en cada estrato, tendríamos un estudio sobre las diferentes fases históricas por las que ha atravesado la población en el Cerro de Santa Bárbara.</p>\n<p>Los resultados en este sector superaron las previsiones, llegando a los 4 m de profundidad y encontrando, bajo los niveles de ocupación medieval, otros de poblamiento romano y pre romano, pudiendo remontarse los más antiguos a los siglos IX - VIII a. C, en los comienzos de la Edad del Hierro.</p>\n<p>Los niveles más superiores corresponder a niveles revueltos por la destrucción del castillo. Éstos eran atravesados por tres canalillos de drenaje que desaguaban en un muro de argamasa encofrada, límite de los patios que rodeaban el fortín militar del siglo XIX.</p>\n<p>En la escasa superficie que tenía el sondeo en sus primeras capas, apenas se pudieron documentar estructuras, siendo todo restos de fosas para desmontar estructuras. Entre éstas destaca una fosa o pozo que dividió la cata en dos partes, cortando todos los rellenos y estructuras más antiguas en dos, y llegando hasta las arcillas naturales. Se desconoce la razón para hacer esta fosa, que se adentra en el corte, pero su relleno fue rico en materiales cerámicos fechados entre los siglos XII y XIII.</p>\n<p>Una vez vaciada, a ambos lados se trabajó en niveles arqueológicos romanos y de II Edad del Hierro, etapa celtibérica, pero fue bajo ellos cuando comenzaron a aparecer estructuras asociadas a cerámicas manufacturadas a mano, de I Edad del Hierro.</p>\n<p>Bajo un suelo asociado a estos muros se localizó un enterramiento infantil que presentaba una pequeña pulserita en el brazo.\n<p>A mayor profundidad se encontraron cerámicas decoradas con acanaladuras y también con incisiones y excisiones, lo que otorgaba una gran antigüedad a estas decoraciones que unían la tradición del Bronce Final con el comienzo de la Edad del Hierro.</p>\n", "ubi_mat_dep_perm": "Almacén Sección de Arqueología. Gobierno de Navarra. Cordovilla.\nSala de Arqueología. Bodega Museo de Tudela. Palacio Decanal.\n", "ubi_mat_falta_depos": null, "ubi_mat_dep_tempo": null, "bibliografia": "<ul>\n    <li>BIENES CALVO, Juan José. Desde la Prehistoria hasta el S. IX. En <i>El patrimonio histórico y medioambiental de Tudela, una perspectiva interdisciplinar</i>. Págs. 9 a 21. Tudela, 2001.</li>\n    <li>BIENES CALVO, Juan José. “Urbanismo”. En <i>Serie Retrospectiva y Futuro 802 – 2002 nº 5</i>. Tudela, 2002.</li>\n    <li>MARÍN ROYO, Luís María. <i>Temas tudelanos III. La Tudela desconocida</i>. Aspectos recónditos de la historia de la ciudad. Culturas antiguas. Primeras huellas humanas. Reino de Tudela y dominación musulmana. Págs. 64 a 119. Tudela, 2003.</li>\n    <li>ORTA RUBIO, Esteban. <i>Tudela</i>. En <i>Serie Panorama nº 41</i>. Pág. 13. Pamplona, 2009.</li>\n</ul>", "colaboradores": null }, "geometry": { "type": "Point", "coordinates": [ -1.607187202573008, 42.067689357836052 ] } },
{ "type": "Feature", "properties": { "fid": 1988, "numero_int": 12, "denominacion": "Murallas RA10 Cerro", "n_sigla": null, "direccion": "Cerro de Santa Bárbara. Sector 6. RA 10", "fecha": "5 de Julio a 12 de Agosto 1988", "z_pepri": 1, "director": "Juan José Bienes Calvo.", "promotor": "Ayuntamiento de Tudela. \nGobierno de Navarra.", "descrip_restos": "<p>Al igual que en 1987, en 1988 se realizó un segundo Campo de Trabajo con voluntarios procedentes de Navarra y otras comunidades autónomas, a través de los Talleres para Jóvenes impulsados por el Gobierno de Navarra.</p>\n<p>Una de las tareas que se realizó fue la continuación del descubrimiento del muro de aterrazamiento para el núcleo principal del castillo, del que se acabó descubriendo un lienzo de 15,30 m de longitud y 7,50 m de altura máxima conservada, donde al comenzar, la altura no superaba los 3 m.</p>\n<p>Sorprendente fue el hallazgo de sillares de revestimiento en la cara exterior de esta muralla, sin que fueran arrancados en el expolio que se produce a partir del siglo XVI. Este revestimiento está realizado en aparejo regular, diferenciándose dos partes, una superior compuesta por cinco hiladas, con inclinación en talud, y otra inferior, con otras cinco hiladas de forma escalonada y que formarían parte del cimiento.</p>\n<p>La mayor parte de los sillares presentan marcas de cantero, con unos diseños que también aparecen en la catedral y el puente sobre el río Ebro, con una cronología del siglo XIII, o finales del XII.</p>\n\n", "ubi_mat_dep_perm": " Sección de Arqueología. Gobierno de Navarra. Cordovilla.Almacén\nSala de Arqueología. Bodega Museo de Tudela. Palacio Decanal.\n", "ubi_mat_falta_depos": null, "ubi_mat_dep_tempo": null, "bibliografia": "<ul>\n    <li>BIENES CALVO, Juan José. “Urbanismo”. En <i>Serie Retrospectiva y Futuro 802 – 2002 nº 5</i>. Pág. 49. Tudela, 2002.</li>\n    <li>MARÍN ROYO, Luís María. <i>Temas tudelanos II. La Tudela desconocida</i>. Aspectos recónditos de la historia de la ciudad: El castillo. Las murallas. Págs. 34, 258 y 259. Tudela, 2002.</li>\n</ul>", "colaboradores": null }, "geometry": { "type": "Point", "coordinates": [ -1.606388905742492, 42.067365524043637 ] } },
{ "type": "Feature", "properties": { "fid": 1989, "numero_int": 12, "denominacion": "Murallas RA10 Cerro", "n_sigla": null, "direccion": "Cerro de Santa Bárbara. Sector 6. RA 10", "fecha": "5 de Julio a 12 de Agosto 1988", "z_pepri": 1, "director": "Juan José Bienes Calvo.", "promotor": "Ayuntamiento de Tudela. \nGobierno de Navarra.", "descrip_restos": "<p>Al igual que en 1987, en 1988 se realizó un segundo Campo de Trabajo con voluntarios procedentes de Navarra y otras comunidades autónomas, a través de los Talleres para Jóvenes impulsados por el Gobierno de Navarra.</p>\n<p>Una de las tareas que se realizó fue la continuación del descubrimiento del muro de aterrazamiento para el núcleo principal del castillo, del que se acabó descubriendo un lienzo de 15,30 m de longitud y 7,50 m de altura máxima conservada, donde al comenzar, la altura no superaba los 3 m.</p>\n<p>Sorprendente fue el hallazgo de sillares de revestimiento en la cara exterior de esta muralla, sin que fueran arrancados en el expolio que se produce a partir del siglo XVI. Este revestimiento está realizado en aparejo regular, diferenciándose dos partes, una superior compuesta por cinco hiladas, con inclinación en talud, y otra inferior, con otras cinco hiladas de forma escalonada y que formarían parte del cimiento.</p>\n<p>La mayor parte de los sillares presentan marcas de cantero, con unos diseños que también aparecen en la catedral y el puente sobre el río Ebro, con una cronología del siglo XIII, o finales del XII.</p>\n\n", "ubi_mat_dep_perm": " Sección de Arqueología. Gobierno de Navarra. Cordovilla.Almacén\nSala de Arqueología. Bodega Museo de Tudela. Palacio Decanal.\n", "ubi_mat_falta_depos": null, "ubi_mat_dep_tempo": null, "bibliografia": "<ul>\n    <li>BIENES CALVO, Juan José. “Urbanismo”. En <i>Serie Retrospectiva y Futuro 802 – 2002 nº 5</i>. Pág. 49. Tudela, 2002.</li>\n    <li>MARÍN ROYO, Luís María. <i>Temas tudelanos II. La Tudela desconocida</i>. Aspectos recónditos de la historia de la ciudad: El castillo. Las murallas. Págs. 34, 258 y 259. Tudela, 2002.</li>\n</ul>", "colaboradores": null }, "geometry": { "type": "Point", "coordinates": [ -1.606309922884015, 42.067144763204091 ] } },
{ "type": "Feature", "properties": { "fid": 1990, "numero_int": 23, "denominacion": "Solar Muro 5-7 y San Julian 10-12", "n_sigla": null, "direccion": "Solar Calle Muro 5-7 y Calle San Julian 10-12", "fecha": "8 abril a 28 de mayo de 1999", "z_pepri": 3, "director": "Mari Cruz Pérez Omeñaca", "promotor": "PROINASA S.L.", "descrip_restos": "<p>Los trabajos dieron como resultados el descubrimiento y documentación de un nuevo tramo de la muralla que bordeaba la ciudad en su trazado paralelo al río Queiles. La muralla no coincidió, con la alineación de la fachada y la calle, sino que apareció prácticamente en el centro del solar, paralela a la calle y a una distancia de 8,5 metros de ésta.</p>\n<p>El lienzo de muralla descubierto tiene 13,5 metros de longitud, con un alzado máximo de 3 metros. Su anchura oscila entre 1,90 y 2 metros. El paramento estaba compuesto por dos paños exteriores de grandes sillares y un relleno interior de cascotes y argamasa de cal y arena. La cara exterior de los sillares no presentaba almohadillado.</p>\n<p>La estructura contaba con un torreón que sobresalía 1 metro respecto a la línea de trazado de la muralla. Su aparejo mostraba una alternancia de sogas y tizones.</p>\n<p>El tramo descubierto corresponde a la ampliación de la medina islámica realizada a mediados del siglo IX, bajo el gobierno de Mûsa ben Mûsa, de la dinastía de los Banû Qasî. Esta expansión del recinto amurallado extendió los límites de la ciudad desde el Mediavilla hasta el Queiles, estableciendo una delimitación urbana que se mantendría hasta el siglo XVII, cuando en Tudela se llevó a cabo la construcción de la actual Plaza de los Fueros y el cubrimiento del Queiles.</p>\n<p>Las murallas de la ciudad experimentaron importantes reparaciones a lo largo de los siglos. Esto pudo comprobarse en este sector, donde los sillares hallados en el lienzo no eran los originales, como evidenciaban su tamaño e irregularidad. El tramo de muralla descubierto presentaba zonas con varias reparaciones, incluyendo la presencia de ladrillos e hiladas regulares de piezas calizas de entre 40 y 50 centímetros de altura, dispuestas de manera irregular en sogas y tizones.</p>\n<p>También se encontraron restos pertenecientes al poblamiento urbano de esta zona a partir del siglo XII. En concreto, se identificaron siete estancias de pequeño tamaño, con excepción de una, que fue interpretada como un posible corral.</p>\n<p>La tardía urbanización de este sector de la medina y el uso de corrales ganaderos en la zona puede haberse mantenido en la toponimia de la puerta de la ciudad situada en las proximidades de este solar, la puerta de Albazares. El término árabe “albarcar” hace referencia a los espacios reservados para guardar ganado, lo que podía explicar el origen del nombre.</p>\n\n", "ubi_mat_dep_perm": "Almacén Sección de Arqueología. Cordovilla.", "ubi_mat_falta_depos": null, "ubi_mat_dep_tempo": null, "bibliografia": "<ul>\n    <li>PÉREZ OMEÑACA, Mª Cruz. El conjunto amurallado de Tudela. En <i>Revista del Centro de Estudios Merindad de Tudela nº 1</i>. Págs. 147 a 158. Tudela, 2005.</li>\n    <li><a target=\"_blank\" href=\"https://dialnet.unirioja.es/servlet/articulo?codigo=1403629\">https://dialnet.unirioja.es/servlet/articulo?codigo=1403629</a></li>\n</ul>", "colaboradores": null }, "geometry": { "type": "Point", "coordinates": [ -1.605178373711286, 42.062219469561256 ] } },
{ "type": "Feature", "properties": { "fid": 1991, "numero_int": 22, "denominacion": "Necropolis Palenque", "n_sigla": "1984: TU.EP.84.\n; 1998: Sin sigla.\n_0", "direccion": null, "fecha": "25 – 30 de Junio de 1984.\n1997.\nAgosto – Septiembre 1998.\n", "z_pepri": null, "director": "Juan José Bienes Calvo 1984 y 1998.\nMikel Ramos Aguirre 1997.\n", "promotor": "Ayuntamiento de Tudela 1984 y 1998.\nGobierno de Navarra 1997.\n", "descrip_restos": "<p>El término de El Palenque es una planicie alta que se localiza muy cercana al casco urbano de Tudela, al Noroeste, llegando las viviendas y el parque Padre Baztán hasta su ladera sur. Aquí se localizan algunos de los depósitos de agua que hasta finales del siglo XX se utilizaron como principales, siendo ahora una reserva secundaria. Eran conocidos los hallazgos de huesos humanos en la construcción y posteriores obras realizadas.</p>\n<p>En 1984 ante la noticia de que habían aparecido algunos restos, se hizo una visita al lugar y prospección del entorno, viéndose algunas fosas alineadas en el corte que años antes había realizado un camino de acceso a la zona llana superior. En estas fosas se apreciaban huesos largos de las piernas cortados. Pero los restos que más llamaron la atención fueron los de una tumba con lajas y cubierta con losas de piedra que había sido cortada al hacer el encofrado de una caja para llaves de paso.</p>\n<p>Se excavaron tres enterramientos, dos muy superficiales, en la zona del camino de acceso. Estaban realizados en fosas, sin lajas, contando uno de ellos con clavos del ataúd de madera.</p>\n<p>El tercero fue el que contaba con losas laterales y en cubierta, descansando sobre una capa de roca natural. Los restos estaban revueltos en parte, expoliados, pero las losas tenían unión de argamasa, por lo que fue reparada. Entre esta argamasa se localizaron algunos fragmentos de cerámica que fecharon el enterramiento en el siglo XIV.</p>\n<p>No habiendo constancia de comunidades religiosas en las inmediaciones y viendo el tipo de ritual que desestimaba la opción de una necrópolis islámica, la principal opción fue creer que se trataba del cementerio de la comunidad judía de Tudela, correspondiente a la Judería Nueva, entre 1177 y 1498. Los restos humanos no se recogieron, se protegieron y quedaron en su lugar.</p>\n<p>En 1987 aparecieron dos enterramientos más al hacer trabajos con una pala excavadora. Destrozados en parte, solo se conservó la mitad inferior de los cuerpos, no apareciendo restos materiales. Las dos tumbas eran de las que utilizaban lajas de piedra en los laterales y en su cubrimiento.</p>\n<p>En 1997 mientras se realizaban trabajos de repoblación de pinos, una prospección arqueológica preventiva localizó restos de un enterramiento con orientación este – oeste, realizado en fosa sin lajas de piedra. Planteando la extensión del cementerio judío hasta una zona no conocida hasta ese momento.</p>\n<p>En 1998, coincidiendo con la conmemoración del 500 aniversario de la expulsión de los judíos de Navarra, se planteó la excavación de una zona con suficiente superficie para ver la disposición de la tumbas y varios sondeos para comprobar la extensión de la necrópolis.</p>\n<p>Cata 1. De 10 x 5 m, Una tercera parte quedó inutilizada por un depósito de agua, rellenado de tierra, y una tubería. A 30 cm de profundidad se identificó el suelo de la necrópolis, sobre la que se elevaban tres estructuras rectangulares donde irían colocadas sendas losas sepulcrales. Respetando las estructuras, se rebajó unos centímetros el suelo, apreciándose las fosas de las tumbas, con una gran densidad y ordenadas por calles. En treinta metros cuadrados se localizaron veintisiete enterramientos, muchas de tamaño pequeño. La excavación de dos fosas de adultos descubrió la mala conservación de los restos debido a la acidez del terreno. En los enterramientos infantiles no aparecieron restos, excepto los clavos de los ataúdes. Se excavaron trece fosas, de las que solo cinco conservaron restos, que no se recuperaron y quedaron protegidos en el terreno tras su cubrimiento.</p>\n<p>Cata 2. De 5 x 5 m. Aquí la densidad de fosas fue menor, localizándose solo tres y excavándose dos de ellas. La mejor conservada tenía los restos a poco más de un metro de profundidad, con una estatura estimada de 1,68 m.</p>\n<p>Cata 3. Se realizó en una zona exterior a la zona vallada para los depósitos del agua, fuera de la zona de pinos, donde se veían algunos restos humanos y piedras cogidas con argamasa. La excavación de un pequeño montículo de escombro con tejas y ladrillos, descubrió un muro de 13 m y otras estructuras menores que evidenciaban que el edificio se trataba de una ermita, correspondiendo a la de San Miguel de Afuera, derribada en 1781, existente 1351. En los alrededores de la ermita se localizó un cementerio, del que se excavaron dos tumbas con lajas de piedra en sus laterales. Una tenía los huesos removidos y en la otra se excavaron dos individuos, uno encima del otro.</p>\n<p>La intervención arqueológica puso de manifiesto que se trataba de dos cementerios totalmente distintos. Por una parte el correspondiente a la Judería Nueva de Tudela, con una cronología comprendida entre los siglos XII al XV, y el correspondiente a la ermita de San Miguel de Afuera con una cronología entre el siglo XIII y 1781. No es corriente encontrar cementerios asociados a las ermitas, pero se conoce la asociación de ésta a la cofradía de El Ligallo, de ganaderos.</p>\n\n", "ubi_mat_dep_perm": "Almacén Sección de Arqueología. Cordovilla.", "ubi_mat_falta_depos": null, "ubi_mat_dep_tempo": null, "bibliografia": "<ul>\n    <li>BIENES CALVO, Juan José. El Palenque: posible necrópolis de la comunidad judía de Tudela. En <i>Revista del Centro de Estudios Merindad de Tudela nº 1</i>. Págs. 29 a 41. Tudela, 1989.</li>\n    <li>BIENES CALVO, Juan José. “Urbanismo”. En <i>Serie Retrospectiva y Futuro 802 – 2002 nº 5</i>. Pág. 38. Tudela, 2002.</li>\n    <li>BIENES CALVO, Juan José. La Necrópolis judía de El Palenque, Tudela. En <i>La Tierra te Sea Leve, Arqueología de la Muerte en Navarra</i>. Págs. 259 a 262. Pamplona, 2008.</li>\n    <li>BIENES CALVO, Juan José. El legado material de las Juderías de Tudela. En <i>Revista del Centro de Estudios Merindad de Tudela nº 16</i>. Págs. 144 y 145. Tudela, 2008.</li>\n</ul>", "colaboradores": null }, "geometry": { "type": "Point", "coordinates": [ -1.609235228022577, 42.070371418367692 ] } },
{ "type": "Feature", "properties": { "fid": 1992, "numero_int": 25, "denominacion": "Solar Herrerías 26-28", "n_sigla": null, "direccion": "Calle Herrerías 26-28", "fecha": "Febrero a Marzo de 2000", "z_pepri": 2, "director": "Mari Cruz Pérez Omeñaca", "promotor": "SOCITRES S.L", "descrip_restos": "<p>El proceso de excavación del solar estuvo determinado por la localización de un tramo de muralla que dividía el espacio en dos.</p>\n<p>En la parte occidental del solar, existía una bodega localizada entre la fachada de la vivienda en la calle Herrerías hasta el lienzo occidental de muralla. La bodega estaba realizada con sillares de caliza cogidos con argamasa. Tenía unas dimensiones de 11 metros de largo, no pudiendo determinarse su anchura.</p>\n<p>En la parte oriental se hallaron una carbonera de época contemporánea y una habitación de periodo medieval, que había sido destruida por la carbonera. Además, se descubrieron un pozo de piedra y dos bodegas. Por los materiales encontrados, la construcción de la habitación podría situarse en el siglo XII, coincidiendo con la conquista cristiana de la ciudad. Este proceso impulsó una renovación urbanística de la antigua medina, ocupando con el tiempo los espacios vacíos de la ciudad.</p>\n<p>El hallazgo más destacado de la intervención fue la localización de un nuevo tramo de la muralla islámica, perteneciente a la ampliación del segundo recinto de la medina a mediados del siglo IX.</p>\n<p>Se trata de un tramo de 8 metros de longitud, del que solo se conservaban dos hileras de sillares en altura. La anchura del lienzo oscilaba entre 2,70 y 2,90 metros. Como en el resto de los casos documentados, está construido con un doble lienzo exterior de grandes sillares de piedra caliza, unidos por una fina capa de argamasa de cal y arena.</p>\n<p>Buena parte de la muralla había sido desmontada debido a la construcción de un pozo de piedra, que alcanzaba los 3 metros de profundidad, y por dos bodegas.</p>\n\n", "ubi_mat_dep_perm": "Almacén Sección de Arqueología. Cordovilla", "ubi_mat_falta_depos": null, "ubi_mat_dep_tempo": null, "bibliografia": "<ul>\n    <li>PÉREZ OMEÑACA, Mª Cruz. El conjunto amurallado de Tudela. En <i>Revista del Centro de Estudios Merindad de Tudela nº 1</i>, págs. 147 a 158. Tudela, 2005.</li>\n    <li><a target=\"_blank\" href=\"https://dialnet.unirioja.es/servlet/articulo?codigo=1403629\">https://dialnet.unirioja.es/servlet/articulo?codigo=1403629</a></li>\n</ul>", "colaboradores": null }, "geometry": { "type": "Point", "coordinates": [ -1.607714937490275, 42.063478198480212 ] } },
{ "type": "Feature", "properties": { "fid": 1993, "numero_int": 24, "denominacion": "San Miguel 14", "n_sigla": "TU.SM.X._0", "direccion": "Calle San Miguel 14", "fecha": "Del 11 al 18 de agosto de 1999", "z_pepri": 2, "director": "Begoña Martínez Aranaz", "promotor": null, "descrip_restos": "<p>Los trabajos consistieron en la realización de 3 sondeos arqueológicos y del seguimiento de obras posteriores.</p>\n<p>De los 3 sondeos, dos de ellos (nº 1 y 3) resultaron negativos en la localización de evidencias arqueológicas.</p>\n<p>El único que resulto positivo fue el denominado como nº 2. Este sondeo realizado en las proximidades de la entrada del solar, aportó niveles con materiales y estructuras de época medieval, remontándonos a los periodos más antiguos de la ciudad.</p> \n<p>Los restos más destacados han sido un depósito y un silo islámico.</p>\n<p>El depósito, fechado en los siglos XII-XIII, era de planta rectangular y estaba realizado con argamasa de cal y pequeños cantos. La base estaba construida por una piedra caliza llana, de forma irregular, con un rebaje central circular de 2 cm de profundidad. El depósito tendría como finalidad la conservación de algún líquido que pudiera decantar el poso en el rebaje central de la base. Constata una actividad posiblemente familiar relacionada con la elaboración de algún producto agrícola (aceite, vino, etc).</p>\n<p>El silo islámico estaba fechado en el siglo IX. Tenia forma troncocónica y estaba excavado en el sustrato geológico. Tenía un diámetro de 80 cm y no se pudo excavar en su totalidad, tan sólo se excavaron 60 cm de profundidad. Contenía materiales cerámicos islámicos del siglo IX, destacando varios fragmentos de un jarrito y paredes delgadas de tazas.</p>\n<p>En la excavación se localizaron, además, algunos fragmentos cerámicos de época romana y celtibérica, evidencias del antiguo poblamiento de Tudela, constatado en el Cerro de Santa Bárbara y en otras zonas del casco histórico tudelano.</p>\n<p>A pesar de lo modesto y parcial de los hallazgos, la presencia de estos elementos incrementa el conocimiento sobre la vida cotidiana y la economía doméstica durante los periodos andalusí y cristiano en Tudela. Esta información podrá sumarse a la ya obtenida en otras excavaciones de la ciudad, así como a las que se recaben en el futuro.</p>\n", "ubi_mat_dep_perm": "", "ubi_mat_falta_depos": null, "ubi_mat_dep_tempo": null, "bibliografia": null, "colaboradores": null }, "geometry": { "type": "Point", "coordinates": [ -1.605967718822994, 42.065475214839147 ] } },
{ "type": "Feature", "properties": { "fid": 1994, "numero_int": 19, "denominacion": "Solares El Liceo", "n_sigla": "TU.96.1.x._0", "direccion": "Calle San Nicolás 5 y Plaza San Salvador 1.", "fecha": "17 de Enero al 14 de Febrero de 1996", "z_pepri": 2, "director": "Juan José Bienes Calvo", "promotor": "Ayuntamiento de Tudela", "descrip_restos": "<p>Gran solar en el ángulo de confluencia de la calle San Nicolás con la plaza de San Salvador. El equipo estuvo formado por un técnico arqueólogo, un peón de la brigada municipal, un peón del empleo social y la pala excavadora del Servicio de Montes. Se realizaron tres sondeos, resultando dos ellos negativos por realizarse en rellenos de bodegas. Un tercero salió positivo y se incrementó su superficie hasta 11 x 5 m. Se dedicaron 10 días a la excavación y 3 a la limpieza de materiales.</p>\n<p>De más reciente a más antigua, las estructuras y niveles arqueológicos son los siguientes:</p>\n<p>Pozos, bolsadas de escombro y sótanos hundidos, pertenecientes a remodelaciones hechas en el palacio de El Liceo (Casa de los Montesa) en el siglo XIX. Sin interés histórico. Se recogió un botón con efigie de Isabel II.</p>\n<p>Cimentaciones correspondientes al palacio de El Liceo. Perforan niveles arqueológicos más antiguos. Se ajustan al urbanismo de la calle San Nicolás.</p>\n<p>Construcciones de época bajo medieval tardía, siglos XIV – XV. Paredes de un sótano, con cubierta de vigas de madera, y comienzo de las escaleras de bajada. Se encuentra relleno de escombro. También se descubrió un canal de desagüe con dirección hacia el río Mediavilla. Las estructuras presentan una ligera desviación, aunque todavía se asocian a la calle San Nicolás.</p>\n<p>Restos islámicos de época califal. Solo se ha hallado la parte inferior de un silo o pozo excavado en tierra. De forma troncocónica. Su interior había sido destruido en parte por las estructuras y niveles más modernos, pero todavía se pudo recuperar una importante bolsada de cerámicas del siglo X, entre las que destacan dos jarras y una taza de cerámica común, prácticamente completos, ollas de cocina y fragmentos decorados de un gran plato en verde y manganeso.</p>\n<p>Restos islámicos del siglo IX. La mayor parte de los niveles con cerámicas de esta época corresponden a capas de ceniza y arcilla echadas para aterrazar la ladera de caída hacia el río Mediavilla y proceder a urbanizar esta zona en la expansión de la Tudela andalusí del siglo IX. Los únicos restos que corresponden a viviendas son dos canales de desagüe que confluyen en un pozo ciego. En los niveles de aterrazamiento se recuperaron un dírham de plata, 4 feluses de cobre y 10 piezas de cobre utilizadas como moneda.</p>\n<p>Restos pre islámicos. Fragmentos de cerámica romana y pre romana que aparecen mezclados con la cerámica andalusí en las capas de aterrazamiento, o en los niveles de ladera que bajan hacia el río Mediavilla, en tierra de erosión, provenientes de la zona de ladera del Cerro de Santa Bárbara. Aunque hay manchas de cenizas, con cerámicas tardo romanas, que por sus características indican una procedencia más cercana.</p>\n", "ubi_mat_dep_perm": "Cordovilla. Museo de Tudela, Palacio Decanal, bodega", "ubi_mat_falta_depos": null, "ubi_mat_dep_tempo": null, "bibliografia": "<ul>\n    <li>BIENES CALVO, Juan José. “Urbanismo”. En <i>Serie Retrospectiva y Futuro 802 – 2002 nº 5</i>. Pág. 36. Tudela, 2002.</li>\n</ul>", "colaboradores": null }, "geometry": { "type": "Point", "coordinates": [ -1.607558841202131, 42.064935633768805 ] } },
{ "type": "Feature", "properties": { "fid": 1995, "numero_int": 19, "denominacion": "Solares El Liceo", "n_sigla": "TU.96.1.x._0_1", "direccion": "Calle San Nicolás 5 y Plaza San Salvador 1.", "fecha": "17 de Enero al 14 de Febrero de 1996", "z_pepri": 2, "director": "Juan José Bienes Calvo", "promotor": "Ayuntamiento de Tudela", "descrip_restos": "<p>Gran solar en el ángulo de confluencia de la calle San Nicolás con la plaza de San Salvador. El equipo estuvo formado por un técnico arqueólogo, un peón de la brigada municipal, un peón del empleo social y la pala excavadora del Servicio de Montes. Se realizaron tres sondeos, resultando dos ellos negativos por realizarse en rellenos de bodegas. Un tercero salió positivo y se incrementó su superficie hasta 11 x 5 m. Se dedicaron 10 días a la excavación y 3 a la limpieza de materiales.</p>\n<p>De más reciente a más antigua, las estructuras y niveles arqueológicos son los siguientes:</p>\n<p>Pozos, bolsadas de escombro y sótanos hundidos, pertenecientes a remodelaciones hechas en el palacio de El Liceo (Casa de los Montesa) en el siglo XIX. Sin interés histórico. Se recogió un botón con efigie de Isabel II.</p>\n<p>Cimentaciones correspondientes al palacio de El Liceo. Perforan niveles arqueológicos más antiguos. Se ajustan al urbanismo de la calle San Nicolás.</p>\n<p>Construcciones de época bajo medieval tardía, siglos XIV – XV. Paredes de un sótano, con cubierta de vigas de madera, y comienzo de las escaleras de bajada. Se encuentra relleno de escombro. También se descubrió un canal de desagüe con dirección hacia el río Mediavilla. Las estructuras presentan una ligera desviación, aunque todavía se asocian a la calle San Nicolás.</p>\n<p>Restos islámicos de época califal. Solo se ha hallado la parte inferior de un silo o pozo excavado en tierra. De forma troncocónica. Su interior había sido destruido en parte por las estructuras y niveles más modernos, pero todavía se pudo recuperar una importante bolsada de cerámicas del siglo X, entre las que destacan dos jarras y una taza de cerámica común, prácticamente completos, ollas de cocina y fragmentos decorados de un gran plato en verde y manganeso.</p>\n<p>Restos islámicos del siglo IX. La mayor parte de los niveles con cerámicas de esta época corresponden a capas de ceniza y arcilla echadas para aterrazar la ladera de caída hacia el río Mediavilla y proceder a urbanizar esta zona en la expansión de la Tudela andalusí del siglo IX. Los únicos restos que corresponden a viviendas son dos canales de desagüe que confluyen en un pozo ciego. En los niveles de aterrazamiento se recuperaron un dírham de plata, 4 feluses de cobre y 10 piezas de cobre utilizadas como moneda.</p>\n<p>Restos pre islámicos. Fragmentos de cerámica romana y pre romana que aparecen mezclados con la cerámica andalusí en las capas de aterrazamiento, o en los niveles de ladera que bajan hacia el río Mediavilla, en tierra de erosión, provenientes de la zona de ladera del Cerro de Santa Bárbara. Aunque hay manchas de cenizas, con cerámicas tardo romanas, que por sus características indican una procedencia más cercana.</p>\n", "ubi_mat_dep_perm": "Cordovilla. Museo de Tudela, Palacio Decanal, bodega", "ubi_mat_falta_depos": null, "ubi_mat_dep_tempo": null, "bibliografia": "<ul>\n    <li>BIENES CALVO, Juan José. “Urbanismo”. En <i>Serie Retrospectiva y Futuro 802 – 2002 nº 5</i>. Pág. 36. Tudela, 2002.</li>\n</ul>", "colaboradores": null }, "geometry": { "type": "Point", "coordinates": [ -1.607335385031943, 42.064894059562207 ] } },
{ "type": "Feature", "properties": { "fid": 1996, "numero_int": 18, "denominacion": "Carnicerias 15", "n_sigla": "TU.96.2.x._0", "direccion": "Calle Carnicerías 15 y 17", "fecha": "19 al 23 de Febrero de 1996", "z_pepri": 3, "director": "Juan José Bienes Calvo", "promotor": "Ayuntamiento de Tudela", "descrip_restos": "<p>Solar de la Calle Carnicerías, números 15 y 17, con parte trasera a la Calle Cortadores. El equipo estuvo formado por un técnico arqueólogo, un peón de la brigada municipal, un peón del empleo social y la pala excavadora del Servicio de Montes. Se realizaron solo dos sondeos debido a la existencia de antiguas bodegas que ya habían eliminado los niveles arqueológicos previos. Se dedicaron tres días a la excavación y uno al lavado de materiales.</p>\n<p>Cata 1. (3 x 2 m).</p>\n<p>En la parte de fachada a la calle Cortadores. Los niveles más superficiales corresponden a un patio con empedrado y al derribo de la vivienda anterior. Son niveles con cerámicas modernas con escasa importancia, que están por encima de cota de la calle Cortadores. Por debajo aparecen dos niveles superpuestos, con cronologías bajo medievales, a los que pertenecen dos muros también superpuestos, que indican una remodelación de la vivienda. Ambos niveles comparten una columna de la que se conservan tres tambores “in situ”, aunque el más profundo, y más grueso, sirve de cimentación. Por debajo del último nivel medieval, que puede fecharse a finales del siglo XII, no hay nivel de ocupación islámica, sino que aparece una potente capa de tierra arcillosa, muy compacta, de cultivo, donde aparecen pequeños y escasos fragmentos de cerámica romana. Sin llegar a niveles geológicamente naturales, aparece agua a 2,26 m por debajo de la calle Cortadores.</p>\n<p>Cata 2. (3 x 4,5m). En una zona central del solar, en la parte que da a Carnicerías. Hasta una profundidad de 2,17 m, se extrajo un relleno de grava de una antigua bodega. Esta bodega no tenía cubierta de bóveda y tenía acceso por escaleras de piedra. Por debajo del suelo de tierra de la bodega no se encontraron niveles de ocupación, sino un único nivel de arcilla compacta igual al que aparecía en la Cata 1, con la diferencia de que la cantidad de cerámica romana hallada es mucho mayor tanto en cantidad como en calidad. A los numerosos fragmentos de tejas romanas hay que añadir un importante número de fragmentos de terra sigillata, algunos de ellos decorados, muy bien conservados, así como fragmentos de cerámicas engobadas, comunes y de almacén.</p>\n<p>De los sondeos realizados en la calle Carnicerías se deducen las siguientes conclusiones:</p>\n<p>La existencia de una nueva zona de poblamiento romano en Tudela, en una etapa avanzada del siglo I y siglo II. Las cerámicas halladas no provienen de arrastres lejanos ni de movimientos de tierra para aterrazamientos, indicando su buena conservación una gran cercanía a su lugar de procedencia. La existencia de tejas de tipo romano, así como la calidad de las cerámicas, implica la existencia de población estable, aunque no podemos establecer todavía la envergadura y superficie del poblamiento.</p>\n<p>La inexistencia de niveles arqueológicos islámicos parece afianzar la teoría de que la ladera de caída hacia el río Queiles es un su mayor parte tierra de cultivo dentro del recinto amurallado islámico, comenzando la urbanización de la zona tras la conquista cristiana en los siglos XII – XIII.</p>", "ubi_mat_dep_perm": "Almacén Sección de Arqueología. Cordovilla.", "ubi_mat_falta_depos": null, "ubi_mat_dep_tempo": null, "bibliografia": "<ul>\n    <li>BIENES CALVO, Juan José. Desde la Prehistoria hasta el S. IX. En <i>El patrimonio histórico y medioambiental de Tudela, una perspectiva interdisciplinar</i>. Págs. 9 a 21. Tudela, 2001.</li>\n    <li>BIENES CALVO, Juan José. “Urbanismo”. En <i>Serie Retrospectiva y Futuro 802 – 2002 nº 5</i>. Págs. 20 y 21. Tudela, 2002.</li>\n    <li>BIENES CALVO, Juan José. Vestigios del poblamiento romano bajo la ciudad de Tudela. En <i>Revista Cuadernos de Arqueología de la Universidad de Navarra nº 21</i>. Págs. 269 a 290. Pamplona, 2013.</li>\n    <li>MARÍN ROYO, Luís María. <i>Temas tudelanos III. La Tudela desconocida</i>. Aspectos recónditos de la historia de la ciudad. Culturas antiguas. Primeras huellas humanas. Reino de Tudela y dominación musulmana. Págs. 132 a 135. Tudela, 2003.</li>\n</ul>", "colaboradores": null }, "geometry": { "type": "Point", "coordinates": [ -1.606541768990493, 42.062314356553848 ] } },
{ "type": "Feature", "properties": { "fid": 1997, "numero_int": 20, "denominacion": "Muralla. Cerro de Santa Bárbara 1997. Sector 2. RA 2.", "n_sigla": "TU.CSB.97.UE.x._0", "direccion": "Cerro de Santa Bárbara 1997. Sector 2. RA 2.", "fecha": "19 de agosto a 18 de diciembre de 1997.\nConsolidación en 2018.\n", "z_pepri": 1, "director": "Juan José Bienes Calvo", "promotor": "Ayuntamiento de Tudela", "descrip_restos": "<p>En 1997 se trabajó durante cuatro meses en un sector del Cerro que finaliza en fuerte ladera hacia las vías del ferrocarril, frente a la Mejana y el río Ebro. En su ladera se observaba un espolón de argamasa con piedra y mucha grava en su composición, presentando una cara exterior inclinada, claramente identificable con un elemento de fortificación.</p>\n<p>Al comienzo de la excavación se definieron claramente dos zonas, una sobre los restos de la fortificación y otra frente a ella, siendo esta última el producto de desmontar las murallas del castillo y echar tierras sobrantes en el proceso de desmantelamiento de la Judería Nueva.</p>\n<p>La estructura de argamasa encofrada de la muralla apareció, aparentemente, cortada, pero al ir excavando y definir las unidades estratigráficas, se vio que en realidad la muralla estaba asociada a un torreón cuyos muros habían sido expoliados. El torreón se presentaba con 3 m de anchura interior y se plantearía como una bestorre, abierto a la parte posterior.</p>\n<p>La excavación en la base del torreón proporcionó niveles arqueológicos que indicaban que esta parte de la muralla se fecharía en el siglo XII, siendo parte del cerco exterior del castillo que construye Sancho VI para proteger la Judería Nueva.</p>\n<p>La excavación frente a la muralla, en los rellenos de desmantelamiento, en los que solo se esperaba recoger fragmentos de cerámica y otros objetos, comenzó a descubrir más elementos de la fortificación, pues la cara frontal del torreón comenzó a descubrirse a una cota inferior a su suelo, al estar adelantado en la ladera. Mientras la muralla de argamasa encofrada tenía la cara en talud, la del torreón era vertical y de sillarejo rejuntado.</p>\n<p>Tras descubrir tres hiladas del torreón, apareció una hilada de cimentación, pero esta cimentación estaba sobre otro paramento de sillares en talud, correspondiente a un torreón más antiguo. Los dos torreones superpuestos dejaban marcado a la vista uno de sus ángulos exteriores, mientras el otro quedaba metido en el corte de la excavación. Pero el ángulo a la vista no estaba liberado, sino que quedaba enmascarado por un muro de buena sillería que se adosaba al lateral de la torre. Este nuevo muro, el mejor de los descubiertos, formaría una pared de protección entre torre y torre, y formaría un pequeño pasillo a modo de paso de ronda o barbacana a media altura de la muralla. Este muro se hizo necesario para proteger la base la muralla y torreones, debido a su construcción sobre las arcillas del Cerro.</p>\n<p>Al ir profundizando en los rellenos frente a la muralla y torreón se observó que estos rellenos estaban colmatando un foso que en su parte superior llegaba a los 5 m de anchura. El foso se va rellenando con escombro procedente del desmantelamiento de la muralla y basura de los barrios del exterior del castillo.</p>\n<p>En 2018 se procedió a la consolidación y puesta en valor de los restos, colocándose un panel interpretativo y barandillas de protección, aunque no se vació el foso para dejar todo el muro a la vista.</p>\n", "ubi_mat_dep_perm": "Almacén Servicio de Arqueología Gobierno de Navarra. Cordovilla.\nSala de la Cultura Judía. Museo de Tudela. Claustro Catedral.\n", "ubi_mat_falta_depos": null, "ubi_mat_dep_tempo": null, "bibliografia": "<ul>\n    <li>BIENES CALVO, Juan José. “Urbanismo”. En <i>Serie Retrospectiva y Futuro 802 – 2002 nº 5</i>. Tudela, 2002.</li>\n    <li>BIENES CALVO, Juan José. El legado material de las Juderías de Tudela. En <i>Revista del Centro de Estudios Merindad de Tudela nº 16</i>. Págs. 144 y 145. Tudela, 2008.</li>\n    <li>DIÉGUEZ URIBEONDO, Iñaki y BIENES CALVO, Juan José. Castillo del Cerro de Santa Bárbara. En <i>Una ventana al pasado</i>. Págs. 262 a 269. Pamplona, 2021.</li>\n    <li>MARÍN ROYO, Luís María. <i>Temas tudelanos II. La Tudela desconocida</i>. Aspectos recónditos de la historia de la ciudad: El castillo. Las murallas. Págs. 80 y 257. Tudela, 2002.</li>\n</ul>", "colaboradores": null }, "geometry": { "type": "Point", "coordinates": [ -1.605299003783192, 42.066411187995811 ] } },
{ "type": "Feature", "properties": { "fid": 1998, "numero_int": 31, "denominacion": "Zurradores 12", "n_sigla": "TU.7.00._0", "direccion": "Calle Zurradores 12", "fecha": "Noviembre 2000", "z_pepri": null, "director": "Mari Cruz Pérez Omeñaca", "promotor": null, "descrip_restos": "<p>La intervención arqueológica, consistió en la realización de un sondeo en el centro del solar, de unas dimensiones de 2 x 2 m de lado.</p>\n<p>Se planteó la realización de un único sondeo con el objetivo de comprobar los niveles arqueológicos conservados en esta zona de Tudela y determinar hasta qué profundidad se hallaban los restos antrópicos.</p>\n<p>En el estudio previo del solar, se tenía como referencia la información aportada por las fuentes escritas sobre la configuración de este espacio, que formaba parte de la Morería, un área urbana que comenzó a estructurarse tras la conquista cristiana de Tudela en 1119.</p>\n<p>El sondeo realizado aportó información parcial de la evolución del espacio urbano en este sector de la ciudad. Su ubicación, tan próxima al río Queiles, pudo haber condicionado en gran medida el desarrollo de esta zona.</p>\n<p>El único resto estructural localizado se corresponde con una estancia de época medieval que se asienta sobre un estrato de gravas. Se trataba de un suelo de tierra apisonada con restos de un horno rodeado de adobes, ambos de cronología coincidente con el inicio de la ocupación urbana de este espacio, a partir de 1119.</p>\n<p>Este nivel de ocupación parece haber tenido una duración breve, posiblemente debido a la proximidad del río Queiles y sus crecidas. Sobre él se identificaron dos potentes niveles de relleno, con materiales que probablemente procedían de algún testar alfarero situado en las proximidades del solar, con restos islámicos y cristianos (siglos XI-XII).</p>\n<p>El primer nivel de aterrazamiento y roturación presentaba un espesor de casi 1,5 m, mientras que el segundo, con materiales de los siglos XIII-XV, tenía un espesor de 0,20 m. Es probable que entre los siglos XII y XV este solar se utilizara como tierras de cultivo.</p>\n\n", "ubi_mat_dep_perm": "Almacén Servicio de Arqueología Gobierno de Navarra. Cordovilla.", "ubi_mat_falta_depos": null, "ubi_mat_dep_tempo": null, "bibliografia": null, "colaboradores": null }, "geometry": { "type": "Point", "coordinates": [ -1.608101872092765, 42.06158940600524 ] } },
{ "type": "Feature", "properties": { "fid": 1999, "numero_int": 30, "denominacion": "Padre Ubillos 4", "n_sigla": null, "direccion": "Calle Padre Ubillos nº 2 y 4.", "fecha": "Octubre 1986.", "z_pepri": 2, "director": "Juan José Bienes ", "promotor": "Particular.", "descrip_restos": "<p>En Octubre de 1986, al derribarse unos barracones en el patio de una casa de la calle Padre Ubillos, se descubrió un lienzo de muralla con una longitud de 18 m que formaba un muro de aterrazamiento con 9 m de altura, en la parte baja del Cerro de Santa Bárbara.</p>\n<p>Las obras posteriores de acondicionamiento quedaron paralizadas, pues se trataba del mejor lienzo de la muralla de Tudela conservado en estado original.</p>\n<p>Presenta dos hiladas vistas de su cimentación, con grandes bloques de piedra caliza sin tallar, sobre las que hay cuatro o cinco hiladas de un paramento de sillar bien escuadrado, con cerco de almohadillado, en un altura de algo más de dos metros. A partir de esta altura, los sillares han desaparecido pasando a una cara con un aparejo mucho más pequeño, irregular, producto de reparaciones posteriores. Este nuevo aparejo también ha desaparecido en gran parte, dejando ver el relleno interior de la muralla, compuesto por hiladas de grandes piedras sin tallar.</p>\n<p>Entre las piedras procedentes del derribo de los barracones, se recuperó un sillar donde se veía tallada parte de una estrella de seis puntas (estrella de David) dentro de un círculo y con una pequeña roseta en el centro. Aunque en un principio se definió como de temática hebrea, dada la cercanía del cementerio judío de El Palenque, se descartó por un origen andalusí, siendo un elemento tallado protector, al igual que existen otras similares, como las del Castillo de Gormaz.</p>\n<p>En 1988 se hizo limpieza y consolidación por parte del Ayuntamiento, permitiendo al propietario la colocación de un tejadillo y estructura metálica que permitiera la visión de los sillares.</p>\n<p>En 1989 se demolió el edificio contiguo al Sur, apareciendo una continuación del lienzo con mucha menos longitud. En 1995 fue demolido este nuevo tramo al hacer una vivienda con almacenes.</p>\n<p>En enero de 2022 se realizaron trabajos de fotogrametría de la muralla.</p>\n", "ubi_mat_dep_perm": null, "ubi_mat_falta_depos": null, "ubi_mat_dep_tempo": null, "bibliografia": "<p>BIENES CALVO, Juan José. Trabajos de Arqueología en Tudela 1986 – 1987. Revista Trabajos de Arqueología Navarra nº 7. pag 360 – 364. Pamplona. 1987.</p>\n<p>BIENES CALVO, Juan José. “Urbanismo”, Serie Retrospectiva y Futuro 802 – 2002 nº 5, pag 41. Tudela, 2002.</p>\n<p>BIENES CALVO, Juan José. La fortificación islámica en el Valle Medio del Ebro”, en Monografías Universitarias nº 13, pags 285 a 303. Soria.  2004.</p>\n<p>BIENES CALVO, Juan José. Tudela islámica, en Villa 2: villes et campagnes de Tarraconaise et d’Al-Andalus.  pags 199 a 218. Zaragoza. 2007.</p>\n<p>BIENES CALVO, Juan José. El legado material de las Juderías de Tudela.Revista del Centro de Estudios Merindad de Tudela nº 16. pags 144 y 145. Tudela. 2008.</p>\n<p>MARÍN ROYO, Luís María, Temas tudelanos II. La Tudela desconocida. Aspectos recónditos de la historia de la ciudad: El castillo. Las murallas. pags 167 y 177. Tudela.2002.</p>\n<p>NAVAS CÁMARA, Luís y MARTÍNEZ ARANAZ, Begoña. El Patrimonio Islámico de Tudela. En El patrimonio histórico y medioambiental de Tudela, una perspectiva interdisciplinar. pags 33 a 51. Tudela. 2001.</p>\n", "colaboradores": null }, "geometry": { "type": "Point", "coordinates": [ -1.608976772075193, 42.066604992060348 ] } },
{ "type": "Feature", "properties": { "fid": 2000, "numero_int": 33, "denominacion": "San Miguel 2000", "n_sigla": "TU.6.00.UE.x._0", "direccion": "Calle San Miguel.", "fecha": "25 Octubre 2000 a 28 Marzo 2001.", "z_pepri": 2, "director": "Juan José Bienes Calvo", "promotor": "Ayuntamiento de Tudela.", "descrip_restos": "<p>Intervención realizada en un espacio público conocido como el Vago de San Miguel, una placeta que se usa como zona de aparcamiento y donde se realiza la Hoguera en las Fiestas del Casco Viejo para San Pedro. </p>\n<p>Con el proyecto de renovación de pavimento y redes de alcantarillado de esta plaza y las calles Sainz Alcaine, Moros y Tres Esquinas, se planteó la realización de algunos sondeos en la plaza para comprobar la existencia de la antigua parroquia de San Miguel, derribada en la reducción de parroquias de 1805.</p>\n<p>En el primero de los sondeos se localizó un depósito con tres compartimentos para la decantación del aceite de un trujal, con materiales del siglo XX en su interior.</p>\n<p>Siguiendo el canal que llevaba el aceite se localizó el área de prensado, donde se planteó realizar el segundo sondeo, que fue ampliado para poder ver todas las estructuras.</p>\n<p>La zona de prensado constaba de un muro de gran anchura donde irían ancladas las vigas de madera que prensarían las olivas colocadas en las capachas o esteras de esparto. El trujal tuvo que contar con dos vigas, ya que son dos las superficies cimentadas con argamasa para colocar las capachas que se han descubierto, una circular y otra rectangular, así como dos son también las piletas de piedra que hubo para recoger el aceite, antes de enviarlo a las piletas de decantación. Las piletas, monolíticas y de piedra caliza, fueron objeto de expolio, habiendo desaparecido una de ellas, mientras que la segunda se rompió en el intento, quedando rota con los fragmentos en su interior. La excavación documentó la zanja de expolio que tuvo que ser en el momento de abandono del trujal antes de urbanizarse la zona en el siglo XX. Curiosamente, por una peineta de pasta fechada en 1928, sabemos que el empedrado de la plaza es posterior a esa fecha, junto con el trazado recto de la calle San Miguel, que invade parte de los restos del trujal.</p>\n<p>Aparte de la zona de prensado, del trujal se descubrió un patio empedrado que daba acceso a la boca de un horno que atravesaba el muro de prensado, de tal manera que la cámara se localizaba junto a las prensas, para dar calor a la habitación y calentar agua para mezclarla con el aceite.</p>\n<p>La cronología del trujal parece tener su origen en el siglo XVII, fechado por la amortización de una habitación con lozas doradas de Muel, últimas producciones mudéjares.</p>\n<p>Las obras del trujal arrasaron gran parte de los niveles medievales, apareciendo muy pocos elementos. En la cata 1 solo un pozo andalusí excavado en las arcillas y en las catas 2 y 3 algunos rellenos y muros de poca entidad.</p>\n<p>La excavación también sirvió para documentar que el espacio abierto de esta placeta no obedeció a la destrucción de la parroquia de San Miguel, sino a la construcción de un trujal, no hallándose restos de enterramientos en ninguna de las catas y revisiones de zanjas efectuadas.</p>\n\n", "ubi_mat_dep_perm": "Almacenes Sección de Arqueología Gobierno de Navarra. Cordovilla.", "ubi_mat_falta_depos": null, "ubi_mat_dep_tempo": null, "bibliografia": "<ul>\n    <li>BIENES CALVO, Juan José. “Urbanismo”. En <i>Serie Retrospectiva y Futuro 802 – 2002 nº 5</i>. Págs. 31, 55 y 56. Tudela, 2002.</li>\n</ul>", "colaboradores": null }, "geometry": { "type": "Point", "coordinates": [ -1.607414015589361, 42.065549147388609 ] } },
{ "type": "Feature", "properties": { "fid": 2001, "numero_int": 32, "denominacion": "Calahorra 13", "n_sigla": "TU.8.00.UE.x._0", "direccion": "Calle Calahorra nº 13.", "fecha": "11 al 18 de Diciembre del 2000", "z_pepri": 2, "director": "Juan José Bienes Calvo.", "promotor": "Ayuntamiento de Tudela.", "descrip_restos": "<p>Sondeo comprobatorio que se hace en un pequeño solar para verificar la existencia de niveles arqueológicos. Es un solar de propiedad privada y el sondeo se realizó desde el servicio de arqueología municipal.</p>\n<p>Se alcanzó una profundidad máxima de 93 cm hasta llegar a las arcillas naturales, siendo los niveles más antiguos localizados de cronología andalusí y fechables en el siglo IX. De esta época apenas quedaba algún resto de muro, expoliado en épocas más modernas. Asociado a estos niveles apareció un gran bloque de piedra, similar al que se utiliza en el amurallamiento antiguo, pero sin ningún tipo de continuidad, siendo más un elemento suelto.</p>\n<p>Continuaron niveles de cronología medieval cristiana, que habrían eliminado parte de los rellenos andalusíes, y con materiales pobres. Posteriormente se documentan muros, suelos y rellenos de cronologías más modernas, con diversos usos de la planta baja de la vivienda, remodelaciones de suelos, pequeñas estancias bajo la escalera, etc, sin que se hallen materiales destacables.</p>\n\n", "ubi_mat_dep_perm": "Almacenes Servicio de Arqueología. Cordovilla.", "ubi_mat_falta_depos": null, "ubi_mat_dep_tempo": null, "bibliografia": null, "colaboradores": null }, "geometry": { "type": "Point", "coordinates": [ -1.608314362863523, 42.065322380611697 ] } },
{ "type": "Feature", "properties": { "fid": 2002, "numero_int": 27, "denominacion": "Plaza Mercadal", "n_sigla": "TU.3.00.x._0", "direccion": "Plaza Mercadal", "fecha": "20 de Marzo a 14 de Abril del 2000.", "z_pepri": 2, "director": "Juan José Bienes Calvo y Mª Cruz Pérez Omañaca.", "promotor": "Ayuntamiento de Tudela", "descrip_restos": "<p>Esta intervención arqueológica se planteó como un seguimiento general de las obras de renovación de redes y pavimentos en la Plaza Mercadal y calles cercanas, haciendo al mismo tiempo varios sondeos para comprobar estratigrafía y localizar restos de la antigua iglesia de San Jorge. Se realizaron tres catas, dos en la plaza Mercadal y una en la calle Leache.</p>\n<p>Los rellenos excavados en las tres catas nos dan una información parcial de la evolución que ha sufrido el espacio humano en este sector de Tudela. Debido a la existencia de la iglesia de San Jorge quedó condicionada la ocupación en la etapa bajo medieval sin que se produjeran superposiciones de rellenos.</p>\n<p>Al igual que ocurre en otras zonas excavadas en el espacio comprendido entre los cursos de los ríos Queiles y Mediavilla, el primer relleno que encontramos es una capa arcillosa que definimos como una tierra de cultivo perteneciente a la primera fase de la Tudela andalusí, en los siglos VIII y IX.</p>\n<p>Sobre este relleno arcilloso comenzamos a registrar los primeros rellenos de poblamiento pertenecientes a la expansión de la ciudad, en los que es frecuente encontrar materiales romanos mezclados con los árabes. Estos niveles proporcionan unos materiales muy pobres, lo que parece indicar que el poblamiento más importante se concentraría en la parte más antigua de la ciudad y alrededores de la mezquita, dejando estas zonas limítrofes con la muralla para un sector de la población con menos recursos.</p>\n<p>Durante el periodo andalusí existe un espacio dedicado a calle que hemos localizado en el extremo superior de la plaza. Lo forman dos rellenos, uno inferior y más potente, de preparación, y otro de rodadura, más delgado y con mayor cantidad de gravas y cerámicas fragmentadas.</p>\n<p>Solo se encontraron muros asociados a rellenos de cronología andalusí en la cata 2 (calle Leache), con una cronología avanzada, cuando el proceso de poblamiento ya ha llegado hasta la actual calle Carnicerías, siendo esta calle la que marca el límite del espacio no edificado hasta la muralla.</p>\n<p>Tras la conquista cristiana, Tudela va sufriendo un proceso de reconversión urbanística provocado por la ampliación del recinto amurallado del castillo, la construcción de un importante número de parroquias, con sus cementerios exteriores, y el poblamiento de áreas no urbanizadas hasta el momento, dentro del recinto amurallado.</p>\n<p>El espacio alto que hoy ocupa la plaza de Mercadal se verá totalmente reconvertido por la construcción de la iglesia de San Jorge, a comienzo del siglo XIII. De esta primera etapa no se han localizado elementos constructivos, pero sí dos rellenos de preparación y un manteado blanco de obra fechado con dos monedas de Sancho VII.</p>\n<p>Los restos hallados de la iglesia de San Jorge pertenecen a un fragmento del muro lateral del Evangelio y ángulo de la cabecera plana. Esta cimentación puede corresponder a la reforma del templo en 1318, deducible por el hallazgo de elementos arquitectónicos reaprovechados y la aparición de restos humanos revueltos en la zanja de cimentación.</p>\n<p>La iglesia del siglo XIV se situaría en la parte alta de la actual plaza, con una calle discurriendo por su lateral norte. Tendría ábside semicircular, o quizás poligonal, orientado al este. En total su longitud sería de unos 19,5 m, no pudiendo determinar su anchura.</p>\n<p>En 1694 se produce otra reforma de la iglesia. En la excavación se observa que hay una rotura del ábside antiguo para construir una nueva cabecera, en este caso plana. La nueva cabecera presenta sillares bien escuadrados en los puntos más fuertes, estando el resto construido con sillarejo de diverso tamaño.</p>\n<p>Correspondientes al momento de la parroquia aparecen fosas de enterramiento muy deterioradas en el proceso de derribo de la iglesia y traslado de los restos al nuevo templo. De estos enterramientos destacan los restos de una cripta rectangular que conservaba parte del revestimiento de sus paredes.</p>\n<p>La fase final de la iglesia de San Jorge viene definida por su destrucción, trasladándose al cercano templo del Convento de los Jesuitas que había quedado sin uso tras su expulsión. La iglesia se desmantela hasta los cimientos y los restos humanos son trasladados a una cripta en la nueva iglesia. En estas labores de extracción de piedra y restos humanos se socavó el interior de la iglesia con una gran fosa que fue rellenada por escombro procedente de las mismas remociones y derribos. El derribo de la iglesia acabó por configurar el espacio de la plaza, casi como queda en el momento actual.</p>\n<p>En el seguimiento realizado en las calles cercanas, se localizó parte de la muralla islámica, aunque muy destruida, en la zanja del colector de aguas residuales de la calle Bóveda. No se localizaron restos de la barbacana. La calle Bóveda se abre en el siglo XIX derribando varias viviendas con bodegas en el subsuelo. Perteneciente a una de estas bodegas, se localizó la bóveda de ladrillos de un pozo o aljibe.</p>\n<p>Un elemento curioso que apareció junto a la cata 2 (calle Leache) es la base de lo que parecía una fuente, pero que en realidad era de una columna mingitoria, con su correspondiente pozo ciego debajo. Esta base se conserva como decoración en un parterre en la zona más baja de la plaza Mercadal.</p>\n\n", "ubi_mat_dep_perm": "Almacén Servicio de Arqueología Gobierno de Navarra. Cordovilla.", "ubi_mat_falta_depos": null, "ubi_mat_dep_tempo": null, "bibliografia": "<ul>\n    <li>BIENES CALVO, Juan José. “Urbanismo”. En <i>Serie Retrospectiva y Futuro 802 – 2002 nº 5</i>. Pág. 56. Tudela, 2002.</li>\n    <li>BIENES CALVO, Juan José y PÉREZ OMEÑACA, Mª Cruz. La antigua iglesia de San Jorge a la luz de las excavaciones arqueológicas. En <i>Revista del Centro de Estudios Merindad de Tudela nº 15</i>. Págs. 43 a 51. Tudela, 2007.</li>\n</ul>", "colaboradores": null }, "geometry": { "type": "Point", "coordinates": [ -1.607367256347401, 42.063394936229017 ] } },
{ "type": "Feature", "properties": { "fid": 2003, "numero_int": 26, "denominacion": "Paseo Castillo 14", "n_sigla": null, "direccion": "Calle Paseo del Castillo 14", "fecha": "Marzo 2000", "z_pepri": 1, "director": "Mari Cruz Pérez Omeñaca", "promotor": null, "descrip_restos": "<p>La intervención consistió en la realización de dos sondeos en el solar. Los resultados de ambos fueron positivos, revelando restos materiales de la Edad del Hierro, época romana e islámica, así como de los períodos moderno y contemporáneo.</p>\n<p>El nivel islámico (siglos IX-XI) apareció prácticamente arrasado por los niveles posteriores, correspondientes a épocas moderna y contemporánea. Mezclados con el nivel islámico se hallaron restos de periodos anteriores, probablemente procedentes del cercano Cerro de Santa Bárbara, donde se ha documentado ocupación desde la Edad del Bronce.</p>\n<p>Sobre el nivel islámico se documentaron restos de los siglos XII-XIV, correspondientes a una capa de preparación del terreno para un suelo de tierra apisonada, asociada al suelo de guijarros y piedras fechado en el siglo XIV en el sondeo 1.</p>\n<p>Resultó especialmente relevante haber constatado la presencia de restos vinculados a la judería nueva, tan nombrada en las fuentes históricas y ubicada dentro del recinto del castillo en el Cerro de Santa Bárbara. En particular, se halló un fragmento de 'hanukiyá' (lámpara ritual judía), un objeto de uso exclusivo de la comunidad judía.</p>\n<p>Las cotas de los suelos hallados indican la altura que tendría la calle en las fechas de ocupación (siglos XII-XV). Estas calles, ubicadas en la ladera del cerro, han sufrido modificaciones debido a rellenos de materiales utilizados para su aterrazamiento.</p>\n", "ubi_mat_dep_perm": null, "ubi_mat_falta_depos": null, "ubi_mat_dep_tempo": null, "bibliografia": null, "colaboradores": null }, "geometry": { "type": "Point", "coordinates": [ -1.606656712177703, 42.065932954728723 ] } },
{ "type": "Feature", "properties": { "fid": 2004, "numero_int": 29, "denominacion": "Caldereros 19", "n_sigla": "TU.9.00.(UE).x._0", "direccion": "Calle Caldereros 19", "fecha": "18 de Octubre de 2000", "z_pepri": 2, "director": "Juan José Bienes Calvo.", "promotor": "Gobierno de Navarra. VINSA.", "descrip_restos": "<p>La intervención en estos solares se produce tras el derribo del conocido Edificio de Huerfanicos y otros edificios del entorno en un proyecto de viviendas de protección oficial de VINSA, incluyendo aparcamientos subterráneos. Tras contactos entre Patrimonio del Gobierno de Navarra y VINSA, se procedió a realizar un seguimiento arqueológico con las obras de vaciado ya comenzadas.</p>\n<p>La Calle Caldereros separa las dos zonas. En el solar situado al Sur de la calle se situó el edificio para Hospital de Niños Huérfanos, del siglo XVI, del que solo se recuperaron una gran reja de la fachada, hoy expuesta en el Palacio de los Marqueses de Huarte, y una puerta de doble hoja que hoy se puede ver en la sede de la UNED en el Palacio del Marqués de San Adrián. La casa de Huerfanicos se asentó sobre otras más antiguas, de las que quedaba una gran bodega con bóveda de piedra que fue hundida con el derribo de la casa.</p>\n<p>Al Norte de la Calle Caldereros se derribaron cuatro casas de planta estrecha y alargada. Tras haber rebajado todo el solar un metro por debajo de la calle, se documentaron los trazados urbanísticos subyacentes, donde destacaba la planta de una bodega de planta alargada y algo irregular. Esta bodega tuvo bóveda de piedra y su derrumbe y colmatación no tenía escombro actual.</p>\n<p>Al fondo del solar, límite con la Calle Guerreros, hay un muro de contención que escalona las Calles Guerreros y Caldereros. Tres de las cuatro casas del solar, incluida la bodega, no llegaban hasta el fondo del solar, algo que sí hacía la cuarta casa. Se plantea la posibilidad de que el fondo de las casas fuese un espacio abierto, tipo adarve, lo que no concuerda con la Calle Guerreros a una cota superior, que sería producto de una reforma urbanística moderna.</p>\n<p>Limpiando el escombro de algunas zonas del solar se comprobó que la excavación había llegado hasta las arcillas naturales en toda la superficie. El hallazgo de algunas manchas verdosas puso en evidencia la existencia de al menos dos silos, de los que se recogió cerámica andalusí, fechables en el siglo IX.</p>\n<p>El haber llegado con tan poca profundidad al fondo de estos pozos indicaba que la cota original a la que estaba su origen estaba a una cota superior a la actual Calle Caldereros, implicando un arrasamiento de los niveles antiguos al nivelar nuevas viviendas en la etapa medieval cristiana a partir del siglo XII.</p>\n\n", "ubi_mat_dep_perm": "Almacén Servicio de Arqueología Gobierno de Navarra. Cordovilla.", "ubi_mat_falta_depos": null, "ubi_mat_dep_tempo": null, "bibliografia": "<ul>\n    <li>BIENES CALVO, Juan José. “Urbanismo”. En <i>Serie Retrospectiva y Futuro 802 – 2002 nº 5</i>. Págs. 26 y 51. Tudela, 2002.</li>\n    <li>HERNÁNDEZ VERA, José Antonio y BIENES CALVO, Juan José. Cerámicas hispano visigodas y de tradición en el Valle Medio del Ebro. En <i>Cerámicas tardorromanas y altomedievales en la Península Ibérica</i>. Págs. 307 a 319. Mérida, 2004.</li>\n</ul>", "colaboradores": null }, "geometry": { "type": "Point", "coordinates": [ -1.605425563489031, 42.064950937890494 ] } },
{ "type": "Feature", "properties": { "fid": 2005, "numero_int": 28, "denominacion": "San Francisco 2", "n_sigla": "TU.4.00.UE.x._0", "direccion": "Calle Plaza San Francisco nº 2.", "fecha": "19 a 21 de Junio de 2000.", "z_pepri": 3, "director": "Juan José Bienes Calvo.", "promotor": "Ayuntamiento de Tudela", "descrip_restos": "<p>Sondeo de 2 x 2 m para comprobar la existencia de niveles arqueológicos tras el derribo de una vivienda para nueva construcción.</p>\n<p>Los niveles arqueológicos más antiguos corresponden a cronología andalusí, de la primera mitad del siglo IX, con restos de un muro expoliado en época bajo medieval. El muro está amortizado también en el siglo IX y sobre él hay varios niveles que parecen ser de cultivo, sin estructuras, ya que en esta parte de la Tudela medieval y moderna hay atestiguadas varias zonas de huerta. Será en este espacio abierto donde se construirá el Convento de San Francisco, en el siglo XIV.</p>\n<p>El sondeo aportó pocos materiales arqueológicos, pero la no existencia de niveles andalusíes de la época de mayor importancia de la medina tudelana, nos da indicios de que esta zona no era zona urbanizada hasta bien avanzada la fase de repoblamiento tras la conquista cristiana.</p>\n\n", "ubi_mat_dep_perm": "Almacén Sección de Arqueología. Cordovilla.", "ubi_mat_falta_depos": null, "ubi_mat_dep_tempo": null, "bibliografia": null, "colaboradores": null }, "geometry": { "type": "Point", "coordinates": [ -1.603223553306516, 42.063171666593639 ] } },
{ "type": "Feature", "properties": { "fid": 2006, "numero_int": 39, "denominacion": "Humilladero", "n_sigla": null, "direccion": "Carretera Plamplona s/n. ", "fecha": "27 de Mayo a 19 de Julio de 2002.", "z_pepri": null, "director": "Juan José Bienes Calvo.", "promotor": "Ayuntamiento de Tudela.", "descrip_restos": "<p>El Humilladero del Puente era un edificio abandonado que se situaba en el extremo del puente sobre el Ebro, más alejado de la ciudad. Era aparente que se trataba de un edificio con arcadas que habían sido cegadas para otro uso posterior.</p>\n<p>Por documentos, se sabía que había sido construido en el siglo XVI y que constaba de una gran columna o cruz, en cuya parte superior había talladas imágenes de Cristo, la Virgen, los Apóstoles y ángeles. Sobre elevada en una escalinata, todo se cubría con un templete con cuatro arcos y tejas de colores.</p>\n<p>En el año 2000, un artículo en el periódico local La Voz de la Ribera, hacía hincapié en el abandono del edificio y que una persona había proporcionado la información de que la cruz estaba sepultada bajo el suelo del edificio, con bastante credibilidad.</p>\n<p>Con especial interés del Alcalde, Luís Casado, promovió la intervención, realizándose desde la Concejalía de Juventud y Centros Cívicos, el Servicio de Arqueología del Ayuntamiento y el Centro de Estudios Merindad de Tudela, haciendo un Taller de Arqueología con voluntariado y apoyo de peones de la brigada municipal.</p>\n<p>Tras quitar un forjado para un piso, las compartimentaciones para una vaquería en la planta baja y un suelo de hormigón, comenzó la excavación con los voluntarios.</p>\n<p>La primera capa en quitar es un potente relleno de escombro que se echa para subir el nivel del edificio a la altura del dique de la orilla izquierda del Ebro. Este escombro estaba formado por ladrillos de un arco derribado del Humilladero y por tejas vidriadas de color marrón que harían un tejado en forma de escamas. Cubierto, y sobre el suelo, apareció un segmento del fuste octogonal que tuvo la cruz del Humilladero. Realmente, fue esta la parte de la cruz que se enterró antes de hacer la vaquería y no la parte superior.</p>\n<p>La excavación prosiguió hasta encontrar un suelo empedrado que correspondería a la fase en que se instala aquí el puesto para pago del paso del puente con mercancías, el pontazgo, cuando se derriba la torre del puente que servía para ello.</p>\n<p>Bajo este suelo aparecieron las gradas, de forma octogonal, que subían hasta el pedestal de la cruz, de forma cuadrada. Los escalones más altos habían sido desmontados para nivelar más la superficie, antes de poner el suelo empedrado.</p>\n<p>Las monedas encontradas en la excavación indicaban que el Humilladero dejó de tener función religiosa ya durante la Guerra de Independencia, cegándose los arcos y abriéndose troneras para disparar. Es posible que en este primer cierre ya desapareciera la parte superior de la cruz.</p>\n<p>Aunque la excavación terminó en 2002, no fue hasta 2023 cuando se procedió a restaurar el monumento, colocando la pieza de fuste original sobre su pedestal, aunque con una cruz más baja y nada comparable a la original.</p>\n\n", "ubi_mat_dep_perm": "Almacenes Sección Arqueología Gobierno de Navarra. Cordovilla.", "ubi_mat_falta_depos": null, "ubi_mat_dep_tempo": null, "bibliografia": null, "colaboradores": null }, "geometry": { "type": "Point", "coordinates": [ -1.599972336485035, 42.067146429607682 ] } },
{ "type": "Feature", "properties": { "fid": 2007, "numero_int": 38, "denominacion": "Herrerias 10", "n_sigla": null, "direccion": "Calle Herrerías 10.", "fecha": "Septiembre 2001.", "z_pepri": 2, "director": "Juan José Bienes Calvo.", "promotor": "Ayuntamiento de Tudela.", "descrip_restos": "<p>Tras derribarse una vivienda en la Calle Herrerías, la empresa constructora solicitó los servicios de Arqueología del Ayuntamiento de Tudela.</p>\n<p>La vivienda tuvo bodegas con bóveda de ladrillo en los dos extremos del solar, dejando una zona central libre de sótanos y bodegas, donde se supondría que se encontraría el trazado de la muralla.</p>\n<p>Al inspeccionar el solar tras el derribo, se observó que, en ambos laterales de esta zona central, en los medianiles de las casas colindantes, se veía perfectamente la sección de la muralla, cortada, aunque con diferente altura conservada. Donde más altura conservaba era en el lateral Norte, donde hasta 2,86 m la muralla estaba formada por sillares, y hasta 4,34 m por un tapial de barro muy compacto. En el lateral Sur se conservaba con menos altura, sin verse la parte de tapial. La parte de piedra se veía muy mal conservada en su cara al exterior de la ciudad, con anchuras variables entre 2 y 2,50 m.</p>\n<p>Se hicieron dos catas frente a las dos secciones de la muralla, comprobando que no hay continuidad en el subsuelo, habiendo sido cortada la muralla en época posterior al siglo XVI.</p>\n<p>Los rellenos excavados en los dos sondeos fueron de cronología moderna y contemporánea, y solo se pudo documentar la muralla hasta una profundidad de 2,95 m por debajo de la calle Herrerías.</p>\n<p>En el vaciado del solar tampoco se localizaron restos de la barbacana.</p>\n<p>En el proceso de edificación, se dejó visto y consolidado, tras un cristal, una parte del alzado en piedra de la muralla conservada en el lateral Norte, siendo visible en la pared de un bar existente en la planta baja.</p>\n\n", "ubi_mat_dep_perm": "Almacén Servicio de Arqueología Gobierno de Navarra. Cordovilla.", "ubi_mat_falta_depos": null, "ubi_mat_dep_tempo": null, "bibliografia": "<ul>\n    <li>BIENES CALVO, Juan José. “Urbanismo”. En <i>Serie Retrospectiva y Futuro 802 – 2002 nº 5</i>. Pág. 31. Tudela, 2002.</li>\n    <li>BIENES CALVO, Juan José. La fortificación islámica en el Valle Medio del Ebro. En <i>Monografías Universitarias nº 13</i>. Págs. 285 a 303. Soria, 2004.</li>\n    <li>BIENES CALVO, Juan José. Tudela islámica. En <i>Villa 2: villes et campagnes de Tarraconaise et d’Al-Andalus</i>. Págs. 199 a 218. Zaragoza, 2007.</li>\n</ul>", "colaboradores": null }, "geometry": { "type": "Point", "coordinates": [ -1.607131656758665, 42.062514053256074 ] } },
{ "type": "Feature", "properties": { "fid": 2008, "numero_int": 41, "denominacion": "Zurradores 7-9", "n_sigla": null, "direccion": "Calle Zurradores 7.", "fecha": "22 a 29 de Octubre de 2001.", "z_pepri": 5, "director": "Juan José Bienes Calvo.", "promotor": "Ayuntamiento de Tudela.", "descrip_restos": "<p>Seguimiento arqueológico al comienzo de las obras en un solar situado en la zona de la Morería. Nada más comenzar los trabajos se reservó una zona para limpieza y excavación arqueológica ya que se tocaban estructuras de argamasa y de ladrillo con forma circular.</p>\n<p>Tras una primera limpieza se dejó al descubierto una primera estructura formada por un doble círculo de ladrillos, siendo el interior más moderno que el exterior ya que rompía parte del exterior. Con una boca estrecha y relleno de una tierra oscura, parecía claramente que se trataba de un horno. Al comenzar a excavar el interior, no se encontró suelo y apareció agua a pocos centímetros de comenzar su vaciado. La tierra oscura no eran cenizas, sino limos, y la estructura correspondía a un aljibe con cubierta abovedada. Los ladrillos tampoco tenían calcinación por fuego.</p>\n<p>Cortado por el aljibe, si que existía otra estructura circular de la que solo quedaba el suelo de ladrillos quemados. Estaba totalmente arrasada, no levantado más allá del plano de los ladrillos. Esta estructura sí que se pudo definir como perteneciente a la cámara de combustión de un horno de planta circular, posiblemente para cerámica.</p>\n<p>Al aumentar la superficie de excavación hacia el Norte, hacia la calle, se tocó una estructura de grandes piedras cogidas con argamasa, con una anchura de 1,72 m, siendo la primera ocasión en que se localizó la muralla de la Morería. Cortando la muralla se localizó otra estructura circular de ladrillos, con doble círculo, que resultó ser otro aljibe como el que se encontró en días anteriores, y sobre él, amortizándolo, un pequeño horno de planta oval, con unas medidas de 1,21 x 0,85 m.</p>\n<p>Fuera de las estructuras se recogió mucha cerámica bajo medieval proveniente de testares de alfareros, pero se hallaron muy pocos fragmentos dentro de los aljibes y los hornos.</p>\n<p>La muralla y la base del horno circular son las estructuras más antiguas y pertenecen a la Morería, pero no hay restos para poder fechar la amortización del horno.</p>\n<p>Las estructuras de los dos aljibes cortan todo lo anterior, tanto el horno como la muralla, por lo que son posteriores y habría que fecharlos a partir del siglo XVI. En el relleno de su interior se recogieron pocas cerámicas, pero ya de cronología muy moderna, siglo XVII, pudiendo llegar al XVIII.</p>\n<p>El horno pequeño aún es más moderno, pues al menos está sobre el sellado de uno de los aljibes, pudiendo coexistir con el otro de ellos.</p>\n<p>La presencia del horno más antiguo y los aljibes más modernos, pone en relación la zona con actividades artesanales que en parte tienen que estar relacionadas con el nombre que toma la calle de Zurradores. Aunque pudo haber una actividad alfarera en un principio, la necesidad de abundante agua tuvo que estar relacionada con la artesanía de curtidores y tenerías, todas ellas situadas en una parte exterior de las murallas.</p>\n", "ubi_mat_dep_perm": "Almacén Servicio Arqueología Gobierno de Navarra. Cordovilla.", "ubi_mat_falta_depos": null, "ubi_mat_dep_tempo": null, "bibliografia": "<ul>\n    <li>BIENES CALVO, Juan José. “Urbanismo”. En <i>Serie Retrospectiva y Futuro 802 – 2002 nº 5</i>. Pág. 41. Tudela, 2002.</li>\n    <li>MARÍN ROYO, Luís María. <i>Temas tudelanos II. La Tudela desconocida</i>. Aspectos recónditos de la historia de la ciudad: El castillo. Las murallas. Págs. 222 y 223. Tudela, 2002.</li>\n</ul>", "colaboradores": null }, "geometry": { "type": "Point", "coordinates": [ -1.607570682027651, 42.06154521672125 ] } },
{ "type": "Feature", "properties": { "fid": 2009, "numero_int": 40, "denominacion": "Dominicas 17", "n_sigla": null, "direccion": "Calle Dominicas 17", "fecha": "Diciembre 2001.", "z_pepri": 5, "director": "Juan José Bienes Calvo.", "promotor": "Ayuntamiento de Tudela.", "descrip_restos": "<p>Seguimiento arqueológico en el trabajo de apertura de zanjas para las cimentaciones de la nueva edificación. El terreno estaba formado por una capa de escombro muy revuelto, en algunas zonas muy poco compacto, con mucho ladrillo y teja entre la tierra. Todos los materiales cerámicos que aparecían eran de época muy moderna, con lozas de los siglos XVIII y XIX. Tras esta capa de escombro aparecía una arcilla muy compacta, limpia, sin materiales.</p>\n<p>No se apreciaron otros niveles de cronología anterior, ni restos de cimentaciones. La capa de escombro descansaba sobre la capa arcillosa, con una superficie irregular, como si estuviera rellenando desniveles de terreno.</p>\n<p>El hallazgo casual de un horno y materiales de alfarero al hacer las obras en una casa cercana puede hacer pensar que la zona pudo estar llena de zanjas y fosas donde se recogería la arcilla para las cerámicas. La urbanización de la zona, ya en épocas más modernas necesitó alisar los terrenos, llenándose los huecos con tierra y escombro.</p>\n<p>El seguimiento reconoció un resultado negativo de la inspección, no recogiéndose materiales.</p>\n\n", "ubi_mat_dep_perm": null, "ubi_mat_falta_depos": null, "ubi_mat_dep_tempo": null, "bibliografia": null, "colaboradores": null }, "geometry": { "type": "Point", "coordinates": [ -1.610150680746132, 42.062990320184163 ] } },
{ "type": "Feature", "properties": { "fid": 2010, "numero_int": 35, "denominacion": "Muro Barbacana RA5 Cerro", "n_sigla": "TU.2.01.x._0", "direccion": "Cerro de Santa Bárbara. Sector 2. RA 5.", "fecha": "Sondeo: 5 de Junio a 12 de Septiembre de 2001.\nExcavación: Diciembre 2004.\nSeguimiento en 2018.\n", "z_pepri": 1, "director": "Juan José Bienes Calvo.", "promotor": "Ayuntamiento de Tudela.", "descrip_restos": "<p>Primero de los sondeos que se hicieron conforme al Plan de Viabilidad que se aprobó en el año 2000 para recabar información para un futuro Plan Director.</p>\n<p>Se planteó un sondeo en trinchera de 14 x 3 m, frente a un testigo de piedras y argamasa que afloraba en la ladera Sur del Cerro.</p>\n<p>Conforme se fueron quitando las capas superficiales, en el bloque de argamasa comenzó a definirse una cara de mampostería con cara en talud, que a mayor profundidad se recubría con una capa de enlucido, pero que en realidad era la argamasa que estaba en contacto con el encofrado de tablas con que se había hecho la muralla.</p>\n<p>Frente a este muro comenzaron a documentarse finas capas de cenizas con abundantes materiales arqueológicos, viéndose que formaban una cuenca frente al muro, que acabó definiéndose como un foso, con escarpa y contra escarpa, que profundizaba hasta un poco más abajo de la propia cimentación del muro. En el relleno más inferior del foso aparecieron notables piedras de sillería arrojadas al fondo.</p>\n<p>Los restos descubiertos constituían una potente estructura que en total tenía 9 m de altura. Al final de la excavación nos percatamos de que habíamos marcado la cata en una zona frontal a uno de los torreones de la barbacana, sin tocar ninguno de los ángulos exteriores. En 2004 se procedió a realizar una excavación con medios mecánicos, en área, para descubrir una parte del trazado de la barbacana y que se vieran, al menos, los dos ángulos del torreón. Por peligrosidad de la cata abierta en 2001, se rellenó el foso hasta las cotas del entorno. Al dejar libre una parte del muro de la barbacana, se comprobó que no tenía tanta profundidad como la torre, esto significaba que el foso tenía un desnivel muy significativo en esta zona del Cerro y que la Zona Sur había sufrido un potente desmonte que había modificado el relieve antiguo.</p>\n<p>Del complejo de muralla y barbacana que cerrarían el perímetro exterior del castillo, parece ser que solo la barbacana mantenía restos conservados de cierta envergadura, quedando escasos restos de la muralla unos metros atrás.</p>\n<p>Finalmente, en 2018, este resto arqueológico fue objeto de consolidación y puesta en valor. Se repararon algunos huecos del muro de la barbacana y se rehicieron parte de los \"enlucidos\" del torreón, marcándose sus ángulos. En el proyecto no se contempló el descubrimiento completo del torreón en toda su profundidad, quedando unos 5 m de cara vista, sin descubrir.</p>\n", "ubi_mat_dep_perm": "Almacén Sección de Arqueología Gobierno de Navarra. Cordovilla.", "ubi_mat_falta_depos": null, "ubi_mat_dep_tempo": null, "bibliografia": "<ul>\n    <li>BIENES CALVO, Juan José. “Urbanismo”. En <i>Serie Retrospectiva y Futuro 802 – 2002 nº 5</i>. Págs. 41 a 56. Tudela, 2002.</li>\n    <li>BIENES CALVO, Juan José. El legado material de las Juderías de Tudela. En <i>Revista del Centro de Estudios Merindad de Tudela nº 16</i>. Págs. 144 y 145. Tudela, 2008.</li>\n    <li>DIÉGUEZ URIBEONDO, Iñaki y BIENES CALVO, Juan José. Castillo del Cerro de Santa Bárbara. En <i>Una ventana al pasado</i>. Págs. 262 a 269. Pamplona, 2021.</li>\n    <li>MARÍN ROYO, Luís María. <i>Temas tudelanos II. La Tudela desconocida</i>. Aspectos recónditos de la historia de la ciudad: El castillo. Las murallas. Págs. 91 a 93. Tudela, 2002.</li>\n</ul>", "colaboradores": null }, "geometry": { "type": "Point", "coordinates": [ -1.606184316938738, 42.066172417295277 ] } },
{ "type": "Feature", "properties": { "fid": 2011, "numero_int": 34, "denominacion": "Fortín RA21 Cerro", "n_sigla": "TU.1.01.UE.x._0", "direccion": "Fortín de Santa Bárbara. Sector 9. RA 21 y 22.", "fecha": "Marzo – Mayo 2001.", "z_pepri": 1, "director": "Juan José Bienes Calvo.", "promotor": "Ayuntamiento de Tudela.", "descrip_restos": "<p>En la parte superior del Cerro de Santa Bárbara se localiza un edificio de planta cuadrada y cubierta plana que es la parte principal de las fortificaciones que se realizan en el monte en 1873, en la Tercera Guerra Carlista. Sobre este fortín, se colocó en 1942, tras la Guerra Civil, un monumento al Sagrado Corazón de Jesús.</p>\n<p>El interior del fortín conserva la parte baja de la torre del homenaje del castillo, dedicada a aljibe, siendo el único elemento que se conserva del castillo de Tudela y que se salvó de su desmantelamiento ya que en el siglo XVI se reconvierte en Ermita de Santa Bárbara, la cual será destruida durante las guerras napoleónicas. El fortín del siglo XIX se construye abrazando por tres de sus lados a las ruinas de la torre.</p>\n<p>Actualmente, el edificio es propiedad de la Diócesis y en el año 2000 se acondicionó la galería más cercana a la puerta, como capilla. En 2001 se quiso acondicionar el resto, aprovechando la ocasión para excavar en su interior ya que el Ayuntamiento disponía desde hace pocas semanas de un servicio municipal de arqueología.</p>\n<p>La intervención arqueológica se realizó en las dos galerías restantes, en el interior del aljibe y en la terraza.</p>\n<p>Las galerías conservaban parte del pavimento empedrado del siglo XIX que se veía cortado por dos zanjas modernas, una para la colocación del cable del pararrayos y otra para la cimentación del contrapeso para el monumento al Corazón de Jesús.</p>\n<p>Tras quitar el suelo empedrado se descubrieron los rellenos de dos zanjas que tras su vaciado y comprobación cronológica se definieron como la impronta de la antigua alcazaba. No se pudieron documentar estratos de la fase bajo medieval, ya que para la construcción del fortín del XIX se hizo una explanación que rebajó la zona alrededor de la torre del homenaje en 0,87 m.</p>\n<p>Al exterior de estas improntas de la alcazaba, se localizó un suelo hecho con fragmentos de cerámicas, opus signinum, con una muy posible cronología romana, así como algunos hoyos pequeños de cronología andalusí y anterior.</p>\n<p>En la terraza se trazó un sondeo en la zona central, sobre la bóveda del aljibe de la torre. Primero se descubrió parte de un empedrado para la terraza del fortín del siglo XIX, similar al de las galerías inferiores. Tras quitarlo, aparecieron las huellas que quedaron del suelo del primer piso de la torre tras arrancar las losas de piedra del mismo. En el suelo se veía también un intento de perforación de la bóveda del aljibe que se debió de abandonar al comprobar que no estaba hecha de piedra de sillería.</p>\n<p>Se documentó que el cuerpo superior de la torre era de menores dimensiones que la planta del aljibe y que la unión entre ambos cuerpos se solucionaba con un paramento en talud. También se comprobaba que la parte superior cargaba sobre la bóveda, por lo que fue necesario reforzara con un arco que actualmente no se conserva.</p>\n<p>Por último, se excavó el interior de la torre, dejando limpio el aljibe. Originalmente no tuvo acceso, salvo por una pequeña trampilla en la clave de la bóveda que serviría para el suministro de agua y acceso para su limpieza. En la fase del fortín del siglo XIX se abre una estrecha puerta en el lateral norte que quedaría a la altura de un piso de tarima. El relleno que se excavó en el aljibe estaba formado por el escombro de las obras del monumento religioso y solo en el fondo se pudieron recoger algunos efectos militares como botones y munición.</p>\n<p>El aljibe quedó totalmente limpio, dejando ver la capa de revestimiento que cubre la estructura de mampostería que forman los muros y la bóveda. Esta capa tiene un fuerte color rojo, algo apagado por los carbonatos, muy similar a los aljibes de otras torres cercanas.</p>\n<p>Por descontado, no apareció ningún túnel que comunicara este depósito con la catedral o cualquier otra parte de Tudela, creencia muy generalizada en la ciudad y en muchas otras localidades.</p>\n\n", "ubi_mat_dep_perm": "Almacén Sección de Arqueología. Cordovilla.", "ubi_mat_falta_depos": null, "ubi_mat_dep_tempo": null, "bibliografia": "<ul>\n    <li>BIENES CALVO, Juan José. “Urbanismo”. En <i>Serie Retrospectiva y Futuro 802 – 2002 nº 5</i>. Págs. 28, 47 y 48. Tudela, 2002.</li>\n    <li>BIENES CALVO, Juan José. Tudela islámica. En <i>Villa 2: villes et campagnes de Tarraconaise et d’Al-Andalus</i>. Págs. 199 a 218. Zaragoza, 2007.</li>\n    <li>MARÍN ROYO, Luís María. <i>Temas tudelanos II. La Tudela desconocida</i>. Aspectos recónditos de la historia de la ciudad: El castillo. Las murallas. Págs. 108 y 109. Tudela, 2002.</li>\n</ul>", "colaboradores": null }, "geometry": { "type": "Point", "coordinates": [ -1.606903596866124, 42.067202421482698 ] } },
{ "type": "Feature", "properties": { "fid": 2012, "numero_int": 37, "denominacion": "Herrerias 1", "n_sigla": null, "direccion": "Solar Calle Herrerías 1.", "fecha": "Octubre 2001.", "z_pepri": 4, "director": "Mª Cruz Pérez Omeñaca/ Juan José Bienes Calvo.", "promotor": "Ayuntamiento de Tudela / Construcciones Jarama.", "descrip_restos": "<p>Seguimiento arqueológico en el solar producido por el derribo de un edificio en el extremo Sur de la Calle Herrerías. El edificio proyectado realizaba el vaciado del terreno para aparcamiento subterráneo.</p>\n<p>El solar se vació hasta una cota de tres metros. El trabajo se tuvo que interrumpir debido a la gran cantidad de agua que brotaba, al alcanzar la capa freática existente en esta zona de la ciudad.</p>\n<p>El agua de estos manantiales se encontraba canalizada por debajo de las edificaciones antiguas, recogiéndose en un canal mayor, al descubierto, que desagua en el río Queiles. La rotura de estas canalizaciones obligó a parar las obras para volver a encauzarlos en tuberías de PVC.</p>\n<p>El solar se encuentra en la zona más baja de la Calle Herrerías, una calle ancha, producto de la colmatación de un foso defensivo frente a las murallas. Este foso tuvo que aprovechar un barranco natural formado por las aguas de todos estos manantiales. Esta gran cantidad de fuentes fue propicia para que en esta zona se asentaran actividades artesanales que necesitaban agua en abundancia: alfareros, curtidores de pieles y herreros, de donde toma el nombre la calle.</p>\n<p>En el seguimiento del vaciado del solar solo se documentó la existencia de una bodega con bóveda de ladrillo que estuvo accesible hasta el derribo de la vivienda. Todo el relleno, hasta llegar a las gravas naturales, estaba formado por tierra y escombro echado para rellenar el foso, ya que el solar se ubica en el centro de lo que fue el barranco. El foso fue rellenado a partir del siglo XVI, al irse perdiendo su valor defensivo, junto con el de las murallas.</p>\n\n", "ubi_mat_dep_perm": "Almacén Sección de Arqueología. Gobierno de Navarra. Cordovilla", "ubi_mat_falta_depos": null, "ubi_mat_dep_tempo": null, "bibliografia": null, "colaboradores": null }, "geometry": { "type": "Point", "coordinates": [ -1.607160312995157, 42.061676474948783 ] } },
{ "type": "Feature", "properties": { "fid": 2013, "numero_int": 36, "denominacion": "Muro Barbacana RA9 Cerro", "n_sigla": null, "direccion": "Cerro de Santa Bárbara. Sector 5. RA 9.", "fecha": "13 de Septiembre de 2001 a 5 de Febrero de 2002.", "z_pepri": 1, "director": "Juan José Bienes Calvo.", "promotor": "Ayuntamiento de Tudela.", "descrip_restos": "<p>Segundo de los sondeos realizados en el Cerro de Santa Bárbara planteados en el Plan de Viabilidad aprobado en el año 2000 para recabar información para un futuro Plan Director.</p>\n<p>Se marcó una cata de 14 x 3 m en una ladera orientada al Oeste, frente a un resto de muralla construida con argamasa encofrada y pared en talud.</p>\n<p>Este bloque de muralla solo apareció con una altura de 2,30 m, viéndose que las piedras más exteriores de su cimentación habían sido arrancadas. Por suerte, frente a ella, y a una distancia de 5,70 m se descubrió un segundo tramo, paralelo. Los dos muros estaría formando un conjunto de muralla y barbacana.</p>\n<p>El tramo adelantado no es de argamasa encofrada, sino de sillarejo rejuntado con argamasa, y paramento vertical, del que se conservan unos dos metros de altura bien conservados y uno más sin el revestimiento de sillarejo. El hallazgo de estos muros ofrece unas grandes expectativas sobre el descubrimiento y conservación de más longitud en este tramo del cerco exterior del castillo.</p>\n<p>Frente a la muralla no parece haber foso, sino solo ladera en pendiente. Los rellenos que se depositan frente a la muralla proceden del desmantelamiento de los muros para el aprovechamiento de la piedra, existiendo una gran acumulación de sillares a pie de muralla, del momento en que se derriban las partes altas de parapetos y almenas, antes de permitir la recogida de piedra.</p>\n<p>La excavación entre los dos tramos de muralla aporta el dato de que éstos se construyen sobre viviendas de la judería en el siglo XIV, hallándose algunos fragmentos de candiles rituales hebreos.</p>\n<p>Entre los materiales recogidos frente a la muralla, destaca una matriz de broce para sello de cera, con escudo y leyenda, que perteneció a un personaje llamado Juan Fernández de Eslava, al cual hemos creído localizar como testigo en un documento fechado en 1313.</p>\n", "ubi_mat_dep_perm": "Almacenes Servicio Arqueología Gobierno de Navarra. Cordovilla.", "ubi_mat_falta_depos": null, "ubi_mat_dep_tempo": null, "bibliografia": "<ul>\n    <li>BIENES CALVO, Juan José. “Urbanismo”. En <i>Serie Retrospectiva y Futuro 802 – 2002 nº 5</i>. Págs. 48 y 54. Tudela, 2002.</li>\n    <li>JOVER, Mercedes. <i>Caballeros y caballos entre 1212 y 1512</i>. Pág. 42. Pamplona, 2012.</li>\n    <li>MARÍN ROYO, Luís María. <i>Temas tudelanos II. La Tudela desconocida</i>. Aspectos recónditos de la historia de la ciudad: El castillo. Las murallas. Pág. 97. Tudela, 2002.</li>\n</ul>", "colaboradores": null }, "geometry": { "type": "Point", "coordinates": [ -1.6081240397841, 42.067059799340655 ] } },
{ "type": "Feature", "properties": { "fid": 2014, "numero_int": 47, "denominacion": "San Salvador 21", "n_sigla": "_11_1_7_0", "direccion": "Solar Calle San Salvador 21", "fecha": "Mayo 2003", "z_pepri": 2, "director": "Juan José Bienes Calvo", "promotor": "Ayuntamiento de Tudela", "descrip_restos": "<p>En este solar se planteó realizar un sondeo en trinchera en sentido longitudinal con el fin de poder localizar restos de la muralla andalusí de Tudela, correspondiente a la fortificación de principios del siglo IX, o anterior, cuyos restos se identifican en un solar cercano y cuyo trazado tendría que pasar por el solar.</p>\n<p>La trinchera fue de 14 x 2 m y no se localizaron estructuras de amurallamiento. En el tercio superior se identificaron estructuras relativamente modernas, con un suelo empedrado y muros de la vivienda. Bajo el empedrado se documenta un suelo de cal que corta un depósito y un silo de época medieval tardía.</p>\n<p>En el tercio más bajo, las arcillas naturales afloran enseguida, marcándose manchas circulares correspondientes a silos de cronología andalusí. Uno de ellos es de gran profundidad, 2,14 m y un diámetro máximo en el fondo, de 1,75 m. Su relleno proporciona materiales del siglo XII - XIII, pero la parte final tiene cerámicas andalusíes del siglo IX, por lo que el silo fue abandonado en fecha temprana y no rellenado hasta la fase medieval cristiana.</p>\n<p>Destacan, en esta intervención, las cerámicas del siglo IX recuperadas en el fondo del silo, y el fragmento de un fondo de cerámica romana, una campaniense con barniz negro, que presenta una letra en signario paleohispánico.</p>\n", "ubi_mat_dep_perm": "Almacén Servicio Arqueología Gobierno de Navarra. Cordovilla.\nSala de Arqueología. Bodega Museo de Tudela.\n", "ubi_mat_falta_depos": null, "ubi_mat_dep_tempo": null, "bibliografia": null, "colaboradores": null }, "geometry": { "type": "Point", "coordinates": [ -1.607515170784374, 42.065221945469894 ] } },
{ "type": "Feature", "properties": { "fid": 2015, "numero_int": 46, "denominacion": "Muralla Andalusi RA7 Cerro", "n_sigla": null, "direccion": "Cerro de Santa Bárbara. Sector 3. RA 7", "fecha": "Julio 2003. ", "z_pepri": 1, "director": "Juan José Bienes Calvo.", "promotor": "Ayuntamiento de Tudela.", "descrip_restos": "<p>Cuarto de los sondeos que se realizan en el Cerro de Santa Bárbara, siguiendo el Plan de Viabilidad que se aprobó en el año 2000 para recabar datos ante un futuro Plan Director.</p>\n<p>En esta ocasión se marcó una superficie de 6 x 5 m en una zona baja del Cerro de Santa Bárbara donde es visible un tramo de la muralla exterior de Tudela que consta de cuatro hiladas de cimentación y una superior de cara vista, con sillares almohadillados. El interés del sondeo radicaba en actuar en los rellenos que se situaban a la cara interior de la muralla para buscar elementos con que fechar el muro.</p>\n<p>Tras la muralla el terreno sube en fuerte pendiente, con un desnivel de 3,40 m. Comenzando a excavar por la parte más alta, se van identificando rellenos superpuestos.</p>\n<p>En una zona todavía alta, se localiza la zanja, perfectamente delimitada, donde se situó un muro en ángulo recto, con una anchura de 1,60 m. Esta estructura expoliada tuvo que pertenecer a la antigua ermita de Nuestra Señora de La Cabeza, marcada en el plano dibujado por De Retz en 1800.</p>\n<p>Salvo los más superficiales, todos los rellenos que se excavan son de cronología andalusí, viendo la potente acumulación de tierra que se va depositando tras la muralla. El hallazgo de arenas en las superficies entre rellenos y piedras desprendidas de la muralla, certifica que estos rellenos se van adosando paulatinamente a la muralla y no son echados de una sola vez para aterrazar.</p>\n<p>Los niveles arqueológicos más profundos en relación con la muralla proporcionan escasos materiales, pero la presencia de alguna cerámica vidriada ante una mayoría de cerámicas comunes propondría una cronología de finales del siglo IX o principios del X para la fecha de construcción de la muralla, que cronológicamente coincidiría con el final del poder de los Banu Qasi y el ascenso de los Tuyibies, siendo una reforma del trazado original.</p>\n<p>Además, en un lateral de la cata apareció el resto de una potente cimentación con grandes piedras sin argamasa, que es cortada por la zanja para la construcción de la nueva muralla. Esta muralla más antigua, podría formar parte de las fortificaciones realizadas por Amrús a principios del siglo IX.</p>\n<p>Esta cimentación más antigua cortaba un relleno de ladera con cerámicas del siglo VIII y algunos huesos humanos revueltos.</p>\n<p>La muralla se encuentra visible pero sin consolidar, habiendo sido fuertemente expoliada en su flanco Sur, de tal manera que solo continúa con una o dos hiladas de su cimentación, pero suficiente para poder comprobar que existe el ángulo de una torre muy poco adelantada a la línea de muralla.</p>\n", "ubi_mat_dep_perm": null, "ubi_mat_falta_depos": null, "ubi_mat_dep_tempo": null, "bibliografia": null, "colaboradores": null }, "geometry": { "type": "Point", "coordinates": [ -1.608314456272042, 42.067723434506625 ] } },
{ "type": "Feature", "properties": { "fid": 2016, "numero_int": 49, "denominacion": "Ugarte 17", "n_sigla": null, "direccion": "Calle María Ugarte nº 17.", "fecha": "Diciembre 2003 - Enero 2004.", "z_pepri": null, "director": "Juan José Bienes Calvo.", "promotor": "Ayuntamiento de Tudela.\nConstrucciones Dolarre S. L.\n", "descrip_restos": "<p>Tras el aviso de que en una casa que iban a derribar próximamente se veían en los patios traseros restos de un horno, se habló con la constructora para que desde el Servicio del Arqueología del Ayuntamiento de Tudela se hiciera una excavación antes de comenzar las obras. Esta parcela se localizaba fuera de la zona protegida del Casco Antiguo de Tudela, por lo que en los permisos de obra no se indicaba la realización de trabajos arqueológicos, pero estábamos ante una ocasión única para poder documentar uno de los últimos testigos de la tradición alfarera de Tudela.</p>\n<p>En una primera inspección de la zona se identificaba perfectamente la existencia de un horno de planta cuadrada y los restos de otro más cubierto de tierra y vegetación.</p>\n<p>La excavación de los dos hornos fue sencilla pues los rellenos que tenían estaban compuestos por escombro y basura actuales, lo que indicaba que estuvieron en uso hasta fechas recientes, según testigos, hasta 1938.</p>\n<p>El primero de los hornos, el más visible, de planta cuadrada, con 3,80 m de lado. El exterior es de ladrillo y el interior de adobe. La cámara de cocción tiene una superficie de 2,20 x 1,80 m y conserva una altura de 1,90 m. Conserva intacta la parrilla que separa las dos cámaras, la de cocción y la de combustión. A la cámara de cocción se accede por una estrecha puerta en el lado Norte, mientras que la cámara de cocción se alimenta desde una zona a menor cota que se localiza en el lado Oeste. Esta cámara de cocción está cubierta con arcos de adobe rubefactado que sostienen la parrilla; con una altura máxima de 1,68 m. La boca de carga es una pequeña ventana sobre la que hay varios arcos de ladrillo, de descarga, sirviendo el más ancho para sostener una escalera que accede a la parte alta del horno para trabajar en la zona de cubierta y tiros de aire.</p>\n<p>El segundo de los hornos resultó de planta circular, mejor conservado, aunque el exterior estaba más deteriorado, quizás por haber sido de adobe y tierra terraplenada. Para no darle tanta altura, se construyo con un fondo más profundo, por lo que la cámara de combustión estaba a más profundidad que la del primer horno, aunque se accedía por la misma zona. El exterior no era regular, con un diámetro medio de 5 m, donde se situaba la zona de alimentación que era plana. La cámara de cocción tenía un diámetro regular de 3 m, y con una altura conservada de 4,48 m, parte de ella por debajo del suelo exterior. A esta cámara se accedía por un estrecho pasillo abocinado. La parilla se conservaba perfectamente y la cámara de combustión, también con arcos que sostienen la parrilla, tenía una altura de 1,93 m.</p>\n<p>El horno cuadrado se usó para cocción de cantarería, recogiéndose algunos fragmentos de piezas rotas en los rellenos excavados. El repertorio de piezas es exclusivamente de cerámicas comunes, sin vidriados, teniendo algunas decoraciones pintadas en negro. Las formas recogidas son jarras, cántaras, botijos y macetas.</p>\n<p>El horno de planta circular se dedico a una producción más industrial, de tejas y ladrillos. Siendo éste el más moderno, también fue el primero en abandonarse ya que comenzaron a desarrollarse las tejerías mecánicas que tanto auge cogieron en la industria tudelana en las décadas de los años 50 y 60 del siglo XX.</p>\n<p>La excavación pudo documentar a tiempo los dos hornos, ya que no pudieron conservarse dentro del proyecto de construcción, al ocuparse todo el espacio para aparcamiento subterráneo.</p>\n", "ubi_mat_dep_perm": "Almacén Servicio Arqueología Gobierno de Navarra.", "ubi_mat_falta_depos": null, "ubi_mat_dep_tempo": null, "bibliografia": null, "colaboradores": null }, "geometry": { "type": "Point", "coordinates": [ -1.606792617608365, 42.060498391245744 ] } },
{ "type": "Feature", "properties": { "fid": 2017, "numero_int": 48, "denominacion": "Solar Calle Magallón 9", "n_sigla": null, "direccion": "Calle Magallón 9", "fecha": "19 de Enero a 8 de Junio 2004", "z_pepri": 3, "director": "Juan José Bienes Calvo.", "promotor": "Ayuntamiento de Tudela.", "descrip_restos": "<p>Excavación que se realizó en un solar propiedad del Ayuntamiento de Tudela, al fondo de un adarve prolongación de la calle Benjamín de Tudela. Se planteaba como una gran ocasión para poder localizar urbanismo andalusí y quizás niveles arqueológicos de la Judería Vieja. Se marcó una cuadrícula de 5 x 10 m, aunque se fue ampliando conforme fueron apareciendo estructuras.</p>\n<p>Tras quitar una primera capa revuelta, se marcaron toda una serie de muros y cimentaciones pertenecientes a las etapas más modernas y toda una serie de canales de desagüe. Se quitaron todos estos elementos modernos para evitar alteraciones con cerámicas modernas y se fueron vaciando algunas zonas entre muros, correspondientes a zonas bajas y carboneras con cronologías entre los siglos XVII y XIX. Bajo el suelo de una de ellas se descubrieron los restos de dos niños recién nacidos.</p>\n<p>Los hallazgos más importantes correspondieron a la etapa medieval, tanto en la andalusí como en la cristiana, no encontrándose muchos restos anteriores, tan solo unas piedras alineadas con una ordenación diferente a los muros que se les superponen. Las cerámicas romanas halladas siempre lo han sido mezcladas con la de cronología andalusí.</p>\n<p>El primer poblamiento se establece a mediados del siglo IX con la expansión de la medina islámica con límite en el río Queiles. Para este primer momento ya se establece la presencia de un adarve y una vivienda en el lateral Sur de la calle, aunque sin que se vea acceso desde ella. Estos muros, aunque con escasa altura conservada, ya presentan un aparejo con pequeñas piedras inclinadas, a modo de opus spicatum. En estas estancias destacaría un gran salón con paredes revestidas de estuco rojo; desde ella se accedería a un patio enlosado, del que solo han quedado las improntas, marcándose un cuadrado sin losas que correspondería al alcorque para un árbol.</p>\n<p>En la fase andalusí, el adarve se adentraba unos cinco metros más en la manzana, acabando en una puerta de acceso, con jambas de alabastro y umbral de piedra. Frente a la puerta, y cubierto con losas, se encontró un pozo ciego al que desaguaban canales de varias viviendas y había seguido siendo utilizado hasta época Moderna.</p>\n<p>La superficie del adarve apenas había variado de cota desde la época andalusí, apareciendo cerámicas árabes bajo el adoquinado actual. Bajo el suelo del adarve se documentó un canal para agua que sorteaba de modo tangente el pozo ciego, aunque se cortaba al llegar al umbral.</p>\n<p>Dentro de la vivienda se localizó otro pozo ciego similar al del exterior, pero éste sí que había sido amortizado en época andalusí. La existencia de este pozo indicaba que el adarve aún era más largo al principio de la fase andalusí.</p>\n<p>Tras la conquista cristiana se mantiene el trazado del adarve, pero se reestructura el espacio doméstico, manteniéndose el patio, del que quedó parte del enlosado a una cota superior que el anterior. A esta época corresponde un horno de pequeñas dimensiones y con paredes de adobe.</p>\n<p>En la zona Este de la excavación, las habitaciones medievales se situaban a una cota ligeramente inferior. En uno de los rellenos de amortización, ya en el siglo XVI, se localizó un sillar perteneciente a la jamba de una puerta, presentando un ligero rebaje circular en la cara frontal, de fachada, y que habría tenido un recubrimiento de estuco. Se ha querido identificar como una mezuzá colocada a la entrada de una casa de la Judería Vieja. Sería, por el momento, el único resto conservado de la judería andalusí de Tudela. Cronológicamente, los restos descubiertos, indican que durante la fase andalusí hubo un importante poblamiento en la zona, pero no sabemos si la mezuzá estuvo colocada en la entrada de esa vivienda o proviene de una zona cercana.</p>\n<p>*(La Mezuzá es un objeto receptáculo que se localiza en la jamba derecha de los pórticos de las casas judias. En él se introduce un pergamino o papel que tiene escritos versículos de la Torá).</p>\n", "ubi_mat_dep_perm": null, "ubi_mat_falta_depos": null, "ubi_mat_dep_tempo": null, "bibliografia": null, "colaboradores": null }, "geometry": { "type": "Point", "coordinates": [ -1.603842305907273, 42.063611966284164 ] } },
{ "type": "Feature", "properties": { "fid": 2018, "numero_int": 43, "denominacion": "Calahorra 12", "n_sigla": null, "direccion": "Calle Calahorra 12.", "fecha": "Abril - Junio 2003.", "z_pepri": 2, "director": "Juan José Bienes Calvo.", "promotor": "Ayuntamiento de Tudela.", "descrip_restos": "<p>Pequeño solar propiedad del Ayuntamiento de Tudela que se produce tras el derribo de una vivienda que estrechaba la calzada de la calle Calahorra. Este estrechamiento quizás podría ser producto de la existencia de restos de la Puerta de Calahorra, una de las que tuvo Tudela en época andalusí y cuyos restos perduraron hasta el siglo XIX.</p>\n<p>Se marcó una cata de 5 x 5 m en una zona centrada del solar pero más cerca de la calle que del fondo.</p>\n<p>Nada más quitar la capa de escombro revuelto, apareció la arcilla natural, marcándose algunos rellenos de tipo circular correspondientes a pozos o silos, y una de forma alargada.</p>\n<p>Los circulares fueron tres, y correspondieron a silos de sección troncocónica y fondo cóncavo, conservados con una profundidad variable entre 0,25, y 1 m. Estos silos se construyen en el interior de las viviendas andalusíes para conservan alimentos bajo el suelo.</p>\n<p>El de planta alargada resultó ser el fondo de la cámara de combustión de un horno, conservándose una profundidad de 0,67 m. En parte, estaba rellenado de piedras bien colocadas, con el fin de que no haya posteriores hundimientos del terreno.</p>\n<p>No se han conservado ni estructuras ni suelos correspondientes a las viviendas asociadas a estos restos, lo que implica que el urbanismo anterior se disponía en una ladera con más pendiente y ha sido cortado al hacer una vivienda más moderna con una superficie más grande.</p>\n<p>Las cerámicas halladas en el interior de estos silos y el horno proporcionan una cronología de amortización del siglo IX, sin que hayan aparecido piezas destacables.</p>\n\n\n", "ubi_mat_dep_perm": "Almacén Servicio Arqueología Gobierno de Navarra. Cordovilla.", "ubi_mat_falta_depos": null, "ubi_mat_dep_tempo": null, "bibliografia": null, "colaboradores": null }, "geometry": { "type": "Point", "coordinates": [ -1.608447819506744, 42.065623544126872 ] } },
{ "type": "Feature", "properties": { "fid": 2019, "numero_int": 42, "denominacion": "Gayarre 11", "n_sigla": null, "direccion": "Calle Gayarre 11.", "fecha": "Febrero 2002.", "z_pepri": 5, "director": "Juan José Bienes Calvo.", "promotor": "Ayuntamiento de Tudela.\nPromociones Pérez de Lazarraga.\n", "descrip_restos": "<p>Durante tres días se procedió a realizar el seguimiento de vaciado del solar, que se rebajó hasta una cota de 1,5 m. Todo el terreno estaba formado por tierra de huerta, más compacta a mayor profundidad, hasta llegar a un limo limpio y grava. No se apreciaron restos cerámicos con antigüedad notable, ni elementos constructivos, salvo la cimentación de una antigua tapia.</p>\n<p>Según documentación existente en el Archivo Municipal, referente a la apertura de la Calle Gayarre, sobre lo que eran huertas, corrales y un trujal, en el año 1885, este solar estaba ocupado por una huerta tapiada perteneciente a Don Tomás Morales.</p>\n<p>El área en que se ha actuado se sitúa dentro del recinto de la Morería, el barrio que se crea extramuros de la medina islámica tras la conquista cristiana, y en el que se ubicará la población musulmana desalojada de sus casas en 1120.</p>\n<p>El caserío de la Morería debió de estar situado en una zona más cercana a la muralla andalusí, junto a la calle Herrerías y la Puerta del Mercado, estando la zona de la calle Gayarre ocupada por huertas, cuya actividad no ha cambiado hasta la construcción de edificio actual.</p>\n\n", "ubi_mat_dep_perm": "Sin materiales.", "ubi_mat_falta_depos": null, "ubi_mat_dep_tempo": null, "bibliografia": null, "colaboradores": null }, "geometry": { "type": "Point", "coordinates": [ -1.608811220393759, 42.062087083245629 ] } },
{ "type": "Feature", "properties": { "fid": 2020, "numero_int": 45, "denominacion": "Sondeo RA12 Cerro", "n_sigla": "TU.2.02.x y TU.3.03.x._0", "direccion": "Cerro de Santa Bárbara. Sector 7. Ra 12.", "fecha": "1 de Agosto a 12 de Noviembre de 2002.\n23 de Junio a 28 de Septiembre de 2003.\n", "z_pepri": 1, "director": "Juan José Bienes Calvo.", "promotor": "Ayuntamiento de Tudela.", "descrip_restos": "<p>Tercero de los sondeos que se realizan en el Cerro de Santa Bárbara, siguiendo el Plan de Viabilidad que se aprobó en el año 2000 para recabar datos ante un futuro Plan Director.</p>\n<p>En esta ocasión se planteó en 2002 un sondeo de 5 x 5 m para estudiar una estratigrafía sobre el poblamiento en el Cerro desde sus orígenes, ya que en los cortados cercanos se veían a gran profundidad niveles arqueológicos de I Edad del Hierro. Se realiza en una planicie aterrazada en la Edad Media para la construcción de la Judería Nueva y es aprovechada en el siglo XIX para los patios de un fortín en la Tercera Guerra Carlista. En 2003, el sondeo se amplió hasta una superficie de 5 x 11 m.</p>\n<p>Los primeros rellenos revueltos corresponden al abandono del fortín, derribo de las tapias que rodeaban esta explanada y aportes de tierra para la plantación de pinos. Bajo el suelo de la fase del fortín, apareció un relleno también revuelto producto de desmantelar los muros de las viviendas de la Judería Nueva. De esta fase, fechada desde finales del siglo XII hasta el año 1498 en que se expulsa a los judíos en Navarra, aparecieron algunos muros de mampostería encofrada, suelos de losas muy cuarteadas y zanjas que quedaron de expoliar los muros. Son pocos restos pero permiten seguir el trazado de las viviendas.</p>\n<p>Bajo esta fase de la Judería, aparecen niveles de ocupación andalusí. Los más modernos, de los siglos X y XI, corresponden a varios muros de una estancia de planta cuadrangular con hogar central y hueco para colocar una tinaja. En el siglo XI aparece asociada a una reforma que deja una pequeña habitación donde se ubicaría un pozo ciego.</p>\n<p>A más profundidad se localizan nuevos muros de viviendas con la característica de que la orientación en totalmente diferente, con una desviación de 45º, por lo que aparecen totalmente cruzadas en X. Estos muros más profundos también son de cronología andalusí, pero con unas fechas del siglo VIII o principios del IX y caracterizándose por tener espacios rectangulares alargados, definiéndose dos estancias, siendo una de ellas más estrecha y con un mayor número de pozos para silos de contener alimentos.</p>\n<p>Esta diferencia de ordenación en el urbanismo solo puede obedecer a un proceso de abandono temporal en este sector del Cerro en la primera mitad del siglo IX, quizás correspondiente a la construcción de la alcazaba y a un progresivo repoblamiento del entorno a partir del siglo X.</p>\n<p>Sería en este momento de nueva repoblación cuando se localiza un enterramiento infantil realizado bajo el suelo de una de las viviendas o en una zona de ladera antes de su construcción.</p>\n<p>Los hallazgos de cerámicas del siglo VIII probaban que la etapa andalusí de Tudela no comenzaba en el 802, sino que estaba presente desde principios del siglo VIII tras la capitulación de Zaragoza.</p>\n<p>El urbanismo andalusí no estaba asentado en una terraza, sino en una ladera con fuerte pendiente hacia el Sur, acusándose en la profundidad en ese lateral de la cata.</p>\n<p>Para buscar elementos más antiguos se continuó bajando en la parte más profunda de la cata, en un rincón que no afectara a la zona de estructuras andalusíes. No se localizaron niveles arqueológicos de cronología romana ni de II Edad del Hierro, si bien en los rellenos andalusíes más antiguos fue frecuente encontrar cerámicas de ambas etapas, incluyendo una moneda y un pequeño fragmento de inscripción.</p>\n<p>A cuatro metros de profundidad comenzaron a encontrarse fragmentos de cerámicas de I Edad del Hierro, al principio en capas de arrastre, pero a más profundidad en relación a una serie de estructuras domésticas arrasadas en una remodelación del suelo, con gran cantidad de cenizas y adobes quemados en zona de hornos o fogones. En esta zona se recogieron abundantes fragmentos de cerámica aplastada.</p>\n<p>El hallazgo de estas cerámicas de Edad del Hierro complementan a las halladas en la excavación de 1988, con una distancia de 115 m entre ellas, lo que unido a la calidad de las decoraciones en algunas de sus formas, implica la existencia de un poblado de gran importancia para una época temprana que se puede llevar al siglo VIII a C.</p>\n<p>En 2024, ante el deterioro de la cata se apostó por la consolidación de los restos, vallado y colocación de carteles interpretativos. Las zonas más profundas ya se cubrieron en 2003 y en 2024 se actuó sobre el urbanismo andalusí, ya que era el mejor conservado.</p>\n\n", "ubi_mat_dep_perm": "Almacén Servicio Arqueología Gobierno de Navarra. Cordovilla.\nSala de Arqueología. Bodega Museo de Tudela.\n", "ubi_mat_falta_depos": null, "ubi_mat_dep_tempo": null, "bibliografia": "<ul>\n    <li>BIENES CALVO, Juan José. “Urbanismo”. En <i>Serie Retrospectiva y Futuro 802 – 2002 nº 5</i>. Tudela, 2002.</li>\n    <li>BIENES CALVO, Juan José. Tudela islámica. En <i>Villa 2: villes et campagnes de Tarraconaise et d’Al-Andalus</i>. Págs. 199 a 218. Zaragoza, 2007.</li>\n    <li>MARÍN ROYO, Luís María. <i>Temas tudelanos III. La Tudela desconocida</i>. Aspectos recónditos de la historia de la ciudad. Culturas antiguas. Primeras huellas humanas. Reino de Tudela y dominación musulmana. Tudela, 2003.</li>\n    <li>ORTA RUBIO, Esteban. <i>Tudela</i>. En <i>Serie Panorama nº 41</i>. Pág. 12. Pamplona, 2009.</li>\n    <li>SESMA SESMA, Jesús, BIENES CALVO, Juan José, et alii. Las cerámicas de estilo Cogotas I y los ciclos culturales en las postrimerías de la Edad del Bronce en Navarra. En <i>Revista Cuadernos de Arqueología de la Universidad de Navarra nº 17</i>. Pág. 50. Pamplona, 2009.</li>\n</ul>", "colaboradores": null }, "geometry": { "type": "Point", "coordinates": [ -1.607254569817248, 42.06676236989135 ] } },
{ "type": "Feature", "properties": { "fid": 2021, "numero_int": 44, "denominacion": "Catedral ", "n_sigla": "TUD 124.02.2._0", "direccion": "Calle Roso 2.", "fecha": "2002-2006", "z_pepri": 2, "director": "Inés Tabar Sarrías y Jesús Sesma Sesma", "promotor": "Fundación para la Conservación del Patrimonio Histórico", "descrip_restos": "<p>Entre los años 2002 y 2006 se llevó a cabo una restauración integral de la Catedral, promovida por la Fundación para la Conservación del Patrimonio Histórico de Navarra, durante la cual se acometió, entre otras actuaciones, la excavación arqueológica del interior del templo, sobre una superficie de 2.950 m2. </p>\n<p>El resultado más destacable ha sido la posibilidad de poder conocer la secuencia cronológica completa de este lugar, desde sus orígenes más remotos hasta la actualidad.</p>\n<p>Las evidencias más antiguas descubiertas en el solar de la catedral corresponden fragmentos cerámicos de la Edad del Hierro, periodo celtibérico y evidencias de época romana. </p>\n<p>La llegada del islam en las primeras décadas del siglo VIII supuso el empuje definitivo para la configuración urbana de Tudela, lo que conllevó a la ocupación urbanística de este espacio.</p>\n<p>ÉPOCA ANDALUSÍ:\n<p>Mezquita. Fase inicial, siglo IX: </p>\n<p>Los únicos restos conservados de esta fase son los que se descubrieron en la excavación de la plaza Vieja en 1993. En ella se pudieron identificar restos de este primer oratorio islámico datado en torno a la primera mitad del siglo IX. Gracias a estos restos se estima que la mezquita original tendría una planta casi cuadrangular (40 x 45 codos), con la sala de oraciones y el patio (ṣaḥn) de dimensiones muy similares. </p>\n<p>Urbanismo en el entorno de la Mezquita: </p> \n<p>Durante los siglos IX-X, el área urbana circundante a la mezquita iría siendo cada vez más codiciado, debido a la intensa actividad política, económica y social que allí se desarrollaba. Las excavaciones realizadas en la cabecera de la catedral, han permitido descubrir restos de este urbanismo residencial, aunque su fragmentario estado de conservación no permite conocer la planta o distribución de estas edificaciones. </p> \n<p>Mezquita. Fase ampliación, siglo XI: </p>\n<p>En el siglo XI, se acomete la ampliación y reforma de la aljama de Tudela, siguiendo el modelo de la mezquita de Córdoba de al-Ḥakam II.</p>\n<p>De esta segunda etapa del oratorio se han localizado un mayor número de restos arqueológicos, descubiertos bajo la plaza Vieja, en el interior de la catedral y en el claustro, además de los integrados en los alzados de los muros de la catedral. La mezquita mantuvo su muro norte, pero se amplió lateralmente y hacia el sur, duplicando la longitud de la sala de oraciones hasta alcanzar 71 x 32 metros y siete naves. El patio también se ensanchó, incorporando tres azaquefas y un alminar alineado con el muro norte.</p>\n<p>Urbanismo en el entorno de la Mezquita. Siglo XI:</p>\n<p>La ampliación de la mezquita supuso un cambio en el urbanismo circundante. En la excavación se han encontrado restos una calle y otra serie de restos que se han relacionado con un edificio con sala de abluciones menores (mīḍā´a) vinculado con la mezquita, descartándose su interpretación como baño (ḥammām) debido a diferencias en estructura y necesidades.</p>\n<p>ÉPOCA CRISTIANA: </p>\n<p>En 1119 la ciudad capituló ante las tropas de Alfonso I «el Batallador». La conquista de la medina supuso para los musulmanes el desalojo de la mezquita, viviendas y propiedades que poseían en el interior del recinto amurallado. Este cambio de orden político, religioso, cultural y social afectó directamente al terreno en estudio, puesto que en 1121 la mezquita mayor pasó a ser consagrada al culto cristiano, bajo el nombre de Santa María de Tudela. </p> \n<p>Desde el punto de vista arqueológico, con base en la documentación conservada, se ha diferenciado varias fases en la edificación del edificio: </p>\n<p> 1) Entre 1121 y 1188: Conversión de la mezquita aljama de Tudela en iglesia.</p> \n<p> 2)Primera fase constructiva de la catedral entre 1170 y 1188, de estilo tardorrománico: Construcción de la cabecera y las partes bajas del lado oriental del crucero. Implicó la demolición de las estructuras islámicas anexas a la Mezquita.</p> \n<p> 3) Segunda fase constructiva de la catedral entre 1188 y 1234, de estilo tardorrománico: Tras la consagración de 1188, las capillas de la nueva cabecera eran ya utilizables para el culto cristiano. Se levantan las naves del templo, procediéndose al derribo del antiguo ḥarām de la mezquita. </p>\n<p> 4) Tercera fase constructiva, a mediados del siglo XIII, de estilo gótico: Se acomete el cierre del templo con la portada del Juicio.</p>\n<p>Necrópolis: </p> \n<p>El templo tudelano fue utilizado como necrópolis parroquial de forma exhaustiva. La colegiata es un enorme camposanto, el más extenso y más importante en el medievo de la ciudad, en el que están representados todos los estratos sociales de Tudela a lo largo de los siglos XII-XIX. </p>\n<p>PERIODO MEDIEVAL:</p>\n<p>El cementerio parroquial más antiguo se ubicó en la periferia de la Mezquita consagrada al rito cristiano. Las tumbas tienden a colocarse alineadas y pegadas al muro del templo, sin extenderse hacia la periferia. </p>\n<p>Las inhumaciones en el interior de la colegiata de Tudela comenzaron a practicarse desde momentos muy tempranos, en torno a mediados del siglo XIII, reservándose para altos cargos del clero o de la nobleza. </p>\n<p>Dentro de la colegiata existieron espacios destacados para el entierro de individuos relevantes de la ciudad, especialmente caballeros, que portaban ajuares singulares, como espuelas doradas y espadas, localizados en la capilla de San Martín, la sacristía y capilla del Espíritu Santo. </p>\n<p>Será durante el siglo XV cuando, además de las familias importantes y el clero, la gente del pueblo también quiera ser enterrada dentro de la iglesia. </p>\n<p>PERIODO MODERNO Y CONTEMPORÁNEO: </p>\n<p>Es durante este período cuando en la seo tudelana se produce la casi total ocupación de su espacio interior como camposanto, albergando un elevado número de sepulturas. De las 818 inhumaciones en conexión anatómica exhumadas en el templo, 653 corresponden a este momento. A estas deben sumarse los yacentes en sepulcros colectivos, osarios y niveles revueltos, en número indeterminado. </p>\n<p>A finales del siglo XVIII con la llegada del pensamiento ilustrado trajo consigo una serie de principios para fomento de la higiene pública que llevaron a prohibir los enterramientos dentro de las iglesias y cementerios adyacentes. Tras la Real Cédula de Carlos III de 1787, se promovió la creación de cementerios civiles fuera de las ciudades. En Tudela, esta medida se concretó en 1833 con la inauguración del cementerio municipal en las afueras, cerca de la ermita de Santa Quiteria, terminando así el uso funerario de la catedral. </p>\n", "ubi_mat_dep_perm": "Almacén Servicio de Arqueología Gobierno de Navarra. Cordovilla.\nMuseo de Tudela. Transepto Claustro Catedral.\n", "ubi_mat_falta_depos": null, "ubi_mat_dep_tempo": null, "bibliografia": "<ul>\n    <li>TABAR SARRIAS, Inés y SESMA SESMA, Jesús. Excavaciones en la Catedral de Tudela 2002 – 2003. En <i>La Catedral de Tudela</i>. Págs. 398 a 417. Pamplona, 2006. <a target=\"_blank\" href=\"https://www.culturanavarra.es/es/santa-maria-de-tudela-de-mezquita-a-catedral\">Enlace a bibliografía</a></li>\n    <li>TABAR SARRIAS, Inés, SESMA SESMA, Jesús y NAVAS CÁMARA, Luís. Intervención arqueológica. En <i>Tudela, el legado de una catedral</i>. Págs. 54 a 174. Pamplona, 2006.</li>\n    <li>TABAR SARRIAS, Inés y SESMA SESMA, Jesús. Enterramientos en la Catedral de Tudela. En <i>La Tierra te Sea Leve, Arqueología de la Muerte en Navarra</i>. Pág. 220. Pamplona, 2008.</li>\n    <li>SESMA SESMA, Jesús y TABAR SARRIAS, Inés. <i>Santa María de Tudela: de mezquita a catedral</i>. 401 págs. Pamplona, 2019.</li>\n    <li><a target=\"_blank\" href=\"https://www.culturanavarra.es/es/santa-maria-de-tudela-de-mezquita-a-catedral\">https://www.culturanavarra.es/es/santa-maria-de-tudela-de-mezquita-a-catedral</a></li>\n    <li><a target=\"_blank\" href=\"https://www.researchgate.net/publication/338234934_Santa_Maria_de_Tudela_de_mezquita_a_catedral\">https://www.researchgate.net/publication/338234934_Santa_Maria_de_Tudela_de_mezquita_a_catedral</a></li>\n</ul>", "colaboradores": null }, "geometry": { "type": "Point", "coordinates": [ -1.605239120148638, 42.063639763749784 ] } },
{ "type": "Feature", "properties": { "fid": 2022, "numero_int": 44, "denominacion": "Catedral ", "n_sigla": "TUD 124.02.2._0_1", "direccion": "Calle Roso 2.", "fecha": "2002-2006", "z_pepri": 2, "director": "Inés Tabar Sarrías y Jesús Sesma Sesma", "promotor": "Fundación para la Conservación del Patrimonio Histórico", "descrip_restos": "<p>Entre los años 2002 y 2006 se llevó a cabo una restauración integral de la Catedral, promovida por la Fundación para la Conservación del Patrimonio Histórico de Navarra, durante la cual se acometió, entre otras actuaciones, la excavación arqueológica del interior del templo, sobre una superficie de 2.950 m2. </p>\n<p>El resultado más destacable ha sido la posibilidad de poder conocer la secuencia cronológica completa de este lugar, desde sus orígenes más remotos hasta la actualidad.</p>\n<p>Las evidencias más antiguas descubiertas en el solar de la catedral corresponden fragmentos cerámicos de la Edad del Hierro, periodo celtibérico y evidencias de época romana. </p>\n<p>La llegada del islam en las primeras décadas del siglo VIII supuso el empuje definitivo para la configuración urbana de Tudela, lo que conllevó a la ocupación urbanística de este espacio.</p>\n<p>ÉPOCA ANDALUSÍ:\n<p>Mezquita. Fase inicial, siglo IX: </p>\n<p>Los únicos restos conservados de esta fase son los que se descubrieron en la excavación de la plaza Vieja en 1993. En ella se pudieron identificar restos de este primer oratorio islámico datado en torno a la primera mitad del siglo IX. Gracias a estos restos se estima que la mezquita original tendría una planta casi cuadrangular (40 x 45 codos), con la sala de oraciones y el patio (ṣaḥn) de dimensiones muy similares. </p>\n<p>Urbanismo en el entorno de la Mezquita: </p> \n<p>Durante los siglos IX-X, el área urbana circundante a la mezquita iría siendo cada vez más codiciado, debido a la intensa actividad política, económica y social que allí se desarrollaba. Las excavaciones realizadas en la cabecera de la catedral, han permitido descubrir restos de este urbanismo residencial, aunque su fragmentario estado de conservación no permite conocer la planta o distribución de estas edificaciones. </p> \n<p>Mezquita. Fase ampliación, siglo XI: </p>\n<p>En el siglo XI, se acomete la ampliación y reforma de la aljama de Tudela, siguiendo el modelo de la mezquita de Córdoba de al-Ḥakam II.</p>\n<p>De esta segunda etapa del oratorio se han localizado un mayor número de restos arqueológicos, descubiertos bajo la plaza Vieja, en el interior de la catedral y en el claustro, además de los integrados en los alzados de los muros de la catedral. La mezquita mantuvo su muro norte, pero se amplió lateralmente y hacia el sur, duplicando la longitud de la sala de oraciones hasta alcanzar 71 x 32 metros y siete naves. El patio también se ensanchó, incorporando tres azaquefas y un alminar alineado con el muro norte.</p>\n<p>Urbanismo en el entorno de la Mezquita. Siglo XI:</p>\n<p>La ampliación de la mezquita supuso un cambio en el urbanismo circundante. En la excavación se han encontrado restos una calle y otra serie de restos que se han relacionado con un edificio con sala de abluciones menores (mīḍā´a) vinculado con la mezquita, descartándose su interpretación como baño (ḥammām) debido a diferencias en estructura y necesidades.</p>\n<p>ÉPOCA CRISTIANA: </p>\n<p>En 1119 la ciudad capituló ante las tropas de Alfonso I «el Batallador». La conquista de la medina supuso para los musulmanes el desalojo de la mezquita, viviendas y propiedades que poseían en el interior del recinto amurallado. Este cambio de orden político, religioso, cultural y social afectó directamente al terreno en estudio, puesto que en 1121 la mezquita mayor pasó a ser consagrada al culto cristiano, bajo el nombre de Santa María de Tudela. </p> \n<p>Desde el punto de vista arqueológico, con base en la documentación conservada, se ha diferenciado varias fases en la edificación del edificio: </p>\n<p> 1) Entre 1121 y 1188: Conversión de la mezquita aljama de Tudela en iglesia.</p> \n<p> 2)Primera fase constructiva de la catedral entre 1170 y 1188, de estilo tardorrománico: Construcción de la cabecera y las partes bajas del lado oriental del crucero. Implicó la demolición de las estructuras islámicas anexas a la Mezquita.</p> \n<p> 3) Segunda fase constructiva de la catedral entre 1188 y 1234, de estilo tardorrománico: Tras la consagración de 1188, las capillas de la nueva cabecera eran ya utilizables para el culto cristiano. Se levantan las naves del templo, procediéndose al derribo del antiguo ḥarām de la mezquita. </p>\n<p> 4) Tercera fase constructiva, a mediados del siglo XIII, de estilo gótico: Se acomete el cierre del templo con la portada del Juicio.</p>\n<p>Necrópolis: </p> \n<p>El templo tudelano fue utilizado como necrópolis parroquial de forma exhaustiva. La colegiata es un enorme camposanto, el más extenso y más importante en el medievo de la ciudad, en el que están representados todos los estratos sociales de Tudela a lo largo de los siglos XII-XIX. </p>\n<p>PERIODO MEDIEVAL:</p>\n<p>El cementerio parroquial más antiguo se ubicó en la periferia de la Mezquita consagrada al rito cristiano. Las tumbas tienden a colocarse alineadas y pegadas al muro del templo, sin extenderse hacia la periferia. </p>\n<p>Las inhumaciones en el interior de la colegiata de Tudela comenzaron a practicarse desde momentos muy tempranos, en torno a mediados del siglo XIII, reservándose para altos cargos del clero o de la nobleza. </p>\n<p>Dentro de la colegiata existieron espacios destacados para el entierro de individuos relevantes de la ciudad, especialmente caballeros, que portaban ajuares singulares, como espuelas doradas y espadas, localizados en la capilla de San Martín, la sacristía y capilla del Espíritu Santo. </p>\n<p>Será durante el siglo XV cuando, además de las familias importantes y el clero, la gente del pueblo también quiera ser enterrada dentro de la iglesia. </p>\n<p>PERIODO MODERNO Y CONTEMPORÁNEO: </p>\n<p>Es durante este período cuando en la seo tudelana se produce la casi total ocupación de su espacio interior como camposanto, albergando un elevado número de sepulturas. De las 818 inhumaciones en conexión anatómica exhumadas en el templo, 653 corresponden a este momento. A estas deben sumarse los yacentes en sepulcros colectivos, osarios y niveles revueltos, en número indeterminado. </p>\n<p>A finales del siglo XVIII con la llegada del pensamiento ilustrado trajo consigo una serie de principios para fomento de la higiene pública que llevaron a prohibir los enterramientos dentro de las iglesias y cementerios adyacentes. Tras la Real Cédula de Carlos III de 1787, se promovió la creación de cementerios civiles fuera de las ciudades. En Tudela, esta medida se concretó en 1833 con la inauguración del cementerio municipal en las afueras, cerca de la ermita de Santa Quiteria, terminando así el uso funerario de la catedral. </p>\n", "ubi_mat_dep_perm": "Almacén Servicio de Arqueología Gobierno de Navarra. Cordovilla.\nMuseo de Tudela. Transepto Claustro Catedral.\n", "ubi_mat_falta_depos": null, "ubi_mat_dep_tempo": null, "bibliografia": "<ul>\n    <li>TABAR SARRIAS, Inés y SESMA SESMA, Jesús. Excavaciones en la Catedral de Tudela 2002 – 2003. En <i>La Catedral de Tudela</i>. Págs. 398 a 417. Pamplona, 2006. <a target=\"_blank\" href=\"https://www.culturanavarra.es/es/santa-maria-de-tudela-de-mezquita-a-catedral\">Enlace a bibliografía</a></li>\n    <li>TABAR SARRIAS, Inés, SESMA SESMA, Jesús y NAVAS CÁMARA, Luís. Intervención arqueológica. En <i>Tudela, el legado de una catedral</i>. Págs. 54 a 174. Pamplona, 2006.</li>\n    <li>TABAR SARRIAS, Inés y SESMA SESMA, Jesús. Enterramientos en la Catedral de Tudela. En <i>La Tierra te Sea Leve, Arqueología de la Muerte en Navarra</i>. Pág. 220. Pamplona, 2008.</li>\n    <li>SESMA SESMA, Jesús y TABAR SARRIAS, Inés. <i>Santa María de Tudela: de mezquita a catedral</i>. 401 págs. Pamplona, 2019.</li>\n    <li><a target=\"_blank\" href=\"https://www.culturanavarra.es/es/santa-maria-de-tudela-de-mezquita-a-catedral\">https://www.culturanavarra.es/es/santa-maria-de-tudela-de-mezquita-a-catedral</a></li>\n    <li><a target=\"_blank\" href=\"https://www.researchgate.net/publication/338234934_Santa_Maria_de_Tudela_de_mezquita_a_catedral\">https://www.researchgate.net/publication/338234934_Santa_Maria_de_Tudela_de_mezquita_a_catedral</a></li>\n</ul>", "colaboradores": null }, "geometry": { "type": "Point", "coordinates": [ -1.605340215859999, 42.063243857675893 ] } },
{ "type": "Feature", "properties": { "fid": 2023, "numero_int": 55, "denominacion": "Seminario", "n_sigla": null, "direccion": "Calle Gayarre 11 (Seminario de Tudela. Centro de Salud Tudela Oeste.)", "fecha": "Octubre – Diciembre 1987.", "z_pepri": 5, "director": "Juan José Bienes Calvo.", "promotor": "Ayuntamiento de Tudela.", "descrip_restos": "<p>Hallazgo casual de un Cristo tallado en madera en las obras del antiguo Seminario de Tudela para transformarlo en el nuevo centro de salud Tudela Oeste.</p>\n<p>La talla se encontró en un osario descubierto junto a la iglesia del antiguo convento de Carmelitas Descalzos. Se encontró en mal estado de conservación al estar enterrada, habiendo perdido los brazos y parte de las piernas. Conservaba parte de la policromía en el cuerpo, cabellos y ojos, midiendo 62 cm desde la cabeza a las rodillas. </p>\n<p>Se limpió y consolidó para la exposición de 1993 “Una década de Arqueología”. Actualmente se puede ver en el Museo de Tudela, Palacio Decanal. </p>\n", "ubi_mat_dep_perm": "Exposición permanente Museo de Tudela. Palacio Decanal.", "ubi_mat_falta_depos": null, "ubi_mat_dep_tempo": null, "bibliografia": null, "colaboradores": null }, "geometry": { "type": "Point", "coordinates": [ -1.61023220165932, 42.062097524111259 ] } },
{ "type": "Feature", "properties": { "fid": 2024, "numero_int": 54, "denominacion": "San Miguel 50", "n_sigla": "TUD.124.06.1._0", "direccion": "Calle Paseo del Castilllo 49", "fecha": "Marzo 2006", "z_pepri": 2, "director": "Mari Cruz Pérez Omeñaca", "promotor": "Construcciones Antonio y Pedro Gil S.L. ", "descrip_restos": "<p>La intervención arqueológica consistió en la realización de dos zanjas a modo de sondeos que atravesaban el solar en sentido perpendicular a la calle. </p> \n<p>Con la realización de los sondeos se pudieron documentar restos asociados a la ocupación urbana de este espacio desde inicios del siglo IX, poco después de la fundación oficial de la ciudad, en el 802. </p> \n<p>Los elementos más antiguos correspondían a un canal realizado con losas de piedra y a un posible suelo de tierra apisonada, ambos asociados al periodo andalusí. Del periodo medieval cristiano, siglos XIII-XIV, se halló la cimentación de un muro vinculado a un umbral de puerta, cuyo trazado no coincide con el de la calle actual. Por encima de estos niveles, se documentó la cimentación del inmueble derribado, alineada ya con la traza actual de la calle. </p>\n<p>El solar objeto de estudio se encuentra situado en la zona septentrional del casco histórico de Tudela, en una de las calles situadas en la ladera del Cerro de Santa Bárbara. </p> \n<p>En esta zona, ubicada dentro del primer recinto medieval de Tudela —datado entre el año 802 y mediados del siglo IX—, se han identificado restos pertenecientes a la medina islámica. Como se ha observado en otras intervenciones arqueológicas de la zona, tras la conquista cristiana se produjo en varios sectores un arrasamiento de los niveles islámicos, consecuencia del intenso aterrazamiento llevado a cabo entre los siglos XII y XIII. Como resultado, en muchas ocasiones solo han perdurado los fondos de silos y pozos andalusíes. </p>", "ubi_mat_dep_perm": "Almacén Servicio Arqueología Gobierno de Navarra.\n", "ubi_mat_falta_depos": null, "ubi_mat_dep_tempo": null, "bibliografia": null, "colaboradores": null }, "geometry": { "type": "Point", "coordinates": [ -1.608076482632411, 42.065783882444684 ] } },
{ "type": "Feature", "properties": { "fid": 2025, "numero_int": 57, "denominacion": "Portal 21", "n_sigla": "TUD124/07/11/x_0", "direccion": "Calle Portal 21", "fecha": "Abril de 2007", "z_pepri": 2, "director": "Mari Cruz Pérez Omeñaca", "promotor": "BARDENAS RESIDENCIAL S.L", "descrip_restos": "<p>Ante la construcción de un nuevo edificio en la calle Portal, zona cercana a la Puerta del Puente de la muralla de la ciudad y próxima a la iglesia románica de la Magdalena se plantea la realización de 3 sondeos para conocer mejor el urbanismo de esta zona de la ciudad.</p>\n<p>Sondeo 1: con unas medidas de 2 x 2 m tras la eliminación por parte de la pala excavadora del escombro superficial empieza a aparecer el coronamiento de un muro de mampostería que tiene forma de “L” con la esquina redondeada. Adosándose a este muro y amortizando el espacio interior de la estructura aparecen rellenos de escombros y cerámicas del siglo XVII. Solo se ha podido excavar una altura de muro de 58 cm ya que el nivel freático impedía llegar hasta la cimentación de dicho muro para determinar una posible cronología de construcción.</p>\n<p>Sondeo 2: con unas medidas de 2 x 2 m tras la eliminación por parte de la pala excavadora del escombro superficial aparece un nivel de tierra arcillosa con puntos de cal adosada a una estructura de cal y que puede ser un nivel de suelo. este mismo nivel de tierra se adosa también a un muro. Tras excavar en el espacio que queda entre ambos muros se aprecia una subida del suelo a lo largo del tiempo en el que la estancia esta en uso para evitar la humedad y que es fechable en el siglo XIII. No siendo posible de nuevo agotar los niveles arqueológicos debido al nivel freático.</p>\n<p>Sondeo 3: tras la retirada por parte de la pala excavadora del nivel de escombros actuales a unos 40 cm comienza a aparecer un muro al que se adosaran todas las unidades de relleno que se van a excavar. Tras legar a una cota de -2,40 m aparece el nivel freático y como en los casos anteriores el muro continúa bajando sin poder agotar los niveles arqueológicos. Los niveles de relleno excavados van desde los más modernos de los siglos XVII-XVIII hasta el más antiguo del siglo XIII.</p>\n<p>Los sondeos realizados nos dan una información algo parcial de la evolución urbanística de esta parte de la ciudad. La presencia del nivel freático ha impedido llegar hasta nivel geológico con lo que no se ha podido determinar el inicio de la ocupación urbanística en el solar.</p>\n", "ubi_mat_dep_perm": "Deposito permanente en el almacén de arqueología", "ubi_mat_falta_depos": null, "ubi_mat_dep_tempo": null, "bibliografia": null, "colaboradores": null }, "geometry": { "type": "Point", "coordinates": [ -1.604247028537608, 42.064728697898779 ] } },
{ "type": "Feature", "properties": { "fid": 2026, "numero_int": 56, "denominacion": "Carrera 15-13", "n_sigla": "TUD124/05/3. \nTUD124/05/9.\n_0", "direccion": "Calle Carrera 15-13", "fecha": "Mayo-Septiembre 2005\nMarzo-Abril 2006\n", "z_pepri": null, "director": "Luis Navas Cámara", "promotor": "Caja Navarra ", "descrip_restos": "<p>El proyecto de obra contemplaba intervenciones en dos solares, ubicados en Carrera 15 y Carrera 13. La excavación arqueológica se llevó a cabo en dos fases: la primera se realizó en el solar de Carrera 15 entre junio y septiembre de 2005, mientras que la segunda tuvo lugar en el solar de Carrera 13, entre marzo y abril de 2006. </p>\n<p>Restos contemporáneos-modernos: </p>\n<p>De finales del siglo XIX corresponde el muro de encauzamiento y defensa del río Queiles que está realizado en mampostería de piedra caliza, en el que la cimentación era más ancha que el alzado. La base de la cimentación se apoyaba en maderas horizontales que a su vez descansaban sobre maderas pilotadas en el subsuelo. </p>\n<p>Se descubrieron además restos correspondientes con espacios domésticos de las viviendas de este periodo. </p>\n<p>Bajo este nivel se descubrieron niveles de arrasamiento y nivelación del espacio entre los que quedaban otra serie de estructuras como un pozo construido en piedra caliza que contaba con una canalización que vertía el agua sobrante al Queiles. </p>\n<p>Restos medievales:</p>\n<p>El hallazgo más relevante de esta excavación fue el descubrimiento de un complejo artesanal de producción cerámica, situado extramuros de la ciudad, en la margen derecha del río Queiles. Este complejo estuvo en uso durante un largo período, que abarca desde finales del siglo XI o comienzos del siglo XII hasta finales del siglo XIV o principios del siglo XV. </p>\n<p>Este complejo artesanal contaba con 4 hornos de planta rectangular alargada dispuestos en batería con orientación Norte-Sur. Los hornos se encontraron muy arrasados. </p>\n<p>Asociado a estos hornos se descubrió un testar, identificado en un gran hoyo excavado en el terreno y que se encontraba rellenado de una gran cantidad de material cerámico, incluyendo numerosas piezas defectuosas, mal cocidas o fracturadas durante el proceso de fabricación. Este conjunto de materiales nos proporciona información sobre el tipo de piezas que se producían en estos talleres y permite fechar su periodo de actividad. </p>\n<p>El material cerámico incluye piezas de cerámica hispanomusulmana o de tradición, combinadas con las primeras producciones cristianas, conformando un conjunto que situamos entre el siglo XII y comienzos del XIII, denominado mudéjar. </p>\n<p>Otro de los elementos descubiertos fueron unas canalizaciones realizadas con losas y piezas de piedra caliza con una dirección Norte-Sur, que comunicaría con el río Queiles, por el que discurría agua, necesaria para el trabajo y moldeado de la arcilla. </p>\n<p>Estas estructuras se encontraban sobre un nivel de tierra arcillosa que contenía material cerámico fechado entre finales del siglo XI y comienzos del XII, con una fase final situada entre finales del siglo XII y comienzos del XIII. </p> \n", "ubi_mat_dep_perm": "Almacén Servicio Arqueología Gobierno de Navarra.", "ubi_mat_falta_depos": null, "ubi_mat_dep_tempo": null, "bibliografia": null, "colaboradores": null }, "geometry": { "type": "Point", "coordinates": [ -1.604075221314448, 42.062125613432201 ] } },
{ "type": "Feature", "properties": { "fid": 2027, "numero_int": 51, "denominacion": "Dominicas 1", "n_sigla": "TUD.129.05.8._0", "direccion": "Calle Dominicas 1", "fecha": "Enero 2006", "z_pepri": 5, "director": "Mari Cruz Pérez Omeñaca", "promotor": "Fincas Morae S.L.", "descrip_restos": "<p>Como dato previo de la intervención se conocía la existencia de dos bodegas que condicionaban la conservación de restos arqueológicos en el solar. Por este motivo, se planificó la realización de dos sondeos en las dos únicas zonas que permanecían libres del espacio ocupado por las bodegas.</p>\n<p>Los sondeos aportaron información sobre los primeros momentos de ocupación del solar, fechados en el siglo XI, según los materiales recuperados. Entre estos destacan fragmentos de ataifor vidriado y cerámica común.</p>\n<p>Esta parte de la ciudad, conocida como la Morería, comenzó a organizarse urbanísticamente a partir de 1119. Estos terrenos situados extramuros de la medina pudieron albergar un arrabal o barrio periférico, quizás con un caserío disperso y de escasa entidad.</p>\n<p>El único resto estructural hallado en los sondeos corresponde a un pavimento y parte del muro de un posible depósito, apoyado sobre un nivel datado en el siglo XI. Probablemente, esta estructura fue construida tras la reforma urbanística que tuvo lugar en el solar con el inicio de la configuración de la Morería, después de la conquista cristiana de Tudela.</p>\n<p>El depósito apareció cubierto por rellenos y materiales datados entre los siglos XVI y XVII, que servían como base de un suelo de época contemporánea.</p>\n", "ubi_mat_dep_perm": null, "ubi_mat_falta_depos": null, "ubi_mat_dep_tempo": null, "bibliografia": null, "colaboradores": null }, "geometry": { "type": "Point", "coordinates": [ -1.609535308196582, 42.063366791041616 ] } },
{ "type": "Feature", "properties": { "fid": 2028, "numero_int": 50, "denominacion": "Bodega Judia", "n_sigla": null, "direccion": "Cerro de Santa Bárbara. Sector 1. RA 1.", "fecha": "Julio a Septiembre de 2004", "z_pepri": 1, "director": "Juan José Bienes Calvo.", "promotor": "Ayuntamiento de Tudela.", "descrip_restos": "<p>Quinto de los sondeos que se realizan en el Cerro de Santa Bárbara, siguiendo el Plan de Viabilidad que se aprobó en el año 2000 para recabar datos ante un futuro Plan Director.</p>\n<p>Se marcó una cata de 5 x 5 m en una zona llana donde se pudieran documentar restos de la Judería Nueva. Solo se documentaron los restos de una cimentación en ángulo, de la que se conservaba una pequeña parte, habiendo sido expoliado el resto. La parte expoliada era mucho más profunda que la conservada, correspondiendo a una reparación.</p>\n<p>Viendo los escasos restos del sondeo, se amplió hacia el Este donde, en la ladera hacia el río Ebro, se observaban restos de muros a una cota muy baja. Tras limpiar el terreno de niveles revueltos por las plantaciones infructuosas de pinos, apareció el ángulo de una construcción en sillares que conservaba el arranque de una bóveda de piedra, lo que presagiaba una potente capa de relleno arqueológico. La excavación de esta bodega supuso la recuperación de gran material arqueológico, sobre todo cerámica, ya que se usó como basurero. Se hallaron cerámicas con rica decoración, muchas procedentes de alfares valencianos, tanto en colores azules como en lozas doradas. También se recogieron monedas, objetos de bronce, conchas de ostras, etc. La bodega tiene una superficie de 7,50 x 5,90 m.</p>\n<p>Dos de los laterales de la bodega estaban totalmente expoliados, así como la estructura que conformaba el cuadro de la caja de la escalera de acceso. El suelo de la bodega se hizo aprovechando una capa de piedra caliza muy blanda, hallándose en la zona de entrada, junto a las escaleras de acceso, un depósito para agua de forma cuadrada, con paredes de sillería y pequeños escalones entre las hiladas.</p>\n<p>Entre la bodega y la cata se documentó una calle con dos metros de anchura, marcada entre las dos zanjas de expolio que se encontraron de los muros que la flanqueaban. Al final de la campaña se rehízo el muro del lateral este de la calle.</p>\n<p>El límite Este de la bodega estaba formado por un muro de aterrazamiento, muy arrasado, delante del que todavía había espacio para unas habitaciones que solo podían tener acceso a partir de una calle totalmente desaparecida en los cortados arcillosos orientados hacia el rio Ebro, dando idea de la cantidad de ladera urbanizada que se ha perdido por la erosión tras el desmantelamiento de murallas y judería a partir del siglo XVI.</p>\n<p>Como elemento curioso, en los rellenos de abandono de estas estancias, se encontró un enterramiento infantil fechable a partir de finales del XV.</p>\n<p>No sabemos con seguridad si estas casas fueron propiedad de judíos, pues los documentos hablan que en el cerco amurallado del castillo pagan impuestos, tanto judíos, como mudéjares y cristianos, dentro de un recinto que se supone núcleo de la Judería Nueva. Ciertamente, no han aparecido restos propios de cultura judía, pero hay que pensar que la bodega se está rellenando con basura y escombro procedente de una clase social alta, por el tipo de cerámicas, objetos y las conchas de ostras, siendo la zona palaciega del castillo la más cercana para utilizar la bodega como basurero, en una fecha de principios del siglo XVI, cuando la Judería Nueva ha sido abandonada en 1498.</p>\n<p>En el año 2018 estos restos no entraron en el conjunto de estructuras consolidadas, colocándose solamente una malla y una capa de gravilla sobre el suelo de la bodega, un vallado de madera para evitar caídas y un panel con una reconstrucción de la vivienda.</p>\n", "ubi_mat_dep_perm": "Almacén Servicio Arqueología Gobierno de Navarra.", "ubi_mat_falta_depos": null, "ubi_mat_dep_tempo": null, "bibliografia": "DIÉGUEZ URIBEONDO, Iñaki y BIENES CALVO, Juan José. Castillo del Cerro de Santa Bárbara. En Una ventana al pasado. pags 262 a 269. Pamplona. 2021.\nORTA RUBIO, Esteban. Tudela, Serie Panorama nº 41. pags 17 y 30. Pamplona. 2009.\n", "colaboradores": null }, "geometry": { "type": "Point", "coordinates": [ -1.605960596239826, 42.066882721258615 ] } },
{ "type": "Feature", "properties": { "fid": 2029, "numero_int": 53, "denominacion": "Gayarre 8", "n_sigla": "TUD.124.05.01._0", "direccion": "Calle Gayarre 8", "fecha": "26 de abril a 6 de mayo de 2005", "z_pepri": 5, "director": "Gabinete TRAMA ", "promotor": "Departamento de Bienestar Social, Deporte y Juventud del Gobierno de Navarra. ", "descrip_restos": "<p>La intervención arqueológica fue realizada en el año 2006 por arqueólogos del gabinete TRAMA de arqueología. Los trabajos consistieron en la realización de 4 sondeos acometidos en diferentes zonas del solar.</p>\n<p>Los resultados de los sondeos han permitido documentar la ocupación histórica de este solar a lo largo del tiempo. En él se conservan restos estructurales pertenecientes al Convento del Carmen, los cuales se extienden por la totalidad del solar, aunque presentan un mejor estado de conservación en la zona este. En esta área se han exhumado dos tipos distintos de suelos de ladrillo, así como un muro de piedra asentado con mortero de yeso y enlucido.</p>\n<p>En lo que respecta a restos anteriores a la construcción del convento, se han identificado varios estratos que evidencian una ocupación medieval continuada del solar desde finales del siglo XII. La estratigrafía completa solo pudo observarse en el sondeo 2, lo que limita la interpretación del tipo de ocupación medieval. Esta circunstancia impide determinar si dicha ocupación estuvo vinculada a estructuras de habitación o si, por el contrario, el espacio fue utilizado para actividades agropecuarias, con vertidos urbanos puntuales.</p>\n<p>También es necesario diferenciar los sucesivos aterrazamientos documentados que se han realizado en el solar a partir de época moderna. Se identificaron un total de tres estratos: el primero correspondería al momento de construcción del Convento del Carmen (año 1592), el segundo se habría producido tras la desamortización de Mendizabal, momento en el que el solar pasa a manos privadas, desvinculándose de la estructura original del Convento, y el tercero dataría de la década de 1980, cuando se construye el edifico que ocupa actualmente el solar.</p> \n<p>Esta zona de Tudela fue ocupada urbanísticamente a partir de 1119, con la conquista cristiana de Tudela, lo que conllevó que los musulmanes fueran obligados a trasladarse extramuros y los judíos comenzaran a asentarse en las faldas del Cerro de Santa Bárbara, al abrigo de los muros del castillo. Tudela experimentó un importante cambio urbanístico. La morería se configuró como el barrio ocupado por la comunidad musulmana entre los años 1119 y 1516, fecha en la que los musulmanes fueron expulsados del Reino de Navarra. A partir de entonces, se produjo una nueva transformación urbana con la implantación de órdenes religiosas, que agruparon varios conjuntos de viviendas sobre los que se asentaron sus edificaciones conventuales, entre otras construcciones.</p>\n<p>El espacio intervenido se trataba de un espacio que formaba parte del convento del Carmen. El solar ocupa el ángulo suroccidental del antiguo claustro.  Este edificio fue construido en 1592 por iniciativa de Fray Gaspar Cortés, en el lugar donde existían unas casas de tinte propiedad de Cristóbal de Toledo. El convento que actualmente es de los filipenses, fue fundado por los Carmelitas Descalzos.  Con la desamortización de Mendizabal en 1836, el solar pasó a manos de un particular y en el año 1982 adquirió el aspecto que muestra en estos momentos.</p>\n", "ubi_mat_dep_perm": "Almacén Servicio Arqueología Gobierno de Navarra.", "ubi_mat_falta_depos": null, "ubi_mat_dep_tempo": null, "bibliografia": null, "colaboradores": null }, "geometry": { "type": "Point", "coordinates": [ -1.608639903532821, 42.062469074563467 ] } },
{ "type": "Feature", "properties": { "fid": 2030, "numero_int": 52, "denominacion": "Muro 17bis", "n_sigla": null, "direccion": "Calle Muro 17.", "fecha": "3 de Mayo a 1 de Junio de 2005.", "z_pepri": 5, "director": "Juan José Bienes Calvo.", "promotor": "Fincas Morae.", "descrip_restos": "<p>Solar que se localiza entre las calles Muro y San Julián, por donde se localiza el trazado de la muralla original andalusí que va paralela al río Queiles y que se construye a mediados del siglo IX en la expansión de la medina.</p>\n<p>Durante el derribo de la vivienda ya se localizó la parte superior de la muralla, marcándola para que la máquina excavadora no dañara los laterales. La muralla divide el solar en dos mitades. La parte delantera de la muralla se rebajó con pala excavadora, ya que son rellenos echados para encauzar y levantar más de dos metros la margen izquierda del río Queiles. La excavación manual se centró en la parte posterior, entre la muralla y la calle San Julián.</p>\n<p>Tras quitar toda una serie de suelos de hormigón y cemento, se documentaron las diferentes fases y remodelaciones que desde el Siglo XVIII conformaron la vivienda que llega hasta el momento del derribo. Esta vivienda tiene en planta baja dos espacios diferenciados, uno correspondiente a la entrada, zaguán, y una bajera, quizás cuadra, ambas con fachada a la calle y con suelo pavimentado con ladrillo colocado de canto. Y otro espacio correspondiente a una zona de lagar y patio, a cota más baja y con acceso en rampa, donde se documentaron elementos constructivos, como pilares, tinajas encarceladas y a ras de suelo, plintos para cubas y pequeños cubículos.</p>\n<p>Una vez llegado a este nivel de ocupación, se procedió a eliminar de la cara Norte de la muralla todos los añadidos posteriores al siglo XVIII, dejando un paramento de grandes sillares escuadrados, pero sin labra, de clara factura islámica y con argamasa blanca con poco árido.</p>\n<p>Dejando intactos los suelos de ladrillo, se continuó bajando en la zona de patio y lagar, constatándose la continuidad del patio con acumulaciones de cenizas y escombros. La zona de vivienda y patio estaba dividida por un muro de buenos sillares reaprovechados de un edificio medieval, fechándose su colocación sobre los siglos XV y XVI.</p>\n<p>La construcción de esta fase amortiza un muro y suelo de losas de muy buena factura que hicieron presagiar la posibilidad de que fueran restos de la parroquia de San Julián, pero la inexistencia de enterramientos, tanto bajo las losas, como en la zona destinada a patio junto a la muralla, decantó la pertenencia a un edificio no religioso con una cronología no determinada con exactitud, posterior a comienzos del siglo XII y amortizada en el siglo XV.</p>\n<p>En la superficie donde se habían arrancado varias losas se procedió a realizar un sondeo de 2 x 2 m para comprobar la cronología del edificio medieval. En este relleno se profundizó unos 30 cm, llegando al freático y una capa de gravas naturales, recogiéndose algunas cerámicas andalusíes de los siglos XI y XII.</p>\n<p>Finalmente, se puso al descubierto un lienzo de muralla de 5 m de longitud, con una altura de 3,30 m y una anchura de 2,60 m, incluyendo un revestimiento de grandes piedras que también parecen ser de época andalusí, ya que los muros más antiguos se adosan a él. Por su cara Sur, la que da al río Queiles, la conservación es muy mala. Mientras la cara Norte estuvo protegida por viviendas adosadas desde la fase cristiana, la cara Sur estuvo siempre al aire libre y afectada por las humedades del río.</p>\n", "ubi_mat_dep_perm": "Almacén Servicio Arqueología Gobierno de Navarra.", "ubi_mat_falta_depos": null, "ubi_mat_dep_tempo": null, "bibliografia": null, "colaboradores": null }, "geometry": { "type": "Point", "coordinates": [ -1.604827311354402, 42.06233136492682 ] } },
{ "type": "Feature", "properties": { "fid": 2031, "numero_int": 63, "denominacion": "Muro 25", "n_sigla": "TUD.124.06.4._0", "direccion": "Calle Muro 25", "fecha": "Mayo-Junio 2006 ", "z_pepri": 3, "director": "Mari Cruz Pérez Omeñaca", "promotor": "Sociedad MURO 25 S.L ", "descrip_restos": "<p>El elemento más destacado descubierto en esta intervención fue la localización de un nuevo tramo de la muralla islámica construida a mediados del siglo IX y que extendió los límites de la medina hasta el río Queiles.</p>\n<p>El tramo de muralla descubierto tenía 10 m de longitud y 2,35 m de anchura. Estaba realizado por dos paños exteriores de grandes sillares de piedra caliza, algunos de ellos almohadillados, y con un relleno interior de piedras y mortero de cal. Las hiladas tenían una altura de 0,40 metros, apreciándose en la excavación dos hiladas de sillares. El aparejo era de piedra caliza y estaba bien escuadrado, mostrando almohadillado en algunos de los sillares. Las sogas tenían longitudes de 0.70, 0.80, 0.82, 0.71 metros y los tizones eran de 0.43, 0.48, 0.50, 0.32 metros.</p>\n<p>Contaba con un torreón con un desarrollo al exterior de 2 m y una longitud de 4 m. Estaba construido en el mismo momento que la muralla.</p> \n<p>Los sillares del interior del torreón habían sido en parte desmontados, posiblemente para ser reaprovechados.</p>\n<p>Tanto la muralla como el torreón mostraban evidencias de reformas o reconstrucciones.</p>\n<p>Al exterior de la muralla, en la cara que daba al interior de la ciudad, se localizaron dos niveles de relleno con materiales cerámicos del siglo IX, de la época de la construcción de la muralla, aunque no había estructuras asociadas.</p>\n<p>De los primeros momentos del periodo medieval cristiano se documentaron estructuras asociadas a una vivienda, que contaba con un pavimento de losas de piedra, dos columnas y una calle adyacente.</p>\n<p>En el periodo bajomedieval, siglos XIV-XV, se identificaron niveles de relleno destinados a la elevación del suelo de las viviendas, probablemente con el objetivo de evitar las humedades propias del terreno, colindante con el río Queiles.</p>\n<p>Posteriormente, entre los siglos XVII y XIX, se llevaron a cabo nuevas modificaciones vinculadas al uso doméstico-residencial del espacio, como la instalación de un pozo para la obtención de agua, así como de depósitos y silos destinados al almacenamiento de alimentos.</p>\n", "ubi_mat_dep_perm": "Almacén Servicio Arqueología Gobierno de Navarra.", "ubi_mat_falta_depos": null, "ubi_mat_dep_tempo": null, "bibliografia": null, "colaboradores": null }, "geometry": { "type": "Point", "coordinates": [ -1.604479441468661, 42.062446834692203 ] } },
{ "type": "Feature", "properties": { "fid": 2032, "numero_int": 62, "denominacion": "Paseo Castillo 7bis", "n_sigla": "TUD.124.06.3._0", "direccion": "Calle Paseo del Castillo 7. ", "fecha": "Abril 2006", "z_pepri": 2, "director": "Mari Cruz Pérez Omeñaca", "promotor": "Construcciones J.L. Lucas. ", "descrip_restos": "<p>La intervención consistió en la realización de dos sondeos arqueológicos.</p>\n<p>Los rellenos antrópicos de los mismos aportaron información sobre la ocupación histórica que ha tenido este espacio de la ciudad.</p>\n<p>Se trataba de rellenos asociados a nivelación y aterrazamiento de suelos. Los restos materiales, cerámicos, más antiguos se sitúan entre los siglos IX-X. Estos niveles aparecían cubiertos por una capa de escombros fechable entre los siglos XII-XV. Estos materiales marcarían el periodo de destrucción o cambio urbanístico de esta zona de la ciudad, a finales del siglo XV, 1498 (expulsión de los judíos del Reino de Navarra)-1516 (expulsión de los mudéjares del Reino de Navarra).</p> \n<p>Esta zona de la ciudad, situada en las laderas meridionales del Cerro de Santa Bárbara, fue ocupada por el primer recinto andalusí, cuyos límites se extendían hasta el río-barranco del Mediavilla. En época cristiana, este espacio experimentó una transformación urbanística, con la configuración de un caserío adaptado a una topografía más horizontal. Para ello, se llevaron a cabo trabajos de aterrazamiento que implicaron, en muchos casos, el arrasamiento de los niveles de ocupación andalusí.</p>\n", "ubi_mat_dep_perm": null, "ubi_mat_falta_depos": null, "ubi_mat_dep_tempo": null, "bibliografia": null, "colaboradores": null }, "geometry": { "type": "Point", "coordinates": [ -1.605118299519825, 42.065519941265585 ] } },
{ "type": "Feature", "properties": { "fid": 2033, "numero_int": 65, "denominacion": "La Parra 9", "n_sigla": "TUD.124.07.1._0", "direccion": "Calle La Parra 9.", "fecha": "12 al 26 de Febrero 2007.", "z_pepri": 3, "director": "Mª Cruz Pérez Omañaca.", "promotor": "Particular.", "descrip_restos": "<p>La intervención arqueológica, si bien se limitó a la realización de un solo sondeo, resultó lo suficiente concluyente para todo el solar.</p>\n<p>Los restos arqueológicos nos presentan un comienzo del urbanismo en el s. XIII, el momento de la construcción de un suelo de piedra. Anterior a este momento, no hemos localizado ningún elemento que nos indique ocupación urbanística.</p>\n<p>El suelo de piedras y su preparado, al igual que un suelo de arcilla que ocupa el espacio más interior del sondeo, parecen ser las únicas estructuras que quedan del s. XIII. Estos suelos aparecen a escasos 50 cm. por debajo del suelo actual y presentan varias fosas y reparaciones, todas de época posterior.</p>\n<p>El nivel de relleno que apoya sobre los suelos y marca el momento de su amortización es del s. XIV-XV.</p>\n<p>Desconocemos el momento de la construcción de un pozo para agua que se localizó en un ángulo del sondeo, que bien pudo ser contemporáneo a los suelos medievales, aunque sí que sabemos que su amortización y llenado de escombros se corresponde con el s. XVII.</p>\n<p>Este brocal de pozo es el elemento más notable de la excavación, aunque se descubrió partido y sin resto de decoración, bajo los suelos más modernos.</p>\n", "ubi_mat_dep_perm": null, "ubi_mat_falta_depos": null, "ubi_mat_dep_tempo": null, "bibliografia": null, "colaboradores": null }, "geometry": { "type": "Point", "coordinates": [ -1.603487170785154, 42.063324336823122 ] } },
{ "type": "Feature", "properties": { "fid": 2034, "numero_int": 64, "denominacion": "Juicio 4", "n_sigla": "_11_1_8_18_0", "direccion": "Calle Juicio 4", "fecha": null, "z_pepri": 2, "director": null, "promotor": null, "descrip_restos": null, "ubi_mat_dep_perm": null, "ubi_mat_falta_depos": null, "ubi_mat_dep_tempo": null, "bibliografia": null, "colaboradores": null }, "geometry": { "type": "Point", "coordinates": [ -1.60565100277383, 42.06337129095661 ] } },
{ "type": "Feature", "properties": { "fid": 2035, "numero_int": 59, "denominacion": "Calle Herrerías ", "n_sigla": null, "direccion": "Calle Herrerías", "fecha": "26 de Octubre de 2005 a 12 de Julio de 2006.", "z_pepri": 4, "director": "Juan José Bienes Calvo.", "promotor": "Ayuntamiento de Tudela.", "descrip_restos": "<p>La calle Herrerías es la más ancha del Casco Antiguo de Tudela debido a que es el resultado de colmatar el foso defensivo que se situaba frente a las murallas. Esta reforma urbanística comienza en el siglo XVI tras la conquista del Reino de Navarra por Castilla.</p>\n<p>El hallazgo, unos meses antes, de varios enterramientos andalusíes en un solar de la misma calle, presagiaba que durante los trabajos de renovación de redes y pavimentación de la calle aparecerían más enterramientos.</p>\n<p>Como ocurre en muchas ciudades importantes actuales, estos cementerios que en su día se encontraron fuera de los núcleos urbanos, hoy se localizan en sus ensanches modernos o actuales, llegando a nosotros muy alterados por la edificación y urbanización que se ha colocado encima.</p>\n<p>La intervención se limitó a recuperar los restos humanos que fueran a ser destruidos por los trabajos de nivelación y realización de zanjas. En total fueron 215, que sumados a los 21 recuperados en el solar del nº 23, hacían un total de 236.</p>\n<p>Ocupa en la calle una extensión de 1.400 m2, sin que sepamos el área total, ya que desconocemos el límite del cementerio por su lado Oeste La posición de todos ellos es la de decúbito lateral derecho, recostados sobre su lado derecho, a excepción de uno que estaba sobre su lado izquierdo.</p>\n<p>Apenas se han encontrado ajuares. Por norma, los enterramientos se introducen absolutamente limpios, solo con un sudario que, naturalmente, no se ha conservado. Tampoco hay restos de caja o ataúd. En la zona de enterramientos se han recuperado cuatro vasijas completas o muy completas. Algunos de estos vasos pudieron pertenecer al hadiz o tradición de los pájaros verdes, no dogmática, pero sí de gran arraigo popular, por la que las almas de los más inocentes, principalmente niños, se encontrarían en los pájaros que van beber en estos recipientes que se dejan con agua como ofrenda.</p>\n<p>Otros elementos curiosos documentados en la excavación fueron los hallazgos de dos mujeres en avanzado estado de gestación, 23 y 38 semanas según el estudio de los huesos de los fetos, sin que sepamos la causa de la muerte de las madres. También son muy impresionantes las traumatologías, sobre todo aquellas lesiones provocadas por armamento, apreciándose cortes provocados por armas de filo, tales como espadas o hachas, mortales en muchos casos, pero con indicios de cicatrización y larga supervivencia en otros. También el caso de una mujer que por un traumatismo perdió la mano derecha afectando también a parte del antebrazo.</p>\n\n<p>La necrópolis tiene una gran densidad que viene definida por una gran mortalidad infantil, un 28%, superposición de enterramientos y la presencia de enterramientos grupales. Estos últimos son los que le confieren a la Maqbara de Herrerías un carácter excepcional en el panorama de los cementerios andalusíes. En la excavación se localizaron siete grupos, con número variable entre dos y ocho individuos. La ausencia de signos violentos permite sugerir que la causa de su mortalidad es epidémica, sin que podamos precisar actualmente su origen.</p>\n<p>La cronología de esta necrópolis, a falta de análisis de carbono 14, viene dada por los restos de cerámica recogidos entre los enterramientos. Por la evolución urbanística de Tudela, su origen sería a mediados del siglo IX, y finalizaría antes de la conquista cristiana en 1119 debido a la saturación y falta de idoneidad del espacio, necesitando buscar un nuevo lugar para el cementerio.</p>\n<p>La intervención en Herrerías no solo se dedicó a la recuperación de la maqbara, durante el seguimiento se localizaron importantes elementos de fortificación. Se documentó el límite Oeste del foso defensivo, el cual no ocupaba toda la anchura de la calle. Sin estructura construida, era más bien un barranco, o cava, reavivado para tal fin.</p>\n<p>En la parte Norte de la calle se descubrió el trazado de una de las puertas de la muralla, encajada en el foso y con puerta baja en el frente de un torreón que daría acceso al recinto de la barbacana, antes de entrar propiamente a la población. Unos metros más al Sur se localizó un torreón semicircular perteneciente a la barbacana, macizado, con perfil en talud y construido con encofrado de piedras y argamasa. Tanto el torreón de la puerta como el de la barbacana serían ya de construcción medieval cristiana.</p>\n", "ubi_mat_dep_perm": "Almacén Servicio Arqueología Gobierno de Navarra.", "ubi_mat_falta_depos": null, "ubi_mat_dep_tempo": null, "bibliografia": "<ul>\n<li>BIENES CALVO, Juan José. <i>La Necrópolis Islámica de Herrerías. Revista del Centro de Estudios Merindad de Tudela nº 14</i>. pags 41 a 61. Tudela. 2006. </li>\n<li>BIENES CALVO, Juan José. <i>Tudela islámica, en Villa 2: villes et campagnes de Tarraconaise et d’Al-Andalus</i>. pags 199 a 218. Zaragoza. 2007. </li>\n<li>BIENES CALVO, Juan José. <i>La Necrópolis Islámica de Herrerías, Tudela. En La Tierra te Sea Leve, Arqueología de la Muerte en Navarra</i>. pags 253 a 258. Pamplona. 2008. </li>\n<li>DE MIGUEL IBAÑEZ, Mª Paz y BIENES CALVO, Juan José. <i>Dos embarazadas de la maqbara de la calle Herrerías (Tudela, Navarra). En Paleopatología: ciencia multidisciplinar</i>.pags 587 a 600. Alicante. 2011. </li>\n<li>DE MIGUEL IBAÑEZ, Mª Paz y BIENES CALVO, Juan José. <i>Ficha de yacimiento y restos óseos con patologías y traumatismos</i>. Libro para la exposición La vida impresa en los huesos, Pamplona 2020. </li>\n<li>DE MIGUEL IBAÑEZ, Mª Paz y BIENES CALVO, Juan José. <i>Enterramientos múltiples: probable reflejo de epidemia en la Maqbara de la Calle Herrerías de Tudela (Navarra) ss IX – XI. </i> En VI Congreso de Arqueología Medieval, Alicante 2009. pags 675 a 680, Alicante. 2021. </li>\n<li>DIÉGUEZ URIBEONDO, Iñaki y BIENES CALVO, Juan José. <i>Maqbara de la Calle Herrerías</i>. En Una ventana al pasado. pags 212 a 217. Pamplona. 2021. </li>\n", "colaboradores": "Mª Paz De Miguel Ibáñez, estudio antropológico." }, "geometry": { "type": "Point", "coordinates": [ -1.607690231284014, 42.062808143520421 ] } },
{ "type": "Feature", "properties": { "fid": 2036, "numero_int": 58, "denominacion": "Herrerias 23", "n_sigla": "TUD.124.05.11.x._0", "direccion": "Solar Calle Herrerías 23.", "fecha": "12 a 19 de Septiembre de 2005.", "z_pepri": 4, "director": "Juan José Bienes Calvo.", "promotor": "Promociones Martínez Peralta S. L.", "descrip_restos": "<p>La intervención arqueológica en el solar de la calle Herrerías 23 comenzó como una simple inspección del terreno para cumplimentar un informe ante unas obras comenzadas sin haber hecho los sondeos arqueológicos previos recogidos en la normativa. El hallazgo de los huesos de un pie humano, en conexión anatómica, puso en evidencia que en lo que aparentemente solo eran arcillas limpias había algo más que arcilla. Por suerte, las cimentaciones eran perimetrales y dejaban una buena superficie libre para la prospección arqueológica.</p>\n<p>Aunque superficialmente se apreciaba una tierra limpia, un somero rebaje puso al descubierto varios huesos humanos repartidos por la zona del solar que se podía excavar, un rectángulo de 7 x 4 m.</p>\n<p>Con el hallazgo de los primeros restos, ya se puso en evidencia que se trataba de enterramientos musulmanes, ya que los cuerpos descansaban sobre su costado derecho, con orientación al Este y rostro mirando al Sur, y las piernas ligeramente flexionadas.</p>\n<p>En total se documentaron 21 enterramientos con diferente grado de conservación, entre los que destacó el hallazgo de dos enterramientos grupales, uno de tres y otro de siete individuos, algo inusual en el rito islámico de enterramiento donde todos deben de ser individuales. La documentación fotográfica del grupo de siete individuos es uno de los referentes arqueológicos de la Tudela Andalusí.</p>\n<p>El análisis de los escasos restos cerámicos hallados entre los cuerpos, indica que se trata de enterramientos realizados en los siglos IX o X, por lo tanto, correspondería con la maqbara andalusí perteneciente al momento en que la medina se expande desde el barranco del Mediavilla hasta el río Queiles, quedando en esa época fuera del núcleo urbano.</p>\n<p>Este hallazgo inesperado abría una gran expectativa en el panorama arqueológico de Tudela, pues en fechas próximas estaba prevista la intervención integral en la calle de Herrerías, donde con toda seguridad continuaría la necrópolis.</p>\n", "ubi_mat_dep_perm": "Almacén Servicio Arqueología Gobierno de Navarra.", "ubi_mat_falta_depos": null, "ubi_mat_dep_tempo": null, "bibliografia": "<p>BIENES CALVO, Juan José. La Necrópolis Islámica de Herrerías. Revista del Centro de Estudios Merindad de Tudela nº 14. pags 41 a 61. Tudela. 2006.</p>\n<p>BIENES CALVO, Juan José. Tudela islámica, en Villa 2: villes et campagnes de Tarraconaise et d’Al-Andalus.  pags 199 a 218. Zaragoza. 2007.</p>\n<p>BIENES CALVO, Juan José. La Necrópolis Islámica de Herrerías, Tudela. En La Tierra te Sea Leve, Arqueología de la Muerte en Navarra. pags 253 a 258. Pamplona. 2008.</p>\n<p>DE MIGUEL IBAÑEZ, Mª Paz y BIENES CALVO, Juan José. Enterramientos múltiples: probable reflejo de epidemia en la Maqbara de la Calle Herrerías de Tudela (Navarra) ss IX – XI. En VI Congreso de Arqueología Medieval, Alicante 2009. pags 675 a 680, Alicante. 2021.</p>\n<p>DIÉGUEZ URIBEONDO, Iñaki y BIENES CALVO, Juan José. Maqbara de la Calle Herrerías. En Una ventana al pasado. pags 212 a 217. Pamplona. 2021.</p>\n", "colaboradores": null }, "geometry": { "type": "Point", "coordinates": [ -1.607766544199988, 42.062561766435564 ] } },
{ "type": "Feature", "properties": { "fid": 2037, "numero_int": 61, "denominacion": "La Parra 8", "n_sigla": "TUD.124.06.2._0", "direccion": "Calle La Parra 8. ", "fecha": "20 Y 21 de marzo de 2006", "z_pepri": 3, "director": "Luis Navas Cámara", "promotor": "Promociones Vencerol S.A. ", "descrip_restos": "<p>Los trabajos arqueológicos consistieron en la realización de 2 sondeos al objeto de documentar los restos del pasado histórico del solar.</p>\n<p>Las conclusiones a las que se pudieron llegar fue la identificación de unas unidades arqueológicas contemporáneas, representadas por el inmueble derribado, que se encontraban por encima de unos niveles medievales representados por estratos, no por estructuras.</p>\n<p>El registro muestra una ocupación de éste en época medieval, que se situaría entre el 1119, fecha de la conquista cristiana de Tudela, hasta el siglo XV.  No localizándose estructuras asociadas al periodo andalusí.</p>\n<p>De los restos aparecidos se puede señalar alguna evidencia material como la aparición de una birla (material de alfar) y algún fragmento cerámico defectuoso. Estos materiales recuerdan, tanto por su tipología y cronología, como por sus defectos, al material de desecho (testar) localizado en la intervención realizada en 2005 en el solar de la calle Carrera 15. Podría tratarse de un conjunto de materiales desplazados y vertidos como relleno en este solar. No sería descartable la existencia, en esta zona, de un alfar próximo a las aguas del río Queiles, situado intramuros, en unos terrenos libres de construcciones.</p>\n<p>A una cronología anterior corresponderían los estratos inferiores de arcillas limpias, que, como se ha visto en otras excavaciones de la zona situada en la franja meridional de la medina, lindando con el río Queiles, que se ha venido interpretando como espacio ocupado por tierras de cultivos. Se trataría de huertos o jardines ubicados junto a la muralla del Queiles, en espacios que no estaban ocupados por el caserío durante el periodo andalusí.</p>\n", "ubi_mat_dep_perm": "Almacén Servicio Arqueología Gobierno de Navarra.", "ubi_mat_falta_depos": null, "ubi_mat_dep_tempo": null, "bibliografia": null, "colaboradores": null }, "geometry": { "type": "Point", "coordinates": [ -1.603370697819395, 42.063049947052392 ] } },
{ "type": "Feature", "properties": { "fid": 2038, "numero_int": 60, "denominacion": "Descalzos 4", "n_sigla": "TUD124/05/8._0", "direccion": "Calle Palacio Descalzos 4", "fecha": "Enero 2006", "z_pepri": 4, "director": "Luis Navas Cámara/ Óscar Sola Torres", "promotor": "Martínez Rucker, S. L. ", "descrip_restos": "<p>En el mes de enero de 2006 se llevaron a cabo trabajos arqueológicos con motivo de las obras de rehabilitación del edificio. A pesar de la parcialidad de la actuación arqueológica que se ha realizado en determinadas zonas del área oriental del edificio-parcela, se han podido extraer una serie de datos que sirven para poder conocer los distintos usos que tuvo este terreno en diferentes periodos históricos.</p>\n<p>Se han documentado restos de época contemporánea, correspondientes a pavimentos de cantos rodados, asociados al uso del suelo como caballeriza. Estos restos cubrían estructuras del palacio moderno barroco, vinculadas a la producción (lagar y depósito) y al almacenamiento (bodega) de aceite y vino a pequeña escala.</p>\n<p>Junto a estas instalaciones, se conservan varios muros originales del palacio moderno, tanto perimetrales como interiores. Estas cimentaciones, junto con otras halladas en el solar, pertenecieron a construcciones medievales cristianas (siglos XII-XV), que pudieron haber sido destruidas entre finales del periodo bajomedieval y el inicio de la Edad Moderna (siglos XV-XVI).</p>\n<p>Durante este periodo, en esta zona de la ciudad se estableció el barrio de la Morería, donde se asentaron los musulmanes que, tras la conquista cristiana de Tudela en 1119, decidieron permanecer en la ciudad. Obligados a abandonar sus viviendas originales, se trasladaron extramuros de la antigua medina, en el flanco occidental de la ciudad, dando lugar a la formación de este barrio.</p>\n<p>Durante un tiempo en este lugar se realizaron trabajos artesanales vinculados al gremio de herreros, que tradicionalmente se ha asociado al trabajo de los musulmanes, como así lo evidencian los numerosos restos metálicos descubiertos en la excavación, como “tortas” de hierro, crisoles y otros restos con evidencia de fundición.</p>\n<p>Además de estos restos, la excavación deparó restos de un periodo anterior, correspondiente a la época andalusí. Se pudo documentar la existencia de cimentaciones de mampostería de caliza, en el muro oriental, bajo los cimientos bajo medievales y modernos (con muchas piezas situadas a tizón). Además, se localizaron partes de unas canalizaciones de losas de caliza con dirección Oeste-Este que aparentemente vertían las aguas a la calle o a pozos ciegos situados en la calle como es común en este periodo. Las construcciones de esta fase parecen destruirse en un momento posterior a la conquista en 1119, correspondiente con la conversión del arrabal en morería y los profundos cambios que experimentaría el barrio que ahora debía alojar a un mayor contingente de población procedente de la medina.</p>\n<p>Estas estructuras, cimentaciones y canalizaciones se encuentran excavadas en unos estratos arcillosos bastante homogéneos que aportan materiales islámicos antiguos, de periodo omeya, previos a las construcciones, aunque no se sabe si existe una ocupación de la zona desde una fase tan antigua, siglos IX y comienzos del X, o son solo materiales de vertidos previos a la ocupación.</p>\n", "ubi_mat_dep_perm": "Almacén Servicio Arqueología Gobierno de Navarra.", "ubi_mat_falta_depos": null, "ubi_mat_dep_tempo": null, "bibliografia": "Navas Cámara, L. y Sola Torres, O. (2009): “Excavación Arqueológica en el Palacio de Descalzos (C/ Descalzos nº 4) de Tudela”. Revista del Centro de Estudios Merindad de Tudela,  Nº. 17, 2009, págs. 43-73. \nhttps://dialnet.unirioja.es/servlet/articulo?codigo=3406973 \n", "colaboradores": "María Carmen Domínguez Gil (Arquitecta). \n\n" }, "geometry": { "type": "Point", "coordinates": [ -1.608607355471026, 42.063472922391931 ] } },
{ "type": "Feature", "properties": { "fid": 2039, "numero_int": 71, "denominacion": "Diaz Bravo 30", "n_sigla": "TUD.124.08.9._0", "direccion": "Calle Díaz Bravo 30 – 32 y Calle Velilla nº 3.", "fecha": "1 Abril a 1 Septiembre de 2008.\n2024.\n", "z_pepri": 5, "director": "Juan José Bienes Calvo.", "promotor": "Inmobiliaria MR S.A. (Corella).", "descrip_restos": "<p>La excavación arqueológica realizada en este extenso solar ha puesto al descubierto diferentes estructuras arqueológicas en un espacio altamente degradado; en primer lugar, por el proceso de abandono de esta parte de la ciudad a comienzos de la Edad Moderna y en segundo lugar, por diferentes tipos de construcciones en sótano que han alterado la trama urbana existente.</p>\n<p>Las estructuras descubiertas en la excavación conforman dos grupos. Uno es el formado por un lienzo de fortificación correspondiente al trazado occidental de la muralla de la Morería, y otro, un grupo de estructuras de muros y canalizaciones, pertenecientes a viviendas y aterrazamientos.</p>\n<p>Parece haber restos de edificaciones desde época islámica, siendo casas dispersas que se encontrarían fuera de las murallas de la ciudad, pero el momento fuerte de la construcción se sitúa a partir de principios del siglo XII, con la expulsión de todas las personas de religión musulmana tras la conquista cristiana y la consecuente creación de un barrio nuevo y amurallado extramuros, que lógicamente será la ampliación de un arrabal ya existente al que se rodeará de una muralla.</p>\n<p>La población mudéjar repetirá el esquema de la medina islámica en el barrio de la morería, acotando un espacio superior al ocupado por las viviendas, donde se situarán campos, corrales y factorías varias, de tal manera que entre las murallas nuevas y las viviendas habrá un considerable espacio libre de edificaciones.</p>\n<p>El hallazgo de dos depósitos adosados a la muralla, fuertes rebajes en el estrato de arcillas naturales y grandes cantidades de cerámicas con defectos de fijación del vidriado y otras imperfecciones, indican una fuerte actividad alfarera en la zona, previamente a su urbanización.</p>\n<p>El desmantelamiento de muros desde comienzos del S. XVI y la ocupación del espacio con sótanos y otras viviendas, desde el S. XVII, han dejado las estructuras antiguas muy alteradas, siendo muy difícil asociarlas a grupos de edificaciones.</p>\n<p>Se marcan muros de largo trazado que evidencian una calle por la que discurre un estrecho canal. Sin embargo, estos muros más parecen formar una serie de muros de aterrazamiento, en varias fases, al igual que el canal, que se va levantando de cota, en tres fases documentadas. La tercera es de utilización tan actual que todavía llevaba un turno de agua.</p>\n<p>Pero la estructura más importante es la relacionada con la fortificación. La muralla de la Morería siempre había sido considerada como un sencillo muro de adobe o tapial, pero en una excavación realizada en la calle Zurradores en el año 2001, ya apareció una estructura de grandes bloques de piedra y una anchura de dos metros.</p>\n<p>Ahora se vuelve a dar el mismo caso, pero con la sorpresa del hallazgo de la base de un torreón. La muralla se ha descubierto a partir de la primera hilada de cimentación, que casi es la de cara vista, pues las arcillas sobre las que descansa son suficientemente compactas. Su anchura es de dos metros y no presenta argamasa en la unión de sus piedras.</p>\n<p>El sistema defensivo parece imitar la estructura del amurallamiento de la antigua medina en el siglo IX, con murallas de dos metros de anchura y torreones que destacan poco al exterior. El torreón tiene 4 m de anchura y tan solo se adelanta 1,4 m a la línea de muralla. La única diferencia es que el amurallamiento antiguo si presenta argamasa en la unión de las piedras.</p>\n<p>El torreón conserva cuatro hiladas de piedra, siendo tres de cimentación y una de cara vista. En la de cara vista se aprecia un ligero almohadillado de los bordes de los sillares en su línea superior, lo que estaría indicando una fábrica islámica.</p>\n<p>Es muy probable que la parte alzada de la muralla y torreón, tuviera base de piedra, pero que fuera de tapial encofrado, típico del periodo almohade, y más lógico al ver que la estructura carece de argamasa. Puede que de ahí venga la tradición de adjudicar un muro de adobe o tapial al cerco de la Morería.</p>\n<p>Por último, la defensa se complementaría con un foso ante la muralla, que al igual que en la calle Herrerías pudo tratarse de un barranco natural reexcavado para mejorar la defensa.</p>\n<p>Durante los trabajos de excavación del parking subterráneo para la nueva edificación se desmanteló la hilada superior de la fortificación y se colocó en su misma posición en la planta inferior del sótano. También en estos trabajos de excavación se documentó la existencia del foso frente a la muralla y su relleno, muy pobre en material arqueológico, realizado en la primera mitad del siglo XVI.</p>\n", "ubi_mat_dep_perm": "Almacén Servicio de Arqueología. Cordovilla.", "ubi_mat_falta_depos": null, "ubi_mat_dep_tempo": null, "bibliografia": null, "colaboradores": null }, "geometry": { "type": "Point", "coordinates": [ -1.610614730203194, 42.062650516420149 ] } },
{ "type": "Feature", "properties": { "fid": 2040, "numero_int": 70, "denominacion": "Magallon 5", "n_sigla": "TUD.124.07.9.x._0", "direccion": "Calle Magallón nº 5.", "fecha": "13 de Agosto a 3 de Septiembre de 2007.", "z_pepri": 3, "director": "Juan José Bienes Calvo.", "promotor": "Promotrialer S. L.", "descrip_restos": "<p>Excavación realizada en el solar perteneciente a una gran casa del siglo XVI, cuya fachada y primera crujía edificada se mantienen para rehabilitación. Tras desescombrar la parte derribada, se hizo una limpieza con pala excavadora hasta localizar estructuras y niveles arqueológicos antiguos. Tras la siguiente limpieza manual, ya se advirtió la existencia de cerámicas romanas en cantidades inusuales dentro de la arqueología tudelana.</p>\n<p>Cuatro años antes se había excavado en un solar cercano y los restos romanos fueron muy escasos, sin embargo, en esta ocasión el estrato era potente y cubría algunas estructuras, aunque no estaban formadas por grandes sillares y se encontraban cortadas por expolios y construcciones más modernas. Destacó el hallazgo de parte del fogón de una cocina, formado por un grueso ladillo macizo, flanqueado por tejas planas. Se recuperaron cerámicas de buena calidad, fechadas en los siglos I y II d C, así como algunas monedas entre las que se incluía un As de tipo ibérico de la ceca de Kaiskata.</p>\n<p>Hasta el momento, es la excavación que más elementos romanos de cronología alto imperial ha proporcionado en Tudela, viéndose que se abandona en el siglo III en favor de otras zonas pobladas anteriormente y obedeciendo a motivos defensivos y económicos.</p>\n<p>La zona no vuelve a tener poblamiento hasta mediados del siglo IX, cuando se urbaniza en época andalusí. De este período solo se han podido documentar algunos restos de muros, silos y algunos rellenos con poco interés arqueológico, muy arrasado todo en la etapa medieval cristiana.</p>\n<p>Tras la conquista cristiana, aunque se mantiene la trama urbana de calles y adarves, las viviendas se reparcelan. En este lugar parece haber existido un edificio importante, del que quedan los cuatro apoyos circulares de las columnas de un patio, con unas medidas de 5 x 4 m. Este edificio se derribaría para la construcción de una nueva casa palaciega en el siglo XVI. De la fase medieval también se excavó un pozo ciego que proporcionó abundante cerámica del siglo XIV.</p>\n<p>Para etapas más modernas, se localizaron pozos de agua, pozos ciegos y fosas, rellenadas con escombro y basura, en los que se recuperaron interesantes piezas de cerámicas de los siglos XVIII y XIX.</p>\n", "ubi_mat_dep_perm": "Almacén Servicio Arqueología Gobierno de Navarra.", "ubi_mat_falta_depos": null, "ubi_mat_dep_tempo": null, "bibliografia": "BIENES CALVO, Juan José. Vestigios del poblamiento romano bajo la ciudad de Tudela. Revista Cuadernos de Arqueología de la Universidad de Navarra, nº 21. pags 269 a 290. Pamplona. 2013.\nAGUAROD OTAL, Mª Carmen. La culina, espacio para cocinar y de vida cotidiana en el Valle del Ebro. En Culinae. Cocinas y espacios culinarios en Hispania. Pag 139. 2020.\n", "colaboradores": null }, "geometry": { "type": "Point", "coordinates": [ -1.60427136849538, 42.063645371897572 ] } },
{ "type": "Feature", "properties": { "fid": 2041, "numero_int": 73, "denominacion": "Convento San Francisco-Sementales", "n_sigla": "TUD.124.08.8.x._0", "direccion": "Calle Santiago 2.", "fecha": "20 de Mayo a 11 de Junio de 2008 \ny 15 de Mayo a 17 de Julio de 2009.", "z_pepri": 3, "director": "Juan José Bienes Calvo.", "promotor": "Ayuntamiento de Tudela.", "descrip_restos": "<p>El antiguo Cuartel de Sementales de Tudela, se localiza en lo que fue Convento de San Francisco, El convento original parece haberse fundado en 1214 y según la tradición, fue el propio Santo quién la hizo durante una visita al rey Sancho el Fuerte. En esta fecha el convento no estuvo aquí, sino extramuros, y será en 1372 cuando Carlos II les obligue a mudarse al resguardo de las murallas debido a la inestabilidad con los reinos de Castilla y Aragón.</p>\n<p>Durante el siglo XVII se reformará la estructura del convento debido al cambio monástico por el que se abandona el dormitorio comunal para pasar a las celdas individuales, construyéndose el patio que se conserva en la actualidad, y destruyéndose el antiguo claustro.</p>\n<p>A partir de 1808 la orden franciscana en Tudela fue en decadencia, pronto se sucedieron varias órdenes de expulsión, siendo definitiva la de 1837. En 1840 el gobierno de la nación cede el convento al Ayuntamiento de Tudela para reconvertirlo en cuartel y cárcel. Finalmente, durante el siglo XX, el cuartel fue destacamento de la parada de caballos sementales del ejército español y la parte de la cárcel se destinó a comisaría del Cuerpo Nacional de Policía.</p>\n<p>Ante el proyecto del arquitecto Rafael Moneo para realizar una nueva casa de cultura, el Ayuntamiento promovió la realización de sondeos arqueológicos que proporcionaran información sobre los restos que se pudieran hallar durante las obras.</p>\n<p>Tres sondeos realizados en el patio indicaban que existía una capa de 1,20 m sobre el suelo original del convento. Este relleno se echó para recrecer el nivel de circulación y evitar los daños que pudieran ocasionar nuevas inundaciones tras el desastre acaecido en 1871. Bajo el suelo original del convento había una capa de tierra de huerta, tras la que se llegaba a niveles arqueológicos de cronología islámica, descubriendo en uno de los sondeos, un suelo de losas de piedra.</p>\n<p>En el interior del cuartel se realizaron catas en los muros y en algunos arcos visibles, comprobándose la existencia de restos arquitectónicos, sobre cota cero, pertenecientes al convento original del siglo XIV, concretamente algunas arquerías y arranques de bóvedas con nervaduras, siendo los principales restos, el conjunto de una puerta con arco de medio punto, flanqueada por dos ventanas u hornacinas, también con arco de medio punto. Una de las catas de subsuelo se hizo coincidir con esta puerta, pudiendo apreciarse toda la altura conservada.</p>\n<p>En 2009 se planteó la excavación íntegra del patio, salvo unos márgenes de seguridad con los muros. Se quitó con pala excavadora el relleno de 1’20 m hasta llegar a la cota de uso del patio durante la época del convento y los cuarteles, recuperándose gran cantidad de munición y algunos efectos militares y religiosos.</p>\n<p>Con excavación ya manual, se descubrió una gran superficie enlosada, algo irregular, con las losas pulidas, signo de ser un suelo muy frecuentado. También entre las losas apareció un manantial de agua, que había sido canalizado.</p>\n<p>La superficie de losas estaba delimitada, en su lado Este, por una serie de pequeñas habitaciones con puerta al patio. El hallazgo de algunos moldes para fundición de metales nobles y restos de crisoles para fundición de vidrio, planteó la tesis de que se trataba de un mercado y pequeños talleres de artesanos, muy cerca de una de las entradas a la medina andalusí, la Puerta de Zaragoza. Se descartaba, así. la existencia de la Judería Vieja en esta zona, donde varios investigadores la habían situado.</p>\n<p>Tras la conquista cristiana en 1119, el mercado se desmantela, manteniéndose el perímetro en un cerco o tapia, en cuyo interior se cubren los suelos y las cimentaciones con tierra de cultivo, creándose una huerta cercada sobre la que dos siglos más tarde se construirá el convento.</p>\n", "ubi_mat_dep_perm": null, "ubi_mat_falta_depos": null, "ubi_mat_dep_tempo": null, "bibliografia": null, "colaboradores": null }, "geometry": { "type": "Point", "coordinates": [ -1.602731800296533, 42.063049673137435 ] } },
{ "type": "Feature", "properties": { "fid": 2042, "numero_int": 72, "denominacion": "Cortés 30", "n_sigla": "TUD.124.08.10._0", "direccion": "C/ Cortés 30", "fecha": "Junio 2008", "z_pepri": 3, "director": "Mari Cruz Pérez Omeñaca", "promotor": "BREX-BROKERS PROMOCIONES, OBRAS Y REFORMAS S.L. ", "descrip_restos": "<p>La intervención arqueológica consistió en la realización de dos sondeos conectados entre sí, con el objetivo de definir los distintos estratos y posibles elementos arqueológicos presentes en el subsuelo.</p>\n<p>Los restos más antiguos localizados se correspondían con un estrato arcilloso con presencia de carbones, en el que se recuperaron fragmentos cerámicos de época islámica y romana. Sobre este estrato se apoyaban algunas de las estructuras documentadas, entre ellas una cimentación de época andalusí, fechable en los siglos IX-X. Dicha estructura fue amortizada mediante un relleno de nivelación, empleado para la construcción de una vivienda datada a comienzos del siglo XII, correspondiente al periodo medieval cristiano. En concreto, se localizó un pavimento de losas que conservaba un brocal de pozo y un muro. Estos restos se asocian a un patio doméstico, delimitado por un muro de separación entre estancias.</p>\n<p>Este pavimento, tras la extracción de algunas de sus losas, fue amortizado posiblemente en el siglo XIII, quedando todo ello cubierto posteriormente por una gruesa capa de escombros aportados en el siglo XVII. Cabe destacar que, durante todo este tiempo, el brocal del pozo se mantuvo en su ubicación original.</p>\n<p>Estos restos estructurales evidencian una temprana urbanización de esta zona de la ciudad, iniciada a mediados del siglo IX, en relación con la ampliación del recinto amurallado hasta el río Queiles.</p>\n<p>Uno de los objetivos de la intervención era el poder comprobar la existencia de restos asociados a la localización en esta zona de la Judería Vieja, que según algunos autores la localizan cerca de la puerta de Zaragoza, en la actual calle San Julián y calles adyacentes a la Plaza de la Judería. Sin embargo, al no haberse comprobado esta hipótesis mediante los datos arqueológicos, se está planteando la posibilidad de que la Judería Vieja estuviera situada en el entorno de las calles Cortés, Magallón y Portal, hacia el río Ebro.</p>\n", "ubi_mat_dep_perm": null, "ubi_mat_falta_depos": null, "ubi_mat_dep_tempo": null, "bibliografia": null, "colaboradores": null }, "geometry": { "type": "Point", "coordinates": [ -1.60326212285428, 42.06332375959694 ] } },
{ "type": "Feature", "properties": { "fid": 2043, "numero_int": 67, "denominacion": "Excavación Casa Butini ", "n_sigla": "TUD.124.10.1._0", "direccion": "Calle Herrerías 12.", "fecha": "18,19 y 22 Enero de 2007.\n16 de Agosto a 15 de Octubre de 2010. \n\n\n", "z_pepri": 2, "director": "Juan José Bienes Calvo (2007)\nGabinete Trama (2010)\n", "promotor": "Marzabal S.L", "descrip_restos": "<p>En este solar se realizaron intervenciones arqueológicas en 2 fases: </p>\n1)\t<p>En 2007 se llevó a cabo la realización de unos sondeos arqueológicos a cargo del arqueólogo Juan José Bienes Calvo. El objetivo era obtener un diagnóstico de la evolución histórica del solar, así como de los restos conservados a fin de determinar el impacto que las obras pudieran tener sobre el patrimonio arqueológico conservado en el subsuelo. \nLa intervención arqueológica testimonió la presencia de la muralla islámica atravesando el solar de Norte a Sur, localizándose a una cota cercana al pavimento, prácticamente bajo la tarima. También se pudo comprobar la reutilización de la misma como muro de carga en una de las paredes maestras del inmueble, alcanzado una cota de 1’35 m. sobre el nivel del suelo. Su anchura ronda los 2,5 m., conservándose cuatro hiladas y llegando a una cota de 1,85 m. bajo el suelo del edificio.</p>\n2)\t<p>Seguimiento y excavación arqueológica realizado en 2010:</p>\nSe realizó una intervención en el interior del palacio, conservándose la fachada occidental. \n<p>Periodo Contemporáneo. Última fase del palacio:</p>\n<p>La excavación arqueológica en el sector noroeste del solar reveló los restos de una bodega de grandes dimensiones (4,5 x 10 m), construida con muros de piedra caliza y mortero de cal, y cubierta por una bóveda de ladrillo. Esta estructura, que contaba con un pozo en su extremo noroeste, cortaba tanto la barbacana como los rellenos del foso, llegando hasta niveles geológicos profundos.</p>\n<p>Además de la bodega, se hallaron elementos vinculados al palacio del siglo XVII, como la cimentación de la escalera principal, muros y habitaciones semisubterráneas (antiguos almacenes o lagares). Estos último fueron reutilizados como basureros en el siglo XX, conservando varios objetos domésticos casi completos, como vajillas y recipientes cerámicos.</p>\n<p>También se descubrió un pozo de sillería del siglo XVII con una transición circular a cuadrada, aunque parcialmente excavado debido a que se encontraba relleno con escombros modernos. La construcción del palacio implicó la demolición de estructuras preexistentes y una importante nivelación del terreno. Entre los hallazgos se encontraron escorias, confirmando la presencia de talleres metalúrgicos en la zona, lo que concuerda con el nombre de la calle \"Herrerías\".</p>\n<p>Periodo Moderno. Siglos XVI-XVIII:</p>\n<p>Se constatan una serie de estructuras y estratos principalmente al lado Este de la muralla, que, si bien parecen mantener a grandes rasgos el parcelario medieval, introducen un significativo número de subdivisiones, elevando el nivel de los suelos con nuevos pavimentos de ladrillo macizo, localizando además atarjeas realizadas con lajas de piedra caliza, y una bodega de 5,50 m de largo por 3,20 m de ancho, que se adosaba a la cara interna de la muralla islámica.</p>\n<p>Periodo Medieval Cristiano. Siglos XII-XV:</p>\n<p>Perteneciente a este periodo, se pudo identificar parte del parcelario de viviendas medievales (siglos XII-XV) existente entre la muralla y la actual calle Jorge Burgaleta, cuyo trazado se ha mantenido. Se localizaron restos de cuatro posibles viviendas rectangulares de unos 4 x 13 metros, con muros medianeros. En una de las estancias se encontraron hoyos de poste que estarían relacionados con el entibamiento de forjado, sugiriendo una construcción temprana tras la conquista cristiana. Otra estancia se identificó como un almacén o espacio artesanal por la presencia de rebajes en el pavimento, posiblemente destinados a la colocación de recipientes o tinajas.</p>\n<p>Periodo Islámico-Primeros años de Conquista Cristiana:</p>\n<p>La excavación en el solar ha permitido identificar dos fases dentro del periodo islámico en la zona (802-1119): una fase preurbana temprana de esta zona de la ciudad (entre el 802-mediados siglo IX) documentada por tres enterramientos, y una fase posterior de consolidación urbana de este espacio (entre siglo IX-inicios siglo XII) tras la ampliación del recinto amurallado hasta el río Queiles bajo mandato de Muza Ben Muza (842-862), que incorporó este solar al interior de la ciudad.</p>\n<p>El hallazgo más significativo de este periodo es un tramo de muralla de 18,5 metros de longitud con una torre defensiva, orientado noroeste-sureste y coincidente con otras secciones de la muralla medieval de Tudela. La muralla (2,20 m de ancho en la coronación) presenta una técnica constructiva islámica característica del siglo IX, con doble paramento de sillares irregulares de caliza y arenisca unidos por mortero y un relleno de cal y grandes bloques. El aparejo es irregular a soga y tizón, con predominio de tizones. Posteriormente, la muralla fue reparada con un encamisado de sillarejo de caliza dispuesto a soga, similar a otro tramo hallado en la calle Padre Ubillos, lo que incrementó su grosor a más de 2,5 metros. La cimentación de la muralla alcanza una profundidad de 2,60 metros.</p>\n<p>La torre defensiva descubierta medía 4,5 metros de longitud y sobresalía apenas 2 metros del lienzo de la muralla. Fue construida simultáneamente y sin diferenciación en su fábrica. Al igual que la muralla, su cara externa recibió un encamisado posterior de caliza.</p>\n<p>También se identificó un tramo de 4 metros de una barbacana cristiana. Se trata de una estructura defensiva avanzada situada delante de la muralla andalusí, con una anchura de 1,20 metros y una altura de 2,15 metros. Estaba construida en sillarejo con una doble camisa de piedra caliza, dispuestas a soga, que estaban trabadas con mortero de cal y un núcleo de relleno de cal y canto.</p>\n<p>Además, se documentó parcialmente el foso defensivo que rodeaba el recinto, con el terreno natural a una profundidad de 3-3,80 metros. El foso se colmató en el siglo XVI, perdiendo su función defensiva.</p>\n<p>Entre los hallazgos más destacados se encuentran los enterramientos de la maqbara (cementerio islámico) asociada al primer recinto amurallado de Tudela, datado en el siglo IX, cuando la muralla alcanzaba el río Mediavilla. Posteriormente, a mediados de ese mismo siglo, durante el mandato de Muza Ben Muza (842-862), se llevó a cabo la ampliación del perímetro defensivo hasta el río Queiles, incorporando este solar al interior de la ciudad. Como consecuencia, la necrópolis quedó fuera de uso, en cumplimiento de la normativa islámica.</p>\n<p>Periodo Romano:</p>\n<p>Se documentó un estrato y un rellano de hoyo que contenían materiales de época romana y prerromana.</p>\n<p>En los rellenos del hoyo, interpretado como espacio donde extraer arcilla, se localizaron varios fragmentos cerámicos de tradición celtibérica, y fragmentos de dolia de época romana, así como fragmentos de Terra Sigilata Itálica y de Terra Sigilata Hispánica de los alfares riojanos del siglo I-II d. C.</p>\n", "ubi_mat_dep_perm": "Almacén Servicio Arqueología Gobierno de Navarra.", "ubi_mat_falta_depos": null, "ubi_mat_dep_tempo": null, "bibliografia": "-\tZuazúa Wegener, A., García-Barberena Unzu, M.,Unzu Urmeneta, M., Zuza Astiz, C. (2015): Memoria de la intervención arqueológica en el número 12 de la calle Herrerías de Tudela. Trabajos de arqueología Navarra, Nº 27, págs. 7-62.\n\nhttps://dialnet.unirioja.es/servlet/articulo?codigo=5432067\n", "colaboradores": null }, "geometry": { "type": "Point", "coordinates": [ -1.607195293237818, 42.062628492701855 ] } },
{ "type": "Feature", "properties": { "fid": 2044, "numero_int": 66, "denominacion": "Ugarte 4", "n_sigla": "TUD.124.06.6._0", "direccion": "Calle María Ugarte 4", "fecha": "Noviembre 2006, enero y marzo 2007. ", "z_pepri": null, "director": "Mari Cruz Pérez Omeñaca", "promotor": "José Miguel García Pérez ", "descrip_restos": "<p>El solar objeto de la intervención se encuentra fuera del recinto amurallado medieval de la ciudad, ubicado en la margen derecha del río Queiles.</p>\n<p>Los trabajos arqueológicos consistieron en la realización de un sondeo de 2 x 2 m. Cabe señalar que la mayor parte del solar, con una superficie de 80 m², estaba ocupada en su subsuelo por una bodega de época contemporánea, cuya construcción requirió en su momento un vaciado del terreno.</p>\n<p>Los restos observados en el sondeo correspondían a niveles de escombro, relacionados con los procesos de urbanización de esta zona de Tudela. Según indica el autor tudelano Jesús Martínez Escalada en su obra Historia de las calles de Tudela (1974), la calle donde se ubica el solar se conocía antiguamente como calle Trinquite, en referencia al trinquete que existió en la zona desde el año 1510. La calle fue urbanizada por primera vez en 1947.</p>\n<p>Esta área no formaba parte del núcleo urbano de Tudela hasta la construcción de la Plaza Nueva o Plaza de los Fueros. Esta importante actuación urbanística municipal, realizada entre los años 1687 y 1691, supuso el cubrimiento parcial del río Queiles y la expansión de la ciudad hacia su lado sur.</p>\n", "ubi_mat_dep_perm": null, "ubi_mat_falta_depos": null, "ubi_mat_dep_tempo": null, "bibliografia": null, "colaboradores": null }, "geometry": { "type": "Point", "coordinates": [ -1.60644681539947, 42.061281779278907 ] } },
{ "type": "Feature", "properties": { "fid": 2045, "numero_int": 69, "denominacion": "Portal 18", "n_sigla": null, "direccion": "Calle Portal nº 18.", "fecha": "26 de Octubre a 12 de Noviembre de 2007.", "z_pepri": 3, "director": "Juan José Bienes Calvo.", "promotor": "Construcciones Antonio y Pedro Gil S. L.", "descrip_restos": "<p>Solar de una casa en cuya planta baja se localizaba la Sociedad Gastronómica Topero, con acceso a una bodega con bóveda de piedra que ocupa casi la mitad del solar y que se seguirá usando por la misma sociedad en el nuevo edificio.</p>\n<p>Se hicieron limpieza y sondeos con una pala excavadora, viendo que la mayor parte del terreno tenía rellenos con arcillas y gravas, sin materiales. Solo en una zona, en el límite Este del solar, entre la bodega y la calle Portal, se localizaron estructuras y algún nivel intacto. La principal estructura era un muro paralelo a la bodega, por donde unas escaleras bajaban al acceso original de la bodega, cegado en una reforma del siglo XX.</p>\n<p>Al norte de este muro se localizaron los restos humanos de un individuo adulto, del que solo se había conservado una parte entre las rodillas y el abdomen. La posición de los restos indicaba que el enterramiento había sido colocado en decúbito lateral derecho, aunque el torso había rotado hacia atrás, con ritual andalusí, correspondiendo a un enterramiento disperso fechable entre finales del siglo VIII y mediados del siglo IX. Sería una época en que la medina andalusí no había urbanizado todavía el espacio entre los ríos Mediavilla y Queiles, usándose estos terrenos como zona de cultivo y para enterramientos dispersos, localizados en otras intervenciones arqueológicas.</p>\n<p>Muy poca superficie del solar tuvo niveles antiguos intactos, recogiéndose algún muro de cronología andalusí, posterior al enterramiento, otro de cronología anterior a él, pero sin fecha concreta, y algunos fragmentos de cerámica romana descontextualizados.</p>\n", "ubi_mat_dep_perm": "Almacén Servicio Arqueología Gobierno de Navarra.", "ubi_mat_falta_depos": null, "ubi_mat_dep_tempo": null, "bibliografia": "BIENES CALVO, Juan José. Vestigios del poblamiento romano bajo la ciudad de Tudela. Revista Cuadernos de Arqueología de la Universidad de Navarra, nº 21. pags 269 a 290. Pamplona. 2013.", "colaboradores": null }, "geometry": { "type": "Point", "coordinates": [ -1.604403765674154, 42.063764185249958 ] } },
{ "type": "Feature", "properties": { "fid": 2046, "numero_int": 68, "denominacion": "Yanguas Miranda 2", "n_sigla": "TUD 124/07/15._0", "direccion": "Calle Yanguas y Miranda 2", "fecha": "Agosto 2007; Noviembre 2017-Enero 2008", "z_pepri": 3, "director": "Óscar Sola Torres y Alicia Sangüesa Magallón ", "promotor": "Inmobiliaria Grupo Spazio", "descrip_restos": "<p>Los trabajos arqueológicos se llevaron a cabo en un terreno que abarcaba cuatro antiguas viviendas.</p>\n<p>Como paso previo, en agosto de 2007 se realizaron dos sondeos arqueológicos con el objetivo de identificar los diferentes periodos históricos de ocupación del terreno. Estos sondeos confirmaron la presencia de un tramo de muralla perteneciente a la ampliación del recinto defensivo de la medina, llevada a cabo a mediados del siglo IX, que extendió los límites meridionales de Tutila hasta el río Queiles.</p>\n<p>En los sondeos también se constató que, en época moderna, se construyeron bodegas asociadas a cada una de las viviendas. Estas estructuras se adosaban al lienzo septentrional de la muralla, orientado hacia el interior de la ciudad.</p>\n<p>Entre noviembre de 2007 y enero de 2008 se realizaron trabajos de seguimiento y control arqueológico durante el vaciado del solar. En estos trabajos se pudo documentar un tramo de muralla andalusí de 34,40 metros de longitud, correspondiente a la muralla que delimitaba la ciudad por el sur, en las inmediaciones del río Queiles, el cual funcionaba como defensa natural. El tramo recuperado se relaciona con los restos conocidos en las calles Muro y Herrerías.</p>\n<p>La anchura de la muralla, de 1,80 metros, solo pudo documentarse en un punto, ya que su lienzo meridional queda bajo la línea de fachada de las viviendas situadas en la actual calle Yanguas y Miranda.</p>\n<p>El alzado de la muralla estaba construido con dos paramentos exteriores de grandes sillares de piedra caliza, dispuestos en hiladas horizontales regulares y trabados con tierra arcillosa. Los sillares no presentaban una cara exterior alisada y predominaba la forma rectangular con variaciones en el grosor. El relleno interno entre ambos lienzos estaba compuesto por cascotes de piedra caliza, cantos y lascas, unidos con tierra arcillosa. En algunos tramos, este relleno incluía argamasa de cal, posiblemente relacionada con intervenciones y adaptaciones realizadas en época moderna para la construcción de bodegas.</p>\n<p>La cimentación de la muralla se encontraba a una cota de entre -3 y -3,25 metros. Estaba formada por grandes bloques de piedra caliza, en su mayoría regulares y bien escuadrados, aunque menos trabajados que los del alzado, y unidos con tierra arcillosa. Su trazado seguía prácticamente la misma línea que el alzado, sobresaliendo 1 m con respecto a la línea de alzado. Se desconoce la profundidad total de la cimentación, ya que la máxima cota documentada se registró en el batache del extremo oriental del solar, donde se constató su continuidad por debajo de -4,30 metros.</p>\n<p>Parte del aparejo de la muralla tuvo que ser desmontado debido a las afecciones de la obra. Durante estas tareas se documentó la presencia de un canal de desagüe a una cota de -3,14 metros. Este canal atravesaba la base del alzado de la muralla y evacuaba las aguas hacia el exterior de la ciudad en dirección al río Queiles. Se trataba de un desagüe rectangular construido con sillarejo de piedra caliza, cuya parte superior estaba cubierta por una losa de piedra caliza dispuesta a modo de dintel. Solo se ha podido documentar su anchura, de 42 centímetros, mientras que su longitud y altura permanecen desconocidas. Su función habría sido evacuar aguas mediante algún canal desde el interior de la ciudad o, alternativamente, facilitar el drenaje para minimizar posibles problemas en la base de la muralla.</p>\n<p>Conclusiones:</p>\n<p>La importancia de la ciudad quedó reflejada en la ampliación del recinto amurallado bajo el mando de Muza ben Muza (841-862). Antes de esta expansión, el límite sur estaba marcado por el río Mediavilla, pero posteriormente pasó a situarse definitivamente junto al río Queiles. Los límites oeste, este y norte quedaron establecidos en la actual calle Herrerías, el río Ebro y el cerro de Santa Bárbara, respectivamente. Esta delimitación principal se mantuvo sin cambios en los siglos posteriores. No obstante, tras la conquista cristiana en 1119, la población musulmana fue desplazada extramuros hacia la parte occidental de la ciudad, lo que dio origen a nuevos arrabales. Con el tiempo, estos fueron protegidos mediante una muralla secundaria, conocida como la muralla de la morería.</p>\n<p>A finales del periodo medieval e inicios de la época moderna, esta zona de la ciudad fue habitada, coincidiendo con una etapa de crecimiento urbano que llevó a la plena ocupación del espacio intramuros. Es probable que, con anterioridad, esta área permaneciera deshabitada y se destinara a usos agrícolas o ganaderos, siempre que las condiciones del terreno, posiblemente embarrado, lo permitieran.</p>\n", "ubi_mat_dep_perm": "Almacén Servicio Arqueología Gobierno de Navarra.", "ubi_mat_falta_depos": null, "ubi_mat_dep_tempo": null, "bibliografia": "- Sola Torres. O, Sangüesa Magallón, A.: “Nuevo tramo de muralla islámica (S. IX) en la calle Yanguas y Miranda (Tudela)”. Revista del Centro de Estudios Merindad de Tudela, Nº. 16, 2008, págs. 111-124\n(enlace https://dialnet.unirioja.es/servlet/articulo?codigo=2860150 )\n", "colaboradores": "Juan Moya (Arquitecto)\nConstructora MMP. \n\n" }, "geometry": { "type": "Point", "coordinates": [ -1.60650057339078, 42.061798882539925 ] } },
{ "type": "Feature", "properties": { "fid": 2047, "numero_int": 78, "denominacion": "San Nicolas", "n_sigla": null, "direccion": "Calle San Nicolás, nº 6, 8 y 10.", "fecha": "31 de Marzo a 17 de Junio de 2008.\n3 a 11 de Septiembre de 2024.\n", "z_pepri": 2, "director": "Juan José Bienes Calvo.", "promotor": "Fincas Creae S.L.", "descrip_restos": "<p>Intervención que se realiza en un solar producido por el derribo de cuatro casas pequeñas. Ante la construcción de un aparcamiento subterráneo que eliminaría casi todos los restos existentes en el subsuelo, se planteó una intervención arqueológica general del solar hasta llegar a las arcillas naturales.</p>\n<p>La parte oeste del solar se veía con más escombro. Con pala excavadora se vaciaron tres espacios correspondientes a la planta baja de una vivienda con suelo a una cota más baja que la calle. Uno alargado, correspondiente a patio, y las otras dos para cuadras de ganado. El patio y uno de los espacios, tenían suelo empedrado. El origen de esta vivienda puede ser tardo medieval, amortizándose en el siglo XVII según las cerámicas halladas en un pozo ciego encontrado en el patio. En el resto del solar aparecían rellenos arcillosos a las cotas de la calle actual.</p>\n<p>Tras quitar los suelos empedrados, todo el solar quedó con una superficie arcillosa donde se diferenciaban diferentes rellenos arcillosos, rellenos con cenizas, manchas de pozos y silos, y algún muro.</p>\n<p>La excavación manual definió un total de 15 pozos y silos, de los que 13 fueron de cronología andalusí. 12 eran silos para guardar alimentos, de planta circular, estrechos en la boca y anchos en el fondo. Debido al desarrollo urbano posterior, casi todos han llegado cortados, conservando solo los fondos, aunque alguno ha llegado a conservar hasta 1,30 de profundidad. Los materiales recuperados corresponden a finales del siglo VIII y siglo IX. Solo uno de los pozos fue rectangular, alcanzando una profundidad de 4 m sin llegar a su finalización. Su uso tuvo que ser para obtener agua, cegándose de forma rápida en una época más tardía, siglo X, con una tierra con gran cantidad de fragmentos de arcaduces (vasos de noria), destacando el hallazgo de un anillo quizás de cronología más antigua.</p>\n<p>Entre los diferentes hoyos se encontraba un muro de poco alzado con capas de cenizas a ambos lados. La excavación de estas capas aportó cerámicas de cronología tardo romana, tanto en barnices grises como anaranjados, fechables en los siglos V y VI. Este hallazgo proporcionaba nuevos datos sobre el poblamiento romano en Tudela, esta vez para la etapa bajo imperial e hispano visigoda.</p>\n<p>Más sorprendente fue el hallazgo de gran cantidad de cerámica hecha a mano, sin torno, correspondiente a una etapa temprana de I Edad del Hierro. No aparecieron asociadas a muros ni a estructuras, pero dada la gran cantidad y poca erosión de los fragmentos, no eran producto del arrastre por la ladera del Cerro de Santa Bárbara, donde sí hay documentado un poblado importante. Habría que pensar en una zona poblada a comienzos del I milenio a. C. a orillas del río Mediavilla, sin continuidad más allá de mediados del I milenio.</p>", "ubi_mat_dep_perm": "Almacén Servicio Arqueología Gobierno de Navarra.", "ubi_mat_falta_depos": null, "ubi_mat_dep_tempo": null, "bibliografia": "BIENES CALVO, Juan José. Vestigios del poblamiento romano bajo la ciudad de Tudela. Revista Cuadernos de Arqueología de la Universidad de Navarra, nº 21. pags 269 a 290. Pamplona. 2013.\n\n", "colaboradores": null }, "geometry": { "type": "Point", "coordinates": [ -1.607274809791291, 42.065055052536394 ] } },
{ "type": "Feature", "properties": { "fid": 2048, "numero_int": 81, "denominacion": "Coscolin", "n_sigla": "TUD.124.11.1.\nTUD124.22.2.\n_0", "direccion": "Calle Plaza Vieja 6", "fecha": "Junio-Diciembre 2011\nDiciembre 2022-Mayo 2023\n", "z_pepri": 2, "director": "Juan José Bienes Calvo. Óscar Sola Torres. \n", "promotor": "NASUVINSA", "descrip_restos": "<p>La intervención arqueológica en los solares del Horno de Coscolín ha venido determinada por el proyecto de intervención urbanística que se ha promovido desde el Gobierno de Navarra, Consejería de Vivienda – NASUVINSA.</p>\n<p>Se trata de una zona localizada en pleno casco Histórico de Tudela muy cercana a la catedral. Sabiendo que era una zona presumiblemente rica en hallazgos e información arqueológica, y tendiendo prevista la realización de un aparcamiento subterráneo que eliminaría todo tipo de vestigio antiguo de la zona, se proyectó en 2011 la realización de varios sondeos para comprobar el grado de afección del conjunto de las obras.</p>\n1)\t<p>En 2011, el arqueólogo Juan José Bienes Calvo llevó a cabo 11 sondeos para obtener información sobre el pasado histórico de estos solares. Los resultados fueron positivos en cuanto a la presencia de poblamiento andalusí en la mayoría de ellos. Esto evidenció que el subsuelo contenía importante información sobre la historia de Tudela, lo que hacía necesaria la excavación de toda la zona afectada, especialmente si se iba a eliminar una parte significativa de su volumen por la construcción de un garaje.</p> \n<p>Entre los hallazgos más relevantes destacaba el descubrimiento de un gran muro de aterrazamiento construido con sillares bien escuadrados y talla almohadillada, con una clara cronología andalusí. Se determinó que este muro debía ser preservado e integrado en la nueva obra, y que la excavación arqueológica sería clave para precisar la fecha exacta de su construcción.</p>\n2)\t<p>Entre diciembre de 2022 y mayo de 2023 se llevaron a cabo los trabajos de seguimiento y excavación arqueológica de una superficie de terreno que superaba los 1.000 m2. Se trataba de una de las mayores intervenciones arqueológicas realizadas hasta la fecha en Tudela. El área de excavación se dividió en cuatro zonas o sectores, dos en la zona alta y otros dos en la zona baja.</p>\n<p>La intervención arqueológica ha aportado una importante documentación sobre el desarrollo poblacional y urbanístico de Tudela, desde el siglo IX hasta la actualidad, si bien los resultados obtenidos son bastante modestos en relación a los importantes centros de poder religioso que existieron en sus inmediaciones.</p>\n<p>Los restos más antiguos son de época romana, pero están constituidos por fragmentos de cerámicas residuales que se encuentran en los rellenos arcillosos anteriores a la urbanización de la zona en época andalusí.</p>\n<p>Restos época romana:</p>\n<p>Se conocía, por excavaciones realizadas en las proximidades, que esta zona no estaba ocupada en época romana, comprobando que en estos solares tampoco hay poblamiento romano y que sigue relegado al Cerro de Santa Bárbara y a la zona más cercana a la ribera derecha del Ebro. Tanto en época romana como en el primer siglo y medio de presencia andalusí, la zona sigue sin urbanizarse y se dedica a tierra de cultivo. Durante ese periodo que va desde mediados del siglo VIII a mediados del siglo IX puede haber alguna vivienda dispersa asociada a terrenos de cultivo, ya que existen algunos silos de almacenamiento rellenados con materiales del siglo IX.</p>\n<p>Fase Andalusí. Siglos IX a XII:</p>\n<p>La zona comprendida entre los ríos Queiles y Mediavilla no estuvo ocupada por la medina islámica en su origen, incorporándose a ella tras la ampliación de las murallas a mediados del siglo IX, bajo el dominio de Muza Ben Muza, donde el recinto defensivo de la ciudad se amplía hasta el río Queiles.</p>\n<p>Antes de la ampliación, en la zona entre el Queiles y Mediavilla se localizan algunas zonas con enterramientos que se disponían en la posición canónica en decúbito lateral derecho propia de la etapa andalusí. Sin embargo, en el sector 4 se halló un enterramiento en posición decúbito supino, boca arriba, y en dirección Este-Oeste, lo que sugiere la posibilidad de que perteneciera a otra religión, como la cristiana o la judía. No obstante, la cerámica encontrada en su contexto induce a fecharlo en el siglo IX.</p>\n<p>Desde mediados del siglo IX hasta principios del siglo XII, la zona experimentó una progresiva urbanización y ocupación del espacio, destacando la construcción de la mezquita de los viernes, o mezquita mayor, emplazada en el lugar donde hoy se ubica la catedral. Es en este periodo en el que comenzarían a trazar las calles y adarves que se adentran en la manzana excavada desde el espacio abierto junto a la mezquita.</p>\n<p>En el siglo X, con el cambio de dominio de los Banu Qasi a los Tuyibíes, se construyó un gran muro de sillares almohadillados que tendría como función aterrazar esta zona.</p>\n<p>Restos de urbanismo doméstico de época andalusí se han conservado en los cuatro sectores excavados, aunque en grado muy diferente ya que, si bien en el siglo XII tras la conquista cristiana hay un cierto conservacionismo, en plena baja Edad Media y comienzos de la Edad Moderna comienza un auge en la construcción de bodegas y sótanos que provocaron la desaparición de gran parte de los niveles históricos anteriores. Además, probablemente como resultado de una mayor prosperidad económica, la tipología de la vivienda evoluciona hacia edificaciones de mayores dimensiones, con tendencia a solares excavados contra el terreno en lugar de adaptarse a la ladera del relieve.</p>\n<p>Los mejores restos arqueológicos se hallaron en el Sector 1, el más llano, donde se localizaron varios muros de división de una vivienda que planificada tras la construcción del gran muro de aterrazamiento con sillares de tipo almohadillado citado anteriormente.</p>\n<p>A este muro se asocian también dos grandes pozos ciegos, lo que sugiere que el espacio aterrazado correspondía a dos viviendas. De estas se han conservado muros de una de ellas, mientras que de la otra apenas quedan restos de muros debido a reformas posteriores.</p>\n<p>En esta etapa también se documentan silos de almacenaje, canales para evacuación de aguas fecales hacia los pozos ciegos y pequeños hornos para la elaboración de pan.</p>\n<p>Fase Medieval Cristiana. Siglos XII a XV:</p>\n<p>La evolución del urbanismo hasta la actualidad nos muestra que algunas calles han mantenido su trazado original tal como fueron diseñadas en la etapa andalusí. Los solares del Horno Coscolín quedan delimitados al este por la calle Pontarrón y al oeste por la calle San Antón, situándose entre ambas un adarve privatizado del que conocemos su existencia. Es muy probable que la misma calle San Antón fuera originalmente un adarve al que posteriormente se le habilitó una salida.</p>\n<p>Tras la conquista cristiana en 1119, la población islámica fue obligada a abandonar la medina y trasladarse fuera de la muralla, a un sector conocido como La Morería, mientras que el espacio dentro de la medina pasó a ser ocupado por población cristiana.</p>\n<p>Los cristianos mantendrán el trazado de calles y adarves, pero modificarán los interiores de las edificaciones. Así, en el Sector 1 vemos que sobre los muros arrasados que compartimentaban la vivienda andalusí se construyó un gran patio enlosado con un pozo de agua, al que se accedía a través de una gran puerta de dos hojas.</p>\n<p>La construcción de un gran sótano, en época moderna, que divide el Sector 1 en dos partes, dejó ver suelo de losas en ambas zonas. Sin embargo, no fue posible determinar si pertenecían a un único patio o a dos, tal como estarían divididas las propiedades en la etapa andalusí.</p>\n<p>En el Sector 2, vemos que durante la Baja Edad Media se produce una excavación en ladera para hacer las viviendas sobre piso llano con la entrada por la calle Pontarrón, llegando a sobre excavar habitaciones al fondo de las viviendas donde se situarían patios. Esto ha hecho que solo en la zona más cercana a la calle se hayan conservado muros y rellenos más antiguos.</p>\n<p>Dentro del grupo de dos viviendas en que se divide el Sector 2, que hacia el siglo XVII se convertirán en tres viviendas, se construye durante la Baja Edad Media una bodega con bóveda de piedra de sillería con abundantes marcas de cantero. Esta bodega se utilizaría para la producción y conservación de vino, habiendo mantenido, tras diferentes modificaciones su función hasta bien avanzado el siglo XX. Esta bodega fue uno de los elementos más singulares y monumentales descubiertos en la intervención arqueológica.</p>\n<p>Fase Moderna Temprana, Siglo XVI:</p>\n<p>Durante el siglo XVI, tras la conquista castellana, se observa un incremento de la economía que repercute en la edificación. En Tudela se construyen grandes casas palacio y se incrementa la construcción de volúmenes subterráneos, tanto con bóveda de ladrillo como con forjados de vigas de madera.</p>\n<p>En los solares del Horno de Coscolín, hasta el siglo XVI, solo existía una bodega con bóveda de piedra; con posterioridad al siglo XVI se construyen tres bodegas con bóveda de ladrillo y durante las excavaciones se han documentado cuatro sótanos con cubierta de vigas de madera.</p>\n<p>Este auge económico también se aprecia en una mayor cantidad y calidad en las cerámicas y vidrios que encontramos en los rellenos que amortizan los antiguos patios de losas medievales y pozos ciegos.</p>\n<p>Época Moderna. Siglos XVII-XVIII:</p>\n<p>Las viviendas continúan con mejoras significativas en el siglo XVII, como la colocación de un suelo de ruejo en el zaguán de una vivienda del Sector 2 con entrada por la calle Pontarrón.</p>\n<p>Es la misma vivienda en que se construye la bodega con bóveda de piedra bajo medieval, pero vemos que en un momento avanzado del siglo XVII o ya en el XVIII, la bodega cambia de propiedad a la vivienda colindante calle abajo, cegando la entrada original y creando una nueva en la pared opuesta. Al perder esta bodega, el propietario construye una nueva, ya con bóveda de ladrillo, en otra parte de la casa.</p>\n<p>Fase Contemporánea. Siglos XIX-XX:</p>\n<p>Durante el siglo XIX vemos que la mayor parte de los sótanos con cubierta de vigas de madera se amortizan con escombro. La gran humedad existente en el subsuelo de Tudela hace inviable el mantenimiento de las vigas de madera, siendo más rentable su colmatación que la adaptación de una bóveda de ladrillo.</p>\n<p>Las bodegas con bóveda se mantendrán durante el siglo XX, pero la decadencia económica del Casco Viejo hará que ya no se usen y acaben siendo una zona baja de las viviendas que solo se use para echar basura y escombro de las reformas que se van haciendo en la casa, algo mucho más barato que sacarlo fuera con carros.</p>\n<p>Finalmente, tras la construcción de las nuevas casas del Barrio de Lourdes, con casas económicas, mejor situadas y saneadas, el poblamiento en el Casco Viejo irá disminuyendo dejando gran cantidad de casas abandonadas, sin cuidados, creándose solares tras el derribo de las casas peligrosas. Se formaron así, varias zonas degradadas en el Casco Viejo, siendo ésta del Horno de Coscolín una de las que se ha conseguido recuperar.</p>\n", "ubi_mat_dep_perm": "Almacén Arqueología en Cordovilla. ", "ubi_mat_falta_depos": null, "ubi_mat_dep_tempo": null, "bibliografia": null, "colaboradores": "Arquitecto: Francisco Blasco Esparza \nTopografía: TEIR Topografía\nFotogrametría: Oscar Sola / Juan José Bienes\nAuxiliares de arqueología: Aitor Alzueta Chivite, Fernando Casado Villeras, Nerea Soto Uriz, Juan Gabriel Besse, Imanol Sanz Alzueta \nConstructora: Garbayo Chivite Construcciones\n\n\n" }, "geometry": { "type": "Point", "coordinates": [ -1.605422843852672, 42.06433243119897 ] } },
{ "type": "Feature", "properties": { "fid": 2049, "numero_int": 75, "denominacion": "San Juan y Salvador", "n_sigla": null, "direccion": "Plazas San Juan y San Salvador.", "fecha": "8 de Noviembre de 2007 a 5 de Junio de 2008.", "z_pepri": 4, "director": "Juan José Bienes Calvo.", "promotor": "Ayuntamiento de Tudela.", "descrip_restos": "<p>Intervención extensa, tanto en superficie como en duración, que afectó a un buen número de calles del Casco Antiguo y a las plazas de San Juan, San Salvador y Cofrete.</p>\n<p>Del seguimiento en las calles no se esperaban resultados importantes, pero la expectativa se centraba en las plazas, ya que en ellas se conoce la existencia de anteriores edificios religiosos.</p>\n<p>En la Plaza de San Juan estuvo la parroquia del mismo nombre, que se edifica en el siglo XVI sobre los restos de una mezquita mudéjar que perteneció a los mudéjares de la Morería de Tudela, entre los siglos XII y XVI. Fue derribada en 1805.</p>\n<p>En la plaza se realizó una limpieza con pala excavadora, donde estuvo una parte del edificio del Colegio de la Compañía de María, derribado ahora para ampliar la plaza. Aparecieron los restos de un trujal que construyeron las monjas tras el derribo de la iglesia, del que aparecieron las piletas de decantación, el canal de abastecimiento, la base del muro para las vigas de prensado y los restos del horno para calentar el conjunto. De la iglesia se vieron algunas estructuras, de mejor o peor factura, aunque con dudas sobre si pertenecerían al templo o al trujal, y las trazas, todavía con las maderas conservadas, del cajeado para los enterramientos en la nave de la iglesia. De los restos hallados, ninguno se pudo identificar como perteneciente a la mezquita.</p>\n<p>En la Plaza de San Salvador existió una parroquia con origen medieval, derribada en 1807. Aquí no se pudo hacer una intervención como en San Juan, ya que solo se abrieron dos de las calles perimetrales de esta plaza triangular, sin tocarse la parte central. En el seguimiento se localizaron algunos muros y cimentaciones correspondientes a la iglesia y que quedaron tras su desmantelamiento. En el ángulo Noreste de la plaza se localizaron algunos sillares colocados en traza curva correspondientes al ábside, donde se veía que la continuación hacia la nave era de obra de mampostería, correspondiente a una reforma, quizás del siglo XVI.</p>\n<p>Los restos principales descubiertos corresponden a capillas en el lateral del evangelio, también en mampostería, donde se descubrió el bloque macizado de la torre, lográndose descubrir en su base una hilada sin expoliar, que proporciona una medida de 5,10 m. de lado.</p>\n<p>En la zona de Plaza del Cofrete se documenta una segunda mezquita de la Morería sin que se sepa de su utilización a partir del siglo XVI. En las obras de la plaza no se identificaron estructuras y solo se vieron los rellenos del foso que se localizaría frente a la muralla andalusí, y cristiana después, con un perfil irregular y sin rastro de la barbacana. Sí que se localizó en las escaleras que forman la calle del Cofrete Bajo, la traza de la muralla andalusí, con su clásica argamasa blanquecina. Esta calle asciende entre casas adosadas a la cara intramuros de la muralla y la corta su parte superior. Este corte es muy ancho, pues llega a los 4,60 m, por lo que debe de atravesar, no solo la muralla, sino también un torreón.</p>\n<p>En el seguimiento de las calles, debido a su estrechez y a que las zanjas se hacían sobre otras hechas anteriormente para la red antigua de aguas, apenas se recuperaron restos. Muchas de las calles son de trazado antiguo, por lo que no tienen apenas rellenos superpuestos.</p>\n<p>Sí que ofreció un dato importante la apertura de la Calle Granados, donde se conserva el único tramo de muralla visible en el Casco Antiguo, aunque con múltiples reparaciones. La zanja dejó libre la parte enterrada de la muralla, con su paramento original y la argamasa blanca. Continuando la base de la muralla, ésta presentaba un quiebro en ángulo recto, estando cortado. Este quiebro solo puede corresponder a la localización de la puerta original, la de época andalusí, reformada tras la conquista cristiana con el refuerzo de la barbacana, adelantándola hasta el foso.</p>", "ubi_mat_dep_perm": "Almacén Servicio Arqueología Gobierno de Navarra.", "ubi_mat_falta_depos": null, "ubi_mat_dep_tempo": null, "bibliografia": null, "colaboradores": null }, "geometry": { "type": "Point", "coordinates": [ -1.607786988396835, 42.064997519434058 ] } },
{ "type": "Feature", "properties": { "fid": 2050, "numero_int": 75, "denominacion": "San Juan y Salvador", "n_sigla": null, "direccion": "Plazas San Juan y San Salvador.", "fecha": "8 de Noviembre de 2007 a 5 de Junio de 2008.", "z_pepri": 4, "director": "Juan José Bienes Calvo.", "promotor": "Ayuntamiento de Tudela.", "descrip_restos": "<p>Intervención extensa, tanto en superficie como en duración, que afectó a un buen número de calles del Casco Antiguo y a las plazas de San Juan, San Salvador y Cofrete.</p>\n<p>Del seguimiento en las calles no se esperaban resultados importantes, pero la expectativa se centraba en las plazas, ya que en ellas se conoce la existencia de anteriores edificios religiosos.</p>\n<p>En la Plaza de San Juan estuvo la parroquia del mismo nombre, que se edifica en el siglo XVI sobre los restos de una mezquita mudéjar que perteneció a los mudéjares de la Morería de Tudela, entre los siglos XII y XVI. Fue derribada en 1805.</p>\n<p>En la plaza se realizó una limpieza con pala excavadora, donde estuvo una parte del edificio del Colegio de la Compañía de María, derribado ahora para ampliar la plaza. Aparecieron los restos de un trujal que construyeron las monjas tras el derribo de la iglesia, del que aparecieron las piletas de decantación, el canal de abastecimiento, la base del muro para las vigas de prensado y los restos del horno para calentar el conjunto. De la iglesia se vieron algunas estructuras, de mejor o peor factura, aunque con dudas sobre si pertenecerían al templo o al trujal, y las trazas, todavía con las maderas conservadas, del cajeado para los enterramientos en la nave de la iglesia. De los restos hallados, ninguno se pudo identificar como perteneciente a la mezquita.</p>\n<p>En la Plaza de San Salvador existió una parroquia con origen medieval, derribada en 1807. Aquí no se pudo hacer una intervención como en San Juan, ya que solo se abrieron dos de las calles perimetrales de esta plaza triangular, sin tocarse la parte central. En el seguimiento se localizaron algunos muros y cimentaciones correspondientes a la iglesia y que quedaron tras su desmantelamiento. En el ángulo Noreste de la plaza se localizaron algunos sillares colocados en traza curva correspondientes al ábside, donde se veía que la continuación hacia la nave era de obra de mampostería, correspondiente a una reforma, quizás del siglo XVI.</p>\n<p>Los restos principales descubiertos corresponden a capillas en el lateral del evangelio, también en mampostería, donde se descubrió el bloque macizado de la torre, lográndose descubrir en su base una hilada sin expoliar, que proporciona una medida de 5,10 m. de lado.</p>\n<p>En la zona de Plaza del Cofrete se documenta una segunda mezquita de la Morería sin que se sepa de su utilización a partir del siglo XVI. En las obras de la plaza no se identificaron estructuras y solo se vieron los rellenos del foso que se localizaría frente a la muralla andalusí, y cristiana después, con un perfil irregular y sin rastro de la barbacana. Sí que se localizó en las escaleras que forman la calle del Cofrete Bajo, la traza de la muralla andalusí, con su clásica argamasa blanquecina. Esta calle asciende entre casas adosadas a la cara intramuros de la muralla y la corta su parte superior. Este corte es muy ancho, pues llega a los 4,60 m, por lo que debe de atravesar, no solo la muralla, sino también un torreón.</p>\n<p>En el seguimiento de las calles, debido a su estrechez y a que las zanjas se hacían sobre otras hechas anteriormente para la red antigua de aguas, apenas se recuperaron restos. Muchas de las calles son de trazado antiguo, por lo que no tienen apenas rellenos superpuestos.</p>\n<p>Sí que ofreció un dato importante la apertura de la Calle Granados, donde se conserva el único tramo de muralla visible en el Casco Antiguo, aunque con múltiples reparaciones. La zanja dejó libre la parte enterrada de la muralla, con su paramento original y la argamasa blanca. Continuando la base de la muralla, ésta presentaba un quiebro en ángulo recto, estando cortado. Este quiebro solo puede corresponder a la localización de la puerta original, la de época andalusí, reformada tras la conquista cristiana con el refuerzo de la barbacana, adelantándola hasta el foso.</p>", "ubi_mat_dep_perm": "Almacén Servicio Arqueología Gobierno de Navarra.", "ubi_mat_falta_depos": null, "ubi_mat_dep_tempo": null, "bibliografia": null, "colaboradores": null }, "geometry": { "type": "Point", "coordinates": [ -1.608971601425042, 42.063771527039222 ] } },
{ "type": "Feature", "properties": { "fid": 2051, "numero_int": 75, "denominacion": "San Juan y Salvador", "n_sigla": null, "direccion": "Plazas San Juan y San Salvador.", "fecha": "8 de Noviembre de 2007 a 5 de Junio de 2008.", "z_pepri": 4, "director": "Juan José Bienes Calvo.", "promotor": "Ayuntamiento de Tudela.", "descrip_restos": "<p>Intervención extensa, tanto en superficie como en duración, que afectó a un buen número de calles del Casco Antiguo y a las plazas de San Juan, San Salvador y Cofrete.</p>\n<p>Del seguimiento en las calles no se esperaban resultados importantes, pero la expectativa se centraba en las plazas, ya que en ellas se conoce la existencia de anteriores edificios religiosos.</p>\n<p>En la Plaza de San Juan estuvo la parroquia del mismo nombre, que se edifica en el siglo XVI sobre los restos de una mezquita mudéjar que perteneció a los mudéjares de la Morería de Tudela, entre los siglos XII y XVI. Fue derribada en 1805.</p>\n<p>En la plaza se realizó una limpieza con pala excavadora, donde estuvo una parte del edificio del Colegio de la Compañía de María, derribado ahora para ampliar la plaza. Aparecieron los restos de un trujal que construyeron las monjas tras el derribo de la iglesia, del que aparecieron las piletas de decantación, el canal de abastecimiento, la base del muro para las vigas de prensado y los restos del horno para calentar el conjunto. De la iglesia se vieron algunas estructuras, de mejor o peor factura, aunque con dudas sobre si pertenecerían al templo o al trujal, y las trazas, todavía con las maderas conservadas, del cajeado para los enterramientos en la nave de la iglesia. De los restos hallados, ninguno se pudo identificar como perteneciente a la mezquita.</p>\n<p>En la Plaza de San Salvador existió una parroquia con origen medieval, derribada en 1807. Aquí no se pudo hacer una intervención como en San Juan, ya que solo se abrieron dos de las calles perimetrales de esta plaza triangular, sin tocarse la parte central. En el seguimiento se localizaron algunos muros y cimentaciones correspondientes a la iglesia y que quedaron tras su desmantelamiento. En el ángulo Noreste de la plaza se localizaron algunos sillares colocados en traza curva correspondientes al ábside, donde se veía que la continuación hacia la nave era de obra de mampostería, correspondiente a una reforma, quizás del siglo XVI.</p>\n<p>Los restos principales descubiertos corresponden a capillas en el lateral del evangelio, también en mampostería, donde se descubrió el bloque macizado de la torre, lográndose descubrir en su base una hilada sin expoliar, que proporciona una medida de 5,10 m. de lado.</p>\n<p>En la zona de Plaza del Cofrete se documenta una segunda mezquita de la Morería sin que se sepa de su utilización a partir del siglo XVI. En las obras de la plaza no se identificaron estructuras y solo se vieron los rellenos del foso que se localizaría frente a la muralla andalusí, y cristiana después, con un perfil irregular y sin rastro de la barbacana. Sí que se localizó en las escaleras que forman la calle del Cofrete Bajo, la traza de la muralla andalusí, con su clásica argamasa blanquecina. Esta calle asciende entre casas adosadas a la cara intramuros de la muralla y la corta su parte superior. Este corte es muy ancho, pues llega a los 4,60 m, por lo que debe de atravesar, no solo la muralla, sino también un torreón.</p>\n<p>En el seguimiento de las calles, debido a su estrechez y a que las zanjas se hacían sobre otras hechas anteriormente para la red antigua de aguas, apenas se recuperaron restos. Muchas de las calles son de trazado antiguo, por lo que no tienen apenas rellenos superpuestos.</p>\n<p>Sí que ofreció un dato importante la apertura de la Calle Granados, donde se conserva el único tramo de muralla visible en el Casco Antiguo, aunque con múltiples reparaciones. La zanja dejó libre la parte enterrada de la muralla, con su paramento original y la argamasa blanca. Continuando la base de la muralla, ésta presentaba un quiebro en ángulo recto, estando cortado. Este quiebro solo puede corresponder a la localización de la puerta original, la de época andalusí, reformada tras la conquista cristiana con el refuerzo de la barbacana, adelantándola hasta el foso.</p>", "ubi_mat_dep_perm": "Almacén Servicio Arqueología Gobierno de Navarra.", "ubi_mat_falta_depos": null, "ubi_mat_dep_tempo": null, "bibliografia": null, "colaboradores": null }, "geometry": { "type": "Point", "coordinates": [ -1.609021152229545, 42.064478686142273 ] } },
{ "type": "Feature", "properties": { "fid": 2052, "numero_int": 74, "denominacion": "Granados 14", "n_sigla": "TUD/124/08/11_0", "direccion": "Calle Granados 14-16", "fecha": "Septiembre de 2008", "z_pepri": 2, "director": "Mari Cruz Pérez Omeñaca.", "promotor": "BEFEX INGENIERIA S.L.", "descrip_restos": "<p>Con la inminente restauración del edificio construido en el primer cuarto del siglo XIX para la familia Gaitán de Ayala se plantea rebajar el patio de algo más de 200 m2. El edificio cuenta con tres bodegas en uso previas al inmueble del siglo XIX. Un edificio que por su importante localización en el casco antiguo, en plena medina islámica, hacía necesaria la excavación arqueológica del solar para la posible protección e investigación de los restos que puedan aparecer.</p>\n<p>La intervención planteaba rebajar la cota del patio actual hasta la cota de calle del parking del Liceo que se tradujo en rebajar el patio del edificio 1,5 metros.</p>\n<p>La excavación comenzó eliminando los escombros actuales con pala excavadora. Tras el vaciado de la esquina SW de la intervención la parte más elevada del patio apareció un pavimento de ladrillos de comienzos del siglo XIX. Bajo este pavimento se encontró un estrato de nivelación con abundantes escombros y restos cerámicos de los siglos XVII-XIX y en el que se apreciaba en la zona de entrada de la estancia la boca de una tinaja, elemento típico para contener líquidos, muy utilizadas en las viviendas a lo largo del siglo XIX.</p>\n<p>Tras continuar el rebaje mecánico en el resto del solar apareció una piedra rectangular, que hacía de base de un depósito con paredes de ladrillo, muy posiblemente relacionado con la vivienda.</p>\n<p>En el resto del solar, horadando el nivel geológico de arenas y limos apareció la parte inferior de 14 silos rellenados con una arcilla más oscura. Silos la mayoría de ellos amortizados entre los siglos IX-X. Al localizarse solo la base de los silos y no su boca se desconoce si pertenecían a varias viviendas individuales, lo que indicaría una intensa urbanización de esa zona o si por el contrario era un área de almacenaje con abundantes silos de cereal. Del siglo IX-X es también el pozo ciego realizado con una estructura de cantos y mortero perteneciente a una vivienda.</p>\n<p>Tras la excavación de los silos cercanos a la puerta y al rio Mediavilla, en la esquina noreste del solar se excavaronn dos muros realizados con mampostería de piedra y mortero de cal excavados en las arenas geológicas entre los que había un espacio hueco rellenado de escombros y tierra entre los que se recuperaron restos cerámicos del siglo X.</p>\n<p>Ha sido posible la documentación de dos enterramientos, guardado la orientación canónica del islam. Pertenecientes al siglo IX ya que posiblemente en este margen del Mediavilla, extramuros se encontraba una de las necrópolis islámicas.</p>\n<p>En la intervención arqueológica han aparecido restos precedentes prácticamente desde los comienzos de la ocupación islámica hasta el siglo XIX. El arrasamiento de todas las estructuras ha venido provocado principalmente por la nivelación realizada para la construcción de la vivienda actual.</p>\n", "ubi_mat_dep_perm": null, "ubi_mat_falta_depos": null, "ubi_mat_dep_tempo": null, "bibliografia": null, "colaboradores": null }, "geometry": { "type": "Point", "coordinates": [ -1.608005067051687, 42.064323132091204 ] } },
{ "type": "Feature", "properties": { "fid": 2053, "numero_int": 77, "denominacion": "Figueruelas 17", "n_sigla": null, "direccion": "Calle Figueruelas nº 17.", "fecha": "25 a 27 de Marzo de 2008.", "z_pepri": 5, "director": "Juan José Bienes Calvo.", "promotor": "Particular", "descrip_restos": "<p>Seguimiento arqueológico realizado en el solar que se produce tras el derribo de una vivienda para construcción de una nueva.</p>\n<p>Se revisó el trabajo de excavación de doce fosas para cimentación de los pilares, viéndose que todo el solar estuvo ocupado por un sótano rellenado de escombro y tierra en épocas modernas.</p>\n<p>La arcilla limpia aparece a 1,50 m de profundidad, existiendo algunos hoyos a más profundidad pero que no exceden de la superficie del solar, por lo que fueron hechos desde el fondo del sótano.</p>\n<p>Se recogieron algunos materiales, pero la intervención se consideró de resultados negativos.</p>\n", "ubi_mat_dep_perm": "Almacén Servicio Arqueología Gobierno de Navarra.", "ubi_mat_falta_depos": null, "ubi_mat_dep_tempo": null, "bibliografia": null, "colaboradores": null }, "geometry": { "type": "Point", "coordinates": [ -1.609280511802224, 42.062747461683585 ] } },
{ "type": "Feature", "properties": { "fid": 2054, "numero_int": 76, "denominacion": "Matadero", "n_sigla": "TUD.124.08.3.x._0", "direccion": "Solar calle Fuente Matadero 11.", "fecha": "26 de Octubre de 2007.", "z_pepri": 3, "director": "Juan José Bienes Calvo.", "promotor": "Construcciones Banzo S. L.", "descrip_restos": "<p>Pequeño solar en el que se hace un pequeño sondeo. Solo se recogen dos niveles de ocupación, uno de cronología andalusí solo con cerámicas comunes, siglo IX, y otro de cronología bajo medieval, siglos XIV y XV.</p>\n<p>Los rellenos más modernos contienen manchas verdosas con abundante materia orgánica, proveniente de la actividad ganadera que tendría la zona: Calle Carnicerías, Calle y Fuente del Matadero.</p>\n<p>Los niveles de cronología andalusí presentan formas cerámicas relacionadas con la captación de aguas, principalmente arcaduces o vasos de noria, echados en rellenos de nivelación de terreno.</p>", "ubi_mat_dep_perm": "Almacén Servicio Arqueología Gobierno de Navarra.", "ubi_mat_falta_depos": null, "ubi_mat_dep_tempo": null, "bibliografia": null, "colaboradores": null }, "geometry": { "type": "Point", "coordinates": [ -1.606572046185671, 42.062001968666962 ] } },
{ "type": "Feature", "properties": { "fid": 2055, "numero_int": 87, "denominacion": "La Parra 15", "n_sigla": "TUD/124/17/4_0", "direccion": "Solar Calle La Parra 15", "fecha": "9 y 10 de agosto de 2017", "z_pepri": 3, "director": "Mari Cruz Pérez Omeñaca.", "promotor": "Particular. ", "descrip_restos": "<p>Ante las inminentes obras de construcción en un solar de 50 m2 que por su ubicación en pleno casco histórico junto al rio Queiles y donde se podía localizar el barrio de la Judería Vieja se plantea la realización de una serie de sondeos arqueológicos para comprobar la posible existencia de restos de urbanismo medieval tal y como se atestiguo en calles cercanas como en la calle Cortés (sondeos en los números 28 y 30) con urbanismo de los siglos IX-X y en la calle Muro con restos de urbanismo del siglo XII.</p>\n<p>En el proyecto de obra se planteó la cimentación por losa de 40 cm de espesor por lo que se decidió ejecutar un sondeo de 2 x 2 metros en el centro del solar para comprobar los niveles arqueológicos que podían aparecer.</p>\n<p>El solar se encontraba rellenado de escombros del edificio derribado por lo que se vio en la necesidad de eliminarlos y rebajar la superficie del solar unos 45 cm con una pala excavadora.</p>\n<p>Tras la eliminación de todo el escombro se marcó el sondeo y a una profundidad de 10 cm apareció en mitad del sondeo un muro elaborado a base de piedra y ladrillo. Asociado a este muro, 20 cm por debajo de nivel superficial aparece un pavimento de piedras ocupando toda la mitad del sondeo del lado de la calle.</p>\n<p>En la otra mitad del sondeo se continúa rebajando un estrato de tierra suelto con escombros como ladrillos, piedras y cascotes. A una cota de -90 cm aparece un pavimento muy compacto realzado con mortero de cal, arenas y gravas.</p>\n<p>Tras eliminar el pavimento de piedras de la estancia enmarcada por el muro se comienza a vaciar el relleno arcilloso en el que se recuperan materiales cerámicos del siglo XVII (loza de Talavera de la Reina). Este estrato llega gasta una cota de 70-75 cm de profundidad, bajo el que se localiza un estrato de arcilla muy compacto, con algún material cerámico muy rodado de época romana y medieval. Este estrato, es un nivel de tierra de cultivo que aparece en la mayoría de sondeos realizados en zonas cercanas al rio Queiles.</p>\n<p>Para comprobar la relación entre el mortero de cal y el estrato arcilloso de la otra mita del sondeo se plantea eliminar el muro que los separa, llegado a la conclusión de que el pavimento termina adosándose al muro sin continuidad hacia la otra estancia.</p>\n<p>Tras la excavación y documentación se puede afirmar la ausencia de urbanismo medieval ya que este solar no estuvo ocupado hasta el siglo XVII siendo probablemente hasta entonces una zona de huerto o jardín. Las estructuras de la vivienda del siglo XVII fueron amortizadas en poca contemporánea con la urbanización de la calle y su posterior elevación.</p>\n", "ubi_mat_dep_perm": null, "ubi_mat_falta_depos": null, "ubi_mat_dep_tempo": null, "bibliografia": null, "colaboradores": null }, "geometry": { "type": "Point", "coordinates": [ -1.603353911933033, 42.063219915406975 ] } },
{ "type": "Feature", "properties": { "fid": 2056, "numero_int": 86, "denominacion": "Mercadal 2", "n_sigla": "TUD124.17.3._0", "direccion": "Plaza Mercadal 2", "fecha": "21-22 de agosto de 2017", "z_pepri": 2, "director": "Carmen Marín Jarauta.", "promotor": "Particular. ", "descrip_restos": "<p>La intervención arqueológica consistió en la supervisión y control de los movimientos de tierras realizados en el interior del solar.</p>\n<p>Los restos más destacados se corresponden con la cimentación de un muro de piedra con una longitud de 6,20 m x 0,53 m x ancho x 0,35 m de altura.</p>\n<p>Se trataba de una estructura que pudo formar parte de una antigua bodega de la vivienda de época moderna-contemporánea.</p>\n<p>Se descubrió otra evidencia que podría corresponder con un silo, atestiguado en uno de los cortes del terreno de la excavación. Tenía forma acampanada, estando su boca bajo el muro de cierre actual del solar, por lo que debía de tener una cronología anterior al muro localizado. En su relleno interior aparecieron fragmentos cerámicos de época islámica.</p>\n<p>Los datos de esta intervención apenas han aportado información sobre el pasado histórico de Tudela, como si ha ocurrido en otras intervenciones realizadas en espacios cercanos de la calle Herrerías o la propia calle Mercadal, donde se encontraron restos de estructuras y enterramientos islámicos e incluso de época romana.</p>\n", "ubi_mat_dep_perm": null, "ubi_mat_falta_depos": null, "ubi_mat_dep_tempo": null, "bibliografia": null, "colaboradores": null }, "geometry": { "type": "Point", "coordinates": [ -1.606908478010477, 42.062967290716699 ] } },
{ "type": "Feature", "properties": { "fid": 2057, "numero_int": 89, "denominacion": "Horno Pasaje 1", "n_sigla": null, "direccion": "Solar Horno del Pasaje 1", "fecha": "8 de mayo de 2020", "z_pepri": 2, "director": "Mari Cruz Pérez Omeñaca.", "promotor": "Construcciones Martin Casajus Jarauta S.L", "descrip_restos": "<p>Es necesaria la excavación arqueológica en el solar debido a su ubicación en pleno casco antiguo de la ciudad, un lugar en el que en excavaciones pasadas se documentó urbanismo islámico y medieval cristiano e incluso niveles de época romana.</p>\n<p>Para la colocación del ascensor del edificio rehabilitado se plantea un sondeo de 2 x 2 metros. El edificio conserva una bodega pero como la cimentación del ascensor no la va a tocar no se requiere ningún tipo de intervención.</p>\n<p>Tras eliminar el suelo de losas actual se procedió a su vaciado apareciendo restos de escombro de época actual. Una vez llegado a la cota final del sondeo sin ningún cambio de relleno ni la aparición de ningún otro tipo de material distinto al anteriormente mencionado se da por concluido el sondeo siendo negativo el resultado de la intervención arqueológica.</p>\n", "ubi_mat_dep_perm": null, "ubi_mat_falta_depos": null, "ubi_mat_dep_tempo": null, "bibliografia": null, "colaboradores": null }, "geometry": { "type": "Point", "coordinates": [ -1.606617607777696, 42.062847721259445 ] } },
{ "type": "Feature", "properties": { "fid": 2058, "numero_int": 88, "denominacion": "Rua 29", "n_sigla": null, "direccion": "Calle Rúa 29.", "fecha": "Abril a Septiembre de 2019.", "z_pepri": 2, "director": "Juan José Bienes Calvo.", "promotor": "Grupo Hobo Sleep S. L.", "descrip_restos": "<p>Intervención en un solar producido por el derribo parcial de dos casas en la calle Rúa 27 y 29, manteniendo la fachada y un forjado en primera planta en el nº 29. También conserva una bodega con bóveda apuntada de piedra, con una cronología de los siglos XIII o XIV, también bajo el nº 29.</p>\n<p>El nuevo edificio se proyectó como un hotel, necesitando vaciar una gran parte del solar para dotar de servicios a la actividad, además de conseguir que la bodega tenga un acceso más fácil.</p>\n<p>El trabajo arqueológico consistió en realizar un seguimiento del vaciado, comprobando que las arcillas naturales aparecían a cota del nivel de la calle, no quedando rellenos al haber sido eliminados en la construcción de la vivienda, ya en el siglo XVI. Esta pérdida de los niveles antiguos ocurre cuando en un urbanismo medieval en ladera, con viviendas pequeñas, se construye una casa de mayores proporciones, tomando como cota de inicio la de la calle de acceso y cortando a ras hasta el fondo de la vivienda.</p>\n<p>Con todo, se pudieron localizar algunas manchas en las arcillas, que correspondieron a tres silos y un pozo ciego, todos de cronología andalusí.</p>\n<p>Al fondo de la casa, en un escalón arcilloso bajo una zona de patio a mayor cota que la calle, se pudieron excavar las partes finales de dos silos que solo conservaban 17 y 68 cm de profundidad. En el de menor profundidad se recogieron escasas cerámicas andalusíes y romanas, mientras en el otro aún se recogieron más cerámicas comunes andalusíes, destacando varios fragmentos de una gran jarra de cerámica de cocina, fechándose en el siglo IX. También se recogieron muestras de huesos, destacando las de corderos lechales.</p>\n<p>En el resto del solar solo se identificaron otro silo y un pozo ciego, también andalusíes, pero de cronología muy diferente.</p>\n<p>El pozo ciego, con un diámetro de 1,20 m, estaba hecho directamente sobre las arcillas, sin pared construida. Estaba relleno íntegramente, de una tierra verdosa, producto de la descomposición de materia orgánica acumulada. Se continuó la excavación hasta la profundidad marcada para el sótano de la nueva edificación y aún se rebajó 1,60 m sin llegar al final. Se recuperó una buena cantidad de cerámicas comunes y de cocina, sin vidriados, algunas muy completas, fechables en el siglo IX. En cuanto a las muestras de huesos recogidas, destacaron las de aves.</p>\n<p>El silo documentado era algo atípico, pues la planta era de forma oval y no circular, con unos ejes en planta de 2,30 y 1,80 m y una altura de 1,10 m. En su relleno se recuperaron abundantes cerámicas, comunes, de cocina y vidriadas, con decoraciones pintadas en manganeso, \"cuerda seca\" y un fragmento de loza dorada. Algunas formas se encontraron intactas y de otras se pudo reconstruir gran parte de su perfil. También se recogieron muestras de huesos, destacando el hallazgo de cáscaras de caracoles. Este hecho, unido al tipo de cerámicas, pondría el sellado de este silo en una etapa inmediatamente posterior a la conquista cristiana, siglo XII, donde las tipologías cerámicas no han evolucionado a las influencias almohades.</p>\n", "ubi_mat_dep_perm": null, "ubi_mat_falta_depos": null, "ubi_mat_dep_tempo": null, "bibliografia": null, "colaboradores": null }, "geometry": { "type": "Point", "coordinates": [ -1.606652767141117, 42.06413960090218 ] } },
{ "type": "Feature", "properties": { "fid": 2059, "numero_int": 83, "denominacion": "Cementerio", "n_sigla": null, "direccion": "Av.Tarazona. S/N", "fecha": "6 de febrero de 2010", "z_pepri": null, "director": "Sociedad de Ciencias Aranzadi. \nFco. Etxeberria Gabilondo, Lourdes Herrasti, Jimi Jiménez, Lorena Pérez de la Iglesia, Antxon Bandres. \n\n", "promotor": "Asociación “Para No Olvidar\" de Ablitas. Departamento de Antropología de la Sociedad de Ciencias Aranzadi", "descrip_restos": "<p>A solicitud de la Asociación “Para No Olvidar” de Ablitas, el Departamento de Antropología de la Sociedad de Ciencias Aranzadi puso en marcha un plan para llevar a cabo la exhumación de una fosa en el cementerio de Tudela, donde presumiblemente estaban inhumadas dos personas originarias de Ablitas, fusiladas en agosto de 1936 entre Fontellas y Ribaforada. La identidad de las personas allí inhumadas correspondería con Higinio Arriazu Ruíz y Bonifacio García Enciso, vecinos de Ablitas.</p>\n<p>Por testimonio de familiares de las víctimas y de un familiar de otra persona represaliada e inhumada en el mismo día que ya fue recuperada en dicho lugar con anterioridad, se presuponía que la fosa se situaba en el ángulo Sur del cementerio de Tudela.</p>\n<p>Para la búsqueda de la fosa se realizó una zanja longitudinal de 60 cm de anchura en el ángulo Sur del cementerio de Tudela, a 3 m del muro exterior del cementerio con una dirección paralela al mismo. La zanja realizada permitió comprobar la existencia de dos sepulturas orientadas con la misma disposición que el resto de las tumbas en el cementerio.</p>\n<p>En una de ellas se encontraban inhumadas dos personas sin féretro a una profundidad cercana a los 175 cm. La fosa medía 1,90 m de longitud por 75 cm de anchura máxima.</p>\n<p>Se documentaron dos individuos: uno en posición de decúbito supino y otro en decúbito prono. Ambos presentan fracturas craneales compatibles con una muerte violenta.</p>\n<p>Los restos humanos fueron trasladados al laboratorio de Antropología Forense de la Universidad del País Vasco en su sede de San Sebastián, donde se ha realizado el estudio antropológico y el control de la cadena de custodia bajo la responsabilidad de Fco. Etxeberria.</p>\n<p>El individuo 1 se hallaba en el borde de la fosa, apoyado sobre el costado izquierdo con una orientación noreste-suroeste. El brazo izquierdo extendido por delante del tórax, y el brazo derecho semiflexinado y apoyado sobre el cuerpo.</p>\n<p>El individuo 2 se hallaba en el fondo de la fosa en posición decúbito prono, con los brazos semiflexionados y las piernas estiradas y los pies juntos.</p>\n", "ubi_mat_dep_perm": null, "ubi_mat_falta_depos": null, "ubi_mat_dep_tempo": null, "bibliografia": null, "colaboradores": null }, "geometry": { "type": "Point", "coordinates": [ -1.610555837188214, 42.056124244326064 ] } },
{ "type": "Feature", "properties": { "fid": 2060, "numero_int": 82, "denominacion": "Batalla Tudela", "n_sigla": null, "direccion": "Carretera Tarazona. ", "fecha": "Años 2011 (12 de octubre a 17 de diciembre)-2012 (20 de octubre a 5 de enero de 2013). ", "z_pepri": null, "director": "Juan José Bienes Calvo.", "promotor": "Juan José Bienes Calvo.", "descrip_restos": "<p>Durante 2011 y 2012 se realizaron sendas campañas de prospección con detectores de metales en la zona de pinares de Santa Quiteria - monte de San Julián. Esta zona se sitúa en alto al Sur de Tudela, siendo una zona de arbolado donde se localiza el cementerio, algunos campos de deportes y senderos para ejercicio físico.</p>\n<p>Estos montes formaron parte del frente defensivo que desde Tudela hasta Agreda esperaba a las tropas francesas en su avance desde Logroño a Zaragoza en 1808, produciéndose la rotura del frente en la Batalla de Tudela con la derrota de las tropas españolas dirigidas por Castaños y Palafox.</p>\n<p>Siendo estos pinares de Santa Quiteria donde hubo un gran contingente de tropas asentadas y por donde las tropas francesas lograron penetrar por retaguardia, se planteó la posibilidad de que pudieran quedar restos metálicos procedentes de la contienda, conociendo que personas de Tudela con detectores de metales habían encontrado municiones y monedas.</p>\n<p>Durante las dos campañas en que se hizo la prospección se cubrió una gran superficie que dio unos resultados sorprendentes pues los restos conseguidos corresponden a una amplia horquilla cronológica.</p>\n<p>Respecto a los efectos militares correspondientes a la Guerra de Independencia hay que decir que se encontró una gran cantidad de munición de plomo para fusiles de avancarga, y en menor cantidad de hierro, con algún fragmento de bombas explosivas. El hallazgo de muchos fragmentos de hierro también se puede poner en relación de cargas de metralla para los cañones.</p>\n<p>Mucho más concluyentes son algunos botones y una moneda de Guillermo de Prusia, cuya procedencia es claramente de las tropas francesas.</p>\n<p>Por las monedas encontradas, se ve que posteriormente a la Guerra de Independencia, hubo actividad en la zona, muy posiblemente militar durante las Guerras Carlistas, aunque sin contienda. El estacionamiento temporal de tropas también pudo perder munición, siendo difícil de diferenciar respecto a las de principio del siglo XIX.</p>\n<p>La cronología de los materiales hallados no se centró exclusivamente en el siglo XIX, sino que fue muy abundante para etapas anteriores, lo que desde un principio ya resultó bastante extraño, pues no hay restos constructivos ni sedimentación estratigráfica de que hubiera habido un poblamiento antiguo.</p>\n<p>El hallazgo de monetario medieval cristiano, pero sobre todo de una cantidad relevante de pequeñas monedas recortadas de cronología andalusí, ponía en evidencia que estos terrenos podían haber tenido una ocupación efímera temporal, siendo los campamentos militares la hipótesis más fiable. Tendríamos así, en San Julián un lugar privilegiado para controlar a la población de Tudela, tanto en tropas de apoyo como de asedio, o simplemente de paso.</p>\n<p>Pero más sorprendente fue el hallazgo de monedas romanas, principalmente de cronología republicana, entre las que se recuperaron un denario \"victoriatus\" y un as de 30 g con cabeza de Jano bifronte y reverso con proa de nave. También se podría pensar en la posibilidad de un campamento romano, aunque faltan algunos elementos militares claves, como los proyectiles de honda.</p>\n<p>Quizás nuevas prospecciones electromagnéticas o unos sondeos puedan aportar nuevos datos para un lugar que se desveló de gran interés, o cuando menos, curioso.</p>\n", "ubi_mat_dep_perm": "Almacén Servicio Arqueología Gobierno de Navarra.", "ubi_mat_falta_depos": null, "ubi_mat_dep_tempo": null, "bibliografia": null, "colaboradores": null }, "geometry": { "type": "Point", "coordinates": [ -1.61390144457857, 42.053829499958788 ] } },
{ "type": "Feature", "properties": { "fid": 2061, "numero_int": 85, "denominacion": "San Antón", "n_sigla": "_20_25_0", "direccion": "Solar Calle San Antón 20.", "fecha": "23-26 mayo 2017.", "z_pepri": 2, "director": "Juan José Bienes Calvo.", "promotor": "Particular. ", "descrip_restos": "<p>Sondeo que se realiza en un solar de propiedad particular, tras del derribo de dos viviendas para la construcción de una nueva.</p>\n<p>Se realizó un sondeo comprobatorio en una zona central del solar, no apareciendo más que algunos rellenos con cerámicas de principios del siglo XX y apareciendo bajo ellos la grava natural.</p>\n<p>El sondeo se realizaba a una cota más baja que la calle de acceso, viéndose que los rellenos de grava estaban a cota más alta cerca de la calle. No se vieron restos de pozos ni silos, dándose un resultado negativo en el informe.</p>\n", "ubi_mat_dep_perm": null, "ubi_mat_falta_depos": null, "ubi_mat_dep_tempo": null, "bibliografia": null, "colaboradores": null }, "geometry": { "type": "Point", "coordinates": [ -1.605593616783483, 42.064430718691952 ] } },
{ "type": "Feature", "properties": { "fid": 2062, "numero_int": 84, "denominacion": "Iglesia de San Nicolas", "n_sigla": null, "direccion": "Plaza de San Nicolás s/n.", "fecha": "2014 - 2022.\n", "z_pepri": 2, "director": "Juan José Bienes Calvo.", "promotor": "Ayuntamiento de Tudela.", "descrip_restos": "<p>La antigua parroquia de San Nicolás es un edificio construido en 1733 después de que el templo anterior fuera declarado en ruina tras dos inundaciones del barranco de Mediavilla en 1709 y 1729. De ese templo anterior se reutilizaron varias piezas de la antigua portada románica en la confección de la nueva portada, siendo, junto con la Catedral y La Magdalena, uno de los escasos exponentes que quedan del arte románico en Tudela. Cerrada al culto a mediados de la década de los 70 del siglo XX, fue comprada por el Ayuntamiento a la Diócesis, en 2013.</p>\n<p>En previsión de una próxima rehabilitación y para acelerar el trabajo, desde la concejalía de Juventud y Centros Cívicos se ideó la creación de un taller de voluntariado para hacer una excavación arqueológica del interior antes de comenzar las obras. El primer taller se realizó en verano de 2014 y en los sucesivos años, hasta 2020 con el XIII Taller, se hicieron dos talleres por año. Independientemente de los talleres, se hicieron excavaciones durante obra en el interior, en 2014, 2015 y 2023, así como dos intervenciones, ya sin voluntariado, en 2021 y 2023.</p>\n<p>La iglesia original es del siglo XII y tuvo que ser pequeña. Su fama radica en que fue lugar de enterramiento provisional tras la muerte del rey Sancho VII el Fuerte, en 1234, hasta que el Papa Gregorio IX, en 1238, promulgó la bula para ser enterrado en Roncesvalles. De esta fase apenas se han encontrado restos constructivos, solo algunos sillares aislados y enterramientos realizados en cistas con lajas de piedra o en simples fosas. De mayor envergadura es un potente muro de aterrazamiento, fechado en el siglo XIV, para refuerzo del lateral Norte de la iglesia. Por descontado, ningún resto de donde pudo estar enterrado el rey navarro.</p>\n<p>Desde siempre se había supuesto que la iglesia que se derriba para hacer la del siglo XVIII era la románica. La excavación puso de manifiesto que no era así y que el edificio medieval se derriba mucho antes, para construir una nueva a principios del siglo XVI. Es de esta última de la que han aparecido bastantes restos constructivos correspondientes a los suelos del presbiterio y de algunas capillas, así como las bases de tres arcos diafragma. Esta nueva iglesia ya cambió su orientación con cabecera al Sur, mientras que la medieval la tendría al Este. En una ampliación del siglo XVII, dos tramos de sus pies se colocan sobre el barranco del Mediavilla, debiendo realizarse unas arcadas para cubrir el río.</p>\n<p>La iglesia actual, de 1733, mantiene la orientación al Sur, con una planta similar a la anterior, pero con mayor altura y potencia en las cimentaciones utilizando materiales de obra de las fases anteriores. Para evitar problemas con las inundaciones del rio Mediavilla se elevó la cota del suelo algo más de un metro, lo que sirvió para conservar las estructuras de la anterior iglesia.</p>\n<p>Como en cualquier edificio religioso cristiano, los restos más numerosos corresponden a los enterramientos. Durante la Edad Media realizados al exterior del templo y a partir del siglo XVI en su interior. En total se han recuperado 297 enterramientos, un gran número debido a la elevación del suelo en la iglesia barroca, llegando a localizar individuos a cotas superiores a dos metros. Los enterramientos en el interior se ordenaron y numeraron, en suelo de ladrillo durante el siglo XVI y en suelo de tarima desde el siglo XVIII.</p>\n<p>Los enterramientos se han realizado en la mayor parte de los casos, en caja de madera o ataúd, de tapa plana, con algunos que han conservado pintura negra o blanca, y en algún caso dibujo. La posición es en decúbito supino, boca arriba, y con orientación hacia el altar, sin embargo se han localizado varios enterramientos singulares que difieren de esta norma. Por una parte, tenemos los enterramientos propios de sacerdotes, que se realizan en la primera fila y se orientan hacia los feligreses. También hay varios enterramientos orientados hacia los pies de la iglesia a cuya razón no se ha dado todavía explicación. Pero sin duda, los más mediáticos, son los cuerpos encontrados en decúbito prono, boca abajo; considerados primero como acto de un castigo, y más tarde como de una penitencia post mortem o superstición por miedo al tipo de muerte. La teoría más acertada parece ser que es la de que son enterramientos secundarios, producto de mala praxis en un traslado de los cuerpos dentro de la propia iglesia o de otra parroquia a ésta.</p>\n<p>Con los cuerpos se han recuperado algunos ajuares, principalmente restos de la vestimenta que llevaban los difuntos: botones, restos de calzado; también objetos personales, como medallas, cruces, rosarios, anillos, pendientes, relicarios o monedas. Como ajuares, exprofeso, dejados sobre el cadáver, algunos ramos de flores, un par de zapatos y un collar de azabache.</p>\n<p>Otros elementos recuperados, durante la excavación y las obras, son elementos arquitectónicos arrojados a los rellenos que recrecen la cota de suelo de la iglesia del siglo XVIII o que formaban parte de las cimentaciones. Así se pudo recuperar un capitel románico con decoración vegetal, que estaría formando parte de la portada o de una ventana, algunas dovelas de los arcos diafragma, sillares con marcas de cantero y fragmentos de yeserías góticas y mudéjares. Como pieza más destacada, una lauda sepulcral con escudo y leyenda perteneciente a Antonio Ballejo con fecha 1641, en un excelente estado de conservación.</p>\n<p>Durante el proceso de excavación se documentaron algunas estructuras pertenecientes a época andalusí, correspondientes a muros y canalizaciones en dirección al río Mediavilla. También parte de una estructura circular revestida de mortero de cal. La cronología antigua, del siglo IX, para estas estructuras, puede hacerlas pertenecer a actividades relacionadas con teñido de telas o curtido de pieles.</p>\n<p>San Nicolás fue más que una excavación, ya que desde Centros Cívicos se fomentó la apertura de la excavación a la ciudadanía, con pasarelas que permitían visitar la excavación, visitas guiadas a la finalización de cada taller y visitas teatralizadas, que tuvieron una gran aceptación.</p>\n", "ubi_mat_dep_perm": "Almacén Servicio Arqueología Gobierno de Navarra.", "ubi_mat_falta_depos": null, "ubi_mat_dep_tempo": null, "bibliografia": "<ul>\n<li>BIENES CALVO, Juan José. <i>Enterramientos singulares en la iglesia de San Nicolás. Tudela (siglos XVIII – XIX). Revista del Centro de Estudios Merindad de Tudela nº 25. </i>.pags 79 a 98. Tudela. 2017. </li>\n<li>BARCINA CERECEDA, Jesús e IJALBA PÉREZ, Pablo. <i>Enterramientos en decúbito prono de la Iglesia de San Nicolás en Tudela (Navarra). Revista Trabajos de Arqueología Navarra nº 30</i>.pags 51 a 91. Pamplona. 2018. </li>\n<li>BIENES CALVO, Juan José. <i>Talleres de Arqueología XII y XIII. Iglesia de San Nicolás. Campaña de excavación de 2020. Revista Trabajos de Arqueología Navarra nº 31 – 32. </i>. pags 341 a 348. Pamplona. 2020. </li>\n<li>BIENES CALVO, Juan José. <i>Intervención arqueológica en San Nicolás 2021. Revista Trabajos de Arqueología Navarra nº 33</i>.pags 287 a 292. Pamplona. 2021. </li>\n", "colaboradores": null }, "geometry": { "type": "Point", "coordinates": [ -1.607056463599213, 42.064600140676738 ] } },
{ "type": "Feature", "properties": { "fid": 2063, "numero_int": 1, "denominacion": "Cerro de Santa Bárbara 1842", "n_sigla": null, "direccion": null, "fecha": "1842", "z_pepri": 1, "director": "Desconocida.", "promotor": "Real Sociedad Económica de los Deseosos del Bien Público. (posteriormente Amigos del País).", "descrip_restos": "<p>Se conoce como la primera intervención \"arqueológica\" realizada en Tudela, aparte de los hallazgos documentados de monedas romanas en el casco urbano.</p>\n<p>Desconocemos la intención de dicha excavación ya que no se conservan informes, ni se sabe que estructuras ni que materiales aparecieron. </p>\n<p>Sabemos de su existencia porque el Ayuntamiento insta a la Sociedad de Amigos del País a volver a cubrir los restos ante la peligrosidad que supone tener abierta la excavación, lo que indica que la zona abierta es extensa y profunda. </p>\n<p>Intuir donde se realizó la excavación es imposible, ya que en fechas posteriores, 1873, se hicieron importantes obras de aterrazamiento para la construcción de las fortificaciones en la Tercera Guerra Carlista, que además utilizaron gran cantidad de piedra procedente de muros que todavía se verían en el Cerro. En estas obras, además de construir el fortín cuadrangular de la parte superior y aterrazar la explanada alrededor del mismo, se realizaron explanaciones en cotas inferiores para la construcción de amplias terrazas. </p>\n<p>También a finales del siglo XIX, en el extremo sudeste del Cerro, se construyen los primeros depósitos para el suministro de agua a la ciudad de Tudela, en cuyas obras también hubo que aterrazar una gran superficie y excavar dos grandes depósitos de planta rectangular, de los que queda uno en la actualidad. </p>\n", "ubi_mat_dep_perm": null, "ubi_mat_falta_depos": null, "ubi_mat_dep_tempo": null, "bibliografia": null, "colaboradores": null }, "geometry": { "type": "Point", "coordinates": [ -1.607021379960497, 42.067062804162056 ] } },
{ "type": "Feature", "properties": { "fid": 2064, "numero_int": 2, "denominacion": "Cerro de Santa Bárbara 1953", "n_sigla": null, "direccion": null, "fecha": "1953", "z_pepri": 1, "director": "Se desconoce.", "promotor": "Ayuntamiento de Tudela o Diputación Foral.", "descrip_restos": "<p>Conocemos que se realizó esta excavación porque en los almacenes del Servicio de Arqueología del Gobierno de Navarra existen varias cubetas repletas de cerámicas. En ellas solo consta la fecha, 1953 y su procedencia. No están sigladas y tampoco consta que estén separados por catas ni sectores, pero por sus características son inequívocamente del Cerro. </p>\n<p>Aunque la excavación es relativamente reciente, se desconoce quién la dirigió y tampoco se generó informe de la actuación. Tampoco se puede identificar sobre el terreno donde pudo haberse realizado. </p>\n<p>Se especula sobre si la fecha puede estar equivocada y los materiales procedan de una remoción general de tierra que se realizara durante los trabajos de construcción del monumento al Sagrado Corazón de Jesús que hay en la parte alta del Cerro, sobre los restos del Fortín de 1873. Para las obras se tuvo que acondicionar un nuevo camino en 1941. </p>\n<p>En 1946, el abogado tudelano Joaquín Montoro Sagasti, publica unas cerámicas halladas en el Cerro, en la Revista Príncipe de Viana. En esas fechas, él sería la única persona interesada en poder realizar una investigación de tipo arqueológico y recoger materiales. </p>\n", "ubi_mat_dep_perm": "Almacenes Servicio de Arqueología Gobierno de Navarra. Cordovilla.", "ubi_mat_falta_depos": null, "ubi_mat_dep_tempo": null, "bibliografia": "<p>MONTORO SAGASTI, José Joaquín. Restos cerámicos de los siglos XIII y XIV en el Castillo de Tudela (Navarra), Revista Príncipe de Viana nº XXV. págs 823 – 828. Pamplona. 1946. </p>\n<p>SILVÁN, Leandro. Cerámica navarra. págs 141 – 143. San Sebastián. 1973. </p>\n<p>BIENES CALVO, Juan José. “Urbanismo”, Serie Retrospectiva y Futuro 802 – 2002 nº 5, Pags 42 y 53. Tudela, 2002. </p>\n", "colaboradores": null }, "geometry": { "type": "Point", "coordinates": [ -1.606720414733036, 42.06706159085067 ] } },
{ "type": "Feature", "properties": { "fid": 2065, "numero_int": 21, "denominacion": "Subida al monumento 1.  1997", "n_sigla": null, "direccion": "Calle Subida al monumento 1. ", "fecha": "Del 26 al 29 de mayo de 1997. Del 13 al 27 de septiembre", "z_pepri": 2, "director": "Luis Navas Cámara", "promotor": "Particular", "descrip_restos": "<p>El solar objeto de estudio se encuentra en las proximidades del terreno (C/ Padre Ubillos 4) donde en 1986 se localizaron restos de la muralla andalusí.</p>\n<p>Siguiendo la propuesta de trazado de la muralla, se preveía su localización en este solar.</p>\n<p>Se realizaron 2 sondeos arqueológicos en el interior del solar.</p>\n<p>El sondeo nº 1 se llevó a cabo en la parte baja de la parcela, donde, siguiendo la proyección en plano del tramo descubierto en C/ Ubillos 4, era previsible que discurriera su trazado.</p>\n<p>No se identificaron evidencias materiales de la muralla en este sector. El sondeo se ejecutó hasta una profundidad de 3 metros, donde se documentó un relleno compuesto por escombros de cronología contemporánea.</p>\n<p>El sondeo nº 2 fue planificado en sentido perpendicular a la calle, de extremo a extremo del solar. Se alcanzaron los 4 m de profundidad, donde como en el caso anterior, se constató un potente relleno de materiales contemporáneos que se encontraba sobre la capa de arcillas geológicas.</p>\n<p>Los resultados obtenidos en ambos sondeos fueron negativos.</p>\n<p>Posteriormente, se llevó a cabo el seguimiento arqueológico de la excavación del solar, sin que se documentaran evidencias arqueológicas.</p>", "ubi_mat_dep_perm": null, "ubi_mat_falta_depos": null, "ubi_mat_dep_tempo": null, "bibliografia": null, "colaboradores": null }, "geometry": { "type": "Point", "coordinates": [ -1.608724148030915, 42.066936252466597 ] } },
{ "type": "Feature", "properties": { "fid": 2066, "numero_int": 79, "denominacion": "Abside San Jorge Pasaje", "n_sigla": null, "direccion": "Calle Pasaje nº 7, 10 y 14.", "fecha": "Diciembre 2003 - Enero 2004.", "z_pepri": 2, "director": "Juan José Bienes Calvo", "promotor": "Ayuntamiento de Tudela", "descrip_restos": "<p>Intervención arqueológica que quiso realizar el Ayuntamiento de Tudela en varios solares de su propiedad en la Calle Pasaje, en previsión de posibles trabajos de edificación o adecuación para espacio público.</p>\n<p>Se planteó hacer una excavación en área en el solar del número 14 y sondeos en los números 7 y 10.</p>\n<p>La excavación en área se localizó en un solar adosado a la cabecera de la actual iglesia de San Jorge, que originalmente fue antigua iglesia del primer Convento de Jesuitas en Tudela. Puesto que era una fundación de época moderna no se esperó hallar enterramientos.</p>\n<p>Todos los restos hallados en el solar corresponden a estructuras de tipo doméstico, siendo las más antiguas las pertenecientes a la etapa andalusí cuando Tudela amplía la zona urbanizada a la zona comprendida entre los ríos Mediavilla y Queiles, a mediados del siglo IX. Anteriormente, la zona estuvo dedicada a zona de cultivo, con hallazgo de algunas cerámicas romanas y emirales, hallándose en ocasiones enterramientos dispersos, aunque no ha sido el caso en esta excavación.</p>\n<p>De la etapa andalusí se han podido documentar algunos rellenos, muros, canalizaciones y un pozo ciego, que aportaron escasos materiales, principalmente de los siglos XI y XII. Uno de estos muros coincide con la alineación de fachada de la actual calle, documentándose su existencia en esta etapa.</p>\n<p>Tras la conquista cristiana, se aprecia una remodelación de los espacios interiores de la vivienda, manteniéndose el trazado de la calle. Para esta fase, se conserva un suelo de losas, una de las cuales tiene un pequeño cuenco tallado con un pequeño orificio en el fondo bajo el que hay un canalillo que desagua en un pozo ciego que estaría bajo la calle. Todas las losas están teñidas de un color verde característico por la descomposición de materia orgánica. Sería una letrina en el rincón de una estancia en planta baja que acabaría convirtiéndose en cuadra y lugar para animales, cubriéndose las losas con capas de tierra que impiden el desagüe.</p>\n<p>Durante la etapa bajo medieval tardía, siglos XIV y XV, el espacio doméstico parece estar degradado y reconvertido en corrales para cría de animales. También hay zanjas para coger arcillas y una cimentación oval que pudo servir como base a una prensa. No será hasta el siglo XVII, tras la construcción del Convento de Jesuitas, cuando se construyan las viviendas que han dado forma definitiva a la calle hasta la actualidad. A estas fases de reforma pertenece un suelo empedrado con cantos rodados.</p>\n<p>En los demás solares se hicieron sondeos. En la parcela del nº 10 se hicieron dos sondeos manuales, comprobándose que existió un sótano rellenado con escombro moderno. Este sótano, construido en época moderna anterior al convento, ya tuvo que eliminar los niveles arqueológicos antiguos. Una parte de sus paredes estaba revestida con losas de cerámica vidriada, utilizadas para depósitos de aceite.</p>\n<p>En el solar del nº 7 se realizaron cuatro sondeos con medios mecánicos. Aquí se veían restos sobre cota cero pertenecientes a un trujal de aceite y consistentes en las piedras donde se alojaría la gran viga de madera, en cuyo dintel horizontal está grabada la fecha 1847.</p>\n<p>En los sondeos se vio que existían frente a estas piedras varios depósitos con gran volumen, revestidos de cemento y rellenos de escombro. También se descubrió una gran piedra monolítica donde se colocarían las esteras de esparto con las olivas molidas para poder prensarlas y recoger el aceite por varios canalillos tallados en esta piedra.</p>\n<p>Los restos hallados en la excavación del nº 14 se cubrieron con manta de geotextil y se taparon, para dejar la zona urbanizada como suelo público. Los restos del trujal, en el nº 7, también se taparon, a la espera de una intervención más completa que no sería llevada a cabo hasta 2019. (ver ficha expecífica).</p>\n", "ubi_mat_dep_perm": "Almacén Servicio Arqueología Gobierno de Navarra.", "ubi_mat_falta_depos": null, "ubi_mat_dep_tempo": null, "bibliografia": null, "colaboradores": null }, "geometry": { "type": "Point", "coordinates": [ -1.606709174137699, 42.063361842308467 ] } },
{ "type": "Feature", "properties": { "fid": 2067, "numero_int": 80, "denominacion": "Solares Pasaje San Jorge", "n_sigla": "TUD.124.10.4.x._0", "direccion": "Calle Pasaje nº 3.", "fecha": "10 de Agosto a 9 de \nSeptiembre de 2010.", "z_pepri": 2, "director": "Juan José Bienes Calvo", "promotor": "Particular. ", "descrip_restos": "<p>Solar de propiedad particular donde se realizan dos sondeos siguiendo la normativa municipal recogida en el PEPRI del Casco Antiguo.</p>\n<p>Los sondeos proporcionaron escasa información sobre el urbanismo y poblamiento antiguo en esta zona de Tudela, debido a las alteraciones que sobre el terreno arcilloso natural y la sedimentación de las etapas medievales más tempranas, se han efectuado en las fases cronológicas posteriores.</p>\n\n<p>Es evidente la existencia de niveles arqueológicos islámicos, pero están muy destruidos e incluso arrasados en trabajos de explanación posteriores. Los únicos restos de edificación conservados corresponden a fases bajo medievales y posteriores: un canillo de desagüe, parte de un suelo de losas y otro de cantos rodados, y la parte baja de una columna para refuerzo de un forjado en planta baja.</p>\n\n<p>Los materiales cerámicos recuperados son escasos, siendo en su mayor parte de rellenos modernos, siglos XVII y XVIII, solo se han recogido las cerámicas que tienen valor cronológico, como son las lozas decoradas. En los rellenos bajo medievales se han recogido piezas de poca calidad, dada la escasez de las mismas, y procedentes de la fase de excavación manual.</p>\n\n", "ubi_mat_dep_perm": null, "ubi_mat_falta_depos": null, "ubi_mat_dep_tempo": null, "bibliografia": null, "colaboradores": null }, "geometry": { "type": "Point", "coordinates": [ -1.606494875953479, 42.063405579782035 ] } }
]
}
